NAME|PRICE|CUSINE_CATEGORY|CITY|REGION|URL|PAGE NO|CUSINE TYPE|TIMING|RATING_TYPE|RATING|VOTES
Domino's Pizza|700|Pizza,Fast Food|Allahabad|Civil Lines|https://www.zomato.com/allahabad/dominos-pizza-1-civil-lines/info|1|Quick Bites|11am to 11pm(Mon-Sun)|Good|3.7|518
Pizza Hut|700|Italian,Pizza|Allahabad|Civil Lines|https://www.zomato.com/allahabad/pizza-hut-civil-lines/info|1|Casual Dining|11am to 11pm(Mon-Sun)|Very Good|4.0|567
Well Bean Cafe|500|Cafe|Allahabad|Civil Lines|https://www.zomato.com/allahabad/well-bean-cafe-civil-lines/info|1|Café|11am to 11pm(Mon-Sun)|Very Good|4.4|286
Old School Cafe|1000|Cafe,North Indian,Continental,Chinese,Indian,Thai,Burger|Allahabad|Civil Lines|https://www.zomato.com/allahabad/old-school-cafe-civil-lines/info|1|Café|11am to 11pm(Mon-Sun)|Very Good|4.4|360
KFC|600|Burger,Fast Food|Allahabad|Civil Lines|https://www.zomato.com/allahabad/kfc-civil-lines/info|1|Quick Bites|11am to 11pm(Mon-Sun)|Very Good|4.2|432
Nainital Momos|400|Momos,Beverages|Allahabad|Civil Lines|https://www.zomato.com/allahabad/nainital-momos-10-civil-lines/info|1|Quick Bites|11am to 11pm(Mon-Sun)|Very Good|4.0|123
Mr. Dewsis|600|North Indian,Chinese|Allahabad|Civil Lines|https://www.zomato.com/allahabad/mr-dewsis-civil-lines/info|1|Casual Dining|8am to 11pm(Mon-Sun)|Very Good|4.2|486
Bikanerwala|500|North Indian,Street Food,Fast Food|Allahabad|Civil Lines|https://www.zomato.com/allahabad/bikanerwala-civil-lines/info|1|Casual Dining|8am to 11pm(Mon-Sun)|Sangat Baik|4.2|226
EDEN by Connoisseur|1000|North Indian,Chinese,Continental|Allahabad|Civil Lines|https://www.zomato.com/allahabad/eden-by-connoisseur-civil-lines/info|1|Casual Dining|12noon to 11pm(Mon-Sun)|Excellent|4.5|97
Aryan Family's Delight|500|North Indian,South Indian,Fast Food|Allahabad|Civil Lines|https://www.zomato.com/allahabad/aryan-familys-delight-civil-lines/info|1|Casual Dining|11am to 12midnight(Mon-Sun)|Very Good|4.3|299
7th Heaven|200|Bakery,Italian,Continental,Desserts|Allahabad|Civil Lines|https://www.zomato.com/allahabad/7th-heaven-civil-lines/info|1|Dessert Parlor|11am to 11pm(Mon-Sun)|Very Good|4.0|79
Pind Balluchi|1000|North Indian,Mughlai|Allahabad|Civil Lines|https://www.zomato.com/allahabad/pind-balluchi-civil-lines/info|1|Casual Dining|12noon to 11pm(Mon-Sun)|Very Good|4.3|305
Haldiram Bhujiawala|700|North Indian,Fast Food,Street Food,South Indian,Chinese|Allahabad|Civil Lines|https://www.zomato.com/allahabad/haldiram-bhujiawala-civil-lines/info|1|Casual Dining|8am to 11pm(Mon-Sun)|Very Good|4.1|317
Makkhan's|1000|North Indian|Allahabad|Civil Lines|https://www.zomato.com/allahabad/makkhans-civil-lines/info|1|Casual Dining|11am to 11pm(Mon-Sun)|Very Good|4.1|83
Cafe BigBoxx|600|Indian,Continental|Allahabad|Civil Lines|https://www.zomato.com/allahabad/cafe-bigboxx-civil-lines/info|1|Casual Dining|11am to 11pm(Mon,Tue,Wed,Thu,Sun),5pm to ...|Very Good|4.2|123
Bukhara Point|300|Mughlai|Allahabad|Civil Lines|https://www.zomato.com/allahabad/bukhara-point-civil-lines/info|10|Quick Bites|1pm to 10pm(Mon,Wed,Thu,Fri,Sat,Sun),Closed...|Good|3.5|20
The Baking Room|400|Cafe|Allahabad|Allapur|https://www.zomato.com/allahabad/the-baking-room-allapur/info|10|Café|10am to 10pm(Mon-Sun)|Average|2.7|13
Chandra Sweets|300|North Indian,South Indian,Mithai,Indian|Allahabad|Tagore Town|https://www.zomato.com/allahabad/chandra-sweets-tagore-town/info|10|Quick Bites|8am to 1030pm(Mon-Sun)|Average|3.3|5
Om Shanti Sweets|400|Mithai,Fast Food|Allahabad|Tagore Town|https://www.zomato.com/allahabad/om-shanti-sweets-tagore-town/info|10|Quick Bites|9am to 10pm(Mon-Sun)|Good|3.5|15
Arabian Nights|1000|North Indian|Allahabad|Naini|https://www.zomato.com/allahabad/arabian-nights-naini/info|10|Casual Dining|11am to 10pm(Mon-Sun)|Not rated|-|-
R P Restaurant|300|Chinese,Indian|Allahabad|Teliarganj|https://www.zomato.com/allahabad/r-p-restaurant-teliarganj/info|10|Quick Bites|11am to 1030pm(Mon-Sun)|Average|3.4|9
Fast & Foodious|300|Fast Food|Allahabad|Tagore Town|https://www.zomato.com/allahabad/fast-foodious-tagore-town/info|10|Quick Bites|12noon to 10pm(Mon-Sun)|Average|3.3|14
Alok & Brother's Restro|300|North Indian,South Indian|Allahabad|Naini|https://www.zomato.com/allahabad/alok-brothers-restro-naini/info|10|Quick Bites|11am to 10pm(Mon-Sun)|Average|3.2|12
Lucky Sweet House|250|Mithai|Allahabad|Naini|https://www.zomato.com/allahabad/lucky-sweet-house-naini/info|10|Sweet Shop|11am to 10pm(Mon-Sun)|Average|3.2|7
Banarasi Misthan Bhandar|500|Mithai|Allahabad|Civil Lines|https://www.zomato.com/allahabad/banarasi-misthan-bhandar-civil-lines/info|10|Sweet Shop|12noon to 10pm(Mon-Sun)|Average|3.1|7
Mirchi The Taste of India|600|Chinese|Allahabad|Dhoomanganj|https://www.zomato.com/allahabad/mirchi-the-taste-of-india-1-dhoomanganj/info|10|Quick Bites|11am to 10pm(Mon-Sun)|Average|3.0|12
Green Bean Cafe & Restaurant|200|South Indian|Allahabad|George Town|https://www.zomato.com/allahabad/green-bean-cafe-restaurant-george-town/info|10|Quick Bites|11am to 10pm(Mon-Sun)|Average|3.1|12
D.Hashtag|500|Chinese,Pizza|Allahabad|Naini|https://www.zomato.com/allahabad/d-hashtag-naini/info|10|Café|11am to 10pm(Mon-Sun)|Average|3.3|9
Courtyard Multi Cuisine Open Air Restaurant|500|North Indian,Chinese|Allahabad|Dhoomanganj|https://www.zomato.com/allahabad/courtyard-multi-cuisine-open-air-restaurant-dhoomanganj/info|10|Casual Dining|10am to 1030pm(Mon-Sun)||NEW|NEW
Maharaja Restaurant|300|North Indian|Allahabad|Katra|https://www.zomato.com/allahabad/maharaja-restaurant-1-katra/info|10|Quick Bites|11am to 1030pm(Mon,Wed,Thu,Fri,Sat,Sun)...|Average|3.3|9
Glassy Junction - Hotel Milan Palace|1000|North Indian|Allahabad|Civil Lines|https://www.zomato.com/allahabad/glassy-junction-hotel-milan-palace-civil-lines/info|11|Bar|12noon to 10pm(Mon,Tue,Wed,Fri,Sat,Sun)...|Average|3.2|14
The Hide Out|500|Cafe,North Indian|Allahabad|Naini|https://www.zomato.com/allahabad/the-hide-out-naini/info|11|Café|11am to 1030pm(Mon-Sun)|Average|3.3|19
Wasabi Restaurant|300|North Indian|Allahabad|Naini|https://www.zomato.com/allahabad/wasabi-restaurant-1-naini/info|11|Quick Bites|11am to 1030pm(Mon-Sun)||NEW|NEW
Chinese Restaurant|400|Chinese|Allahabad|Naini|https://www.zomato.com/allahabad/chinese-restaurant-naini/info|11|Quick Bites|10am to 930pm(Mon-Sun)||NEW|NEW
S Cafe|500|North Indian|Allahabad|Teliarganj|https://www.zomato.com/allahabad/s-cafe-teliarganj/info|11|Quick Bites|8am to 10pm(Mon-Sun)|Average|3.1|7
Dastarkhwan|400|Cafe|Allahabad|Tagore Town|https://www.zomato.com/allahabad/dastarkhwan-tagore-town/info|11|Café|12noon to 10pm(Mon-Sun)|Average|3.4|19
Aahar  Restaurant|400|North Indian,Chinese|Allahabad|Civil Lines|https://www.zomato.com/allahabad/aahar-restaurant-civil-lines/info|11|Casual Dining|10am to 1030pm(Mon-Sun)|Average|2.7|16
Allahabad Kabab Paratha|600|Mughlai|Allahabad|Kareli|https://www.zomato.com/allahabad/allahabad-kabab-paratha-kareli/info|11|Casual Dining|5pm to 11pm(Mon-Sun)|Very Good|4.0|49
Blackout Juice Corner|150|Juices,Beverages|Allahabad|Teliarganj|https://www.zomato.com/allahabad/blackout-juice-corner-teliarganj/info|11|Beverage Shop|4pm to 10pm(Mon-Sun)|Average|2.8|8
Pahalwan Juice Stuff|100|Beverages|Allahabad|Naini|https://www.zomato.com/allahabad/pahalwan-juice-stuff-naini/info|11|Beverage Shop|12noon to 9pm(Mon-Sun)||NEW|NEW
Golgappe Wala|100|Street Food|Allahabad|Civil Lines|https://www.zomato.com/allahabad/golgappe-wala-civil-lines/info|11|Quick Bites|3pm to 10pm(Mon-Sun)|Average|3.3|6
Nirala Cafe|200|Cafe,Coffee,Fast Food|Allahabad|Vinayak City Centre Mall-- Civil Lines|https://www.zomato.com/allahabad/nirala-cafe-civil-lines/info|11|Café|730am to 1030pm(Mon-Sun)|Not rated|-|-
Best Bakery|150|Bakery|Allahabad|Lukerganj|https://www.zomato.com/allahabad/best-bakery-lukerganj/info|11|Bakery|8am to 10pm(Mon-Sun)|Average|3.4|9
M.F Chicken Point|200|Biryani,North Indian|Allahabad|Meergunj|https://www.zomato.com/allahabad/m-f-chicken-point-meergunj/info|11|Quick Bites|10am to 10pm(Mon-Sun)|Average|3.2|12
Satya Priya|200|Desserts|Allahabad|Civil Lines|https://www.zomato.com/allahabad/satya-priya-civil-lines/info|11|Sweet Shop|11am to 10pm(Mon-Sun)|Average|3.3|5
Hunger Delight|200|North Indian,Chinese|Allahabad|Katra|https://www.zomato.com/allahabad/hunger-delight-katra/info|12|none|11am to 9pm(Mon-Sun)|Average|3.0|11
Top In Town|250|Bakery,Desserts|Allahabad|Lukerganj|https://www.zomato.com/allahabad/top-in-town-lukerganj/info|12|Bakery|10am to 10pm(Mon-Sun)|Not rated|-|-
Zayka|500|Biryani,Chinese,Mughlai,North Indian|Allahabad|Dhoomanganj|https://www.zomato.com/allahabad/zayka-1-dhoomanganj/info|12|Dhaba|11am to 10pm(Mon-Sun)|Average|3.3|13
Anshika Sweets|200|Mithai,Desserts|Allahabad|Dhoomanganj|https://www.zomato.com/allahabad/anshika-sweets-dhoomanganj/info|12|Sweet Shop|11am to 9pm(Mon-Sun)|Average|3.2|6
Kanha Restaurant|200|North Indian,South Indian|Allahabad|Dhoomanganj|https://www.zomato.com/allahabad/kanha-restaurant-dhoomanganj/info|12|Quick Bites|9am to 10pm(Mon-Sun)||NEW|NEW
Dine Out|300|North Indian|Allahabad|Naini|https://www.zomato.com/allahabad/dine-out-naini/info|12|Quick Bites|10am to 10pm(Mon-Sun)||NEW|NEW
Shree  Ganesh Sweets|200|Mithai|Allahabad|Dhoomanganj|https://www.zomato.com/allahabad/shree-ganesh-sweets-dhoomanganj/info|12|Sweet Shop|9am to 10pm(Mon-Sun)|Average|3.2|5
Punjabi Rasoi|100|North Indian|Allahabad|Kareli|https://www.zomato.com/allahabad/punjabi-rasoi-kareli/info|12|Quick Bites|12noon to 3pm(Mon-Sun)||NEW|NEW
Lee Stanza Spicy Hub|150|Beverages|Allahabad|Civil Lines|https://www.zomato.com/allahabad/lee-stanza-spicy-hub-civil-lines/info|12|Beverage Shop|10am to 10pm(Mon-Sun)||NEW|NEW
Lallu Baker's Hut|300|Bakery|Allahabad|Naini|https://www.zomato.com/allahabad/lallu-bakers-hut-naini/info|12|Bakery|10am to 9pm(Mon-Sun)|Not rated|-|-
Mini Meals On Wheels|300|Indian|Allahabad|Civil Lines|https://www.zomato.com/allahabad/mini-meals-on-wheels-civil-lines/info|12|Quick Bites|11am to 10pm(Mon-Sun)|Average|3.4|7
Apne Budget Main|100|Fast Food|Allahabad|Civil Lines|https://www.zomato.com/allahabad/apne-budget-main-civil-lines/info|12|none|9am to 6pm(Mon-Sun)||NEW|NEW
Aryan Restaurant & Coffee House|350|North Indian,South Indian,Chinese|Allahabad|Naini|https://www.zomato.com/allahabad/aryan-restaurant-coffee-house-naini/info|12|Casual Dining|10am to 10pm(Mon-Sun)|Average|3.1|8
Bombay Fruit Cream|100|Ice Cream|Allahabad|Chowk|https://www.zomato.com/allahabad/bombay-fruit-cream-chowk/info|12|Dessert Parlor|11am to 10pm(Mon-Sun)||NEW|NEW
Leisure - Sky Lounge|800|North Indian,South Indian,Fast Food|Allahabad|Civil Lines|https://www.zomato.com/allahabad/leisure-sky-lounge-civil-lines/info|12|Lounge|9am to 10pm(Mon-Sun)|Not rated|-|-
Lunch House|200|North Indian|Allahabad|Civil Lines|https://www.zomato.com/allahabad/lunch-house-civil-lines/info|13|none|10am to 10pm(Mon-Sun)||NEW|NEW
Delight The Pastry Shop|200|Bakery,Desserts|Allahabad|Kareli|https://www.zomato.com/allahabad/delight-the-pastry-shop-1-kareli/info|13|Bakery|9am to 10pm(Mon-Sun)||NEW|NEW
Delight Cakes|400|Desserts,Bakery|Allahabad|Bamrouli|https://www.zomato.com/allahabad/delight-cakes-bamrouli/info|13|Dessert Parlor|11am to 8pm(Mon-Sun)|Average|3.3|6
Allahabadi Bhukkad Corner|150|Chinese,South Indian|Allahabad|Katra|https://www.zomato.com/allahabad/allahabadi-bhukkad-corner-katra/info|13|Quick Bites|12noon to 10pm(Mon-Sun)|Not rated|-|-
Kulhad Junction|300|Indian|Allahabad|Civil Lines|https://www.zomato.com/allahabad/kulhad-junction-civil-lines/info|13|Quick Bites|830am to 9pm(Mon-Sun)|Not rated|-|-
Cafe 1866|400|Cafe|Allahabad|Bairahana|https://www.zomato.com/allahabad/cafe-1866-bairahana/info|13|Café|11am to 8pm(Mon-Sun)|Not rated|-|-
Raja Ram Lassi Wale|100|Beverages|Allahabad|Meergunj|https://www.zomato.com/allahabad/raja-ram-lassi-wale-meergunj/info|13|Beverage Shop|8am to 10pm(Mon-Sun)||NEW|NEW
Kwality Restaurant|700|North Indian,Chinese,Continental|Allahabad|Civil Lines|https://www.zomato.com/allahabad/kwality-restaurant-civil-lines/info|13|Casual Dining|930am to 1030pm(Mon-Sun)|Average|3.1|4
Z Street|500|Cafe|Allahabad|Naini|https://www.zomato.com/allahabad/z-street-naini/info|13|Café|10am to 8pm(Mon-Sun)|Not rated|-|-
Streets of India|200|Street Food|Allahabad|Vinayak City Centre Mall-- Civil Lines|https://www.zomato.com/allahabad/streets-of-india-civil-lines/info|13|Food Court|11am to 10pm(Mon-Sun)|Not rated|-|-
Golden Plate|400|Indian|Allahabad|Civil Lines|https://www.zomato.com/allahabad/golden-plate-civil-lines/info|13|Quick Bites|11am to 10pm(Mon-Sun)|Not rated|-|-
Senses - Hotel DPS Inn|600|North Indian,Chinese,Fast Food|Allahabad|Civil Lines|https://www.zomato.com/allahabad/senses-hotel-dps-inn-civil-lines/info|13|Casual Dining|10am to 10pm(Mon-Sun)|Not rated|-|-
Mharo Aangan Restaurant|500|North Indian,Chinese|Allahabad|Civil Lines|https://www.zomato.com/allahabad/mharo-aangan-civil-lines/info|13|Casual Dining|11am to 10pm(Mon-Sun)|Not rated|-|-
Cold Pressed Juicery|200|Juices|Allahabad|Civil Lines|https://www.zomato.com/allahabad/cold-pressed-juicery-civil-lines/info|13|none|1030am to 9pm(Mon-Sun)||NEW|NEW
Shri Ram Dhaba|150|North Indian|Allahabad|Naini|https://www.zomato.com/allahabad/shri-ram-dhaba-naini/info|13|Dhaba|10am to 10pm(Mon-Sun)|Not rated|-|-
Buddy's|250|North Indian|Allahabad|Naini|https://www.zomato.com/allahabad/buddys-naini/info|14|Quick Bites|11am to 10pm(Mon-Sun)|Average|2.9|4
Bhukkad Sweets And Namkeen|150|Fast Food,Mithai|Allahabad|Chowk|https://www.zomato.com/allahabad/bhukkad-sweets-and-namkeen-chowk/info|14|Sweet Shop|10am to 10pm(Mon-Sun)||NEW|NEW
Pandit Ji Chat Vaat|100|Fast Food|Allahabad|Dhoomanganj|https://www.zomato.com/allahabad/pandit-ji-chat-vaat-dhoomanganj/info|14|Quick Bites|9am to 830pm(Mon-Sun)||NEW|NEW
Indian Kitchen Cart|400|Chinese,North Indian,South Indian|Allahabad|Civil Lines|https://www.zomato.com/allahabad/indian-kitchen-cart-civil-lines/info|14|Quick Bites|730am to 1130am(Mon-Sun)|Not rated|-|-
Cafe Lawn|400|North Indian,Chinese,Beverages|Allahabad|Civil Lines|https://www.zomato.com/allahabad/cafe-lawn-civil-lines/info|14|Casual Dining|11am to 1030pm(Mon-Sun)|Not rated|-|-
Golden Plate- The Healthy Food|400|North Indian,Fast Food|Allahabad|Civil Lines|https://www.zomato.com/allahabad/golden-plate-the-healthy-food-civil-lines/info|14|Quick Bites|12noon to 930pm(Mon-Sun)|Not rated|-|-
Madhuban|500|North Indian|Allahabad|Civil Lines|https://www.zomato.com/allahabad/madhuban-civil-lines/info|14|Quick Bites|11am to 10pm(Mon-Sat),Closed(Sun)|Not rated|-|-
Challa|0|Fast Food|Allahabad|Allapur|https://www.zomato.com/allahabad/challa-allapur/info|14|Café|(Mon-Sun)|Not rated|-|-
Hot Bite Restro|500|Chinese,Fast Food,Indian|Allahabad|Civil Lines|https://www.zomato.com/allahabad/hot-bite-restro-civil-lines/info|14|Quick Bites|11am to 10pm(Mon-Sun)|Not rated|-|-
Basu's Kitchen|200|Fast Food|Allahabad|Civil Lines|https://www.zomato.com/allahabad/basus-kitchen-civil-lines/info|14|none|5pm to 10pm(Mon-Sun)||NEW|NEW
Bite n Feast|250|North Indian|Allahabad|Civil Lines|https://www.zomato.com/allahabad/bite-n-feast-2-civil-lines/info|14|none|12noon to 10pm(Mon-Sun)|Not rated|-|-
Chai Onn|100|Fast Food,Tea|Allahabad|Civil Lines|https://www.zomato.com/allahabad/chai-onn-civil-lines/info|14|Quick Bites|8am to 8pm(Mon-Sun)|Not rated|-|-
Pubg Chicken|150|Fast Food|Allahabad|Rajrooppur|https://www.zomato.com/allahabad/pubg-chicken-rajrooppur/info|14|none|530pm to 1030pm(Mon-Sun)||NEW|NEW
Khalifa Shawarma Time|0|Fast Food|Allahabad|Teliarganj|https://www.zomato.com/allahabad/khalifa-shawarma-time-teliarganj/info|14|Quick Bites|4pm to 10pm(Mon-Sun)|Not rated|-|-
Akash Restaurant|300|South Indian,Chinese,Italian,Fast Food|Allahabad|Dhoomanganj|https://www.zomato.com/allahabad/akash-restaurant-dhoomanganj/info|14|Quick Bites|11am to 10pm(Mon-Sun)|Not rated|-|-
Delight Muffins|150|Bakery,Desserts|Allahabad|Dhoomanganj|https://www.zomato.com/allahabad/delight-muffins-dhoomanganj/info|15|Bakery|11am to 10pm(Mon-Sun)||NEW|NEW
Baa Foods|300|North Indian,Chinese,Fast Food,South Indian|Allahabad|Katra|https://www.zomato.com/allahabad/baa-foods-katra/info|15|Quick Bites|1030am to 930pm(Mon-Sun)|Not rated|-|-
Maikhana|300|North Indian|Allahabad|Teliarganj|https://www.zomato.com/allahabad/maikhana-teliarganj/info|15|Quick Bites|12noon to 10pm(Mon-Sun)|Not rated|-|-
Aladdins Family Restaurant|250|North Indian,Chinese|Allahabad|Naini|https://www.zomato.com/allahabad/aladdins-family-restaurant-naini/info|15|Quick Bites|12noon to 10pm(Mon-Sun)||NEW|NEW
Foodies Point|500|Fast Food|Allahabad|Allapur|https://www.zomato.com/allahabad/foodies-point-allapur/info|15|Quick Bites|10am to 10pm(Mon-Sun)|Not rated|-|-
Swastik Sweets and Namkeen|150|Desserts|Allahabad|Naini|https://www.zomato.com/allahabad/swastik-sweets-and-namkeen-naini/info|15|Sweet Shop|11am to 9pm(Mon-Sun)|Not rated|-|-
Sip n Dine|800|North Indian|Allahabad|Ashok Nagar|https://www.zomato.com/allahabad/sip-n-dine-ashok-nagar/info|15|Casual Dining|7am to 1030pm(Mon-Sun)|Not rated|-|-
Cafeteria|50|Street Food|Allahabad|Civil Lines|https://www.zomato.com/allahabad/cafeteria-civil-lines/info|15|Quick Bites|8am to 10pm(Mon-Sun)|Not rated|-|-
V.S. Cafe|100|Desserts,Ice Cream,Juices|Allahabad|Ashok Nagar|https://www.zomato.com/allahabad/v-s-cafe-ashok-nagar/info|15|Quick Bites|11am to 10pm(Mon-Sun)|Not rated|-|-
Jai Maa Sharda Nashta Corner|50|Street Food|Allahabad|Naini|https://www.zomato.com/allahabad/jai-maa-sharda-nashta-corner-naini/info|15|Quick Bites|11am to 8pm(Mon-Sun)|Not rated|-|-
Mantosh Kachori Bhandar|100||Allahabad|Katra|https://www.zomato.com/allahabad/mantosh-kachori-bhandar-katra/info|15|Quick Bites|(Mon-Sun)||NEW|NEW
S.R.A Food City|150|Fast Food,North Indian,Biryani|Allahabad|Dhoomanganj|https://www.zomato.com/allahabad/s-r-a-food-city-dhoomanganj/info|15|none|6pm to 10pm(Mon-Sun)||NEW|NEW
Machan Restaurant|600|North Indian|Allahabad|Civil Lines|https://www.zomato.com/allahabad/machan-restaurant-civil-lines/info|15|Casual Dining|10am to 10pm(Mon-Sun)|Not rated|-|-
Real Friends Restaurant|100|North Indian|Allahabad|Colonel Ganj|https://www.zomato.com/allahabad/real-friends-restaurant-colonel-ganj/info|15|Quick Bites|7am to 10pm(Mon-Sun)|Not rated|-|-
Fantasy Foodies|200|Chinese,Fast Food|Allahabad|Civil Lines|https://www.zomato.com/allahabad/fantasy-foodies-civil-lines/info|15|none|1030am to 8pm(Mon-Sun)||NEW|NEW
It's Coffee Time & Fast food|250|Chinese,Coffee,Beverages,Fast Food|Allahabad|Allapur|https://www.zomato.com/allahabad/its-coffee-time-fast-food-allapur/info|16|Quick Bites|10am to 10pm(Mon-Sun)|Not rated|-|-
Chinese & Fast Food Corner|400|Fast Food,Chinese|Allahabad|Colonel Ganj|https://www.zomato.com/allahabad/chinese-fast-food-corner-colonel-ganj/info|16|Quick Bites|830am to 930pm(Mon-Sun)||NEW|NEW
Treat Cafe|200|Fast Food,Desserts|Allahabad|Dhoomanganj|https://www.zomato.com/allahabad/treat-cafe-dhoomanganj/info|16|Quick Bites|10am to 9pm(Mon-Sun)||NEW|NEW
Gourmet Family Restaurant|300|North Indian,Chinese|Allahabad|Dhoomanganj|https://www.zomato.com/allahabad/gourmet-family-restaurant-dhoomanganj/info|16|Quick Bites|11am to 11pm(Mon-Sun)|Average|3.4|25
Jade Garden|800|North Indian,Chinese,Fast Food|Allahabad|Civil Lines|https://www.zomato.com/allahabad/jade-garden-civil-lines/info|16|Casual Dining|11am to 3pm,7pm to 11pm(Mon-Sun)|Very Good|4.0|81
Aroma|500|Mughlai,North Indian|Allahabad|Civil Lines|https://www.zomato.com/allahabad/aroma-civil-lines/info|16|Quick Bites|11am to 11pm(Mon,Wed,Thu,Fri,Sat,Sun),Closed...|Good|3.8|60
Al-Baik|300|Fast Food|Allahabad|Civil Lines|https://www.zomato.com/allahabad/al-baik-2-civil-lines/info|16|Quick Bites|11am to 11pm(Mon-Sun)|Good|3.5|34
Fire at Night|700|Finger Food|Allahabad|Civil Lines|https://www.zomato.com/allahabad/fire-at-night-civil-lines/info|16|Lounge|9am to 11pm(Mon-Sun)|Good|3.9|64
HungersHunt|500|Sandwich,Burger,Rolls,North Indian|Allahabad|Tagore Town|https://www.zomato.com/allahabad/hungershunt-tagore-town/info|16|Casual Dining|10am to 11pm(Mon-Sun)|Average|3.1|30
Cafe Ballon D'OR|500|Cafe,Fast Food|Allahabad|Naini|https://www.zomato.com/allahabad/cafe-ballon-dor-naini/info|16|Café|10am to 11pm(Mon-Sun)|Good|3.8|58
Nawab Ki Rasoi|250|North Indian|Allahabad|Civil Lines|https://www.zomato.com/allahabad/nawab-ki-rasoi-civil-lines/info|16|Quick Bites|11am to 11pm(Mon-Sun)|Good|3.5|25
Handi|300|North Indian|Allahabad|George Town|https://www.zomato.com/allahabad/handi-george-town/info|16|Quick Bites|4pm to 11pm(Mon-Sun)|Good|3.6|52
The 7 Shots|350|South Indian,Chinese|Allahabad|Civil Lines|https://www.zomato.com/allahabad/the-7-shots-civil-lines/info|16|Quick Bites|11am to 11pm(Mon-Sun)|Good|3.6|35
Muktanandam Moti Mahal Delux|750|North Indian,Mughlai|Allahabad|Civil Lines|https://www.zomato.com/allahabad/muktanandam-moti-mahal-delux-1-civil-lines/info|16|Casual Dining|11am to 1130pm(Mon-Sun)|Good|3.9|40
Vilayat Cafe Lounge & Restro|850|North Indian|Allahabad|Katra|https://www.zomato.com/allahabad/vilayat-cafe-lounge-restro-katra/info|16|Casual Dining|12noon to 11pm(Mon,Wed,Thu,Fri,Sat,Sun)...|Average|2.9|59
Jaiswal Dosa Corner|150|South Indian|Allahabad|George Town|https://www.zomato.com/allahabad/jaiswal-dosa-corner-george-town/info|17|Quick Bites|12noon to 11pm(Mon-Sun)|Good|3.8|46
Malt|500|Cafe|Allahabad|Civil Lines|https://www.zomato.com/allahabad/malt-1-civil-lines/info|17|Café|1130am to 11pm(Mon-Sun)|Very Good|4.0|53
Grill Inn|400|Burger,Italian,Beverages|Allahabad|Naini|https://www.zomato.com/allahabad/grill-inn-naini/info|17|Quick Bites|11am to 11pm(Mon-Sun)|Good|3.6|21
Temptation's|400|South Indian,North Indian,Chinese,Fast Food|Allahabad|Katra|https://www.zomato.com/allahabad/temptations-katra/info|17|Casual Dining|10am to 11pm(Mon-Sun)|Good|3.5|45
Gunjan Dhaba|250|North Indian,Chinese|Allahabad|Naini|https://www.zomato.com/allahabad/gunjan-dhaba-naini/info|17|Dhaba|12noon to 1230AM(Mon-Sun)|Good|3.8|35
Skylight Coffee Cafe|800|Coffee,Italian|Allahabad|Civil Lines|https://www.zomato.com/allahabad/skylight-coffee-cafe-civil-lines/info|17|Café|9am to 11pm(Mon-Sun)|Good|3.7|18
BonFire X Restro|600|Mughlai,Chinese,Italian|Allahabad|Kareli|https://www.zomato.com/allahabad/bonfire-x-restro-kareli/info|17|Casual Dining|1130am to 1130pm(Mon-Sun)|Good|3.7|29
Rozana|300|Chinese,North Indian,Rolls|Allahabad|Civil Lines|https://www.zomato.com/allahabad/rozana-1-civil-lines/info|17|Quick Bites|12noon to 11pm(Mon-Sun)|Good|3.8|44
Lazizo Restaurant & Cafe|300|Street Food,North Indian,Fast Food|Allahabad|Colonel Ganj|https://www.zomato.com/allahabad/lazizo-restaurant-cafe-colonel-ganj/info|17|Quick Bites|9am to 11pm(Mon-Sun)|Average|3.1|28
Hyderabadi Biryani|400|North Indian,Mughlai,Biryani|Allahabad|Civil Lines|https://www.zomato.com/allahabad/hyderabadi-biryani-civil-lines/info|17|Quick Bites|11am to 11pm(Mon-Sun)|Good|3.6|36
Softy Corner|150|Ice Cream,Desserts|Allahabad|Civil Lines|https://www.zomato.com/allahabad/softy-corner-civil-lines/info|17|Dessert Parlor|11am to 11pm(Mon-Sun)|Good|3.7|30
Checkers Pizza & Shawarma|300|Pizza,Fast Food|Allahabad|Kareli|https://www.zomato.com/allahabad/checkers-pizza-shawarma-kareli/info|17|Quick Bites|11am to 11pm(Mon-Sun)||NEW|NEW
Taste in Kasba|500|North Indian,South Indian,Fast Food|Allahabad|Civil Lines|https://www.zomato.com/allahabad/taste-in-kasba-civil-lines/info|17|Casual Dining|11am to 11pm(Mon-Sun)|Average|2.6|48
Combo King|450|Indian,Chinese,Fast Food,North Indian|Allahabad|Civil Lines|https://www.zomato.com/allahabad/combo-king-civil-lines/info|17|Quick Bites|11am to 11pm(Mon-Sun)|Good|3.7|28
Cravings Food Corner|250|Fast Food|Allahabad|Civil Lines|https://www.zomato.com/allahabad/cravings-food-corner-civil-lines/info|17|Quick Bites|1130am to 11pm(Mon-Sun)|Good|3.7|21
Shalimar Restaurant|450|North Indian|Allahabad|Leader Road|https://www.zomato.com/allahabad/shalimar-restaurant-leader-road/info|18|Casual Dining|10am to 11pm(Mon-Sun)|Good|3.6|14
Zafar Ki Rasoi|300|North Indian,Mughlai|Allahabad|Katra|https://www.zomato.com/allahabad/zafar-ki-rasoi-katra/info|18|Dhaba|5pm to 11pm(Mon-Sun)|Average|2.6|24
The Baker's Table|300|Desserts,Bakery|Allahabad|George Town|https://www.zomato.com/allahabad/the-bakers-table-george-town/info|18|Dessert Parlor|10am to 11pm(Mon-Sun)|Good|3.5|8
Kohinoor Restaurant|800|North Indian,Chinese|Allahabad|Civil Lines|https://www.zomato.com/allahabad/kohinoor-restaurant-civil-lines/info|18|Casual Dining|11am to 11pm(Mon-Sun)|Good|3.7|27
Baskin Robbins|300|Ice Cream|Allahabad|Civil Lines|https://www.zomato.com/allahabad/baskin-robbins-civil-lines/info|18|Dessert Parlor|1130am to 1130pm(Mon-Sun)|Good|3.7|31
Rockk Onn Dine & Lounge|500|North Indian,Chinese|Allahabad|Rajrooppur|https://www.zomato.com/allahabad/rockk-onn-dine-lounge-rajrooppur/info|18|Café|11am to 11pm(Mon-Sun)|Average|3.0|15
Charcoal|350|North Indian,Sandwich,Burger,Beverages|Allahabad|Katra|https://www.zomato.com/allahabad/charcoal-1-katra/info|18|Quick Bites|11am to 1130pm(Mon-Sun)|Average|3.3|11
Pocket Meals|200|North Indian,Chinese|Allahabad|Civil Lines|https://www.zomato.com/allahabad/pocket-meals-civil-lines/info|18|Quick Bites|11am to 11pm(Mon-Sun)|Good|3.6|13
Maa Sharda Food Point|200|North Indian|Allahabad|George Town|https://www.zomato.com/allahabad/maa-sharda-food-point-1-george-town/info|18|Quick Bites|10am to 11pm(Mon-Sun)||NEW|NEW
Zaika Restaurant|800|North Indian|Allahabad|Civil Lines|https://www.zomato.com/allahabad/zaika-restaurant-civil-lines/info|18|Casual Dining|11am to 11pm(Mon-Sun)|Average|3.2|7
Aagman Restaurant|400|North Indian|Allahabad|Katra|https://www.zomato.com/allahabad/aagman-restaurant-katra/info|18|Casual Dining|11am to 11pm(Mon-Sun)|Average|3.3|22
Chicken Khurana|200|North Indian|Allahabad|Civil Lines|https://www.zomato.com/allahabad/chicken-khurana-civil-lines/info|18|Quick Bites|12noon to 11pm(Mon-Sun)|Average|3.0|8
R. C. Spice|300|North Indian|Allahabad|Naini|https://www.zomato.com/allahabad/r-c-spice-naini/info|18|Quick Bites|11am to 11pm(Mon-Sun)||NEW|NEW
The Frozen Kitchen|250|North Indian,Chinese|Allahabad|Civil Lines|https://www.zomato.com/allahabad/the-frozen-kitchen-civil-lines/info|18|Quick Bites|11am to 11pm(Mon,Wed,Thu,Fri,Sat,Sun),Closed...|Average|3.4|16
Pahalwan Juice Stuff|150|Beverages|Allahabad|Kareli|https://www.zomato.com/allahabad/pahalwan-juice-stuff-kareli/info|18|Beverage Shop|930am to 1130pm(Mon-Sun)||NEW|NEW
Kalika Restaurant|400|North Indian|Allahabad|Civil Lines|https://www.zomato.com/allahabad/kalika-restaurant-2-civil-lines/info|19|Quick Bites|11am to 11pm(Mon-Sun)|Good|3.5|26
Kazuza Ind.|500|North Indian,Chinese|Allahabad|Naini|https://www.zomato.com/allahabad/kazuza-ind-naini/info|19|Casual Dining|11am to 11pm(Mon-Sun)|Average|2.6|22
Day Night Restaurant|150|Biryani,Mughlai|Allahabad|Kareli|https://www.zomato.com/allahabad/day-night-restaurant-kareli/info|19|Quick Bites|11am to 11pm(Mon,Wed,Thu,Fri,Sat,Sun),Closed...|Good|3.5|23
UP-70 Your Kitchen|300|North Indian|Allahabad|Naini|https://www.zomato.com/allahabad/up-70-your-kitchen-naini/info|19|Quick Bites|10am to 11pm(Mon-Sun)||NEW|NEW
Bebo's Kitchen|400|North Indian,South Indian,Chinese,Continental|Allahabad|Rajrooppur|https://www.zomato.com/allahabad/bebos-kitchen-rajrooppur/info|19|Casual Dining|11am to 11pm(Mon-Sun)|Average|3.4|34
New Fast Food Plaza|400|North Indian,Fast Food|Allahabad|Naini|https://www.zomato.com/allahabad/new-fast-food-plaza-1-naini/info|19|Quick Bites|11am to 11pm(Mon-Sun)||NEW|NEW
The Kitchen|250|Fast Food,North Indian,Chinese|Allahabad|Tagore Town|https://www.zomato.com/allahabad/the-kitchen-tagore-town/info|19|Quick Bites|12noon to 11pm(Mon-Sun)|Average|3.3|7
The Oval - Hotel Milan Palace|1000|North Indian,Mughlai|Allahabad|Civil Lines|https://www.zomato.com/allahabad/the-oval-hotel-milan-palace-civil-lines/info|19|Casual Dining|9am to 11pm(Mon,Tue,Wed,Fri,Sat,Sun),9am to ...|Good|3.5|21
New Kwality Ice Cream Parlour|400|Ice Cream,Desserts|Allahabad|Civil Lines|https://www.zomato.com/allahabad/new-kwality-ice-cream-parlour-civil-lines/info|19|Dessert Parlor|11am to 11pm(Mon-Sun)|Good|3.8|23
Naturelo|200|Ice Cream|Allahabad|Civil Lines|https://www.zomato.com/allahabad/naturelo-civil-lines/info|19|Dessert Parlor|1145am to 1115pm(Mon-Sun)|Good|3.5|15
Al Fresco|700|North Indian,Chinese|Allahabad|Rajrooppur|https://www.zomato.com/allahabad/al-fresco-rajrooppur/info|19|Café|11am to 11pm(Mon-Sun)|Average|3.4|10
The Mughlai Hut|400|Mughlai,North Indian|Allahabad|Civil Lines|https://www.zomato.com/allahabad/the-mughlai-hut-5-civil-lines/info|19|Quick Bites|2pm to 11pm(Mon-Sun)|Good|3.5|21
Millennium Restaurant|300|North Indian,Fast Food|Allahabad|Teliarganj|https://www.zomato.com/allahabad/millennium-restaurant-teliarganj/info|19|Quick Bites|10am to 11pm(Mon-Sun)|Average|2.7|17
Food Of Heaven|300|North Indian|Allahabad|Dhoomanganj|https://www.zomato.com/allahabad/food-of-heaven-dhoomanganj/info|19|Quick Bites|11am to 11pm(Mon-Sun)|Average|3.1|13
King Classic Restaurant|600|North Indian,Continental,Chinese,Fast Food,Rolls|Allahabad|Civil Lines|https://www.zomato.com/allahabad/king-classic-restaurant-civil-lines/info|19|Quick Bites|11am to 11pm(Mon-Sun)|Good|3.5|21
BrewBakes|500|Cafe|Allahabad|Civil Lines|https://www.zomato.com/allahabad/brewbakes-civil-lines/info|2|Café|11am to 11pm(Mon-Sun)|Good|3.8|91
Chicago Pizza|400|Pizza,Beverages|Allahabad|Civil Lines|https://www.zomato.com/allahabad/chicago-pizza-civil-lines/info|2|Quick Bites|1030am to 11pm(Mon-Sun)|Very Good|4.1|334
Shree Kanha Sweets & Restaurant|500|Mithai,North Indian,Street Food|Allahabad|George Town|https://www.zomato.com/allahabad/shree-kanha-sweets-restaurant-george-town/info|2|Quick Bites|1030am to 11pm(Mon-Sun)|Very Good|4.2|75
Black Out Restaurant|500|North Indian|Allahabad|Katra|https://www.zomato.com/allahabad/black-out-restaurant-katra/info|2|Casual Dining|1pm to 11pm(Mon-Sun)|Very Good|4.0|138
Eat On|200|North Indian|Allahabad|Civil Lines|https://www.zomato.com/allahabad/eat-on-civil-lines/info|2|Quick Bites|12noon to 10pm(Mon,Wed,Thu,Fri,Sat,Sun)...|Excellent|4.9|2221
Raju Kitchen Restaurant|400|North Indian,Chinese|Allahabad|Civil Lines|https://www.zomato.com/allahabad/raju-kitchen-restaurant-civil-lines/info|2|Casual Dining|11am to 11pm(Mon-Sun)|Good|3.9|163
Subway|500|Healthy Food,Salad,Fast Food|Allahabad|Civil Lines|https://www.zomato.com/allahabad/subway-civil-lines/info|2|Quick Bites|11am to 11pm(Mon-Sun)|Very Good|4.0|179
Kamdhenu|400|Mithai|Allahabad|Civil Lines|https://www.zomato.com/allahabad/kamdhenu-1-civil-lines/info|2|Sweet Shop|8am to 11pm(Mon-Sun)|Very Good|4.2|149
Chhappan Bhog|600|North Indian,South Indian,Chinese|Allahabad|Katra|https://www.zomato.com/allahabad/chhappan-bhog-katra/info|2|Casual Dining|7am to 11pm(Mon-Sun)|Good|3.6|118
Hotel Ravisha Continental|600|North Indian,South Indian,Chinese|Allahabad|Civil Lines|https://www.zomato.com/allahabad/hotel-ravisha-continental-civil-lines/info|2|Casual Dining|11am to 11pm(Mon-Sun)|Very Good|4.0|70
Hot n Cool|450|Desserts,Fast Food,Ice Cream|Allahabad|Colonel Ganj|https://www.zomato.com/allahabad/hot-n-cool-colonel-ganj/info|2|Dessert Parlor|1130am to 10pm(Mon,Wed,Thu,Fri,Sat,Sun)...|Very Good|4.3|242
El Chico Restaurant|800|Continental,North Indian,Chinese|Allahabad|Civil Lines|https://www.zomato.com/allahabad/el-chico-restaurant-civil-lines/info|2|Casual Dining|9am to 10pm(Mon-Sun)|Very Good|4.3|507
Baba Biryani|500|Biryani,Mughlai|Allahabad|Civil Lines|https://www.zomato.com/allahabad/baba-biryani-1-civil-lines/info|2|Casual Dining|1230pm to 11pm(Mon-Sun)|Average|2.6|161
Celebrations|600|North Indian,Chinese,Continental|Allahabad|Civil Lines|https://www.zomato.com/allahabad/celebrations-civil-lines/info|2|Casual Dining|1030am to 11pm(Mon-Sun)|Good|3.8|149
Paradise|500|Desserts,Fast Food|Allahabad|Civil Lines|https://www.zomato.com/allahabad/paradise-civil-lines/info|2|Dessert Parlor|930am to 10pm(Mon-Sun)|Very Good|4.4|208
Khana Khazana Restaurant -Hotel Grand Continental|1250|North Indian|Allahabad|Civil Lines|https://www.zomato.com/allahabad/khana-khazana-restaurant-hotel-grand-continental-civil-lines/info|20|Fine Dining|11am to 3pm,7pm to 11pm(Mon-Sun)|Average|3.2|20
Tamboora|600|North Indian,Chinese|Allahabad|Civil Lines|https://www.zomato.com/allahabad/tamboora-civil-lines/info|20|Casual Dining|10am to 11pm(Mon-Sun)|Average|3.1|23
Art Of Spices|600|North Indian,South Indian,Chinese,Continental|Allahabad|Civil Lines|https://www.zomato.com/allahabad/art-of-spices-civil-lines/info|20|Quick Bites|6am to 530am(Mon-Sun)|Average|3.1|6
Mughlai Food|200|Mughlai|Allahabad|Katra|https://www.zomato.com/allahabad/mughlai-food-katra/info|20|Quick Bites|12noon to 11pm(Mon-Sun)|Average|3.2|9
K- Gazebo|100|Fast Food|Allahabad|Civil Lines|https://www.zomato.com/allahabad/k-gazebo-civil-lines/info|20|Quick Bites|11am to 11pm(Mon-Sun)||NEW|NEW
Gyan Vaishno Bhojanalaya|500|North Indian|Allahabad|Leader Road|https://www.zomato.com/allahabad/gyan-vaishno-bhojanalaya-leader-road/info|20|Casual Dining|8am to 1am(Mon-Sun)|Average|2.8|17
AL- Broust's De- Fountain Restaurant|500|Chinese,North Indian,Rolls|Allahabad|Civil Lines|https://www.zomato.com/allahabad/al-brousts-de-fountain-restaurant-civil-lines/info|20|Quick Bites|11am to 11pm(Mon-Sun)|Average|3.0|12
Wafl Cafe|400|Desserts,Bakery,Beverages,Fast Food,Continental|Allahabad|Civil Lines|https://www.zomato.com/allahabad/wafl-cafe-civil-lines/info|20|Café|11am to 11pm(Mon-Sun)|Average|3.3|5
Warsi Restaurant|200|North Indian|Allahabad|Kareli|https://www.zomato.com/allahabad/warsi-restaurant-kareli/info|20|Quick Bites|12noon to 11pm(Mon-Sun)||NEW|NEW
Celebrations Grill & Lounge|600|North Indian|Allahabad|Ashok Nagar|https://www.zomato.com/allahabad/celebrations-grill-lounge-ashok-nagar/info|20|Casual Dining|1030am to 11pm(Mon-Sun)|Average|3.2|6
Dynasty Restaurant - Imperial House|1000|North Indian,Chinese|Allahabad|Ashok Nagar|https://www.zomato.com/allahabad/dynasty-restaurant-ashok-nagar/info|20|Fine Dining|11am to 3pm,7pm to 11pm(Mon-Sun)|Good|3.6|12
Taste Of Prayagraj|300|Fast Food,North Indian|Allahabad|Dhoomanganj|https://www.zomato.com/allahabad/taste-of-prayagraj-2-dhoomanganj/info|20|Quick Bites|9am to 11pm(Mon-Sun)|Average|3.1|9
Bawarchi Non-Veg & Veg Restaurant|200|North Indian|Allahabad|Civil Lines|https://www.zomato.com/allahabad/bawarchi-non-veg-veg-restaurant-civil-lines/info|20|Quick Bites|12noon to 11pm(Mon-Sun)|Average|3.4|8
Jai Shri Bhojnalaya|150|North Indian|Allahabad|Dhoomanganj|https://www.zomato.com/allahabad/jai-shri-bhojnalaya-dhoomanganj/info|20|Bhojanalya|6am to 530am(Mon-Sun)||NEW|NEW
Zimana|500|North Indian,Chinese,Beverages,Coffee,Continental,Desserts,Pizza,South Indian|Allahabad|Civil Lines|https://www.zomato.com/allahabad/zimana-civil-lines/info|20|Casual Dining|730am to 11pm(Mon-Sun)|Average|3.4|12
Qadir Baksh Sweets|300|Mithai,Desserts|Allahabad|Kareli|https://www.zomato.com/allahabad/qadir-baksh-sweets-kareli/info|21|Sweet Shop|8am to 11pm(Mon-Sun)||NEW|NEW
Foodoos|300|North Indian|Allahabad|Ashok Nagar|https://www.zomato.com/allahabad/foodoos-ashok-nagar/info|21|Quick Bites|1230pm to 11pm(Mon-Sun)||NEW|NEW
South Mouth|500|South Indian|Allahabad|Vinayak City Centre Mall-- Civil Lines|https://www.zomato.com/allahabad/south-mouth-civil-lines/info|21|Food Court|11am to 11pm(Mon-Sun)|Average|3.2|10
U.S.Pizza|500|Pizza,Salad|Allahabad|Colonel Ganj|https://www.zomato.com/allahabad/u-s-pizza-colonel-ganj/info|21|Quick Bites|11am to 11pm(Mon-Sun)||NEW|NEW
The Lupitas|250|North Indian|Allahabad|Civil Lines|https://www.zomato.com/allahabad/the-lupitas-civil-lines/info|21|Quick Bites|11am to 11pm(Mon-Sun)|Average|3.4|6
U.P. 70 Resto|450|Chinese,North Indian|Allahabad|George Town|https://www.zomato.com/allahabad/u-p-70-resto-george-town/info|21|Quick Bites|10am to 11pm(Mon-Sun)|Good|3.5|16
Samira Restaurant|600|North Indian|Allahabad|Leader Road|https://www.zomato.com/allahabad/samira-restaurant-leader-road/info|21|Casual Dining|1130am to 1130pm(Mon-Sun)|Average|3.0|13
Giza Family Restaurant|500|Mughlai,North Indian|Allahabad|Kareli|https://www.zomato.com/allahabad/giza-family-restaurant-kareli/info|21|Quick Bites|4pm to 11pm(Mon,Wed,Thu,Fri,Sat,Sun),Closed...|Average|3.1|9
Food Village Restaurant|500|North Indian,Chinese,Continental|Allahabad|Rajrooppur|https://www.zomato.com/allahabad/food-village-restaurant-rajrooppur/info|21|Casual Dining|11am to 11pm(Mon-Sun)|Average|3.4|18
Dilbahar Lassi House|200|Fast Food|Allahabad|Kareli|https://www.zomato.com/allahabad/dilbahar-lassi-house-kareli/info|21|Quick Bites|12noon to 12midnight(Mon-Sun)||NEW|NEW
Appetour & Frotica|300|Fast Food|Allahabad|Civil Lines|https://www.zomato.com/allahabad/appetour-frotica-civil-lines/info|21|Quick Bites|11am to 11pm(Mon-Sun)|Average|3.3|8
Helipad View Restaurant And Banquet Hall|450|North Indian,Chinese|Allahabad|Civil Lines|https://www.zomato.com/allahabad/helipad-view-restaurant-and-banquet-hall-civil-lines/info|21|Quick Bites|10am to 11pm(Mon-Sun)||NEW|NEW
Moonshine|500|North Indian,Biryani|Allahabad|Civil Lines|https://www.zomato.com/allahabad/moonshine-civil-lines/info|21|Casual Dining|11am to 11pm(Mon-Sun)|Average|3.3|10
New Sizzler Point|450|North Indian,Chinese|Allahabad|Civil Lines|https://www.zomato.com/allahabad/new-sizzler-point-1-civil-lines/info|21|Dhaba|11am to 11pm(Mon-Sun)|Average|3.4|14
Punjabi Tadka|500|North Indian|Allahabad|Vinayak City Centre Mall-- Civil Lines|https://www.zomato.com/allahabad/punjabi-tadka-civil-lines/info|21|Food Court|11am to 11pm(Mon-Sun)|Average|3.0|6
Rang Mahal - Hotel Ajay International|2000|North Indian,Chinese,Continental,South Indian|Allahabad|Civil Lines|https://www.zomato.com/allahabad/rang-mahal-hotel-ajay-international-civil-lines/info|22|Casual Dining|7am to 11pm(Mon-Sun)|Average|3.4|9
Avion Fast Food|150|North Indian,South Indian,Chinese|Allahabad|Civil Lines|https://www.zomato.com/allahabad/avion-fast-food-5-civil-lines/info|22|Quick Bites|10am to 11pm(Mon-Sun)|Average|3.1|4
New Novelty Restaurant|500|North Indian|Allahabad|Chowk|https://www.zomato.com/allahabad/new-novelty-restaurant-chowk/info|22|Casual Dining|9am to 1130pm(Mon-Sun)|Average|2.8|12
Blackout Restro|500|North Indian,Chinese|Allahabad|Naini|https://www.zomato.com/allahabad/blackout-restro-naini/info|22|Casual Dining|10am to 11pm(Mon-Sun)|Not rated|-|-
Hari Vrindavan|400|Chinese,South Indian,North Indian|Allahabad|Ashok Nagar|https://www.zomato.com/allahabad/hari-vrindavan-ashok-nagar/info|22|Quick Bites|1130am to 11pm(Mon-Sun)|Average|3.3|7
Lazeez Darbar|500|North Indian,Mughlai|Allahabad|Civil Lines|https://www.zomato.com/allahabad/lazeez-darbar-civil-lines/info|22|Casual Dining|11am to 1130pm(Mon-Sun)|Average|3.3|11
MFC Restaurant Champaran Meat House|400|North Indian|Allahabad|Civil Lines|https://www.zomato.com/allahabad/mfc-restaurant-champaran-meat-house-civil-lines/info|22|Quick Bites|12noon to 11pm(Mon,Wed,Thu,Fri,Sat,Sun)...|Average|3.1|6
Pizza Club 99|150|Pizza,Bakery|Allahabad|Dhoomanganj|https://www.zomato.com/allahabad/pizza-club-99-dhoomanganj/info|22|Quick Bites|11am to 11pm(Mon-Sun)||NEW|NEW
Forex  Restaurant|300|North Indian|Allahabad|Kareli|https://www.zomato.com/allahabad/forex-restaurant-kareli/info|22|Quick Bites|12noon to 12midnight(Mon-Sun)||NEW|NEW
The Hunt Bakers|150|Bakery,Desserts|Allahabad|Naini|https://www.zomato.com/allahabad/the-hunt-bakers-naini/info|22|Bakery|10am to 11pm(Mon-Sun)|Average|3.0|5
Indian Flavour|300|North Indian,South Indian,Chinese,Fast Food|Allahabad|Civil Lines|https://www.zomato.com/allahabad/indian-flavour-civil-lines/info|22|Casual Dining|11am to 11pm(Mon-Sun)|Not rated|-|-
EDR Restaurant|600|North Indian|Allahabad|Allapur|https://www.zomato.com/allahabad/edr-restaurant-allapur/info|22|Casual Dining|11am to 11pm(Mon-Sun)|Average|3.1|10
Bhagwan Das Prahlad Das Nvedya Mishthan|500|Mithai|Allahabad|Kareli|https://www.zomato.com/allahabad/bhagwan-das-prahlad-das-nvedya-mishthan-kareli/info|22|Sweet Shop|9am to 11pm(Mon-Sun)|Not rated|-|-
Nalanda Hotel|300|North Indian|Allahabad|Leader Road|https://www.zomato.com/allahabad/nalanda-hotel-leader-road/info|22|Casual Dining|10am to 2am(Mon-Sun)|Average|3.2|5
Cafe Orchard|300|Fast Food|Allahabad|Civil Lines|https://www.zomato.com/allahabad/cafe-orchard-civil-lines/info|22|Quick Bites|12noon to 11pm(Mon-Sun)|Not rated|-|-
Little China|500|Chinese|Allahabad|Vinayak City Centre Mall-- Civil Lines|https://www.zomato.com/allahabad/little-china-civil-lines/info|23|Food Court|11am to 11pm(Mon-Sun)|Not rated|-|-
Pride Inn Tantra Restaurant|600|North Indian,Chinese,Continental,Fast Food,Beverages|Allahabad|Civil Lines|https://www.zomato.com/allahabad/pride-inn-tantra-restaurant-civil-lines/info|23|Quick Bites|11am to 11pm(Mon-Sun)|Not rated|-|-
Ritz|300|North Indian|Allahabad|Civil Lines|https://www.zomato.com/allahabad/ritz-civil-lines/info|23|Quick Bites|11am to 11pm(Mon-Sun)|Not rated|-|-
Penguin Indian & Mugal Foods|250|Indian,Mughlai|Allahabad|Allapur|https://www.zomato.com/allahabad/penguin-indian-mugal-foods-allapur/info|23|Quick Bites|2pm to 11pm(Mon-Sun)|Average|3.2|8
What's The Food|400|North Indian|Allahabad|George Town|https://www.zomato.com/allahabad/whats-the-food-george-town/info|23|Quick Bites|11am to 11pm(Mon-Sun)|Not rated|-|-
Bakers Bakery|350|Bakery|Allahabad|Kareli|https://www.zomato.com/allahabad/bakers-bakery-kareli/info|23|Bakery|9am to 11pm(Mon-Sun)||NEW|NEW
Amber Restaurant|500|North Indian,Mughlai|Allahabad|Leader Road|https://www.zomato.com/allahabad/amber-restaurant-leader-road/info|23|Casual Dining|8am to 3am(Mon-Sun)|Not rated|-|-
Ananya Bhojnalaya|300|North Indian|Allahabad|Civil Lines|https://www.zomato.com/allahabad/ananya-bhojnalaya-civil-lines/info|23|Bhojanalya|11am to 11pm(Mon-Sun)|Average|3.0|6
Rasoi Restaurant-Hotel Prayag|800|North Indian,Chinese|Allahabad|Leader Road|https://www.zomato.com/allahabad/rasoi-restaurant-hotel-prayag-leader-road/info|23|Casual Dining|8am to 11pm(Mon-Sun)|Not rated|-|-
Silk Restaurant|550|North Indian,South Indian,Chinese|Allahabad|Bairahana|https://www.zomato.com/allahabad/silk-restaurant-bairahana/info|23|Casual Dining|10am to 11pm(Mon-Sun)|Average|2.9|6
Egg Spectation - Hotel Milan Palace|1000|North Indian|Allahabad|Civil Lines|https://www.zomato.com/allahabad/egg-spectation-hotel-milan-palace-civil-lines/info|23|Casual Dining|11am to 12midnight(Mon,Tue,Wed,Fri,Sat,Sun)...|Not rated|-|-
Hashtag Cafe|500|Cafe|Allahabad|Naini|https://www.zomato.com/allahabad/hashtag-cafe-naini/info|23|Café|11am to 11pm(Mon-Sun)|Average|3.1|4
Crispy And Juicy|250|Biryani,Fast Food|Allahabad|Naini|https://www.zomato.com/allahabad/crispy-and-juicy-naini/info|23|Quick Bites|11am to 11pm(Mon-Sun)|Average|3.2|6
Kibriyaz|700|North Indian,South Indian|Allahabad|Katra|https://www.zomato.com/allahabad/kibriyaz-katra/info|23|Casual Dining|11am to 11pm(Mon-Sun)|Not rated|-|-
Zayka Ek Swaad|150|North Indian|Allahabad|Chowk|https://www.zomato.com/allahabad/zayka-ek-swaad-chowk/info|23|Quick Bites|12noon to 11pm(Mon-Sun)||NEW|NEW
Hotel Harsh|250|North Indian|Allahabad|Civil Lines|https://www.zomato.com/allahabad/hotel-harsh-civil-lines/info|24|Quick Bites|8am to 11pm(Mon-Sun)|Not rated|-|-
Balaji Rajasthan Misthan Bhandar|100|Fast Food,Mithai|Allahabad|Katra|https://www.zomato.com/allahabad/balaji-rajasthan-misthan-bhandar-katra/info|24|Quick Bites|7am to 11pm(Mon-Sun)||NEW|NEW
Cream Bell Scoopers|300|Desserts,Ice Cream|Allahabad|Kareli|https://www.zomato.com/allahabad/cream-bell-scoopers-kareli/info|24|Dessert Parlor|12noon to 12midnight(Mon-Sun)|Not rated|-|-
Satguru Chat Corner|200|Fast Food|Allahabad|Tagore Town|https://www.zomato.com/allahabad/satguru-chat-corner-tagore-town/info|24|Quick Bites|8am to 12midnight(Mon-Sun)|Not rated|-|-
Chill Fine Dine Restaurant|800|North Indian,South Indian,Chinese|Allahabad|Civil Lines|https://www.zomato.com/allahabad/chill-fine-dine-restaurant-civil-lines/info|24|Casual Dining|10am to 1130pm(Mon-Sun)|Not rated|-|-
Dalchini Restaurant & Banquet|0|North Indian,Chinese,Biryani,Beverages|Allahabad|Civil Lines|https://www.zomato.com/allahabad/dalchini-restaurant-banquet-civil-lines/info|24|Casual Dining|11am to 11pm(Mon-Sun)|Not rated|-|-
Kamna Restaurant|300|North Indian|Allahabad|Alopi Bagh|https://www.zomato.com/allahabad/kamna-restaurant-alopi-bagh/info|24|Quick Bites|1030am to 11pm(Mon-Sun)|Not rated|-|-
Satkar Laudge|300|Fast Food,North Indian|Allahabad|Civil Lines|https://www.zomato.com/allahabad/satkar-civil-lines/info|24|Quick Bites|7am to 12midnight(Mon-Sun)|Not rated|-|-
Mr. Oven|400|Mexican,Italian|Allahabad|Vinayak City Centre Mall-- Civil Lines|https://www.zomato.com/allahabad/mr-oven-civil-lines/info|24|Food Court|11am to 11pm(Mon-Sun)|Not rated|-|-
Retreat-a Multicuisine Restaurant|250|North Indian,Chinese|Allahabad|Leader Road|https://www.zomato.com/allahabad/retreat-a-multicuisine-restaurant-leader-road/info|24|Quick Bites|12noon to 11pm(Mon-Sun)|Not rated|-|-
Maa Vaishno Bhojnalaya|200|North Indian|Allahabad|Leader Road|https://www.zomato.com/allahabad/maa-vaishno-bhojnalaya-leader-road/info|24|Quick Bites|10am to 12midnight(Mon-Sun)||NEW|NEW
Govinda's Vegetarian Restaurant|400|North Indian,Chinese,Continental,South Indian|Allahabad|Civil Lines|https://www.zomato.com/allahabad/govindas-vegetarian-restaurant-civil-lines/info|24|Quick Bites|6am to 530am(Mon-Sun)|Not rated|-|-
Aladdin 2.0|300|North Indian,Fast Food|Allahabad|Naini|https://www.zomato.com/allahabad/aladdin-2-0-naini/info|24|Quick Bites|10am to 11pm(Mon-Sun)||NEW|NEW
Sushi Multi Cuisine Restaurant|300|North Indian|Allahabad|Civil Lines|https://www.zomato.com/allahabad/sushi-multi-cuisine-restaurant-civil-lines/info|24|Quick Bites|12noon to 11pm(Mon-Sun)|Not rated|-|-
Foodilicious|150|Fast Food|Allahabad|Civil Lines|https://www.zomato.com/allahabad/foodilicious-civil-lines/info|24|none|11am to 11pm(Mon-Sun)||NEW|NEW
Kallu Kabab|200|North Indian|Allahabad|Kareli|https://www.zomato.com/allahabad/kallu-kabab-kareli/info|25|Quick Bites|12noon to 1130pm(Mon-Sun)||NEW|NEW
Cream Bell Scoopers|200|Desserts,Ice Cream|Allahabad|Civil Lines|https://www.zomato.com/allahabad/cream-bell-scoopers-civil-lines/info|25|Dessert Parlor|11am to 11pm(Mon-Sun)|Not rated|-|-
Nawab Restaurant|500|North Indian,Chinese|Allahabad|Naini|https://www.zomato.com/allahabad/nawab-restaurant-naini/info|25|Quick Bites|11am to 11pm(Mon-Sun)|Not rated|-|-
Maa Kripa-Shri Bhagya Sweets|200|Mithai,Street Food|Allahabad|Naini|https://www.zomato.com/allahabad/maa-kripa-shri-bhagya-sweets-naini/info|25|Sweet Shop|7am to 11pm(Mon,Sun),24||NEW|NEW
Mughlai Khana|400|Mughlai|Allahabad|Meergunj|https://www.zomato.com/allahabad/mughlai-khana-meergunj/info|25|Quick Bites|4pm to 11pm(Mon-Sun)|Not rated|-|-
Haveli Restaurant|500|North Indian,Chinese|Allahabad|Naini|https://www.zomato.com/allahabad/haveli-restaurant-naini/info|25|Casual Dining|||Opening|Opening
Shivkripa Pizza Corner|400|Pizza,Fast Food|Allahabad|Kareli|https://www.zomato.com/allahabad/shivkripa-pizza-corner-kareli/info|25|Quick Bites|10am to 11pm(Mon-Sun)||NEW|NEW
UBQ by Barbeque Nation|1000|North Indian|Allahabad|Civil Lines|https://www.zomato.com/allahabad/ubq-by-barbeque-nation-civil-lines/info|25|none|12noon to 330pm,630pm to 11pm(Mon-Sun)|Not rated|-|-
Food Hub|300|North Indian,Chinese,Fast Food|Allahabad|Kareli|https://www.zomato.com/allahabad/food-hub-kareli/info|25|none|11am to 11pm(Mon-Sun)||NEW|NEW
A2A Cafe Cum Restaurant|200|Beverages,Fast Food|Allahabad|Civil Lines|https://www.zomato.com/allahabad/a2a-cafe-cum-restaurant-civil-lines/info|25|Quick Bites|11am to 11pm(Mon-Sun)||NEW|NEW
Sagar Ratna|600|South Indian,North Indian,Chinese,Continental|Allahabad|Tagore Town|https://www.zomato.com/allahabad/sagar-ratna-tagore-town/info|3|Casual Dining|10am to 1030pm(Mon-Sun)|Very Good|4.4|624
Moti Mahal Delux|600|Mughlai,North Indian,Chinese|Allahabad|Vinayak City Centre Mall-- Civil Lines|https://www.zomato.com/allahabad/moti-mahal-delux-civil-lines/info|3|Casual Dining|111am to 12midnight(Mon-Sun)|Very Good|4.0|153
Dosa Plaza|400|South Indian|Allahabad|Civil Lines|https://www.zomato.com/allahabad/dosa-plaza-civil-lines/info|3|Casual Dining|10am to 11pm(Mon-Sun)|Very Good|4.1|173
Makkhan's Restaurant|450|North Indian,South Indian,Chinese,Fast Food|Allahabad|Dhoomanganj|https://www.zomato.com/allahabad/makkhans-restaurant-dhoomanganj/info|3|Casual Dining|10am to 11pm(Mon-Sun)|Very Good|4.0|210
Tandoor Restaurant|500|North Indian,Chinese|Allahabad|Civil Lines|https://www.zomato.com/allahabad/tandoor-restaurant-civil-lines/info|3|Casual Dining|10am to 1030pm(Mon-Sun)|Average|2.7|344
SCORE - The Games Cafe|200|Cafe,Desserts,Beverages|Allahabad|Civil Lines|https://www.zomato.com/allahabad/score-the-games-cafe-1-civil-lines/info|3|Café|1115am to 9pm(Mon-Sun)|Excellent|4.5|335
Kailash Parbat|400|North Indian,South Indian,Chinese,Continental|Allahabad|Civil Lines|https://www.zomato.com/allahabad/kailash-parbat-civil-lines/info|3|Quick Bites|11am to 11pm(Mon-Sun)|Good|3.9|31
Barcode|1400|Biryani,North Indian,Finger Food|Allahabad|Civil Lines|https://www.zomato.com/allahabad/barcode-3-civil-lines/info|3|Lounge|12noon to 11pm(Mon-Sun)|Average|3.4|146
Cafe El Chico|1000|Cafe,Italian,Continental|Allahabad|Civil Lines|https://www.zomato.com/allahabad/cafe-el-chico-civil-lines/info|3|Café|12noon to 10pm(Mon-Sun)|Very Good|4.3|222
Rolls Mania|450|Rolls,Fast Food|Allahabad|Ashok Nagar|https://www.zomato.com/allahabad/rolls-mania-ashok-nagar/info|3|Quick Bites|11am to 11pm(Mon-Sun)|Very Good|4.0|110
Shamiana's|300|North Indian|Allahabad|Civil Lines|https://www.zomato.com/allahabad/shamianas-civil-lines/info|3|Casual Dining|10am to 11pm(Mon-Sun)|Good|3.6|112
The Tamarind Tree|500|South Indian,Chinese|Allahabad|Civil Lines|https://www.zomato.com/allahabad/the-tamarind-tree-civil-lines/info|3|Casual Dining|11am to 1030pm(Mon-Sun)|Very Good|4.0|248
Hot Stuff|500|North Indian,Fast Food|Allahabad|Civil Lines|https://www.zomato.com/allahabad/hot-stuff-civil-lines/info|3|Casual Dining|1030am to 1030pm(Mon-Sun)|Very Good|4.0|272
Food Square|300|North Indian,Chinese,Mughlai|Allahabad|Katra|https://www.zomato.com/allahabad/food-square-katra/info|3|Casual Dining|830am to 1130pm(Mon-Sun)|Good|3.7|33
Malt|300|Cafe,Beverages,Bakery|Allahabad|Ashok Nagar|https://www.zomato.com/allahabad/malt-ashok-nagar/info|3|Café|11am to 1030pm(Mon-Sun)|Excellent|4.6|291
Harish Bhojanalaya & Restaurant|300|Fast Food|Allahabad|Civil Lines|https://www.zomato.com/allahabad/harish-bhojanalaya-restaurant-civil-lines/info|4|Quick Bites|10am to 11pm(Mon-Sun)|Good|3.7|70
Bean Here|350|Cafe,Fast Food|Allahabad|Civil Lines|https://www.zomato.com/allahabad/bean-here-civil-lines/info|4|Café|11am to 930pm(Mon-Sun)|Good|3.9|173
The Pantry Car|300|Chinese,Continental,Momos|Allahabad|Civil Lines|https://www.zomato.com/allahabad/the-pantry-car-civil-lines/info|4|Quick Bites|1pm to 1030pm(Mon-Sun)|Good|3.9|96
Dosa Plaza|500|South Indian,North Indian,Chinese|Allahabad|Katra|https://www.zomato.com/allahabad/dosa-plaza-katra/info|4|Casual Dining|10am to 11pm(Mon-Sun)|Good|3.7|52
Coffee Machine The Cafe|250|Italian,Continental,Beverages|Allahabad|Civil Lines|https://www.zomato.com/allahabad/coffee-machine-the-cafe-1-civil-lines/info|4|Quick Bites|1130am to 1030pm(Mon-Sun)||NEW|NEW
Kaffe Kona|400|Cafe|Allahabad|Naini|https://www.zomato.com/allahabad/kaffe-kona-naini/info|4|Café|1130am to 10pm(Mon-Sun)|Very Good|4.0|68
Paradise Confectioner|500|Fast Food,Desserts|Allahabad|Tagore Town|https://www.zomato.com/allahabad/paradise-confectioner-tagore-town/info|4|Quick Bites|930am to 10pm(Mon-Sun)|Very Good|4.2|146
Gay Time Family Restaurant|500|North Indian,South Indian,Chinese,Fast Food|Allahabad|Civil Lines|https://www.zomato.com/allahabad/gay-time-family-restaurant-civil-lines/info|4|Casual Dining|1030am to 1130pm(Mon-Sun)|Dobré|3.7|143
Chill Lounge|800|North Indian,South Indian,Chinese,Continental|Allahabad|Civil Lines|https://www.zomato.com/allahabad/chill-lounge-civil-lines/info|4|Casual Dining|12noon to 11pm(Mon-Sun)|Good|3.6|95
The Second Wife|500|North Indian|Allahabad|George Town|https://www.zomato.com/allahabad/the-second-wife-george-town/info|4|Casual Dining|9am to 12midnight(Mon-Sun)|Average|2.7|103
Coffee Calling|400|Cafe|Allahabad|Civil Lines|https://www.zomato.com/allahabad/coffee-calling-civil-lines/info|4|Café|1015am to 10pm(Mon-Sun)|Good|3.9|109
Balaji Idli House|500|South Indian,North Indian|Allahabad|Tagore Town|https://www.zomato.com/allahabad/balaji-idli-house-tagore-town/info|4|Casual Dining|11am to 11pm(Mon-Sun)|Good|3.9|58
Rajwada's|700|North Indian,South Indian,Chinese,Fast Food|Allahabad|Colonel Ganj|https://www.zomato.com/allahabad/rajwadas-colonel-ganj/info|4|Casual Dining|11am to 11pm(Mon-Sun)|Good|3.7|70
Keventers|400|Beverages,Ice Cream,Desserts|Allahabad|Civil Lines|https://www.zomato.com/allahabad/keventers-civil-lines/info|4|Beverage Shop|11am to 11pm(Mon-Sun)|Very Good|4.2|84
9280 The Family Restaurant|600|North Indian|Allahabad|Civil Lines|https://www.zomato.com/allahabad/9280-the-family-restaurant-civil-lines/info|4|Casual Dining|12noon to 1030pm(Mon-Sun)|Good|3.9|145
Kalptaru Sweets N Bakery|450|Fast Food,North Indian,Continental,Beverages,Mithai|Allahabad|Lukerganj|https://www.zomato.com/allahabad/kalptaru-sweets-n-bakery-lukerganj/info|5|Quick Bites|9am to 1030pm(Mon-Sun)|Good|3.9|111
Prayag Food Plaza|300|Chinese|Allahabad|George Town|https://www.zomato.com/allahabad/prayag-food-plaza-george-town/info|5|none|11am to 10pm(Mon-Sun)|Very Good|4.0|79
AL-Baik Zone|300|North Indian,Fast Food|Allahabad|Kareli|https://www.zomato.com/allahabad/al-baik-zone-kareli/info|5|Quick Bites|12noon to 11pm(Mon-Sun)||NEW|NEW
El Chico Pastry Shop|300|Desserts|Allahabad|Civil Lines|https://www.zomato.com/allahabad/el-chico-pastry-shop-civil-lines/info|5|Dessert Parlor|10am to 10pm(Mon-Sun)|Very Good|4.3|79
Allahabad Biryani Centre|400|Biryani,Mughlai|Allahabad|Civil Lines|https://www.zomato.com/allahabad/allahabad-biryani-centre-civil-lines/info|5|Casual Dining|1pm to 10pm(Mon,Tue,Wed,Fri,Sat,Sun),Closed...|Good|3.8|153
Kamdhenu Sweets|400|Desserts|Allahabad|Civil Lines|https://www.zomato.com/allahabad/kamdhenu-sweets-civil-lines/info|5|Dessert Parlor|9am to 10pm(Mon-Sun)|Very Good|4.2|125
The London Shakes And Cafe|300|Pizza,Fast Food,Beverages|Allahabad|Civil Lines|https://www.zomato.com/allahabad/the-london-shakes-and-cafe-civil-lines/info|5|Café|11am to 10pm(Mon-Sun)|Good|3.9|61
Daana Pani Restaurant|250|North Indian|Allahabad|Dhoomanganj|https://www.zomato.com/allahabad/daana-pani-restaurant-dhoomanganj/info|5|Quick Bites|10am to 10pm(Mon-Sun)|Average|3.4|55
Dilli Galiyara|800|North Indian,South Indian,Chinese|Allahabad|Vinayak City Centre Mall-- Civil Lines|https://www.zomato.com/allahabad/dilli-galiyara-civil-lines/info|5|Casual Dining|11am to 11pm(Mon-Sun)|Good|3.6|86
Jai Shri Shankar Bhojnalaya|300|North Indian|Allahabad|Civil Lines|https://www.zomato.com/allahabad/jai-shri-shankar-bhojnalaya-civil-lines/info|5|Bhojanalya|11am to 11pm(Mon-Sun)|Good|3.8|80
Andeywala|200|Fast Food|Allahabad|Civil Lines|https://www.zomato.com/allahabad/andeywala-civil-lines/info|5|Quick Bites|11am to 11pm(Mon-Sun)|Good|3.8|54
Zaika Biryani Ka|200|Biryani,North Indian,Rolls|Allahabad|Colonel Ganj|https://www.zomato.com/allahabad/zaika-biryani-ka-1-colonel-ganj/info|5|Quick Bites|1130am to 11pm(Mon-Sun)|Good|3.9|66
Reserveseats|700|North Indian,South Indian,Chinese|Allahabad|Katra|https://www.zomato.com/allahabad/reserveseats-katra/info|5|Casual Dining|1030am to 11pm(Mon-Sun)|Good|3.8|68
Busy Bee Restro|700|Chinese,North Indian,Continental,Beverages|Allahabad|Naini|https://www.zomato.com/allahabad/busy-bee-restro-naini/info|5|Casual Dining|10am to 10pm(Mon-Sat),10am to 11pm(Sun)|Good|3.6|35
Chai Onn|200|Beverages,Cafe,Desserts,Pizza,Tea|Allahabad|Naini|https://www.zomato.com/allahabad/chai-onn-naini/info|5|none|11am to 9pm(Mon-Sat),3pm to 9pm(Sun)|Good|3.5|11
Shahi Darbar Restaurant|450|North Indian,Chinese,Beverages|Allahabad|Civil Lines|https://www.zomato.com/allahabad/shahi-darbar-restaurant-civil-lines/info|6|Casual Dining|11am to 11pm(Mon-Sun)|Good|3.6|68
Old Town|500|North Indian,Chinese|Allahabad|Civil Lines|https://www.zomato.com/allahabad/old-town-civil-lines/info|6|Casual Dining|11am to 1030pm(Mon-Sun)|Good|3.6|88
Chaat Chatore|250|Fast Food,North Indian,South Indian,Continental|Allahabad|Katra|https://www.zomato.com/allahabad/chaat-chatore-katra/info|6|Quick Bites|11am to 10pm(Mon-Sun)|Average|2.8|34
U S PIZZA|700|Pizza,Salad,Beverages|Allahabad|Katra|https://www.zomato.com/allahabad/u-s-pizza-katra/info|6|Quick Bites|1030am to 10pm(Mon-Sun)|Good|3.8|47
Maharani Zaika|500|North Indian|Allahabad|George Town|https://www.zomato.com/allahabad/maharani-zaika-1-george-town/info|6|Casual Dining|11am to 11pm(Mon-Sun)|Good|3.8|95
Bliss Restro|500|North Indian,Chinese|Allahabad|Naini|https://www.zomato.com/allahabad/bliss-restro-naini/info|6|Casual Dining|11am to 1030pm(Mon-Sun)|Good|3.6|72
Santosh Juice Corner|150|North Indian,South Indian,Chinese|Allahabad|Katra|https://www.zomato.com/allahabad/santosh-juice-corner-katra/info|6|Quick Bites|11am to 10pm(Mon-Sun)|Good|3.7|39
Stark House Cafe|550|Mexican,Italian|Allahabad|Civil Lines|https://www.zomato.com/allahabad/stark-house-cafe-civil-lines/info|6|Café|11am to 730pm(Mon-Sun)|Good|3.8|42
Yame Food Court|300|North Indian,Chinese,Fast Food|Allahabad|Ashok Nagar|https://www.zomato.com/allahabad/yame-food-court-ashok-nagar/info|6|Quick Bites|5pm to 10pm(Mon-Sun)|Very Good|4.0|84
SuVisto Shakes & Cafe|250|Fast Food,Beverages|Allahabad|George Town|https://www.zomato.com/allahabad/suvisto-shakes-cafe-george-town/info|6|Quick Bites|11am to 10pm(Mon-Sun)|Good|3.6|20
H2O Cafe|400|Cafe,Fast Food,Beverages|Allahabad|Civil Lines|https://www.zomato.com/allahabad/h2o-cafe-1-civil-lines/info|6|Café|1030am to 10pm(Mon-Sat),Closed(Sun)|Good|3.8|31
Mexican Pizzeria|300|Fast Food,Pizza|Allahabad|Naini|https://www.zomato.com/allahabad/mexican-pizzeria-naini/info|6|Quick Bites|1030am to 11pm(Mon-Sun)|Good|3.6|47
Kanha Sweets & Restaurant|400|North Indian,Desserts|Allahabad|Katra|https://www.zomato.com/allahabad/kanha-sweets-restaurant-katra/info|6|Casual Dining|10am to 10pm(Mon-Sun)|Good|3.6|40
Goli Vada Pav No.1|200|Street Food|Allahabad|Civil Lines|https://www.zomato.com/allahabad/goli-vada-pav-no-1-civil-lines/info|6|Quick Bites|10am to 10pm(Mon-Sun)|Good|3.7|53
Karn's Restaurant|200|North Indian,South Indian,Chinese,Fast Food|Allahabad|Dhoomanganj|https://www.zomato.com/allahabad/karns-restaurant-dhoomanganj/info|6|Quick Bites|11am to 1030pm(Mon-Sun)|Good|3.7|47
USPFC|200|Burger,Sandwich,Fast Food|Allahabad|Civil Lines|https://www.zomato.com/allahabad/uspfc-2-civil-lines/info|7|Quick Bites|11am to 10pm(Mon-Sun)|Good|3.7|19
Guru Kripa Bhojnalaya|150|North Indian|Allahabad|Dhoomanganj|https://www.zomato.com/allahabad/guru-kripa-bhojnalaya-dhoomanganj/info|7|Bhojanalya|10am to 10pm(Mon-Sun)|Average|2.8|20
Indish|500|North Indian,South Indian,Chinese,Continental,Fast Food,Sandwich|Allahabad|Civil Lines|https://www.zomato.com/allahabad/indish-civil-lines/info|7|Casual Dining|11am to 11pm(Mon-Sun)|Good|3.7|75
Mohit Cafe|100|Fast Food,Beverages,Desserts|Allahabad|Katra|https://www.zomato.com/allahabad/mohit-cafe-katra/info|7|Café|10am to 9pm(Mon-Sun)|Good|3.7|36
Allahabadi Kabab Paratha|150|North Indian|Allahabad|Chowk|https://www.zomato.com/allahabad/allahabadi-kabab-paratha-chowk/info|7|Quick Bites|4pm to 1030pm(Mon-Sun)||NEW|NEW
Tuck In|250|Fast Food|Allahabad|Civil Lines|https://www.zomato.com/allahabad/tuck-in-civil-lines/info|7|Casual Dining|12noon to 11pm(Mon-Sun)|Good|3.8|89
Sunil Chinese & Fast Food|100|Fast Food,Chinese|Allahabad|Naini|https://www.zomato.com/allahabad/sunil-chinese-fast-food-naini/info|7|Quick Bites|10am to 930pm(Mon-Sun)||NEW|NEW
The Downtown Kitchen|200|Fast Food|Allahabad|Teliarganj|https://www.zomato.com/allahabad/the-downtown-kitchen-teliarganj/info|7|Quick Bites|9am to 10pm(Mon-Sun)|Average|2.9|37
Shahenshah Fast Food|400|North Indian,Chinese,Fast Food|Allahabad|Civil Lines|https://www.zomato.com/allahabad/shahenshah-fast-food-civil-lines/info|7|Casual Dining|1115am to 1030pm(Mon-Sun)|Good|3.8|45
Yadav Mishthan Bhandar|200|Mithai|Allahabad|Naini|https://www.zomato.com/allahabad/yadav-mishthan-bhandar-naini/info|7|Sweet Shop|830am to 9pm(Mon-Sun)||NEW|NEW
Mishra Mishthan Bhandar|350|Desserts,Mithai|Allahabad|Katra|https://www.zomato.com/allahabad/mishra-mishthan-bhandar-katra/info|7|Dessert Parlor|7am to 10pm(Mon-Sun)|Good|3.6|12
FnP Cakes 'n' More|400|Bakery|Allahabad|Civil Lines|https://www.zomato.com/allahabad/fnp-cakes-n-more-civil-lines/info|7|Bakery|11am to 1030pm(Mon-Sun)|Good|3.7|27
Art of Rolls|200|Rolls,Kebab,Grill,Afghan|Allahabad|Civil Lines|https://www.zomato.com/allahabad/art-of-rolls-civil-lines/info|7|Quick Bites|2pm to 1030pm(Mon-Sun)|Good|3.5|29
Desi Twist Cafe|250|Fast Food|Allahabad|Naini|https://www.zomato.com/allahabad/desi-twist-cafe-1-naini/info|7|Quick Bites|1030am to 1015pm(Mon-Sat),1130am to 1015pm(Sun)|Average|2.8|31
Blue Spark|250|North Indian,Chinese|Allahabad|Civil Lines|https://www.zomato.com/allahabad/blue-spark-civil-lines/info|7|Quick Bites|10am to 3pm,7pm to 10pm(Mon-Sun)|Good|3.6|26
Natraj Savour|200|Fast Food,Rolls|Allahabad|Teliarganj|https://www.zomato.com/allahabad/natraj-savour-teliarganj/info|8|Quick Bites|1130am to 10pm(Mon-Sun)|Average|3.3|18
Mahesh Restauarant|300|Street Food|Allahabad|Katra|https://www.zomato.com/allahabad/mahesh-restauarant-katra/info|8|Casual Dining|10am to 10pm(Mon-Sun)|Good|3.7|21
Shri Gupta Masala Dosa|150|South Indian|Allahabad|Naini|https://www.zomato.com/allahabad/shri-gupta-masala-dosa-1-naini/info|8|Quick Bites|12noon to 10pm(Mon-Sun)||NEW|NEW
The Moghal|300|North Indian,Chinese,Street Food|Allahabad|Civil Lines|https://www.zomato.com/allahabad/the-moghal-civil-lines/info|8|Casual Dining|5pm to 10pm(Mon-Sat),5pm to 1010pm(Sun)|Good|3.6|30
A & J The Juice Bar|250|Juices|Allahabad|Civil Lines|https://www.zomato.com/allahabad/a-j-the-juice-bar-civil-lines/info|8|Beverage Shop|11am to 10pm(Mon-Sun)|Average|3.3|17
Fresh Point|250|Fast Food|Allahabad|George Town|https://www.zomato.com/allahabad/fresh-point-george-town/info|8|Quick Bites|9am to 8pm(Mon-Sun)|Average|3.4|17
Albaik Chicken|250|Fast Food|Allahabad|Dhoomanganj|https://www.zomato.com/allahabad/albaik-chicken-dhoomanganj/info|8|Casual Dining|1pm to 10pm(Mon,Wed,Thu,Fri,Sat,Sun),Closed...|Average|3.4|24
Kallu Kachouri Bhandar|100|Street Food|Allahabad|Katra|https://www.zomato.com/allahabad/kallu-kachouri-bhandar-2-katra/info|8|Kiosk|11am to 9pm(Mon-Sun)|Average|3.2|16
Naini Coffee House & Restaurant|200|North Indian|Allahabad|Naini|https://www.zomato.com/allahabad/naini-coffee-house-restaurant-naini/info|8|Quick Bites|12noon to 10pm(Mon-Sun)||NEW|NEW
Star Family Restaurant|500|North Indian,Chinese,Fast Food|Allahabad|Dhoomanganj|https://www.zomato.com/allahabad/star-family-restaurant-dhoomanganj/info|8|Casual Dining|11am to 10pm(Mon-Sun)|Average|3.4|13
Live Icecream Rolls|200|Desserts,Ice Cream|Allahabad|Civil Lines|https://www.zomato.com/allahabad/live-icecream-rolls-civil-lines/info|8|Dessert Parlor|11am to 1030pm(Mon-Sun)|Good|3.6|15
New Om Shiv Bholey Fast Food Corner|200|Fast Food|Allahabad|Dhoomanganj|https://www.zomato.com/allahabad/new-om-shiv-bholey-fast-food-corner-dhoomanganj/info|8|Quick Bites|10am to 10pm(Mon-Sun)|Average|3.3|12
Mela|500|North Indian,Chinese|Allahabad|Civil Lines|https://www.zomato.com/allahabad/mela-civil-lines/info|8|Casual Dining|1030am to 1030pm(Mon-Sun)|Good|3.6|33
Mamta Bakery|250|Bakery,Desserts|Allahabad|Dhoomanganj|https://www.zomato.com/allahabad/mamta-bakery-dhoomanganj/info|8|Bakery|930am to 9pm(Mon,Tue,Thu,Fri,Sat,Sun)...|Average|3.0|10
JK Bakers|200|Bakery|Allahabad|Katra|https://www.zomato.com/allahabad/jk-bakers-katra/info|8|Bakery|9am to 10pm(Mon-Sun)|Good|3.6|16
My Yumm Meal|400|North Indian|Allahabad|Ashok Nagar|https://www.zomato.com/allahabad/my-yumm-meal-ashok-nagar/info|9|none|8am to 10pm(Mon-Sat),Closed(Sun)|Good|3.7|20
Top-In-Town Baker's|300|Bakery|Allahabad|Lukerganj|https://www.zomato.com/allahabad/top-in-town-bakers-lukerganj/info|9|Bakery|11am to 10pm(Mon-Sun)|Average|3.2|4
Soyu Chicken Biryani Corner|200|North Indian,Biryani|Allahabad|Katra|https://www.zomato.com/allahabad/soyu-chicken-biryani-corner-katra/info|9|Quick Bites|1130am to 1030pm(Mon-Sun)||NEW|NEW
Aunty's Kitchen|200|Mughlai|Allahabad|Civil Lines|https://www.zomato.com/allahabad/auntys-kitchen-civil-lines/info|9|Quick Bites|11am to 1030pm(Mon-Sun)||NEW|NEW
Shanti Kulfi|150|Desserts|Allahabad|Civil Lines|https://www.zomato.com/allahabad/shanti-kulfi-civil-lines/info|9|Dessert Parlor|11am to 10pm(Mon-Sun)|Good|3.8|19
Veggie Galaxy|600|North Indian,South Indian,Chinese|Allahabad|P Square Mall-- Civil Lines|https://www.zomato.com/allahabad/veggie-galaxy-civil-lines/info|9|Casual Dining|10am to 1030pm(Mon-Sun)|Average|3.3|18
Vadilal Scoop Shop|200|Ice Cream|Allahabad|Naini|https://www.zomato.com/allahabad/vadilal-scoop-shop-1-naini/info|9|Dessert Parlor|11am to 10pm(Mon-Sun)|Average|3.3|7
The Vintage Kitchen|500|North Indian,Chinese,Fast Food|Allahabad|Lukerganj|https://www.zomato.com/allahabad/the-vintage-kitchen-lukerganj/info|9|Casual Dining|12noon to 1030pm(Mon-Sun)||NEW|NEW
Khansama|150|North Indian|Allahabad|Civil Lines|https://www.zomato.com/allahabad/khansama-civil-lines/info|9|Quick Bites|1230pm to 1030pm(Mon,Tue,Wed,Fri,Sat,Sun)...||NEW|NEW
Occasion|150|Burger,Sandwich,Bakery,Desserts|Allahabad|Katra|https://www.zomato.com/allahabad/occasion-katra/info|9|Bakery|(Mon-Sun)|Average|3.3|8
Kathi Express|200|North Indian|Allahabad|Colonel Ganj|https://www.zomato.com/allahabad/kathi-express-colonel-ganj/info|9|Casual Dining|12noon to 11pm(Mon-Sun)|Good|3.8|44
Khana Khazana Restaurant & Cafe|450|North Indian,Chinese,Mughlai|Allahabad|Civil Lines|https://www.zomato.com/allahabad/khana-khazana-restaurant-cafe-civil-lines/info|9|Quick Bites|11am to 11pm(Mon-Sun)|Good|3.8|51
Route o Bakers|300|Bakery|Allahabad|Civil Lines|https://www.zomato.com/allahabad/route-o-bakers-civil-lines/info|9|Bakery|12noon to 10pm(Mon-Sun)|Average|3.4|12
Spicy  Restaurant|200|North Indian|Allahabad|Dhoomanganj|https://www.zomato.com/allahabad/spicy-restaurant-dhoomanganj/info|9|Quick Bites|12noon to 9pm(Mon-Sun)||NEW|NEW
Get Together|200|North Indian|Allahabad|Katra|https://www.zomato.com/allahabad/get-together-katra/info|9|Quick Bites|10am to 10pm(Mon-Sun)|Not rated|-|-
