NAME|PRICE|CUSINE_CATEGORY|CITY|REGION|URL|PAGE NO|CUSINE TYPE|TIMING|RATING_TYPE|RATING|VOTES
Jazeerah Restaurant|400|Malwani,Modern Indian,Roast Chicken,Seafood|Amravati|Ambapeth|https://www.zomato.com/amravati/jazeerah-restaurant-ambapeth/info|1|Casual Dining|11am to 12midnight(Mon-Sun)|Very Good|4.2|26
Hotel Up & Above|200|North Indian|Amravati|Maltekedi|https://www.zomato.com/amravati/hotel-up-above-maltekedi/info|1|Casual Dining|11am to 11pm(Mon-Sun)|Excellent|4.6|31
New Punjabi Dhaba & Restaurant|200|Indian,North Indian,Maharashtrian|Amravati|Ambapeth|https://www.zomato.com/amravati/new-punjabi-dhaba-restaurant-ambapeth/info|1|Quick Bites|1130am to 11pm(Mon-Sun)|Very Good|4.1|14
New Eagle Restaurant|200|North Indian|Amravati|Nai Basti|https://www.zomato.com/amravati/new-eagle-restaurant-nai-basti/info|1|Casual Dining|930am to 11pm(Mon-Sun)|Excellent|4.5|25
South Kitchen|500|North Indian,South Indian|Amravati|Maltekedi|https://www.zomato.com/amravati/south-kitchen-maltekedi/info|1|Casual Dining|630am to 1030pm(Mon-Sun)|Very Good|4.0|8
Al Basheer Restaurant|200|North Indian|Amravati|Nai Basti|https://www.zomato.com/amravati/al-basheer-restaurant-nai-basti/info|1|Casual Dining|9am to 11pm(Mon-Sun)|Good|3.7|21
Bombay Street Cafe|300|Fast Food|Amravati|Ambapeth|https://www.zomato.com/amravati/bombay-street-cafe-ambapeth/info|1|Casual Dining|8am to 11pm(Mon-Sun)|Good|3.8|9
Manvaar - The Indian Restaurant|300|Juices,Modern Indian|Amravati|Ambapeth|https://www.zomato.com/amravati/manvaar-the-indian-restaurant-ambapeth/info|1|Quick Bites|11am to 11pm(Mon-Sun)|Good|3.7|8
Goli Vada Pav No- 1|100|Maharashtrian|Amravati|Arjun Nagar|https://www.zomato.com/amravati/goli-vada-pav-no-1-arjun-nagar/info|1|Quick Bites|10am to 11pm(Mon-Sun)|Good|3.9|11
Cafe Eatalious|200|Pizza,Sandwich,Burger,Rolls,Chinese,Beverages|Amravati|Sai Nagar|https://www.zomato.com/amravati/cafe-eatalious-sai-nagar/info|1|none|10am to 11pm(Mon-Sun)|Very Good|4.1|14
Mamaji Restaurant|200|North Indian|Amravati|Maltekedi|https://www.zomato.com/amravati/mamaji-restaurant-maltekedi/info|1|Casual Dining|11am to 11pm(Mon-Sun)|Average|3.1|11
Foodbux Cafe|200|Pizza,Burger,Sandwich|Amravati|Maltekedi|https://www.zomato.com/amravati/foodbux-cafe-maltekedi/info|1|Café|11am to 11pm(Mon-Sun)|Very Good|4.0|8
Moti Mahal Delux|200|Fast Food,North Indian,Pizza,Sandwich,South Indian|Amravati|Dastur Nagar|https://www.zomato.com/amravati/moti-mahal-delux-dastur-nagar/info|1|Casual Dining|11am to 11pm(Mon-Sun)|Not rated|-|-
Taste Of South|500|North Indian,South Indian|Amravati|Maltekedi|https://www.zomato.com/amravati/taste-of-south-maltekedi/info|1|Casual Dining|8am to 11pm(Mon-Sun)|Good|3.5|10
Heritage Kitchen Restaurant & Celebration Hall|300|North Indian|Amravati|Navsaari|https://www.zomato.com/amravati/heritage-kitchen-restaurant-celebration-hall-navsaari/info|1|Casual Dining|11am to 11pm(Mon-Sun)|Average|3.4|9
Dinshaw's (S.S Associates)|150|Ice Cream|Amravati|Siddhivinayak Nagar|https://www.zomato.com/amravati/dinshaws-s-s-associates-siddhivinayak-nagar/info|10|Casual Dining|11am to 11pm(Mon-Sun)||NEW|NEW
Lala Chickenwala|300|North Indian|Amravati|Arjun Nagar|https://www.zomato.com/amravati/lala-chickenwala-arjun-nagar/info|10|Casual Dining|11am to 11pm(Mon-Sun)||NEW|NEW
Golden Bakery|400|Bakery,Desserts|Amravati|Sai Nagar|https://www.zomato.com/amravati/golden-bakery-sai-nagar/info|10|Bakery|11am to 11pm(Mon-Sat),11am to 4pm(Sun)||NEW|NEW
Hotel Grace Inn|300|South Indian,North Indian,Maharashtrian,Indian|Amravati|Ambapeth|https://www.zomato.com/amravati/hotel-grace-inn-ambapeth/info|10|Fine Dining|11am to 1030pm(Mon-Sun)|Not rated|-|-
Kailash Resort Wine Bar And Restaurant|400|North Indian|Amravati|Gopal Nagar|https://www.zomato.com/amravati/kailash-resort-wine-bar-and-restaurant-gopal-nagar/info|10|Casual Dining|11am to 11pm(Mon-Sun)|Not rated|-|-
Hotel Namaskar|200|North Indian,Maharashtrian,Indian,Biryani|Amravati|Dastur Nagar|https://www.zomato.com/amravati/hotel-namaskar-dastur-nagar/info|10|Casual Dining|6pm to 11pm(Mon-Sun)||NEW|NEW
Pandithji Banarasi Pan Shop|50|Paan|Amravati|Maltekedi|https://www.zomato.com/amravati/pandithji-banarasi-pan-shop-maltekedi/info|10|Casual Dining|11am to 11pm(Mon-Sun)|Not rated|-|-
Sarwandy Chat Corner|100|Street Food|Amravati|Sai Nagar|https://www.zomato.com/amravati/sarwandy-chat-corner-sai-nagar/info|10|Kiosk|4pm to 11pm(Mon-Sun)|Not rated|-|-
Spring Cafe|400|Cafe,Beverages|Amravati|Maltekedi|https://www.zomato.com/amravati/spring-cafe-maltekedi/info|10|Café|11am to 1030pm(Mon-Sun)|Not rated|-|-
Balaji Chinese and Pavbhaji|100|Fast Food,Chinese|Amravati|Navsaari|https://www.zomato.com/amravati/balaji-chinese-and-pavbhaji-navsaari/info|10|Café|1pm to 11pm(Mon-Sun)|Not rated|-|-
Mathura family Restaurant|200|Indian|Amravati|Maltekedi|https://www.zomato.com/amravati/mathura-family-restaurant-maltekedi/info|10|Casual Dining|930am to 11pm(Mon-Sun)|Not rated|-|-
Hotel adarsh Desi vilayti veg|300|Indian,Modern Indian,North Indian|Amravati|Nai Basti|https://www.zomato.com/amravati/hotel-adarsh-desi-vilayti-veg-nai-basti/info|10|Casual Dining|11am to 11pm(Mon-Sun)||NEW|NEW
Hotel Dreamland Restaurant & Bar|700|North Indian,Chinese,Beverages|Amravati|Ambapeth|https://www.zomato.com/amravati/hotel-dreamland-restaurant-bar-ambapeth/info|10|Casual Dining|11am to 12midnight(Mon-Sun)|Not rated|-|-
Jashn Restaurant|300|North Indian,Maharashtrian|Amravati|Maltekedi|https://www.zomato.com/amravati/jashn-restaurant-maltekedi/info|10|Casual Dining|11am to 1030pm(Mon-Sun)|Not rated|-|-
Rajwada Restaurant|500|North Indian|Amravati|Ambapeth|https://www.zomato.com/amravati/rajwada-restaurant-ambapeth/info|10|Casual Dining|11am to 11pm(Mon-Sun)|Not rated|-|-
Mumbai chat center|100|Fast Food|Amravati|Sai Nagar|https://www.zomato.com/amravati/mumbai-chat-center-sai-nagar/info|11|Casual Dining|1pm to 11pm(Mon-Sun)|Not rated|-|-
KASBAAH Pure Veg|300|Modern Indian|Amravati|Yogiraj Nagar|https://www.zomato.com/amravati/kasbaah-pure-veg-yogiraj-nagar/info|11|Casual Dining|11am to 11pm(Mon-Sun)|Not rated|-|-
Little Heart's Cafe|200|Modern Indian,Pizza,Sandwich,Street Food|Amravati|Sai Nagar|https://www.zomato.com/amravati/little-hearts-cafe-sai-nagar/info|11|Café|11am to 11pm(Mon-Sun)|Not rated|-|-
Jamna's sandwich and coffee shop|200|Fast Food,Cafe|Amravati|Sai Nagar|https://www.zomato.com/amravati/jamnas-sandwich-and-coffee-shop-sai-nagar/info|11|Café|11am to 1030pm(Mon-Sun)|Not rated|-|-
Hotel Union house|200|Indian,Juices,Modern Indian,Sandwich|Amravati|Maltekedi|https://www.zomato.com/amravati/hotel-union-house-maltekedi/info|11|Casual Dining|11am to 11pm(Mon-Sun)|Not rated|-|-
Rasoi restaurant|300|North Indian,Maharashtrian,Indian,Chinese|Amravati|Maltekedi|https://www.zomato.com/amravati/rasoi-restaurant-maltekedi/info|11|Bar|11am to 1030pm(Mon-Sun)|Not rated|-|-
Hotel Mohini family garden restaurant|300|North Indian,Modern Indian,Continental|Amravati|Sai Nagar|https://www.zomato.com/amravati/hotel-mohini-family-garden-restaurant-1-sai-nagar/info|11|Casual Dining|11am to 11pm(Mon-Sun)|Not rated|-|-
Hotel Elements|450|South Indian,North Indian,Maharashtrian,Chinese|Amravati|Maltekedi|https://www.zomato.com/amravati/hotel-elements-maltekedi/info|11|Fine Dining|11am to 11pm(Mon-Sun)|Not rated|-|-
Hotel Neelam|300|Modern Indian,North Indian|Amravati|Ambapeth|https://www.zomato.com/amravati/hotel-neelam-ambapeth/info|11|Casual Dining|11am to 11pm(Mon-Sun)|Not rated|-|-
Mama tea house|100|Indian|Amravati|Ambapeth|https://www.zomato.com/amravati/mama-tea-house-ambapeth/info|11|Café|11am to 11pm(Mon-Sun)||NEW|NEW
Jugal Foods|150|Bakery|Amravati|Dastur Nagar|https://www.zomato.com/amravati/jugal-foods-dastur-nagar/info|11|Bakery|12noon to 1030pm(Mon-Sun)||NEW|NEW
Ramji Mithaiya|200|Mithai|Amravati|Ambapeth|https://www.zomato.com/amravati/ramji-mithaiya-ambapeth/info|11|Sweet Shop|10am to 11pm(Mon-Sun)|Not rated|-|-
Raj Restaurant|400|North Indian|Amravati|Ambapeth|https://www.zomato.com/amravati/raj-restaurant-ambapeth/info|11|Casual Dining|8am to 11pm(Mon-Sun)|Not rated|-|-
Social square|300|Modern Indian,North Indian,Sandwich|Amravati|Sai Nagar|https://www.zomato.com/amravati/social-square-sai-nagar/info|11|Café|11am to 11pm(Mon-Sun)||NEW|NEW
CHICK BLAST|250|North Indian|Amravati|Hazrat Bilal Nagar|https://www.zomato.com/amravati/chick-blast-hazrat-bilal-nagar/info|11|Quick Bites|11am to 11pm(Mon-Sun)|Not rated|-|-
Manbhari food Mart|200|Sandwich,Bakery|Amravati|Sharda Vihar|https://www.zomato.com/amravati/manbhari-food-mart-sharda-vihar/info|12|Bakery|10am to 1030pm(Mon-Sun)|Not rated|-|-
Manoj Family Restaurant|200|South Indian,North Indian,Maharashtrian,Chinese|Amravati|Maltekedi|https://www.zomato.com/amravati/manoj-family-restaurant-maltekedi/info|12|Casual Dining|11am to 1030pm(Mon-Sun)|Not rated|-|-
The Eatsome Fast Food|200|North Indian|Amravati|Maltekedi|https://www.zomato.com/amravati/the-eatsome-fast-food-maltekedi/info|12|Casual Dining|11am to 11pm(Mon-Sun)|Not rated|-|-
Shri Kushal Point|200|Fast Food,South Indian|Amravati|Sharda Vihar|https://www.zomato.com/amravati/shri-kushal-point-sharda-vihar/info|12|Quick Bites|5pm to 11pm(Mon-Sun)|Not rated|-|-
Suryoday bhojnalay|200|Indian,North Indian|Amravati|Ambapeth|https://www.zomato.com/amravati/suryoday-bhojnalay-ambapeth/info|12|Casual Dining|11am to 11pm(Mon-Sun)|Not rated|-|-
Cafe Cream (Pote college road)|200|Sandwich,Pizza,Italian,Ice Cream,Fast Food,Coffee,Cafe,Beverages|Amravati|Navsaari|https://www.zomato.com/amravati/cafe-cream-pote-college-road-navsaari/info|12|Café|11am to 1030pm(Mon-Sun)||NEW|NEW
Shiv Sweet's and Cakes|200|Bakery|Amravati|Dastur Nagar|https://www.zomato.com/amravati/shiv-sweets-and-cakes-dastur-nagar/info|12|Bakery|11am to 1030pm(Mon-Sun)|Not rated|-|-
Suruchi Restaurant|300|Indian,North Indian|Amravati|Hazrat Bilal Nagar|https://www.zomato.com/amravati/suruchi-restaurant-hazrat-bilal-nagar/info|12|Casual Dining|11am to 11pm(Mon-Sun)||NEW|NEW
Krown Bakers|300|Bakery|Amravati|Maltekedi|https://www.zomato.com/amravati/krown-bakers-maltekedi/info|12|Bakery|11am to 1030pm(Mon-Sun)|Not rated|-|-
Rimjhim Dhaba|200|Indian,Maharashtrian,Modern Indian,North Indian|Amravati|Gopal Nagar|https://www.zomato.com/amravati/rimjhim-dhaba-gopal-nagar/info|12|Casual Dining|11am to 11pm(Mon-Sun)|Not rated|-|-
B R BHOJANALAYA|200|Maharashtrian,Indian|Amravati|Dastur Nagar|https://www.zomato.com/amravati/b-r-bhojanalaya-dastur-nagar/info|12|Casual Dining|5pm to 1030pm(Mon-Sun)|Not rated|-|-
Mathuravasi Dosa Centre|300|South Indian|Amravati|Maltekedi|https://www.zomato.com/amravati/mathuravasi-dosa-centre-maltekedi/info|12|Casual Dining|12noon to 1030pm(Mon-Sun)|Not rated|-|-
Sai Prasad Tandoori Chai|200|North Indian|Amravati|Sai Nagar|https://www.zomato.com/amravati/sai-prasad-tandoori-chai-sai-nagar/info|12|Quick Bites|6pm to 11pm(Mon-Sun)|Not rated|-|-
Manbhari food Mart, shegaon naka|200|Fast Food,Healthy Food,Indian,Modern Indian|Amravati|Navsaari|https://www.zomato.com/amravati/manbhari-food-mart-shegaon-naka-navsaari/info|12|Casual Dining|11am to 11pm(Mon-Sun)|Not rated|-|-
Meher's cafe Irani|100|Cafe,Fast Food|Amravati|Maltekedi|https://www.zomato.com/amravati/mehers-cafe-irani-maltekedi/info|12|Café|11am to 11pm(Mon-Sun)|Not rated|-|-
Sher E Punjab restaurant|300|Indian,Modern Indian,North Indian|Amravati|Ambapeth|https://www.zomato.com/amravati/sher-e-punjab-restaurant-ambapeth/info|13|Casual Dining|11am to 11pm(Mon-Sun)|Not rated|-|-
Delicious Taverna|600|North Indian|Amravati|Yogiraj Nagar|https://www.zomato.com/amravati/delicious-taverna-yogiraj-nagar/info|13|Casual Dining|11am to 11pm(Mon-Sun)|Not rated|-|-
Raai Jeera Veg & Desi Restaurant|250|North Indian|Amravati|Ambapeth|https://www.zomato.com/amravati/raai-jeera-veg-desi-restaurant-ambapeth/info|2|Casual Dining|11am to 11pm(Mon-Sun)|Good|3.6|6
Santosh Bhuwan|100|North Indian|Amravati|Maltekedi|https://www.zomato.com/amravati/santosh-bhuwan-maltekedi/info|2|Quick Bites|8am to 11pm(Mon-Sun)|Good|3.6|5
Kanhaiya Kunj|200|Indian|Amravati|Sai Nagar|https://www.zomato.com/amravati/kanhaiya-kunj-sai-nagar/info|2|none|10am to 11pm(Mon-Sun)|Very Good|4.1|6
manmohan family restaurant|200|South Indian,North Indian,Maharashtrian,Indian,Fast Food,Chinese|Amravati|Maltekedi|https://www.zomato.com/amravati/manmohan-family-restaurant-maltekedi/info|2|Fine Dining|11am to 1030pm(Mon-Sun)|Average|3.1|9
Chaat Bazaar|300|Burger,Chinese,Fast Food,Healthy Food,Ice Cream,North Indian,Sandwich,South Indian|Amravati|Maltekedi|https://www.zomato.com/amravati/chaat-bazaar-maltekedi/info|2|Dessert Parlor|1230pm to 11pm(Mon-Sun)|Good|3.9|6
Goli Vada Pav No-1|200|Sandwich,Fast Food,Maharashtrian|Amravati|Sharda Vihar|https://www.zomato.com/amravati/goli-vada-pav-no-1-sharda-vihar/info|2|Quick Bites|10am to 11pm(Mon-Sun)|Good|3.8|9
Marasim Restaurant|300|Biryani,Seafood,Malwani|Amravati|Hazrat Bilal Nagar|https://www.zomato.com/amravati/marasim-restaurant-hazrat-bilal-nagar/info|2|Quick Bites|11am to 11pm(Mon-Sun)|Good|3.9|8
Sahuji Ka Dhaba|200|North Indian|Amravati|Ambapeth|https://www.zomato.com/amravati/sahuji-ka-dhaba-ambapeth/info|2|Casual Dining|1130am to 10pm(Mon-Sun)|Very Good|4.0|10
Hotel Abdullah|200|Biryani,North Indian,Seafood,Chinese|Amravati|Ambapeth|https://www.zomato.com/amravati/hotel-abdullah-ambapeth/info|2|Casual Dining|930am to 630pm(Mon-Sat),Closed(Sun)|Excellent|4.7|10
Spru's Pizza Cafe|200|Pizza,Sandwich,Burger|Amravati|Sai Nagar|https://www.zomato.com/amravati/sprus-pizza-cafe-sai-nagar/info|2|none|2pm to 11pm(Mon-Sun)|Good|3.7|7
New Kolkata Rolls|100|Rolls|Amravati|Navsaari|https://www.zomato.com/amravati/new-kolkata-rolls-navsaari/info|2|Food Court|12noon to 1030pm(Mon-Sun)|Good|3.9|5
D' Barbeque a Unit of Warhadi Thath|200|North Indian|Amravati|Ambapeth|https://www.zomato.com/amravati/d-barbeque-a-unit-of-warhadi-thath-ambapeth/info|2|Quick Bites|12noon to 11pm(Mon-Sun)|Good|3.8|5
SAI Chinese & Fast Food|150|Chinese,Fast Food|Amravati|Hazrat Bilal Nagar|https://www.zomato.com/amravati/sai-chinese-fast-food-hazrat-bilal-nagar/info|2|Quick Bites|(Mon-Sun)|Good|3.9|7
Kazim's Pizza & Tandoor|200|North Indian|Amravati|Transport Nagar|https://www.zomato.com/amravati/kazims-pizza-tandoor-transport-nagar/info|2|Quick Bites|6pm to 11pm(Mon-Sun)|Good|3.8|8
Purnabhramha|400|North Indian,Maharashtrian|Amravati|Ambapeth|https://www.zomato.com/amravati/purnabhramha-ambapeth/info|2|Quick Bites|(Mon-Sun)|Good|3.6|6
BARBEQUE - N|300|North Indian,Maharashtrian,Indian|Amravati|Maltekedi|https://www.zomato.com/amravati/barbeque-n-maltekedi/info|3|Fine Dining|11am to 11pm(Mon-Sun)|Good|3.5|4
Sandwich center|200|Modern Indian,Sandwich|Amravati|Maltekedi|https://www.zomato.com/amravati/sandwich-center-maltekedi/info|3|Café|11am to 11pm(Mon-Sun)|Not rated|-|-
Spice Kitchen|200|North Indian|Amravati|Maltekedi|https://www.zomato.com/amravati/spice-kitchen-maltekedi/info|3|Casual Dining|11am to 11pm(Mon-Sun)|Average|3.2|5
New Sanman|250|North Indian|Amravati|Ambapeth|https://www.zomato.com/amravati/new-sanman-ambapeth/info|3|Casual Dining|11am to 1030pm(Mon-Sun)|Not rated|-|-
Delhi Paratha House|200|North Indian|Amravati|Sharda Vihar|https://www.zomato.com/amravati/delhi-paratha-house-sharda-vihar/info|3|Quick Bites|(Mon-Sun)|Good|3.6|4
Shivshakti Icecream and Juice|100|Juices,Ice Cream|Amravati|Ambapeth|https://www.zomato.com/amravati/shivshakti-icecream-and-juice-ambapeth/info|3|Beverage Shop|(Mon-Sun)|Good|3.5|4
Food On Call Restaurant and Home Delivery|200|South Indian,North Indian,Indian,Fast Food,Chinese|Amravati|Sharda Vihar|https://www.zomato.com/amravati/food-on-call-restaurant-and-home-delivery-sharda-vihar/info|3|Casual Dining|11am to 1030pm(Mon-Sun)|Not rated|-|-
The Mini Punjab|500|Indian,Maharashtrian|Amravati|Maltekedi|https://www.zomato.com/amravati/the-mini-punjab-maltekedi/info|3|Casual Dining|11am to 11pm(Mon-Sun)|Good|3.5|4
uncle pan center|150|Indian|Amravati|Ambapeth|https://www.zomato.com/amravati/uncle-pan-center-ambapeth/info|3|Quick Bites|11am to 11pm(Mon-Sun)||NEW|NEW
Chaat Trail|150|Maharashtrian,Street Food|Amravati|Sai Nagar|https://www.zomato.com/amravati/chaat-trail-sai-nagar/info|3|Casual Dining|11am to 11pm(Mon-Sun)|Not rated|-|-
Beyond Temptation|200|Fast Food,Beverages|Amravati|Ambapeth|https://www.zomato.com/amravati/beyond-temptation-ambapeth/info|3|Quick Bites|(Mon-Sun)|Not rated|-|-
Devmata Refreshment|100|Indian,Fast Food|Amravati|Siddhivinayak Nagar|https://www.zomato.com/amravati/devmata-refreshment-siddhivinayak-nagar/info|3|Casual Dining|11am to 730pm(Mon-Sun)||NEW|NEW
Anil Sawaji Restaurant|200|North Indian|Amravati|Ambapeth|https://www.zomato.com/amravati/anil-sawaji-restaurant-ambapeth/info|3|Quick Bites|(Mon-Sun)|Not rated|-|-
New Kanhaiya Pure Veg Family Restaurant|150|North Indian|Amravati|Ambapeth|https://www.zomato.com/amravati/new-kanhaiya-pure-veg-family-restaurant-ambapeth/info|3|none|12noon to 11pm(Mon-Sun)|Not rated|-|-
Nescafe|300|Bakery,Cafe,Chinese,Coffee,Fast Food,Healthy Food,Indian,Pizza|Amravati|Maltekedi|https://www.zomato.com/amravati/nescafe-maltekedi/info|3|Café|6am to 9pm,11pm to 1130pm,10pm to 1030pm...|Average|3.4|5
Sukh Sagar Fast Food And Restaurant|300|North Indian|Amravati|Ambapeth|https://www.zomato.com/amravati/sukh-sagar-fast-food-and-restaurant-ambapeth/info|4|Casual Dining|930am to 10pm(Mon-Sun)|Average|3.0|4
Goodday's Cakes & Cookies|200|Cafe,Bakery|Amravati|Ambapeth|https://www.zomato.com/amravati/gooddays-cakes-cookies-ambapeth/info|4|Bakery|1030am to 9pm(Mon-Sun)|Not rated|-|-
Manbhari Food Mart|200|Bakery,Sandwich|Amravati|Navsaari|https://www.zomato.com/amravati/manbhari-food-mart-navsaari/info|4|Bakery|11am to 10pm(Mon-Sun)|Not rated|-|-
Gurumauli melting point|250|South Indian,Maharashtrian,Indian,Fast Food,Chinese|Amravati|Maltekedi|https://www.zomato.com/amravati/gurumauli-melting-point-maltekedi/info|4|Food Court|11am to 10pm(Mon-Sun)|Not rated|-|-
Cake and Bake|300|Bakery|Amravati|Ambapeth|https://www.zomato.com/amravati/cake-and-bake-ambapeth/info|4|Bakery|11am to 930pm(Mon-Sun)|Not rated|-|-
Panino The Sandwich World|200|Burger,Fast Food,Cafe,Sandwich|Amravati|Ambapeth|https://www.zomato.com/amravati/panino-the-sandwich-world-ambapeth/info|4|Casual Dining|12noon to 11pm(Mon-Sun)|Good|3.7|4
The Chocolate heaven|250|Bakery,Burger,Cafe,Coffee,Indian,Pizza,Sandwich|Amravati|Maltekedi|https://www.zomato.com/amravati/the-chocolate-heaven-maltekedi/info|4|Bakery|9am to 9pm(Mon-Sun)|Not rated|-|-
FORNO Cafe and lounge|200|Burger,Fast Food,Juices,Pizza,Sandwich|Amravati|Maltekedi|https://www.zomato.com/amravati/forno-cafe-and-lounge-maltekedi/info|4|Bakery|11am to 1030pm(Mon-Sun)|Not rated|-|-
Sai Home Foods|300|North Indian,Maharashtrian|Amravati|Sai Nagar|https://www.zomato.com/amravati/sai-home-foods-sai-nagar/info|4|none|11am to 930pm(Mon-Sun)|Not rated|-|-
Cafe Cream|200|Cafe,Coffee,Fast Food,Juices,Momos,Pizza,Sandwich,Tea|Amravati|Maltekedi|https://www.zomato.com/amravati/cafe-cream-1-maltekedi/info|4|Café|11am to 11pm(Mon-Sun)|Not rated|-|-
Food Inn's Sandwich and Coffee Bar|200|Fast Food|Amravati|Hazrat Bilal Nagar|https://www.zomato.com/amravati/food-inns-sandwich-and-coffee-bar-hazrat-bilal-nagar/info|4|Quick Bites|10am to 9pm(Mon-Sun)|Not rated|-|-
Hotel hindustan international|400|North Indian,Maharashtrian,Indian,Chinese|Amravati|Maltekedi|https://www.zomato.com/amravati/hotel-hindustan-international-maltekedi/info|4|Bar|11am to 11pm(Mon-Sun)|Not rated|-|-
Bonjour Cafe & Lounge|200|North Indian|Amravati|Nai Basti|https://www.zomato.com/amravati/bonjour-cafe-lounge-nai-basti/info|4|Casual Dining|10am to 10pm(Mon-Sun)|Not rated|-|-
Varhadi Misal|200|Maharashtrian|Amravati|Sai Nagar|https://www.zomato.com/amravati/varhadi-misal-sai-nagar/info|4|Casual Dining|11am to 930pm(Mon-Sun)|Not rated|-|-
Dinshaw's cups And Cone|150|Ice Cream|Amravati|Sai Nagar|https://www.zomato.com/amravati/dinshaws-cups-and-cone-sai-nagar/info|4|Casual Dining|1230pm to 10pm(Mon-Sun)||NEW|NEW
Khamaz The House Of Biryani|300|Biryani,Roast Chicken|Amravati|Maltekedi|https://www.zomato.com/amravati/khamaz-the-house-of-biryani-maltekedi/info|5|Casual Dining|6pm to 11pm(Mon-Sun)|Good|3.8|4
Omi's corner|100|Fast Food|Amravati|Navsaari|https://www.zomato.com/amravati/omis-corner-navsaari/info|5|Casual Dining|12noon to 9pm(Mon-Sun)|Not rated|-|-
Food Inn's Sandwich And Coffee Bar|200|Burger,Coffee,Juices,Pizza,Sandwich,Tea|Amravati|Gopal Nagar|https://www.zomato.com/amravati/food-inns-sandwich-and-coffee-bar-gopal-nagar/info|5|Café|11am to 10pm(Mon-Sun)|Not rated|-|-
Manbhari Food Mart|200|Sandwich,Bakery|Amravati|Ambapeth|https://www.zomato.com/amravati/manbhari-food-mart-ambapeth/info|5|Bakery|1130am to 830pm(Mon-Sun)|Not rated|-|-
Vrindavan Mithaiya|200|Mithai|Amravati|Ambapeth|https://www.zomato.com/amravati/vrindavan-mithaiya-ambapeth/info|5|Sweet Shop|10am to 10pm(Mon-Sun)|Not rated|-|-
Joshis Kitchen|200|Fast Food|Amravati|Sharda Vihar|https://www.zomato.com/amravati/joshis-kitchen-sharda-vihar/info|5|Quick Bites|7am to 10pm(Mon-Sun)|Not rated|-|-
Hotel Rangoli Pearl ( Ginger Multi Cuisine Restaurant)|500|South Indian,North Indian,Maharashtrian,Italian|Amravati|Maltekedi|https://www.zomato.com/amravati/hotel-rangoli-pearl-ginger-multi-cuisine-restaurant-maltekedi/info|5|Fine Dining|11am to 11pm(Mon-Sun)|Not rated|-|-
Krishna chinese|100|Chinese|Amravati|Navsaari|https://www.zomato.com/amravati/krishna-chinese-navsaari/info|5|Casual Dining|4pm to 10pm(Mon-Sun)||NEW|NEW
Coffee Cafe Melody|200|Modern Indian,Pizza,Sandwich|Amravati|Arjun Nagar|https://www.zomato.com/amravati/coffee-cafe-melody-arjun-nagar/info|5|Café|11am to 945pm(Mon-Sun)|Not rated|-|-
Kaushalya Sweets And Namkeen|100|Fast Food,Indian,Mithai|Amravati|Sai Nagar|https://www.zomato.com/amravati/kaushalya-sweets-and-namkeen-sai-nagar/info|5|Casual Dining|11am to 930pm(Mon-Sun)||NEW|NEW
forno cafe|200|Bakery,Burger,Cafe,Coffee|Amravati|Hazrat Bilal Nagar|https://www.zomato.com/amravati/forno-cafe-hazrat-bilal-nagar/info|5|Bakery|(Mon-Sun)|Not rated|-|-
Roll-in Baker's|300|Bakery|Amravati|Sai Nagar|https://www.zomato.com/amravati/roll-in-bakers-sai-nagar/info|5|Bakery|11am to 10pm(Mon-Sun)|Not rated|-|-
RAMJI MITHAIYA AND NAMKEEN|300|Indian|Amravati|Maltekedi|https://www.zomato.com/amravati/ramji-mithaiya-and-namkeen-maltekedi/info|5|Sweet Shop|11am to 10pm(Mon-Sun)|Not rated|-|-
Vedika Purnbramha (Gavrani Jevan)|150|Maharashtrian|Amravati|Navsaari|https://www.zomato.com/amravati/vedika-purnbramha-gavrani-jevan-navsaari/info|5|Casual Dining|11am to 10pm(Mon-Sun)|Not rated|-|-
Gurukrupa Coffee House|100|Chinese,Fast Food,South Indian|Amravati|Maltekedi|https://www.zomato.com/amravati/gurukrupa-coffee-house-maltekedi/info|5|Casual Dining|11am to 830pm(Mon-Sun)|Not rated|-|-
P M fast food|150|South Indian,Maharashtrian,Indian,Fast Food,Chinese|Amravati|Gopal Nagar|https://www.zomato.com/amravati/p-m-fast-food-gopal-nagar/info|6|Fine Dining|11am to 9pm(Mon-Sun)||NEW|NEW
Annapurna Bhojanalya|150|North Indian|Amravati|Maltekedi|https://www.zomato.com/amravati/annapurna-bhojanalya-maltekedi/info|6|Bhojanalya|11am to 930pm(Mon-Sun)|Not rated|-|-
Hotel Iccha|500|North Indian|Amravati|Sharda Vihar|https://www.zomato.com/amravati/hotel-iccha-sharda-vihar/info|6|Casual Dining|10am to 11pm(Mon-Sun)|Good|3.6|5
Heart Beat Ice Cream Parlour|300|Ice Cream,Desserts|Amravati|Maltekedi|https://www.zomato.com/amravati/heart-beat-ice-cream-parlour-1-maltekedi/info|6|Dessert Parlor|7am to 11am(Mon-Fri),(Sat-Sun)||NEW|NEW
2 Brother's Restaurant And Mess|150|North Indian,South Indian|Amravati|Dastur Nagar|https://www.zomato.com/amravati/2-brothers-restaurant-and-mess-dastur-nagar/info|6|Mess|12noon to 10pm(Mon-Sun)||NEW|NEW
Hotel Sai Santosh|300|Maharashtrian,Chinese|Amravati|Navsaari|https://www.zomato.com/amravati/hotel-sai-santosh-navsaari/info|6|Quick Bites|11am to 1pm(Mon-Sun)||NEW|NEW
Humara Biryani Shop|0|Biryani|Amravati|Maltekedi|https://www.zomato.com/amravati/humara-biryani-shop-maltekedi/info|6|none|10am to 9pm(Mon-Sun)||NEW|NEW
Hotel Vandu International|300|North Indian|Amravati|Sai Nagar|https://www.zomato.com/amravati/hotel-vandu-international-sai-nagar/info|6|Quick Bites|11am to 11pm(Mon-Sun)||NEW|NEW
Biryani House|200|Biryani|Amravati|Navsaari|https://www.zomato.com/amravati/biryani-house-navsaari/info|6|Casual Dining|4pm to 11pm(Mon-Sun)|Average|3.2|4
Meet N Melt Pure Veg Restro Cafe|200|Chinese,North Indian,Italian|Amravati|Dastur Nagar|https://www.zomato.com/amravati/meet-n-melt-pure-veg-restro-cafe-dastur-nagar/info|6|Casual Dining|11am to 11pm(Mon-Sun)|Not rated|-|-
Mohini's Food Square|250|North Indian,Chinese|Amravati|Navsaari|https://www.zomato.com/amravati/mohinis-food-square-navsaari/info|6|Casual Dining|12noon to 11pm(Mon-Sun)|Good|3.5|4
Hotel R K Emperial|300|Indian,Modern Indian,North Indian,South Indian|Amravati|Ambapeth|https://www.zomato.com/amravati/hotel-r-k-emperial-ambapeth/info|6|Casual Dining|11am to 11pm(Mon-Sun)|Not rated|-|-
Domino's Pizza|300|Pizza,Fast Food|Amravati|Nai Basti|https://www.zomato.com/amravati/dominos-pizza-nai-basti/info|6|Quick Bites|11am to 11pm(Mon-Sun)|Not rated|-|-
Hotel Mezbaan|200|North Indian,Maharashtrian,Indian,Chinese|Amravati|Maltekedi|https://www.zomato.com/amravati/hotel-mezbaan-maltekedi/info|6|Fine Dining|4pm to 11pm(Mon-Sun)|Average|3.1|4
sheesha restaurant|300|North Indian,Maharashtrian,Indian|Amravati|Maltekedi|https://www.zomato.com/amravati/sheesha-restaurant-maltekedi/info|6|Bar|11am to 1030pm(Mon-Sun)|Not rated|-|-
Mauli Restaurant|600|North Indian,Chinese|Amravati|Dastur Nagar|https://www.zomato.com/amravati/mauli-restaurant-dastur-nagar/info|7|Casual Dining|11am to 1030pm(Mon),11am to 11pm(Tue-Sun)|Average|3.4|4
Thancos Natural Ice-Cream|200|Ice Cream|Amravati|Maltekedi|https://www.zomato.com/amravati/thancos-natural-ice-cream-maltekedi/info|7|Dessert Parlor|11am to 11pm(Mon-Sun)|Not rated|-|-
Purple Wok Co|250|Chinese,Juices,Momos|Amravati|Maltekedi|https://www.zomato.com/amravati/purple-wok-co-maltekedi/info|7|Casual Dining|11am to 11pm(Mon-Sun)|Average|3.4|4
Baskin Robbins Ice Cream|200|Ice Cream|Amravati|Maltekedi|https://www.zomato.com/amravati/baskin-robbins-ice-cream-maltekedi/info|7|Café|11am to 1030pm(Mon-Sun)|Not rated|-|-
laziz pizza|200|Fast Food,Pizza,Sandwich,Street Food|Amravati|Maltekedi|https://www.zomato.com/amravati/laziz-pizza-maltekedi/info|7|Café|11am to 11pm(Mon-Sun)|Not rated|-|-
Chalk Story Veg Restaurant|200|Fast Food,Maharashtrian,Modern Indian,Sandwich|Amravati|Nai Basti|https://www.zomato.com/amravati/chalk-story-veg-restaurant-nai-basti/info|7|Café|11am to 11pm(Mon-Sun)|Not rated|-|-
Coffee Cave|200|Cafe,Fast Food,Modern Indian,Sandwich|Amravati|Guruchhaya Colony|https://www.zomato.com/amravati/coffee-cave-guruchhaya-colony/info|7|Café|11am to 11pm(Mon-Sun)|Not rated|-|-
Gouri In - Royal Regal Pure Veg Restaurant|300|Chinese,North Indian,South Indian|Amravati|Arjun Nagar|https://www.zomato.com/amravati/gouri-in-royal-regal-pure-veg-restaurant-arjun-nagar/info|7|Casual Dining|11am to 11pm(Mon-Sun)|Not rated|-|-
Hot N Spicy Chinese|150|Fast Food,Chinese|Amravati|Maltekedi|https://www.zomato.com/amravati/hot-n-spicy-chinese-maltekedi/info|7|Casual Dining|11am to 1030pm(Mon-Sun)|Not rated|-|-
The VJ Cafe & Dr.Bubbles|300|Sandwich,Burger,Beverages|Amravati|Ambapeth|https://www.zomato.com/amravati/the-vj-cafe-dr-bubbles-ambapeth/info|7|Café|11am to 11pm(Mon-Sun)|Not rated|-|-
Jalsa Restaurant|300|Maharashtrian,North Indian|Amravati|Arjun Nagar|https://www.zomato.com/amravati/jalsa-restaurant-arjun-nagar/info|7|Casual Dining|11am to 11pm(Mon-Sun)||NEW|NEW
Biryani Bhai|300|North Indian,Maharashtrian,Indian,Biryani|Amravati|Ambapeth|https://www.zomato.com/amravati/biryani-bhai-ambapeth/info|7|Fine Dining|12noon to 11pm(Mon-Sun)|Not rated|-|-
Cafe Rio|200|Burger,Coffee,Fast Food,Healthy Food,Juices,Pizza,Sandwich,Street Food|Amravati|Sai Nagar|https://www.zomato.com/amravati/cafe-rio-sai-nagar/info|7|Café|11am to 11pm(Mon-Sun)|Not rated|-|-
Hotel Ichha Non- veg|300|Indian,Modern Indian|Amravati|Sai Nagar|https://www.zomato.com/amravati/hotel-ichha-non-veg-sai-nagar/info|7|Casual Dining|11am to 11pm(Mon-Sun)|Not rated|-|-
Friends Adda|500|North Indian|Amravati|Nai Basti|https://www.zomato.com/amravati/friends-adda-nai-basti/info|7|Casual Dining|11am to 11pm(Mon-Sun)|Not rated|-|-
Lords family restaurant|400|North Indian,Maharashtrian,Indian,Chinese|Amravati|Maltekedi|https://www.zomato.com/amravati/lords-family-restaurant-maltekedi/info|8|Bar|11am to 1030pm(Mon-Sun)|Not rated|-|-
Hotel Delhi Darbar Restaurant|500|North Indian|Amravati|Maltekedi|https://www.zomato.com/amravati/hotel-delhi-darbar-restaurant-maltekedi/info|8|Casual Dining|9am to 1130pm(Mon-Sun)|Not rated|-|-
Maratha Bhojnalya|150|Maharashtrian|Amravati|Maltekedi|https://www.zomato.com/amravati/maratha-bhojnalya-maltekedi/info|8|Bhojanalya|11am to 1030pm(Mon-Sun)|Not rated|-|-
Al Kareem Family Restaurants|300|North Indian,Maharashtrian,Biryani|Amravati|Ambapeth|https://www.zomato.com/amravati/al-kareem-family-restaurants-ambapeth/info|8|Casual Dining|12noon to 11pm(Mon-Sun)|Not rated|-|-
Manbhavan Premium Thali|300|Rajasthani,Gujarati|Amravati|Sai Nagar|https://www.zomato.com/amravati/manbhavan-premium-thali-sai-nagar/info|8|Casual Dining|11am to 11pm(Mon-Sun)||NEW|NEW
Chai Spot|200|Italian,Fast Food,Cafe|Amravati|Maltekedi|https://www.zomato.com/amravati/chai-spot-maltekedi/info|8|Café|11am to 1030pm(Mon-Sun)|Not rated|-|-
7 star Chinese center|150|Chinese|Amravati|Sai Nagar|https://www.zomato.com/amravati/7-star-chinese-center-sai-nagar/info|8|Casual Dining|5pm to 1030pm(Mon-Sun)|Not rated|-|-
Modern Choupati|300|North Indian,Chinese|Amravati|Sharda Vihar|https://www.zomato.com/amravati/modern-choupati-sharda-vihar/info|8|Quick Bites|2pm to 11pm(Mon-Sun)|Not rated|-|-
Coffee Day Square|200|Cafe,Sandwich,Fast Food,Modern Indian,Burger,Wraps,Coffee,Pizza|Amravati|Navsaari|https://www.zomato.com/amravati/coffee-day-square-navsaari/info|8|Café|11am to 11pm(Mon-Sun)||NEW|NEW
Gauri Inn - Madhushala Veg Non-Veg Restaurant|300|North Indian,Modern Indian|Amravati|Arjun Nagar|https://www.zomato.com/amravati/gauri-inn-madhushala-veg-non-veg-restaurant-arjun-nagar/info|8|Quick Bites|11am to 11pm(Mon-Sun)|Not rated|-|-
Hotel Raj Plaza|300|North Indian,Maharashtrian|Amravati|Maltekedi|https://www.zomato.com/amravati/hotel-raj-plaza-maltekedi/info|8|Bar|11am to 12midnight(Mon-Sun)|Not rated|-|-
Apna Gharonda|400|North Indian,Maharashtrian,Indian|Amravati|Dastur Nagar|https://www.zomato.com/amravati/apna-gharonda-dastur-nagar/info|8|Fine Dining|11am to 11pm(Mon-Sun)||NEW|NEW
Om cake shop|300|Bakery|Amravati|Maltekedi|https://www.zomato.com/amravati/om-cake-shop-maltekedi/info|8|Bakery|11am to 1030pm(Mon-Sun)|Not rated|-|-
Firangi Dhaba|300|Indian,North Indian|Amravati|Arjun Nagar|https://www.zomato.com/amravati/firangi-dhaba-arjun-nagar/info|8|Casual Dining|11am to 11pm(Mon-Sun)|Not rated|-|-
Nirali cafe|150|Cafe,Beverages|Amravati|Maltekedi|https://www.zomato.com/amravati/nirali-cafe-maltekedi/info|8|Café|11am to 1030pm(Mon-Sun)|Not rated|-|-
Nirali cafe|150|Cafe,Beverages|Amravati|Maltekedi|https://www.zomato.com/amravati/nirali-cafe-maltekedi/info|9|Café|11am to 1030pm(Mon-Sun)|Not rated|-|-
Bombay Chaat|200|Street Food|Amravati|Sai Nagar|https://www.zomato.com/amravati/bombay-chaat-sai-nagar/info|9|Quick Bites|4pm to 11pm(Mon-Sun)|Not rated|-|-
Natural Fresh Icecream|150|Desserts|Amravati|Arjun Nagar|https://www.zomato.com/amravati/natural-fresh-icecream-arjun-nagar/info|9|none|12noon to 12midnight(Mon-Sun)|Not rated|-|-
Chatak Matak Food|100|Cantonese,Chinese,Continental|Amravati|Sai Nagar|https://www.zomato.com/amravati/chatak-matak-food-sai-nagar/info|9|Fine Dining|4pm to 11pm(Mon-Sun)|Not rated|-|-
Cafe D'lite|200|Maharashtrian,Indian,Cafe,Beverages|Amravati|Navsaari|https://www.zomato.com/amravati/cafe-dlite-navsaari/info|9|Café|11am to 1030pm(Mon-Sun)|Not rated|-|-
Nana's yummy Treats|150|Pizza,Fast Food,Burger|Amravati|Dastur Nagar|https://www.zomato.com/amravati/nanas-yummy-treats-dastur-nagar/info|9|Casual Dining|11am to 11pm(Mon-Sun)||NEW|NEW
The Cake Avenue|300|Bakery|Amravati|Navsaari|https://www.zomato.com/amravati/the-cake-avenue-navsaari/info|9|Bakery|11am to 1030pm(Mon-Sun)|Not rated|-|-
Khamang ChopatiYASHIKA Chinese|200|Fast Food,Chinese|Amravati|Sai Nagar|https://www.zomato.com/amravati/khamang-chopatiyashika-chinese-sai-nagar/info|9|Quick Bites|430pm to 11pm(Mon-Sun)|Not rated|-|-
Kasbaah Cafe|200|Sandwich,Fast Food|Amravati|Yogiraj Nagar|https://www.zomato.com/amravati/kasbaah-cafe-yogiraj-nagar/info|9|Quick Bites|11am to 11pm(Mon-Sun)|Not rated|-|-
Desi Burger King|150|Burger,Beverages|Amravati|Ambapeth|https://www.zomato.com/amravati/desi-burger-king-ambapeth/info|9|Café|1pm to 1030pm(Mon-Sun)|Not rated|-|-
Brewers The Coffee Bar|200|Burger,Beverages,Cafe,Sandwich,Italian,Pizza,Chinese|Amravati|Gopal Nagar|https://www.zomato.com/amravati/brewers-the-coffee-bar-gopal-nagar/info|9|Casual Dining|9am to 11pm(Mon-Sun)|Not rated|-|-
Pizza street cafe|200|North Indian,Indian,Fast Food|Amravati|Maltekedi|https://www.zomato.com/amravati/pizza-street-cafe-maltekedi/info|9|Fine Dining|1230pm to 1030pm(Mon-Sun)|Not rated|-|-
Mathuravasi Cqhat Centre|100|Fast Food|Amravati|Maltekedi|https://www.zomato.com/amravati/mathuravasi-cqhat-centre-maltekedi/info|9|Quick Bites|12noon to 1030pm(Mon-Sun)|Not rated|-|-
Hotel Radhey Inn (Saffron Fine Dine)|400|North Indian,Maharashtrian|Amravati|Maltekedi|https://www.zomato.com/amravati/hotel-radhey-inn-saffron-fine-dine-maltekedi/info|9|Casual Dining|11am to 1030pm(Mon-Sun)|Not rated|-|-
Tik tok cafe and fast food|200|Italian,Fast Food|Amravati|Dastur Nagar|https://www.zomato.com/amravati/tik-tok-cafe-and-fast-food-dastur-nagar/info|9|Casual Dining|11am to 11pm(Mon-Sun)|Not rated|-|-
