NAME|PRICE|CUSINE_CATEGORY|CITY|REGION|URL|PAGE NO|CUSINE TYPE|TIMING|RATING_TYPE|RATING|VOTES
Blast|500|North Indian,Chinese|Cuttack|Siba Bazaar|https://www.zomato.com/cuttack/blast-siba-bazaar/info|1|Casual Dining|11am to 11pm(Mon-Sun)|Good|3.8|810
New Mughlai|500|North Indian,Chinese,Biryani,Rolls|Cuttack|Siba Bazaar|https://www.zomato.com/cuttack/new-mughlai-siba-bazaar/info|1|Quick Bites|11am to 115pm(Mon-Tue),11am to 116pm(Wed...|Good|3.7|687
Bawarchi Restaurant|400|North Indian,Chinese,Biryani|Cuttack|Siba Bazaar|https://www.zomato.com/cuttack/bawarchi-restaurant-siba-bazaar/info|1|Quick Bites|11am to 11pm(Mon-Sat),11am to 111pm(Sun)|Good|3.7|366
Sher E Punjab|400|North Indian,Chinese|Cuttack|Sutahat|https://www.zomato.com/cuttack/sher-e-punjab-sutahat/info|1|Casual Dining|12noon to 3pm,530pm to 12midnight(Mon-Sun)|Good|3.7|366
Faltu Restaurant|700|Chinese,Indian,North Indian|Cuttack|Mal Godown Market|https://www.zomato.com/cuttack/faltu-restaurant-1-mal-godown-market/info|1|Casual Dining|11am to 11pm(Mon,Wed,Thu,Fri,Sat,Sun),11am...|Good|3.6|277
The Cocktail|500|North Indian,Chinese,Continental|Cuttack|Police Colony|https://www.zomato.com/cuttack/the-cocktail-police-colony/info|1|Casual Dining|1130am to 11pm(Mon-Sun)|Good|3.9|252
Domino's Pizza|500|Pizza,Fast Food|Cuttack|Siba Bazaar|https://www.zomato.com/cuttack/dominos-pizza-siba-bazaar/info|1|Quick Bites|11am to 11pm(Mon-Sun)|Good|3.6|511
The Chocolate Room|600|Cafe,Desserts|Cuttack|Siba Bazaar|https://www.zomato.com/cuttack/the-chocolate-room-siba-bazaar/info|1|Café|11am to 1030pm(Mon,Wed,Thu,Fri,Sat,Sun)...|Good|3.6|182
DFC Dada's Biryani|400|Biryani,Chinese,North Indian|Cuttack|Buxi Bazaar|https://www.zomato.com/cuttack/dfc-dadas-biryani-buxi-bazaar/info|1|Casual Dining|Closed(Mon),1230pm to 1030pm(Tue-Sun)|Good|3.8|372
Hashim's|800|Biryani,Indian,Mughlai|Cuttack|CDA Sector 6|https://www.zomato.com/cuttack/hashims-cda-sector-6/info|1|Casual Dining|11am to 11pm(Mon-Sun)|Good|3.7|384
Filmy Food Restaurant|600|North Indian,Chinese|Cuttack|CDA Sector 6|https://www.zomato.com/cuttack/filmy-food-restaurant-cda-sector-6/info|1|Casual Dining|1230pm to 1030pm(Mon-Sun)|Good|3.6|438
Pizza Station|400|Bakery|Cuttack|Police Colony|https://www.zomato.com/cuttack/pizza-station-1-police-colony/info|1|Quick Bites|11am to 11pm(Mon-Sun)|Good|3.6|158
Mirchi|500|North Indian,Chinese|Cuttack|Buxi Bazaar|https://www.zomato.com/cuttack/mirchi-buxi-bazaar/info|1|Quick Bites|12noon to 11pm(Mon-Sun)|Good|3.7|213
Dragon Inn|300|Chinese,Momos|Cuttack|Buxi Bazaar|https://www.zomato.com/cuttack/dragon-inn-buxi-bazaar/info|1|Casual Dining|12noon to 1030pm(Mon-Sun)|Good|3.6|197
Dexter's|500|Chinese,North Indian,Kebab|Cuttack|CDA Sector 6|https://www.zomato.com/cuttack/dexters-cda-sector-6/info|1|Casual Dining|12noon to 1030pm(Mon-Sun)|Good|3.8|345
Jazz Inn|1200|Cafe,Fast Food|Cuttack|Siba Bazaar|https://www.zomato.com/cuttack/jazz-inn-siba-bazaar/info|10|Café|11am to 1030pm(Mon-Sun)|Average|3.1|33
Hotel Ankit|300|Fast Food,North Indian|Cuttack|Siba Bazaar|https://www.zomato.com/cuttack/hotel-ankit-siba-bazaar/info|10|Quick Bites|11am to 11pm(Mon-Sun)|Good|3.5|24
Riveria - The Blue Lagoon Premium|850|North Indian,South Indian,Continental|Cuttack|Bidanasi|https://www.zomato.com/cuttack/riveria-the-blue-lagoon-premium-bidanasi/info|10|Casual Dining|1230pm to 1030pm(Mon-Sun)|Average|3.3|40
Zio Restaurant|1000|Chinese|Cuttack|Siba Bazaar|https://www.zomato.com/cuttack/zio-restaurant-siba-bazaar/info|10|Casual Dining|11am to 310pm,630pm to 11pm(Mon-Sun)|Average|3.3|53
Roshni Bar & Restaurant|500|South Indian,North Indian,Chinese|Cuttack|Kalyani Nagar|https://www.zomato.com/cuttack/roshni-bar-restaurant-kalyani-nagar/info|10|Quick Bites|12noon to 12midnight(Mon-Sun)|Average|3.2|24
Courtyard|700|Cafe|Cuttack|Bidanasi|https://www.zomato.com/cuttack/courtyard-bidanasi/info|10|Café|11am to 11pm(Mon-Sun)|Average|3.3|20
Chick Inn|700|Chinese,Indian|Cuttack|Buxi Bazaar|https://www.zomato.com/cuttack/chick-inn-buxi-bazaar/info|10|Casual Dining|11am to 11pm(Mon-Sun)|Average|3.3|25
Ambica Pride|600|North Indian,South Indian,Chinese|Cuttack|Siba Bazaar|https://www.zomato.com/cuttack/ambica-pride-siba-bazaar/info|10|Casual Dining|11am to 11pm(Mon-Sun)|Average|3.4|24
Annapurna's Kitchen|150|Fast Food|Cuttack|Bidanasi|https://www.zomato.com/cuttack/annapurnas-kitchen-bidanasi/info|10|Quick Bites|5pm to 1030pm(Mon-Sun)|Average|3.3|40
Jagadamba Fast Food and Restaurant|250|North Indian,Chinese,Fast Food|Cuttack|Naya Bazaar|https://www.zomato.com/cuttack/jagadamba-fast-food-and-restaurant-naya-bazaar/info|10|Quick Bites|11am to 1030pm(Mon-Sun)|Average|3.4|9
Green Bawarchi|400|Biryani,Chinese,North Indian|Cuttack|CDA Sector 6|https://www.zomato.com/cuttack/green-bawarchi-cda-sector-6/info|10|Quick Bites|11am to 11pm(Mon-Sun)|Average|3.4|9
Agnee Fast Food|250|Fast Food|Cuttack|Siba Bazaar|https://www.zomato.com/cuttack/agnee-fast-food-siba-bazaar/info|10|Quick Bites|530pm to 1030pm(Mon-Sun)|Good|3.6|19
Food Raasta|300|North Indian,Chinese|Cuttack|Sutahat|https://www.zomato.com/cuttack/food-raasta-sutahat/info|10|none|12noon to 11pm(Mon-Sun)|Average|3.4|22
Creme Shakes|200|Beverages|Cuttack|Siba Bazaar|https://www.zomato.com/cuttack/creme-shakes-siba-bazaar/info|10|Beverage Shop|11am to 11pm(Mon-Sun)|Average|3.4|21
Dazzle|300|North Indian,Chinese|Cuttack|Naya Bazaar|https://www.zomato.com/cuttack/dazzle-naya-bazaar/info|10|Quick Bites|1230pm to 330pm,7pm to 1030pm(Mon-Sun)|Average|3.2|29
Kaffe Delite|250|Fast Food,Beverages,Bakery|Cuttack|Bidanasi|https://www.zomato.com/cuttack/kaffe-delite-bidanasi/info|11|Quick Bites|8am to 1030pm(Mon-Sun)|Average|3.3|6
The Treat|800|North Indian,South Indian|Cuttack|Sutahat|https://www.zomato.com/cuttack/the-treat-sutahat/info|11|Quick Bites|11am to 4pm,7pm to 11pm(Mon-Sun)|Average|3.2|14
Sagar Shree Restaurant|600|North Indian,South Indian|Cuttack|Siba Bazaar|https://www.zomato.com/cuttack/sagar-shree-restaurant-siba-bazaar/info|11|Casual Dining|12noon to 1030pm(Mon-Sun)|Average|3.2|10
Cafe Express - The Blue Lagoon Premium|600|Cafe|Cuttack|Sutahat|https://www.zomato.com/cuttack/cafe-express-the-blue-lagoon-premium-sutahat/info|11|Café|11am to 11pm(Mon-Sun)|Average|3.2|11
New Royal Hotel|250|North Indian,Mughlai,Chinese|Cuttack|Buxi Bazaar|https://www.zomato.com/cuttack/new-royal-hotel-buxi-bazaar/info|11|Quick Bites|11am to 11pm(Mon-Sun)|Average|3.2|19
Sri Balaji South Indian Food Court|200|South Indian,Biryani|Cuttack|Buxi Bazaar|https://www.zomato.com/cuttack/sri-balaji-south-indian-food-court-buxi-bazaar/info|11|none|7am to 12noon,6pm to 11pm(Mon-Sun)||NEW|NEW
Sai Continental|500|North Indian,Chinese|Cuttack|CDA Sector 6|https://www.zomato.com/cuttack/sai-continental-3-cda-sector-6/info|11|Quick Bites|7am to 11pm(Mon-Sun)|Average|3.3|17
Momo's King|200|Momos|Cuttack|Siba Bazaar|https://www.zomato.com/cuttack/momos-king-siba-bazaar/info|11|Kiosk|4pm to 11pm(Mon-Sun)|Not rated|-|-
Hotel Sabitri|200|North Indian,Fast Food|Cuttack|CDA Sector 6|https://www.zomato.com/cuttack/hotel-sabitri-cda-sector-6/info|11|Quick Bites|11am to 11pm(Mon-Sun)|Average|3.3|10
Nanda Bhai Hotel|400|Fast Food|Cuttack|Mal Godown Market|https://www.zomato.com/cuttack/nanda-bhai-hotel-mal-godown-market/info|11|Quick Bites|11am to 3pm,6pm to 11pm(Mon-Sun)|Average|3.2|13
Rajwada|700|North Indian|Cuttack|Bidanasi|https://www.zomato.com/cuttack/rajwada-bidanasi/info|11|Casual Dining|12noon to 3pm,730pm to 1030pm(Mon-Sun)|Average|3.2|7
Barbeque Odisha|250|Chinese,North Indian|Cuttack|CDA Sector 6|https://www.zomato.com/cuttack/barbeque-odisha-cda-sector-6/info|11|Quick Bites|12noon to 1030pm(Mon-Sun)|Average|3.2|4
Hotel Deepak|300|Biryani,Oriya|Cuttack|Buxi Bazaar|https://www.zomato.com/cuttack/hotel-deepak-buxi-bazaar/info|11|Quick Bites|12noon to 3pm,7pm to 1030pm(Mon-Sun)||NEW|NEW
Curry Point|150|North Indian|Cuttack|Siba Bazaar|https://www.zomato.com/cuttack/curry-point-siba-bazaar/info|11|none|5pm to 11pm(Mon-Sun)|Average|3.2|11
Moonlight Premium|400|North Indian,Chinese|Cuttack|CDA Sector 6|https://www.zomato.com/cuttack/moonlight-premium-1-cda-sector-6/info|11|Quick Bites|12noon to 4pm,6pm to 11pm(Mon-Sun)|Average|3.2|6
Hadibandhu Vegetus|300|South Indian,Fast Food|Cuttack|Siba Bazaar|https://www.zomato.com/cuttack/hadibandhu-vegetus-siba-bazaar/info|12|Quick Bites|10am to 1030pm(Mon-Sun)|Average|3.2|7
Sauri Sahu Sweets|200|Mithai|Cuttack|Naya Bazaar|https://www.zomato.com/cuttack/sauri-sahu-sweets-naya-bazaar/info|12|Sweet Shop|7am to 11pm(Mon-Sun)|Average|3.2|12
New Classic Family Restaurant|300|North Indian,Chinese|Cuttack|Bidhyadhapur|https://www.zomato.com/cuttack/new-classic-family-restaurant-bidhyadhapur/info|12|Casual Dining|11am to 330pm,6pm to 11pm(Mon-Sun)|Average|3.2|9
Bonsouth|200|South Indian|Cuttack|CDA Sector 6|https://www.zomato.com/cuttack/bonsouth-cda-sector-6/info|12|Quick Bites|7am to 11pm(Mon-Sun)|Average|3.2|4
Sri Krishna Sweets|200|Mithai|Cuttack|Naya Bazaar|https://www.zomato.com/cuttack/sri-krishna-sweets-naya-bazaar/info|12|Sweet Shop|6am to 1030pm(Mon-Sun)|Average|3.2|10
Biryani Darbaar|200|North Indian,Chinese,South Indian|Cuttack|Siba Bazaar|https://www.zomato.com/cuttack/biryani-darbaar-siba-bazaar/info|12|Quick Bites|11am to 11pm(Mon-Sun)|Not rated|-|-
Rahul Fast Food & Biryani|300|North Indian,Fast Food,Mughlai|Cuttack|CDA Sector 6|https://www.zomato.com/cuttack/rahul-fast-food-biryani-cda-sector-6/info|12|Quick Bites|1230pm to 11pm(Mon-Sun)|Average|3.2|4
Seetal Restaurant|500|North Indian|Cuttack|Mal Godown Market|https://www.zomato.com/cuttack/seetal-restaurant-mal-godown-market/info|12|Casual Dining|11am to 1030pm(Mon-Sun)|Not rated|-|-
Food Lover|250|Chinese,Rolls|Cuttack|Siba Bazaar|https://www.zomato.com/cuttack/food-lover-siba-bazaar/info|12|Quick Bites|5pm to 11pm(Mon-Sun)|Average|3.2|4
Hotel Sagar|300|North Indian,South Indian|Cuttack|Mal Godown Market|https://www.zomato.com/cuttack/hotel-sagar-mal-godown-market/info|12|Quick Bites|11am to 11pm(Mon-Sun)|Average|3.2|4
Krishna Tasty Food|150|Fast Food|Cuttack|Bidanasi|https://www.zomato.com/cuttack/krishna-tasty-food-bidanasi/info|12|Kiosk|1230pm to 1030pm(Mon-Sun)|Not rated|-|-
Dil Se Delhi|400|North Indian,Chinese|Cuttack|Siba Bazaar|https://www.zomato.com/cuttack/dil-se-delhi-siba-bazaar/info|12|Quick Bites|11am to 4pm,7pm to 1030pm(Mon-Sun)|Not rated|-|-
Knight Height|300|Momos|Cuttack|Buxi Bazaar|https://www.zomato.com/cuttack/knight-height-buxi-bazaar/info|12|none|24||NEW|NEW
Desibites|1000|North Indian|Cuttack|Bidanasi|https://www.zomato.com/cuttack/desibites-bidanasi/info|12|Casual Dining|11am to 3pm,7pm to 11pm(Mon-Sun)|Average|3.2|4
Jagannath Hotel|250|Oriya|Cuttack|Mal Godown Market|https://www.zomato.com/cuttack/jagannath-hotel-mal-godown-market/info|12|Casual Dining|11am to 11pm(Mon-Sun)|Not rated|-|-
The Food Villa|250|South Indian,Fast Food|Cuttack|Mal Godown Market|https://www.zomato.com/cuttack/the-food-villa-mal-godown-market/info|13|none|11am to 11pm(Mon-Sun)|Not rated|-|-
Hungry Belly|300|North Indian,Chinese|Cuttack|Naya Bazaar|https://www.zomato.com/cuttack/hungry-belly-naya-bazaar/info|13|Quick Bites|9am to 11pm(Mon-Sun)|Not rated|-|-
Hotel Sourav|300|Chinese,North Indian|Cuttack|CDA Sector 6|https://www.zomato.com/cuttack/hotel-sourav-cda-sector-6/info|13|Quick Bites|11am to 3pm,630pm to 1030pm(Mon-Sun)|Not rated|-|-
Krishna Inn|200|North Indian|Cuttack|Naya Bazaar|https://www.zomato.com/cuttack/krishna-inn-naya-bazaar/info|13|Dhaba|11am to 330pm,7pm to 11pm(Mon-Sun)|Not rated|-|-
Munch More|300|Fast Food,Chinese|Cuttack|Buxi Bazaar|https://www.zomato.com/cuttack/munch-more-buxi-bazaar/info|13|Quick Bites|430pm to 11pm(Mon-Sun)|Not rated|-|-
Snack Dot Com|250|Bakery|Cuttack|Siba Bazaar|https://www.zomato.com/cuttack/snack-dot-com-siba-bazaar/info|13|Bakery|930am to 1030pm(Mon-Sun)|Not rated|-|-
New Dazzle|350|North Indian,Chinese|Cuttack|Naya Bazaar|https://www.zomato.com/cuttack/new-dazzle-naya-bazaar/info|13|Quick Bites|11am to 4pm,6pm to 11pm(Mon-Sun)||NEW|NEW
La Cafeotheque CDA|500|Cafe|Cuttack|CDA Sector 6|https://www.zomato.com/cuttack/la-cafeotheque-cda-cda-sector-6/info|2|Café|930am to 1030pm(Mon-Sun)|Good|3.7|307
Golden Spoon|600|Chinese,Asian,North Indian|Cuttack|Buxi Bazaar|https://www.zomato.com/cuttack/golden-spoon-buxi-bazaar/info|2|Casual Dining|12noon to 330pm,7pm to 11pm(Mon-Sun)|Good|3.5|231
KFC|500|Fast Food|Cuttack|Mal Godown Market|https://www.zomato.com/cuttack/kfc-mal-godown-market/info|2|Quick Bites|11am to 11pm(Mon-Sun)|Good|3.7|244
Biggies Burger 'n' More|400|Fast Food,Burger|Cuttack|Siba Bazaar|https://www.zomato.com/cuttack/biggies-burger-n-more-siba-bazaar/info|2|Quick Bites|1030am to 1030pm(Mon-Sun)|Good|3.7|258
Urban Kitchen|400|North Indian,Chinese|Cuttack|Sutahat|https://www.zomato.com/cuttack/urban-kitchen-sutahat/info|2|Quick Bites|Closed(Mon),1230pm to 11pm(Tue-Sun)|Good|3.5|164
Green Chillyz|450|North Indian,Chinese|Cuttack|CDA Sector 6|https://www.zomato.com/cuttack/green-chillyz-cda-sector-6/info|2|Quick Bites|12noon to 11pm(Mon-Sun)|Average|3.4|314
Biryani Zoint|500|Biryani,Rolls,Kebab|Cuttack|Sutahat|https://www.zomato.com/cuttack/biryani-zoint-sutahat/info|2|Quick Bites|12noon to 1030pm(Mon-Sun)|Average|3.3|188
Damas Food Junction|200|South Indian,North Indian|Cuttack|CDA Sector 6|https://www.zomato.com/cuttack/damas-food-junction-cda-sector-6/info|2|Quick Bites|10am to 1030pm(Mon-Sun)|Good|3.7|209
Hotel Mahabir Galaxy|500|Chinese,North Indian|Cuttack|Buxi Bazaar|https://www.zomato.com/cuttack/hotel-mahabir-galaxy-buxi-bazaar/info|2|Casual Dining|7am to 1030pm(Mon-Sun)|Good|3.6|228
Biriyani Box|200|North Indian,Biryani|Cuttack|Buxi Bazaar|https://www.zomato.com/cuttack/biriyani-box-2-buxi-bazaar/info|2|Casual Dining|1130am to 11pm(Mon-Sun)|Good|3.6|128
Khusiyaan Restaurant|400|North Indian,South Indian,Chinese|Cuttack|Siba Bazaar|https://www.zomato.com/cuttack/khusiyaan-restaurant-siba-bazaar/info|2|Casual Dining|1130am to 4pm,6pm to 1030pm(Mon-Sun)|Good|3.5|180
Saanj Restaurant|600|North Indian,Chinese|Cuttack|CDA Sector 6|https://www.zomato.com/cuttack/saanj-restaurant-cda-sector-6/info|2|Casual Dining|11am to 12midnight(Mon),11am to 11pm(Tue-Sun)|Good|3.6|145
Tastry|400|North Indian,Chinese,South Indian|Cuttack|Buxi Bazaar|https://www.zomato.com/cuttack/tastry-buxi-bazaar/info|2|Quick Bites|11am to 11pm(Mon-Sun)|Good|3.7|110
Mr Grill|400|Rolls,Kebab,Biryani|Cuttack|CDA Sector 6|https://www.zomato.com/cuttack/mr-grill-1-cda-sector-6/info|2|Quick Bites|11am to 230pm,5pm to 1045pm(Mon-Sun)|Good|3.6|100
Meals and Memories|500|North Indian,Chinese|Cuttack|Buxi Bazaar|https://www.zomato.com/cuttack/meals-and-memories-buxi-bazaar/info|2|Quick Bites|1130am to 11pm(Mon-Sat),1130am to 115pm(Sun)|Good|3.8|93
Foodistan|500|North Indian,Chinese,Biryani|Cuttack|CDA Sector 6|https://www.zomato.com/cuttack/foodistan-cda-sector-6/info|3|none|1130am to 4pm,630pm to 1030pm(Mon-Sun)|Good|3.5|120
Shiraz Golden Restaurant|500|North Indian,Biryani|Cuttack|Mal Godown Market|https://www.zomato.com/cuttack/shiraz-golden-restaurant-mal-godown-market/info|3|Casual Dining|12noon to 4pm,7pm to 11pm(Mon-Sun)|Average|3.4|233
Picnic|400|North Indian,Chinese|Cuttack|CDA Sector 6|https://www.zomato.com/cuttack/picnic-cda-sector-6/info|3|Quick Bites|1230pm to 1030pm(Mon-Sun)|Good|3.6|115
Hotel Neeladri|500|Chinese,North Indian|Cuttack|Siba Bazaar|https://www.zomato.com/cuttack/hotel-neeladri-siba-bazaar/info|3|Casual Dining|11am to 250pm,7pm to 1050pm(Mon-Sun)|Good|3.7|87
Hotel Ray Delight|350|Chinese,Fast Food|Cuttack|Naya Bazaar|https://www.zomato.com/cuttack/hotel-ray-delight-naya-bazaar/info|3|Quick Bites|1130am to 11pm(Mon-Sun)|Average|3.2|25
Mirchi|500|North Indian,Chinese|Cuttack|Mal Godown Market|https://www.zomato.com/cuttack/mirchi-mal-godown-market/info|3|Casual Dining|12noon to 11pm(Mon-Sun)|Good|3.5|113
Bawarchi Fast Food|300|Biryani,North Indian|Cuttack|Siba Bazaar|https://www.zomato.com/cuttack/bawarchi-fast-food-siba-bazaar/info|3|Quick Bites|11am to 10pm(Mon-Sun)|Good|3.7|194
ICE- Indian Chicken Express|300|Fast Food|Cuttack|Buxi Bazaar|https://www.zomato.com/cuttack/ice-indian-chicken-express-buxi-bazaar/info|3|Quick Bites|11am to 10pm(Mon-Sun)|Good|3.7|173
FoodCo Online|250|Fast Food,North Indian|Cuttack|Buxi Bazaar|https://www.zomato.com/cuttack/foodco-online-buxi-bazaar/info|3|none|11am to 10pm(Mon-Sun)|Good|3.6|143
Jugaad Jn|300|North Indian,Rajasthani|Cuttack|Buxi Bazaar|https://www.zomato.com/cuttack/jugaad-jn-buxi-bazaar/info|3|Quick Bites|11am to 10pm(Mon-Sun)|Good|3.8|66
Hunger Truck|300|Fast Food|Cuttack|Siba Bazaar|https://www.zomato.com/hunger-truck-food-truck/info|3|Food Truck|5am to 11am(Mon-Sun)|Good|3.6|170
Wrap Up|400|Cafe|Cuttack|Siba Bazaar|https://www.zomato.com/cuttack/wrap-up-2-siba-bazaar/info|3|Café|10am to 11pm(Mon-Sun)|Average|3.4|83
Nanking|300|Chinese|Cuttack|Buxi Bazaar|https://www.zomato.com/cuttack/nanking-buxi-bazaar/info|3|Quick Bites|11am to 11pm(Mon-Sun)|Good|3.5|67
The Broast|200|Fast Food|Cuttack|CDA Sector 6|https://www.zomato.com/cuttack/the-broast-cda-sector-6/info|3|Quick Bites|Closed(Mon),5pm to 10pm(Tue-Sun)|Good|3.5|257
Hunger Lounge|500|Cafe|Cuttack|CDA Sector 6|https://www.zomato.com/cuttack/hunger-lounge-cda-sector-6/info|3|Café|11am to 10pm(Mon-Sun)|Average|3.2|101
Tisha's Spice Route|500|North Indian,Chinese,Mughlai,South Indian|Cuttack|Siba Bazaar|https://www.zomato.com/cuttack/tishas-spice-route-siba-bazaar/info|4|Quick Bites|11am to 11pm(Mon-Sun)|Good|3.5|119
Waffle Bites|300|Desserts|Cuttack|Siba Bazaar|https://www.zomato.com/cuttack/waffle-bites-siba-bazaar/info|4|Dessert Parlor|1030am to 11pm(Mon-Sun)|Good|3.6|85
Dal-Chini|400|North Indian|Cuttack|Mal Godown Market|https://www.zomato.com/cuttack/dal-chini-mal-godown-market/info|4|Quick Bites|11am to 3pm,6pm to 11pm(Mon-Sun)|Good|3.6|83
Biriyani With Love|200|Biryani|Cuttack|Kalyani Nagar|https://www.zomato.com/cuttack/biriyani-with-love-kalyani-nagar/info|4|Casual Dining|11am to 11pm(Mon-Sun)|Average|3.4|63
The Hungry Bird|500|North Indian|Cuttack|Kalyani Nagar|https://www.zomato.com/cuttack/the-hungry-bird-kalyani-nagar/info|4|Quick Bites|11am to 11pm(Mon-Sun)|Average|3.2|90
Cuttruck The Cuttack Food Truck|150|Fast Food|Cuttack|Siba Bazaar|https://www.zomato.com/cuttack/cuttruck-the-cuttack-food-truck-siba-bazaar/info|4|Quick Bites|5pm to 10pm(Mon-Sun)|Average|3.4|37
Bake Shake|300|Bakery|Cuttack|Naya Bazaar|https://www.zomato.com/cuttack/bake-shake-naya-bazaar/info|4|Bakery|11am to 9pm(Mon-Sun)|Good|3.7|74
Hotel Asha|250|North Indian|Cuttack|Siba Bazaar|https://www.zomato.com/cuttack/hotel-asha-siba-bazaar/info|4|Casual Dining|12noon to 4pm,7pm to 11pm(Mon-Sun)|Good|3.5|54
Dama Maharaj Sweets|100|Street Food,Mithai|Cuttack|Buxi Bazaar|https://www.zomato.com/cuttack/dama-maharaj-sweets-buxi-bazaar/info|4|Sweet Shop|10am to 10pm(Mon-Sun)|Good|3.5|103
Mom's|400|North Indian,Chinese|Cuttack|Naya Bazaar|https://www.zomato.com/cuttack/moms-naya-bazaar/info|4|Quick Bites|11am to 3pm,7pm to 11pm(Mon-Sun)|Average|3.4|81
Biriyani Box|350|Biryani,Hyderabadi|Cuttack|Buxi Bazaar|https://www.zomato.com/cuttack/biriyani-box-buxi-bazaar/info|4|Quick Bites|12noon to 11pm(Mon-Sun)|Average|3.3|137
Food Masti|300|South Indian,Chinese,Fast Food,Indian|Cuttack|Buxi Bazaar|https://www.zomato.com/cuttack/food-masti-buxi-bazaar/info|4|Quick Bites|8am to 10pm(Mon-Sun)|Good|3.6|53
Gay Top|300|Chinese,North Indian|Cuttack|Sutahat|https://www.zomato.com/cuttack/gay-top-sutahat/info|4|Quick Bites|12noon to 3pm,7pm to 1030pm(Mon-Sun)|Average|3.3|139
Momo's|300|Fast Food|Cuttack|Siba Bazaar|https://www.zomato.com/cuttack/momos-siba-bazaar/info|4|Quick Bites|9am to 10pm(Mon-Sun)|Average|3.3|74
Nilkantha Sweets|200|Mithai|Cuttack|Naya Bazaar|https://www.zomato.com/cuttack/nilkantha-sweets-naya-bazaar/info|4|Sweet Shop|7am to 9pm(Mon-Sun)|Average|3.4|108
U Me Aur Hum|100|Street Food|Cuttack|Buxi Bazaar|https://www.zomato.com/cuttack/u-me-aur-hum-buxi-bazaar/info|5|none|1130am to 930pm(Mon-Sun)|Good|3.7|82
Vyanjan Restaurant|300|North Indian,South Indian|Cuttack|Naya Bazaar|https://www.zomato.com/cuttack/vyanjan-restaurant-naya-bazaar/info|5|Casual Dining|9am to 330pm,5pm to 1015pm(Mon-Sun)|Good|3.5|50
Glitter Latte|300|Cafe|Cuttack|Buxi Bazaar|https://www.zomato.com/cuttack/glitter-latte-1-buxi-bazaar/info|5|Café|11am to 9pm(Mon-Sun)|Average|3.3|66
Mahabir Delight|500|North Indian,Chinese|Cuttack|Sutahat|https://www.zomato.com/cuttack/mahabir-delight-sutahat/info|5|Quick Bites|12noon to 4pm,630pm to 1030pm(Mon-Sun)|Good|3.6|56
Khushi Veg Fast Food|200|Fast Food|Cuttack|Siba Bazaar|https://www.zomato.com/cuttack/khushi-veg-fast-food-siba-bazaar/info|5|Quick Bites|530pm to 10pm(Mon-Sun)|Average|3.4|66
Cake Bazaar|200|Bakery|Cuttack|Buxi Bazaar|https://www.zomato.com/cuttack/cake-bazaar-buxi-bazaar/info|5|Bakery|10am to 10pm(Mon-Sun)|Not rated|-|-
Paani Drinks Ka Destination|300|Fast Food,Juices|Cuttack|CDA Sector 6|https://www.zomato.com/cuttack/paani-drinks-ka-destination-cda-sector-6/info|5|Quick Bites|8am to 10pm(Mon-Sun)|Average|3.3|40
Mahaveer Sweets|250|Mithai,Fast Food|Cuttack|Naya Bazaar|https://www.zomato.com/cuttack/mahaveer-sweets-naya-bazaar/info|5|Sweet Shop|7am to 10pm(Mon-Sun)|Average|3.3|85
Lemon Restaurant|400|North Indian|Cuttack|CDA Sector 6|https://www.zomato.com/cuttack/lemon-restaurant-cda-sector-6/info|5|Casual Dining|12noon to 11pm(Mon-Sun)|Average|3.4|118
Guchi's|800|North Indian,Chinese|Cuttack|Mal Godown Market|https://www.zomato.com/cuttack/guchis-mal-godown-market/info|5|Casual Dining|11am to 1130pm(Mon-Sun)|Average|3.4|95
Cafe Corner & Restaurant|350|Fast Food,Cafe,Chinese,North Indian|Cuttack|Naya Bazaar|https://www.zomato.com/cuttack/cafe-corner-restaurant-naya-bazaar/info|5|Quick Bites|11am to 930pm(Mon-Sun)|Average|3.3|19
Shawarma Corner|150|Lebanese|Cuttack|Siba Bazaar|https://www.zomato.com/cuttack/shawarma-corner-siba-bazaar/info|5|Quick Bites|530pm to 10pm(Mon-Sun)|Good|3.5|40
Aditya Restaurant|500|North Indian|Cuttack|Buxi Bazaar|https://www.zomato.com/cuttack/aditya-restaurant-buxi-bazaar/info|5|Casual Dining|11am to 11pm(Mon-Sun)|Average|3.4|73
Shree Vineeth's|600|South Indian|Cuttack|Sutahat|https://www.zomato.com/cuttack/shree-vineeths-sutahat/info|5|Casual Dining|7am to 10pm(Mon-Sun)|Average|3.3|57
Tummy Tizer|400|Fast Food|Cuttack|Mal Godown Market|https://www.zomato.com/cuttack/tummy-tizer-mal-godown-market/info|5|Quick Bites|12noon to 10pm(Mon-Sun)|Average|3.3|57
Hunger's Adda|200|Biryani,Street Food,Momos|Cuttack|CDA Sector 6|https://www.zomato.com/cuttack/hungers-adda-cda-sector-6/info|6|Food Truck|6pm to 10pm(Mon-Sun)|Average|3.3|49
Hot Curry|150|North Indian|Cuttack|CDA Sector 6|https://www.zomato.com/cuttack/hot-curry-cda-sector-6/info|6|Quick Bites|15pm to 1015pm(Mon,Tue,Wed,Thu,Sat),115pm...|Average|3.4|4
Snowball Ice Cream|150|Ice Cream|Cuttack|CDA Sector 6|https://www.zomato.com/cuttack/snowball-ice-cream-cda-sector-6/info|6|none|11am to 9pm(Mon-Sun)|Average|3.4|24
New Day|300|Fast Food|Cuttack|Buxi Bazaar|https://www.zomato.com/cuttack/new-day-buxi-bazaar/info|6|Quick Bites|1048am to 2pm,4pm to 949pm(Mon),949am to ...|Average|3.4|32
Jagamohan Restaurant|400|North Indian,Chinese|Cuttack|Sutahat|https://www.zomato.com/cuttack/jagamohan-restaurant-sutahat/info|6|Casual Dining|7pm to 11pm,11am to 3pm(Mon-Sun)|Average|3.4|86
Crown Bakery|300|Bakery|Cuttack|Buxi Bazaar|https://www.zomato.com/cuttack/crown-bakery-buxi-bazaar/info|6|Bakery|11am to 930pm(Mon-Sun)|Average|3.3|24
Wow! Momo|350|Tibetan,Burger|Cuttack|Mal Godown Market|https://www.zomato.com/cuttack/wow-momo-mal-godown-market/info|6|Quick Bites|11am to 11pm(Mon-Sun)|Good|3.6|66
Foodism|500|Chinese,Biryani|Cuttack|Naya Bazaar|https://www.zomato.com/cuttack/foodism-naya-bazaar/info|6|Quick Bites|Closed(Mon),11am to 11pm(Tue-Sun)|Average|3.4|57
Wheelies|200|Fast Food|Cuttack|Sutahat|https://www.zomato.com/cuttack/wheelies-sutahat/info|6|Quick Bites|11am to 10pm(Mon-Sun)|Good|3.5|44
Baromishali Bengali Restaurant|350|Bengali,North Indian,Chinese|Cuttack|CDA Sector 6|https://www.zomato.com/cuttack/baromishali-bengali-restaurant-cda-sector-6/info|6|Quick Bites|7am to 11pm(Mon-Sun)|Average|3.4|19
Hunger Lounge - The 99 Store|200|Cuisine Varies|Cuttack|CDA Sector 6|https://www.zomato.com/cuttack/hunger-lounge-the-99-store-cda-sector-6/info|6|Café|11am to 10pm(Mon-Sun)||NEW|NEW
DSP Biryani|300|Biryani|Cuttack|CDA Sector 6|https://www.zomato.com/cuttack/dsp-biryani-cda-sector-6/info|6|Quick Bites|5pm to 930pm(Mon-Sun)|Average|3.3|35
Bon Appetit|200|Fast Food|Cuttack|Sutahat|https://www.zomato.com/cuttack/bon-appetit-sutahat/info|6|Quick Bites|11am to 10pm(Mon-Sun)|Average|3.3|30
Swaad Restaurant|350|North Indian,Chinese,Biryani|Cuttack|Mal Godown Market|https://www.zomato.com/cuttack/swaad-restaurant-mal-godown-market/info|6|Casual Dining|(Mon-Sun)|Average|3.3|43
Baker's Delite|400|Bakery|Cuttack|Buxi Bazaar|https://www.zomato.com/cuttack/bakers-delite-buxi-bazaar/info|6|Quick Bites|11am to 9pm(Mon-Sun)|Average|3.4|29
Tea Junction|200|Tea,Fast Food|Cuttack|CDA Sector 6|https://www.zomato.com/cuttack/tea-junction-cda-sector-6/info|7|Quick Bites|11am to 10pm(Mon-Sun)|Average|3.1|24
Kalia Chop Centre|200|Fast Food|Cuttack|Siba Bazaar|https://www.zomato.com/cuttack/kalia-chop-centre-siba-bazaar/info|7|Quick Bites|11am to 10pm(Mon-Sun)|Average|3.4|26
Baker's Delite|200|Bakery|Cuttack|Naya Bazaar|https://www.zomato.com/cuttack/bakers-delite-naya-bazaar/info|7|Bakery|8am to 10pm(Mon-Sun)|Average|3.2|23
M/S College Cafe|400|Fast Food|Cuttack|Buxi Bazaar|https://www.zomato.com/cuttack/m-s-college-cafe-buxi-bazaar/info|7|Quick Bites|11am to 10pm(Mon-Sun)|Average|3.3|22
Mio Amore|200|Bakery|Cuttack|Naya Bazaar|https://www.zomato.com/cuttack/mio-amore-naya-bazaar/info|7|Bakery|9am to 10pm(Mon-Sun)|Average|3.3|27
Kabab Point|300|Kebab|Cuttack|Sutahat|https://www.zomato.com/cuttack/kabab-point-sutahat/info|7|Quick Bites|10am to 10pm(Mon-Sun)|Average|3.4|22
Cream Centre|300|Bakery,Fast Food|Cuttack|Sutahat|https://www.zomato.com/cuttack/cream-centre-sutahat/info|7|Bakery|11am to 9pm(Mon-Sun)|Average|3.3|12
Manisha Residency|300|North Indian,Chinese|Cuttack|Mal Godown Market|https://www.zomato.com/cuttack/manisha-residency-mal-godown-market/info|7|Quick Bites|11am to 10pm(Mon-Sun)|Average|3.2|11
Gujarat Namkeen|200|Street Food|Cuttack|Sutahat|https://www.zomato.com/cuttack/gujarat-namkeen-sutahat/info|7|Quick Bites|8am to 12noon,2pm to 10pm(Mon-Sun)|Not rated|-|-
The Momolicious|200|Chinese,Momos|Cuttack|Naya Bazaar|https://www.zomato.com/cuttack/the-momolicious-1-naya-bazaar/info|7|Quick Bites|5pm to 10pm(Mon-Sun)||NEW|NEW
Kalinga Foods|250|North Indian,South Indian|Cuttack|Naya Bazaar|https://www.zomato.com/cuttack/kalinga-foods-naya-bazaar/info|7|Quick Bites|11am to 10pm(Mon-Sun)|Average|3.3|10
Partha's Hangout Junction|900|North Indian,Chinese,Continental|Cuttack|CDA Sector 6|https://www.zomato.com/cuttack/parthas-hangout-junction-cda-sector-6/info|7|Quick Bites|11am to 11pm(Mon-Sun)|Average|3.4|36
The London Shakes|300|Cafe,Pizza,Desserts|Cuttack|Buxi Bazaar|https://www.zomato.com/cuttack/the-london-shakes-buxi-bazaar/info|7|Quick Bites|10am to 10pm(Mon-Sun)||NEW|NEW
Adwita Spice Affair|400|Fast Food|Cuttack|Buxi Bazaar|https://www.zomato.com/cuttack/adwita-spice-affair-buxi-bazaar/info|7|Quick Bites|11am to 10pm(Mon-Sun)|Not rated|-|-
Sri Balaji South Indian Food Court|100|South Indian|Cuttack|CDA Sector 6|https://www.zomato.com/cuttack/sri-balaji-south-indian-food-court-cda-sector-6/info|7|Quick Bites|7am to 3pm,6pm to 10pm(Mon-Sun)||NEW|NEW
Scube Foodies|200|Fast Food,Burger,Wraps|Cuttack|Kalyani Nagar|https://www.zomato.com/cuttack/scube-foodies-kalyani-nagar/info|8|Quick Bites|11am to 10pm(Mon-Sun)|Average|3.2|6
The Chef|250|Fast Food,Chinese|Cuttack|CDA Sector 6|https://www.zomato.com/cuttack/the-chef-cda-sector-6/info|8|Quick Bites|430pm to 930pm(Mon-Sun)|Average|3.2|8
Auroville Veg Restaurant|500|North Indian,Chinese,South Indian|Cuttack|Siba Bazaar|https://www.zomato.com/cuttack/auroville-veg-restaurant-siba-bazaar/info|8|Quick Bites|11am to 10pm(Mon-Sun)|Average|3.2|11
Bombay Restaurant- Hotel Bombay Inn|800|North Indian,South Indian,Chinese,Beverages,Desserts|Cuttack|Siba Bazaar|https://www.zomato.com/cuttack/bombay-restaurant-hotel-bombay-inn-siba-bazaar/info|8|Casual Dining|11am to 11pm(Mon-Sun)|Average|3.3|31
Cafe D' Lite|400|Bakery,Fast Food|Cuttack|Buxi Bazaar|https://www.zomato.com/cuttack/cafe-d-lite-buxi-bazaar/info|8|Bakery|11am to 9pm(Mon-Sun)|Not rated|-|-
Spicy Bite|300|North Indian|Cuttack|Siba Bazaar|https://www.zomato.com/cuttack/spicy-bite-siba-bazaar/info|8|Quick Bites|11am to 11pm(Mon-Sun)|Average|3.4|56
BNSON BLUE|300|North Indian,Chinese|Cuttack|Naya Bazaar|https://www.zomato.com/cuttack/bnson-blue-naya-bazaar/info|8|Quick Bites|11am to 10pm(Mon-Sun)|Average|3.2|6
Maa Mangala Fast Food|300|North Indian,Chinese|Cuttack|Naya Bazaar|https://www.zomato.com/cuttack/maa-mangala-fast-food-naya-bazaar/info|8|Quick Bites|1pm to 10pm(Mon-Sun)|Average|3.2|5
Bobaalo|250|Chinese,North Indian|Cuttack|CDA Sector 6|https://www.zomato.com/cuttack/bobaalo-cda-sector-6/info|8|Food Truck|430am to 11pm(Mon-Sun)|Good|3.6|69
Janessa Restaurant|200|North Indian|Cuttack|CDA Sector 6|https://www.zomato.com/cuttack/janessa-restaurant-cda-sector-6/info|8|Quick Bites|11am to 10pm(Mon-Sun)|Average|3.2|5
Hot Curry|200|North Indian|Cuttack|CDA Sector 6|https://www.zomato.com/cuttack/hot-curry-1-cda-sector-6/info|8|none|1pm to 1015pm(Mon-Sun)|Not rated|-|-
The Taste Of Heaven|300|Ice Cream|Cuttack|Sutahat|https://www.zomato.com/cuttack/the-taste-of-heaven-1-sutahat/info|8|Dessert Parlor|11am to 8pm(Mon-Sun)|Not rated|-|-
New Marwari Bhojanalaya|300|Oriya|Cuttack|Sutahat|https://www.zomato.com/cuttack/new-marwari-bhojanalaya-sutahat/info|8|none|12noon to 3pm,7pm to 10pm(Mon-Sun)|Not rated|-|-
The Royal Chilli|300|Chinese|Cuttack|Police Colony|https://www.zomato.com/cuttack/the-royal-chilli-police-colony/info|8|Quick Bites|5pm to 10pm(Mon-Sun)|Not rated|-|-
Bake Shop|250|Bakery|Cuttack|CDA Sector 6|https://www.zomato.com/cuttack/bake-shop-cda-sector-6/info|8|Bakery|9am to 10pm(Mon-Sun)||NEW|NEW
Cafe Delight|0|Fast Food|Cuttack|CDA Sector 6|https://www.zomato.com/cuttack/cafe-delight-1-cda-sector-6/info|9|Quick Bites|7am to 9pm(Mon-Sun)|Not rated|-|-
Naugaon pitha- A Product Of Annapurna|150|Oriya|Cuttack|Sutahat|https://www.zomato.com/cuttack/naugaon-pitha-a-product-of-annapurna-sutahat/info|9|Quick Bites|12noon to 9pm(Mon-Sun)||NEW|NEW
T Tiffin Box|200|North Indian|Cuttack|Police Colony|https://www.zomato.com/cuttack/t-tiffin-box-police-colony/info|9|none|10am to 10pm(Mon-Sun)||NEW|NEW
Mahabahu Catering & Food Service|0|North Indian,Chinese|Cuttack|CDA Sector 6|https://www.zomato.com/cuttack/mahabahu-catering-food-service-cda-sector-6/info|9|Quick Bites|10am to 10pm(Mon-Sun)||NEW|NEW
Hotel Punjabi Tadka|250|Biryani,North Indian|Cuttack|Police Colony|https://www.zomato.com/cuttack/hotel-punjabi-tadka-police-colony/info|9|Quick Bites|11am to 4pm,6pm to 11pm(Mon-Sun)|Average|3.4|48
Brewbakes|350|Cafe|Cuttack|Police Colony|https://www.zomato.com/cuttack/brewbakes-police-colony/info|9|Café|930am to 1030pm(Mon-Sun)|Average|3.4|62
Grand Darbar - Grand Residency|1500|Indian,Continental,Chinese|Cuttack|Mal Godown Market|https://www.zomato.com/cuttack/grand-darbar-grand-residency-mal-godown-market/info|9|Casual Dining|7am to 11pm(Mon-Sun)|Average|3.3|63
New Darbar|600|Mughlai,Chinese|Cuttack|Buxi Bazaar|https://www.zomato.com/cuttack/new-darbar-buxi-bazaar/info|9|Casual Dining|11am to 1045pm(Mon,Tue,Thu,Sat),11am to ...|Average|3.4|53
Hungry Jack|300|North Indian,Chinese|Cuttack|Naya Bazaar|https://www.zomato.com/cuttack/hungry-jack-naya-bazaar/info|9|Quick Bites|12noon to 330pm,7pm to 1030pm(Mon-Sun)|Average|3.4|76
Kafil's Food Court|300|Fast Food,Indian,Chinese,North Indian|Cuttack|Naya Bazaar|https://www.zomato.com/cuttack/kafils-food-court-1-naya-bazaar/info|9|Quick Bites|1130am to 11pm(Mon-Sun)|Average|3.4|53
La Cafeotheque|500|Chinese,Italian,Bakery,Biryani,Coffee|Cuttack|Naya Bazaar|https://www.zomato.com/cuttack/la-cafeotheque-naya-bazaar/info|9|Quick Bites|10am to 11pm(Mon-Sun)|Average|3.4|20
Laxmidhar Bhai Dum Biryani|150|Biryani|Cuttack|CDA Sector 6|https://www.zomato.com/cuttack/laxmidhar-bhai-dum-biryani-cda-sector-6/info|9|none|Closed(Mon),4pm to 11pm(Tue-Sun)|Average|3.4|51
Curry Point & Fast Food|150|Fast Food,North Indian|Cuttack|Naya Bazaar|https://www.zomato.com/cuttack/curry-point-fast-food-naya-bazaar/info|9|none|5pm to 11pm(Mon-Sun)|Good|3.5|35
New Tarini Hotel|250|Fast Food,North Indian|Cuttack|Police Colony|https://www.zomato.com/cuttack/new-tarini-hotel-police-colony/info|9|Quick Bites|12noon to 4pm,7pm to 11pm(Mon-Sun)|Good|3.5|10
Subharatri Bar & Restaurant|600|North Indian,Chinese|Cuttack|Kalyani Nagar|https://www.zomato.com/cuttack/subharatri-bar-restaurant-kalyani-nagar/info|9|Bar|12noon to 12midnight(Mon-Sun)|Average|3.3|52
