NAME|PRICE|CUSINE_CATEGORY|CITY|REGION|URL|PAGE NO|CUSINE TYPE|TIMING|RATING_TYPE|RATING|VOTES
Chowdhry Sweet House|500|Mithai,North Indian,Chinese,Beverages|Gorakhpur|Golghar|https://www.zomato.com/gorakhpur/chowdhry-sweet-house-1-golghar/info|1|Casual Dining|8am to 11pm(Mon-Sun)|Good|3.6|71
Singh Burger|200|Burger,Fast Food|Gorakhpur|Golghar|https://www.zomato.com/gorakhpur/singh-burger-golghar/info|1|Quick Bites|11am to 11pm(Mon-Sun)|Good|3.7|82
Rangrezza Restaurant|1000|Mexican,Italian,Continental,Chinese,Mughlai,North Indian|Gorakhpur|Phase 3rd|https://www.zomato.com/gorakhpur/rangrezza-restaurant-phase-3rd/info|1|Casual Dining|11am to 11pm(Mon-Sun)|Good|3.6|130
Sher-E-Punjab Since 1965|500|Mughlai,North Indian|Gorakhpur|Miyan Baza|https://www.zomato.com/gorakhpur/sher-e-punjab-since-1965-miyan-baza/info|1|Quick Bites|11am to 11pm(Mon-Sun)|Good|3.8|240
Domino's Pizza|500|Pizza|Gorakhpur|Golghar|https://www.zomato.com/gorakhpur/dominos-pizza-golghar/info|1|Quick Bites|11am to 12midnight(Mon-Sun)|Average|3.4|192
Royal Darbar|1000|Chinese,Continental,Desserts,North Indian,South Indian|Gorakhpur|Ramjanki Nagar|https://www.zomato.com/gorakhpur/royal-darbar-ramjanki-nagar/info|1|Casual Dining|11am to 11pm(Mon-Sun)|Average|3.2|125
Pizza Station|300|Pizza|Gorakhpur|Golghar|https://www.zomato.com/gorakhpur/pizza-station-golghar/info|1|Quick Bites|11am to 11pm(Mon-Sun)|Good|3.7|105
Brewerz The Coffee Bar|700|Fast Food,North Indian|Gorakhpur|Phase 3rd|https://www.zomato.com/gorakhpur/brewerz-the-coffee-bar-phase-3rd/info|1|Casual Dining|11am to 11pm(Mon-Sun)|Average|3.4|52
Shere Punjab Hotel|100|North Indian|Gorakhpur|Golghar|https://www.zomato.com/gorakhpur/shere-punjab-hotel-golghar/info|1|Quick Bites|11am to 11pm(Mon-Sun)|Good|3.5|111
SS Sweet & Fast Food|300|Street Food,Mithai,Fast Food|Gorakhpur|Rapti Nagar Phase 4|https://www.zomato.com/gorakhpur/ss-sweet-fast-food-rapti-nagar-phase-4/info|1|Quick Bites|10am to 11pm(Mon-Sun)|Average|3.3|23
Cafe High Point|300|Desserts,Ice Cream|Gorakhpur|Golghar|https://www.zomato.com/gorakhpur/cafe-high-point-golghar/info|1|Dessert Parlor|12noon to 11pm(Mon-Sun)|Good|3.6|59
Bobi's Restaurant Since 1963|700|Bakery,Chinese,Ice Cream,Mughlai,North Indian|Gorakhpur|Golghar|https://www.zomato.com/gorakhpur/bobis-restaurant-since-1963-golghar/info|1|Casual Dining|11am to 11pm(Mon-Sun)|Good|3.5|120
Biryani Bay|1000|Biryani,Chinese,Mughlai|Gorakhpur|Betiahata|https://www.zomato.com/gorakhpur/biryani-bay-betiahata/info|1|Casual Dining|11am to 11pm(Mon-Sun)|Good|3.5|139
Al-Baik.Com|250|Fast Food|Gorakhpur|Miyan Baza|https://www.zomato.com/gorakhpur/al-baik-com-miyan-baza/info|1|Quick Bites|11am to 11pm(Mon-Sun)|Good|3.7|97
Singh Biryani Family Restaurant|300|Biryani|Gorakhpur|Betiahata|https://www.zomato.com/gorakhpur/singh-biryani-family-restaurant-betiahata/info|1|Quick Bites|11am to 11pm(Mon-Sun)|Average|3.3|126
Bite Club|100|Fast Food,North Indian|Gorakhpur|Azad Nagar|https://www.zomato.com/gorakhpur/bite-club-azad-nagar/info|10|Quick Bites|11am to 9pm(Mon-Sun)|Average|3.2|11
Danaram Bakers and Fast food|200|Bakery,Fast Food|Gorakhpur|Rajendra Nagar|https://www.zomato.com/gorakhpur/danaram-bakers-and-fast-food-rajendra-nagar/info|10|Bakery|12noon to 10pm(Mon-Sun)|Average|3.2|4
Dragon Recipes|150|Burger,Rolls|Gorakhpur|Golghar|https://www.zomato.com/gorakhpur/dragon-recipes-golghar/info|10|Quick Bites|(Mon-Sun)|Not rated|-|-
Masters Kitchen|200|North Indian,Chinese|Gorakhpur|Kunraghat|https://www.zomato.com/gorakhpur/masters-kitchen-2-kunraghat/info|10|Quick Bites|11am to 10pm(Mon-Sun)|Average|3.2|7
Mr Bakers|70|Bakery|Gorakhpur|Azad Nagar|https://www.zomato.com/gorakhpur/mr-bakers-azad-nagar/info|10|Bakery|11am to 9pm(Mon-Sun)|Average|3.2|5
Salt The Restaurant|300|Continental,Chinese,Italian|Gorakhpur|Golghar|https://www.zomato.com/gorakhpur/salt-the-restaurant-golghar/info|10|none|11am to 830pm(Mon-Sun)|Not rated|-|-
Murli Sweets & Paneer Bhandar|200|Mithai|Gorakhpur|Ramjanki Nagar|https://www.zomato.com/gorakhpur/murli-sweets-paneer-bhandar-ramjanki-nagar/info|10|Sweet Shop|11am to 830pm(Mon-Sun)|Not rated|-|-
Banjara|600|North Indian,Chinese|Gorakhpur|Hussain Nagar|https://www.zomato.com/gorakhpur/banjara-hussain-nagar/info|10|Casual Dining|(Mon-Sun)|Average|3.2|4
Paradise Biryani House|250|Biryani|Gorakhpur|Golghar|https://www.zomato.com/gorakhpur/paradise-biryani-house-golghar/info|10|Quick Bites|10am to 10pm(Mon-Sun)||NEW|NEW
Anshu Cafe|100|North Indian,Chinese|Gorakhpur|Kawwa Bagh Colony|https://www.zomato.com/gorakhpur/anshu-cafe-kawwa-bagh-colony/info|10|Quick Bites|11am to 10pm(Mon-Sun)|Not rated|-|-
Manoranjan Bakers|200|Bakery|Gorakhpur|Ilahi Bagh|https://www.zomato.com/gorakhpur/manoranjan-bakers-1-ilahi-bagh/info|10|Bakery|1030am to 10pm(Mon-Sun)|Not rated|-|-
Grand Manoranjan Inn|1000|North Indian,Chinese,South Indian,Italian,Fast Food|Gorakhpur|Jatepur|https://www.zomato.com/gorakhpur/grand-manoranjan-inn-jatepur/info|10|Casual Dining|(Mon-Sun)|Not rated|-|-
New Manoranjan Bakers & Sweets|150|Bakery,Mithai|Gorakhpur|Azad Nagar|https://www.zomato.com/gorakhpur/new-manoranjan-bakers-sweets-azad-nagar/info|10|Sweet Shop|1pm to 10pm(Mon-Sun)|Not rated|-|-
Olive Garden - The Family Restaurant|800|North Indian,Chinese|Gorakhpur|Moharipur|https://www.zomato.com/gorakhpur/olive-garden-the-family-restaurant-moharipur/info|10|Casual Dining|12noon to 10pm(Mon-Sun)|Not rated|-|-
Goodies Foodies By US|150|Chinese,Fast Food,Rolls|Gorakhpur|Jatepur|https://www.zomato.com/gorakhpur/goodies-foodies-by-us-jatepur/info|10|Food Truck|6pm to 10pm(Mon-Sun)|Average|3.2|4
yo yo biryani|200|North Indian,Biryani|Gorakhpur|Hussain Nagar|https://www.zomato.com/gorakhpur/yo-yo-biryani-hussain-nagar/info|11|Casual Dining|(Mon-Sun)|Not rated|-|-
G Chowdhary Sweet House|200|Mithai|Gorakhpur|Golghar|https://www.zomato.com/gorakhpur/g-chowdhary-sweet-house-golghar/info|11|Sweet Shop|9am to 10pm(Mon-Sun)||NEW|NEW
Good Bakers|100|Bakery|Gorakhpur|Shahpur|https://www.zomato.com/gorakhpur/good-bakers-shahpur/info|11|Bakery|12noon to 8pm(Mon-Sun)|Not rated|-|-
Hotel Krishna Palace|250|Continental|Gorakhpur|Azad Nagar|https://www.zomato.com/gorakhpur/hotel-krishna-palace-azad-nagar/info|11|Quick Bites|12noon to 1015pm(Mon-Sun)|Not rated|-|-
Guru Ji Sweets & Bakers|100|Bakery,Mithai|Gorakhpur|Ilahi Bagh|https://www.zomato.com/gorakhpur/guru-ji-sweets-bakers-ilahi-bagh/info|11|Quick Bites|8am to 10pm(Mon-Sun)|Not rated|-|-
Shree Dhosa Corner|100|South Indian|Gorakhpur|Azad Nagar|https://www.zomato.com/gorakhpur/shree-dhosa-corner-azad-nagar/info|11|Quick Bites|1130am to 10pm(Mon-Sun)|Not rated|-|-
Bhola Mutton Shop|100|Fast Food|Gorakhpur|Betiahata|https://www.zomato.com/gorakhpur/bhola-mutton-shop-betiahata/info|11|Quick Bites|11am to 9pm(Mon-Sun)|Not rated|-|-
S.K Brown|300|Chinese,North Indian|Gorakhpur|Golghar|https://www.zomato.com/gorakhpur/s-k-brown-golghar/info|11|Quick Bites|11am to 915pm(Mon-Sun)|Not rated|-|-
Olive Cafe|600|Burger,Fast Food,Beverages|Gorakhpur|Rajendra Nagar|https://www.zomato.com/gorakhpur/olive-cafe-rajendra-nagar/info|11|Café|11am to 930pm(Mon-Sun)|Not rated|-|-
New Pizza Delight|200|Italian,Burger,Beverages|Gorakhpur|Mirzapur Pachpedwa|https://www.zomato.com/gorakhpur/new-pizza-delight-mirzapur-pachpedwa/info|11|Quick Bites|11am to 10pm(Mon-Sun)|Not rated|-|-
Azad Fruit Juice Corner|50|Juices,Beverages|Gorakhpur|Betiahata|https://www.zomato.com/gorakhpur/azad-fruit-juice-corner-betiahata/info|11|Beverage Shop|12noon to 10pm(Mon-Sun)|Not rated|-|-
Mr. Flavour|200|Fast Food|Gorakhpur|Azad Nagar|https://www.zomato.com/gorakhpur/mr-flavour-azad-nagar/info|11|Quick Bites|11am to 10pm(Mon-Sun)||NEW|NEW
Danaram|0|North Indian|Gorakhpur|Golghar|https://www.zomato.com/gorakhpur/danaram-golghar/info|11|Casual Dining|(Mon-Sun)||NEW|NEW
Aditi Tiffin Center|100|North Indian|Gorakhpur|Miyan Baza|https://www.zomato.com/gorakhpur/aditi-tiffin-center-miyan-baza/info|11|Quick Bites|11am to 10pm(Mon-Sun)|Not rated|-|-
Bindass Hotel|100|North Indian|Gorakhpur|Golghar|https://www.zomato.com/gorakhpur/bindass-hotel-golghar/info|11|Quick Bites|11am to 10pm(Mon-Sun)||NEW|NEW
China Town|500|Fast Food|Gorakhpur|Azad Nagar|https://www.zomato.com/gorakhpur/china-town-1-azad-nagar/info|12|Quick Bites|12noon to 9pm(Mon-Sun)|Not rated|-|-
Rai Roll Corner|200|Fast Food|Gorakhpur|Shakti Nagar Colony|https://www.zomato.com/gorakhpur/rai-roll-corner-1-shakti-nagar-colony/info|12|Quick Bites|10am to 10pm(Mon-Sun)||NEW|NEW
Buddy's Cafe & Bistro|500|Bakery,Chinese,Coffee,Continental,Desserts|Gorakhpur|Shahpur|https://www.zomato.com/gorakhpur/buddys-cafe-bistro-shahpur/info|12|Bakery|9am to 10pm(Mon-Sun)|Not rated|-|-
Shivji Sweets & Restaurant|150|Mithai,Fast Food|Gorakhpur|Kunraghat|https://www.zomato.com/gorakhpur/shivji-sweets-restaurant-kunraghat/info|12|Sweet Shop|8am to 10pm(Mon-Sun)|Not rated|-|-
Yellow Bakery|70|Bakery|Gorakhpur|Azad Nagar|https://www.zomato.com/gorakhpur/yellow-bakery-azad-nagar/info|12|Quick Bites|11am to 10pm(Mon-Sun)|Not rated|-|-
Swad Nation's|200|North Indian|Gorakhpur|Nanda Nagar|https://www.zomato.com/gorakhpur/swad-nations-nanda-nagar/info|12|Quick Bites|11am to 10pm(Mon-Sun)|Not rated|-|-
The Cake Express|300|Bakery|Gorakhpur|Golghar|https://www.zomato.com/gorakhpur/the-cake-express-golghar/info|12|Bakery|10am to 10pm(Mon-Sun)||NEW|NEW
New Food Panda Fast Food|100|Chinese|Gorakhpur|Mirzapur Pachpedwa|https://www.zomato.com/gorakhpur/new-food-panda-fast-food-mirzapur-pachpedwa/info|12|none|11am to 10pm(Mon-Sun)|Not rated|-|-
Heera Sweet House & Caters|100|Desserts|Gorakhpur|Phase 3rd|https://www.zomato.com/gorakhpur/heera-sweet-house-caters-phase-3rd/info|12|Sweet Shop|11am to 930pm(Mon-Sun)|Not rated|-|-
Neta Ji Ka Adhunik Chat & Fast Food|150|Fast Food,Street Food|Gorakhpur|Rajendra Nagar|https://www.zomato.com/gorakhpur/neta-ji-ka-adhunik-chat-fast-food-rajendra-nagar/info|12|Quick Bites|1030am to 945pm(Mon-Sun)|Not rated|-|-
Uncle cook|100|Rolls,Burger|Gorakhpur|Hussain Nagar|https://www.zomato.com/gorakhpur/uncle-cook-hussain-nagar/info|12|Food Truck|5pm to 10pm(Mon-Sun)|Not rated|-|-
Sai chaat corner|0|Fast Food|Gorakhpur|Golghar|https://www.zomato.com/gorakhpur/sai-chaat-corner-golghar/info|12|Food Court|(Mon-Sun)|Not rated|-|-
Rita's restaurant|350|South Indian,North Indian,Chinese|Gorakhpur|Hussain Nagar|https://www.zomato.com/gorakhpur/ritas-restaurant-hussain-nagar/info|12|Quick Bites|(Mon-Sun)|Not rated|-|-
Zinger's|250|Fast Food|Gorakhpur|Shahpur|https://www.zomato.com/gorakhpur/zingers-shahpur/info|12|Quick Bites|(Mon-Sun)|Not rated|-|-
Albela Foods|100|North Indian|Gorakhpur|Shahpur|https://www.zomato.com/gorakhpur/albela-foods-shahpur/info|12|Quick Bites|12noon to 10pm(Mon-Sun)||NEW|NEW
Chef Restaurant|750|Rolls,North Indian,Mughlai,Lebanese,Chinese|Gorakhpur|Azad Nagar|https://www.zomato.com/gorakhpur/chef-restaurant-azad-nagar/info|13|Casual Dining|11am to 11pm(Mon-Sun)|Average|3.2|19
Mom's Bakery|200|Bakery|Gorakhpur|Kunraghat|https://www.zomato.com/gorakhpur/moms-bakery-kunraghat/info|13|Bakery|10am to 10pm(Mon-Sun)|Not rated|-|-
Gupta Fast Food & Restaurant Center|100|Fast Food|Gorakhpur|Kunraghat|https://www.zomato.com/gorakhpur/gupta-fast-food-restaurant-center-kunraghat/info|13|Quick Bites|930am to 930pm(Mon-Sun)|Not rated|-|-
M B Fast Food|100|Fast Food|Gorakhpur|Shahpur|https://www.zomato.com/gorakhpur/m-b-fast-food-shahpur/info|13|Quick Bites|11am to 9pm(Mon-Sun)||NEW|NEW
Basant Bahar|150|Fast Food,Juices|Gorakhpur|Golghar|https://www.zomato.com/gorakhpur/basant-bahar-golghar/info|13|Quick Bites|||Opening|Opening
Bikaner Namkeen Bhandaar And Confectioner|100|Fast Food|Gorakhpur|Golghar|https://www.zomato.com/gorakhpur/bikaner-namkeen-bhandaar-and-confectioner-golghar/info|13|Quick Bites|11am to 9pm(Mon-Sun)||NEW|NEW
Dev Kunj Fast Food|200|Fast Food|Gorakhpur|Nanda Nagar|https://www.zomato.com/gorakhpur/dev-kunj-fast-food-nanda-nagar/info|13|Quick Bites|11am to 10pm(Mon-Sun)|Not rated|-|-
Malkin Janta Hotel|0|North Indian|Gorakhpur|Kawwa Bagh Colony|https://www.zomato.com/gorakhpur/malkin-janta-hotel-kawwa-bagh-colony/info|13|Casual Dining|(Mon-Sun)||NEW|NEW
S. Shakti Fast Food And Sweets|200|Burger,Chinese,South Indian,Desserts|Gorakhpur|Betiahata|https://www.zomato.com/gorakhpur/s-shakti-fast-food-and-sweets-betiahata/info|13|Quick Bites|8am to 930pm(Mon-Sun)||NEW|NEW
Aradhana Eating Point|100|North Indian|Gorakhpur|Phase 3rd|https://www.zomato.com/gorakhpur/aradhana-eating-point-phase-3rd/info|13|Quick Bites|10am to 8pm(Mon-Sun)||NEW|NEW
Mr & Mrs Idly|300|South Indian,Chinese|Gorakhpur|Shahpur|https://www.zomato.com/gorakhpur/mr-mrs-idly-1-shahpur/info|13|Casual Dining|9am to 11pm(Mon-Sun)|Average|3.3|8
Artistry Restaurant|500|Continental|Gorakhpur|Golghar|https://www.zomato.com/gorakhpur/artistry-restaurant-1-golghar/info|13|Fine Dining|12noon to 1030pm(Mon-Sun)|Average|3.3|18
Mellow's Vegetarian|200|Chinese|Gorakhpur|Golghar|https://www.zomato.com/gorakhpur/mellows-vegetarian-golghar/info|13|none|2pm to 11pm(Mon-Sun)|Average|3.3|9
Pasha Restro & Lounge|100|Indian|Gorakhpur|Golghar|https://www.zomato.com/gorakhpur/pasha-restro-lounge-golghar/info|13|Quick Bites|1230pm to 11pm(Mon-Sun)|Good|3.6|9
Red Chillie|300|Biryani,Chinese,North Indian|Gorakhpur|Golghar|https://www.zomato.com/gorakhpur/red-chillie-golghar/info|13|Quick Bites|10am to 11pm(Mon-Sun)|Average|3.2|16
Krishna Burger|200|Burger,Fast Food|Gorakhpur|Golghar|https://www.zomato.com/gorakhpur/krishna-burger-golghar/info|14|Quick Bites|11am to 11pm(Mon-Sun)|Average|3.3|20
Khana Shyam|200|Bakery,Mithai|Gorakhpur|Mughala|https://www.zomato.com/gorakhpur/khana-shyam-mughala/info|14|Sweet Shop|9am to 1030pm(Mon-Sun)|Average|3.2|25
Rajwada Restaurant|500|North Indian,Chinese,South Indian,Indian|Gorakhpur|Shakti Nagar Colony|https://www.zomato.com/gorakhpur/rajwada-restaurant-shakti-nagar-colony/info|14|Quick Bites|11am to 11pm(Mon-Sun)|Average|3.2|8
Moti Mahal Delux|600|Continental,Indian,North Indian|Gorakhpur|Mughala|https://www.zomato.com/gorakhpur/moti-mahal-delux-mughala/info|14|Casual Dining|11am to 11pm(Mon-Sun)|Average|3.2|18
SAVVY Gardenia Restaurant|1000|Beverages,Chinese,Indian|Gorakhpur|Vishwakarmapuram|https://www.zomato.com/gorakhpur/savvy-gardenia-restaurant-vishwakarmapuram/info|14|Casual Dining|11am to 11pm(Mon-Sun)|Average|3.3|22
Cake O Holics|100|Desserts|Gorakhpur|Golghar|https://www.zomato.com/gorakhpur/cake-o-holics-1-golghar/info|14|Dessert Parlor|1pm to 11pm(Mon-Sun)|Average|3.2|8
Dinner Point|500|North Indian|Gorakhpur|Kawwa Bagh Colony|https://www.zomato.com/gorakhpur/dinner-point-kawwa-bagh-colony/info|14|Quick Bites|10am to 1130pm(Mon-Sun)|Average|3.2|8
Shree Luxmi Bakers|500|Bakery|Gorakhpur|Betiahata|https://www.zomato.com/gorakhpur/shree-luxmi-bakers-betiahata/info|14|Bakery|9am to 11pm(Mon-Sun)|Average|3.2|16
Kinght Xpress|350|Chinese,North Indian,South Indian|Gorakhpur|Mughala|https://www.zomato.com/gorakhpur/kinght-xpress-mughala/info|14|Quick Bites|11am to 11pm(Mon-Sun)|Average|3.2|10
The Yellow Chilli|500|North Indian,Chinese|Gorakhpur|Kunraghat|https://www.zomato.com/gorakhpur/the-yellow-chilli-kunraghat/info|14|Quick Bites|12noon to 1030pm(Mon-Sun)|Average|3.2|8
Golden fry chicken|200|Biryani,Fast Food,Healthy Food,Indian,Kebab,Mughlai,Street Food|Gorakhpur|Golghar|https://www.zomato.com/gorakhpur/golden-fry-chicken-1-golghar/info|14|Quick Bites|4pm to 1030pm(Mon-Sun)|Average|3.2|13
Baskin Robbins|300|Ice Cream|Gorakhpur|Golghar|https://www.zomato.com/gorakhpur/baskin-robbins-1-golghar/info|14|Dessert Parlor|10am to 1030pm(Mon-Sun)|Average|3.3|8
Sai Kripa Cafe|150|Coffee,Fast Food,Tea|Gorakhpur|Golghar|https://www.zomato.com/gorakhpur/sai-kripa-cafe-golghar/info|14|Quick Bites|11am to 1030pm(Mon-Sun)|Average|3.2|6
Mr.Chef Restaurant|1000|Chinese,North Indian|Gorakhpur|North Humayunpur|https://www.zomato.com/gorakhpur/mr-chef-restaurant-north-humayunpur/info|14|Casual Dining|11am to 11pm(Mon-Sun)|Average|3.2|12
Just Like Restaurant|300|Chinese,North Indian|Gorakhpur|Hussain Nagar|https://www.zomato.com/gorakhpur/just-like-restaurant-hussain-nagar/info|14|Quick Bites|11am to 1030pm(Mon-Sun)|Average|3.2|14
Duggu's Family Metro Restaurant|500|Chinese,Mughlai,North Indian|Gorakhpur|Vikas Nagar|https://www.zomato.com/gorakhpur/duggus-family-metro-restaurant-vikas-nagar/info|15|Dhaba|12noon to 1030pm(Mon-Sun)|Average|3.2|13
Hotel Kama International|100|Fast Food|Gorakhpur|Golghar|https://www.zomato.com/gorakhpur/hotel-kama-international-golghar/info|15|Quick Bites|10am to 11pm(Mon-Sun)|Average|3.2|4
Foodies Junction|100|Fast Food|Gorakhpur|Azad Nagar|https://www.zomato.com/gorakhpur/foodies-junction-azad-nagar/info|15|Quick Bites|5pm to 11pm(Mon-Sun)|Not rated|-|-
Amigos Cafe & Lounge|0|Biryani,Chinese,Continental,North Indian|Gorakhpur|Rapti Nagar Phase 4|https://www.zomato.com/gorakhpur/amigos-cafe-lounge-rapti-nagar-phase-4/info|15|Lounge|12noon to 12midnight(Mon-Sun)|Average|3.2|8
Supriya South Indian|200|Chinese,Fast Food,South Indian|Gorakhpur|Golghar|https://www.zomato.com/gorakhpur/supriya-south-indian-golghar/info|15|Quick Bites|1pm to 11pm(Mon-Sun)|Not rated|-|-
Open Terrace Restro|150|Fast Food|Gorakhpur|Golghar|https://www.zomato.com/gorakhpur/open-terrace-restro-golghar/info|15|Casual Dining|11am to 11pm(Mon-Sun)|Not rated|-|-
Lucknow Dining|500|North Indian|Gorakhpur|Betiahata|https://www.zomato.com/gorakhpur/lucknow-dining-betiahata/info|15|Quick Bites|1pm to 11pm(Mon-Sun)|Average|3.2|5
Kadaknath Non Veg Point And Family Restaurant|200|North Indian|Gorakhpur|Betiahata|https://www.zomato.com/gorakhpur/kadaknath-non-veg-point-and-family-restaurant-betiahata/info|15|Quick Bites|12noon to 11pm(Mon-Sun)|Average|3.2|5
Baskin Robbins|500|Desserts,Ice Cream|Gorakhpur|Golghar|https://www.zomato.com/gorakhpur/baskin-robbins-golghar/info|15|Dessert Parlor|1030am to 12midnight(Mon-Sun)|Not rated|-|-
Food Cage Baker's & Sweets|300|Bakery,Mithai|Gorakhpur|Golghar|https://www.zomato.com/gorakhpur/food-cage-bakers-sweets-golghar/info|15|Sweet Shop|8am to 1030pm(Mon-Sun)|Average|3.2|5
Shri Neelkanth Sweets & Restaurants|300|South Indian,Chinese|Gorakhpur|Shahpur|https://www.zomato.com/gorakhpur/shri-neelkanth-sweets-restaurants-shahpur/info|15|Bakery|11am to 11pm(Mon-Sun)|Not rated|-|-
Chawala Dillivala Restaurant|200|North Indian|Gorakhpur|Shakti Nagar Colony|https://www.zomato.com/gorakhpur/chawala-dillivala-restaurant-shakti-nagar-colony/info|15|Quick Bites|11am to 1030pm(Mon-Sun)|Not rated|-|-
Naturelo Ice Cream|200|Ice Cream|Gorakhpur|Betiahata|https://www.zomato.com/gorakhpur/naturelo-ice-cream-betiahata/info|15|Dessert Parlor|11am to 11pm(Mon-Sun)||NEW|NEW
The Night Spot|350|Burger,Chinese,Pizza|Gorakhpur|Shahpur|https://www.zomato.com/gorakhpur/the-night-spot-shahpur/info|15|Quick Bites|5pm to 2am(Mon-Sun)||NEW|NEW
Daily Fast Food & Biryani|300|Biryani,Chinese,Fast Food|Gorakhpur|Dayanand Nagar|https://www.zomato.com/gorakhpur/daily-fast-food-biryani-dayanand-nagar/info|15|Quick Bites|11am to 11pm(Mon-Sun)|Not rated|-|-
Ambrosia Restaurant|400|North Indian,South Indian,Chinese|Gorakhpur|Shahpur|https://www.zomato.com/gorakhpur/ambrosia-restaurant-shahpur/info|16|Casual Dining|9am to 11pm(Mon-Sun)||NEW|NEW
UBQ by Barbeque Nation|1000|North Indian|Gorakhpur|Golghar|https://www.zomato.com/gorakhpur/ubq-by-barbeque-nation-golghar/info|16|none|12noon to 330pm,630pm to 11pm(Mon-Sun)|Not rated|-|-
Hangoutz|250|Chinese|Gorakhpur|Jatepur|https://www.zomato.com/gorakhpur/hangoutz-jatepur/info|16|Quick Bites|11am to 11pm(Mon-Sun)|Not rated|-|-
Varnica Tiffin Services|300|North Indian|Gorakhpur|Golghar|https://www.zomato.com/gorakhpur/varnica-tiffin-services-golghar/info|16|Quick Bites|11am to 11pm(Mon-Sun)|Not rated|-|-
Spice O Holics|500|Chinese,North Indian|Gorakhpur|Betiahata|https://www.zomato.com/gorakhpur/spice-o-holics-betiahata/info|16|Quick Bites|11am to 11pm(Mon-Sun)|Not rated|-|-
The Foody's|300|Chinese,Continental,North Indian|Gorakhpur|Golghar|https://www.zomato.com/gorakhpur/the-foodys-golghar/info|16|Quick Bites|11am to 11pm(Mon-Sun)|Not rated|-|-
Tandoori Town|200|North Indian|Gorakhpur|Kawwa Bagh Colony|https://www.zomato.com/gorakhpur/tandoori-town-kawwa-bagh-colony/info|16|none|11am to 11pm(Mon-Sun)||NEW|NEW
Eat & Meet|200|North Indian,Chinese|Gorakhpur|Kunraghat|https://www.zomato.com/gorakhpur/eat-meet-kunraghat/info|16|Quick Bites|1130am to 1030pm(Mon-Sun)||NEW|NEW
Kolkata Royal Biryani House & Fast Food|200|North Indian,Fast Food|Gorakhpur|Moharipur|https://www.zomato.com/gorakhpur/kolkata-royal-biryani-house-fast-food-moharipur/info|16|Quick Bites|11am to 11pm(Mon-Sun)|Not rated|-|-
Golden Chicken Corner|300|North Indian|Gorakhpur|Ilahi Bagh|https://www.zomato.com/gorakhpur/golden-chicken-corner-ilahi-bagh/info|16|Quick Bites|4pm to 1030pm(Mon-Sun)|Not rated|-|-
Angel Bakers N Cafe|250|Bakery,Chinese,Fast Food|Gorakhpur|Shatabdipuram|https://www.zomato.com/gorakhpur/angel-bakers-n-cafe-1-shatabdipuram/info|16|Bakery|8am to 11pm(Mon-Sun)|Not rated|-|-
Tasty Zaika Restaurant|200|North Indian,Fast Food|Gorakhpur|Ilahi Bagh|https://www.zomato.com/gorakhpur/tasty-zaika-restaurant-ilahi-bagh/info|16|Quick Bites|10am to 11pm(Mon-Sun)|Not rated|-|-
Melty - Fried Ice Cream Rolls|150|Ice Cream|Gorakhpur|Phase 3rd|https://www.zomato.com/gorakhpur/melty-fried-ice-cream-rolls-phase-3rd/info|16|Dessert Parlor|530am to 11pm(Mon-Sun)|Not rated|-|-
Hideout Musical Cafe|200|North Indian|Gorakhpur|Azad Nagar|https://www.zomato.com/gorakhpur/hideout-musical-cafe-1-azad-nagar/info|16|Quick Bites|11am to 1030pm(Mon-Sun)||NEW|NEW
Awsome Foodz|200|Fast Food|Gorakhpur|Kunraghat|https://www.zomato.com/gorakhpur/awsome-foodz-kunraghat/info|16|none|11am to 11pm(Mon-Sun)||NEW|NEW
Royal Darbar- Restaurant & Banquet|150|North Indian|Gorakhpur|Shakti Nagar Colony|https://www.zomato.com/gorakhpur/royal-darbar-restaurant-banquet-shakti-nagar-colony/info|2|Casual Dining|8am to 11pm(Mon-Sun)|Good|3.5|74
Muncchies|400|Burger,Chinese,Fast Food,Pizza|Gorakhpur|Ilahi Bagh|https://www.zomato.com/gorakhpur/muncchies-ilahi-bagh/info|2|Quick Bites|11am to 11pm(Mon-Sun)|Average|3.2|75
Cafe Royal & Bakers|600|Bakery,Chinese,Cafe,Continental|Gorakhpur|Shahpur|https://www.zomato.com/gorakhpur/cafe-royal-bakers-shahpur/info|2|Bakery|11am to 11pm(Mon-Sun)|Average|3.4|63
Black salt|400|North Indian|Gorakhpur|Golghar|https://www.zomato.com/gorakhpur/black-salt-golghar/info|2|Fine Dining|11am to 11pm(Mon-Sun)|Average|3.4|60
Curry On Restaurant|800|North Indian,Mughlai,Chinese|Gorakhpur|Golghar|https://www.zomato.com/gorakhpur/curry-on-restaurant-golghar/info|2|Casual Dining|12noon to 1130pm(Mon-Sun)|Average|3.4|81
The Curry Night Restaurant|800|Continental,North Indian,South Indian|Gorakhpur|Bade Kajipur|https://www.zomato.com/gorakhpur/the-curry-night-restaurant-bade-kajipur/info|2|Casual Dining|11am to 11pm(Mon-Sun)|Good|3.6|143
Sharda Dinings|1000|Chinese,Continental,Mughlai,North Indian|Gorakhpur|Dayanand Nagar|https://www.zomato.com/gorakhpur/sharda-dinings-dayanand-nagar/info|2|Casual Dining|11am to 11pm(Mon-Sun)|Average|3.4|129
Danny's Kitchen|300|Chinese,Continental,North Indian|Gorakhpur|Shahpur|https://www.zomato.com/gorakhpur/dannys-kitchen-shahpur/info|2|Casual Dining|11am to 11pm(Mon-Sun)|Average|3.3|49
New Al- Baike|150|Burger,Fast Food|Gorakhpur|Bade Kajipur|https://www.zomato.com/gorakhpur/new-al-baike-bade-kajipur/info|2|none|11am to 11pm(Mon-Sun)|Good|3.7|58
Mak Foodies|100|Fast Food|Gorakhpur|Azad Nagar|https://www.zomato.com/gorakhpur/mak-foodies-azad-nagar/info|2|Quick Bites|11am to 11pm(Mon-Sun)|Average|3.4|44
Cinnamon|600|Continental,Fast Food,North Indian|Gorakhpur|Betiahata|https://www.zomato.com/gorakhpur/cinnamon-betiahata/info|2|Casual Dining|11am to 11pm(Mon-Sun)|Good|3.6|153
Agrawal Restra|1000|Chinese,North Indian,Pizza|Gorakhpur|Betiahata|https://www.zomato.com/gorakhpur/agrawal-restra-betiahata/info|2|Casual Dining|11am to 11pm(Mon-Sun)|Average|3.4|70
Cafe Mitrah|400|Cafe,Fast Food|Gorakhpur|Golghar|https://www.zomato.com/gorakhpur/cafe-mitrah-golghar/info|2|Café|11am to 10pm(Mon-Sat),1pm to 10pm(Sun)|Good|3.7|193
Lazeez Restaurant|400|North Indian|Gorakhpur|Azad Nagar|https://www.zomato.com/gorakhpur/lazeez-restaurant-azad-nagar/info|2|Quick Bites|10am to 1030pm(Mon-Sun)|Average|3.3|66
Apple Cafe & Bakery|500|Bakery,Coffee,Continental,Fast Food,North Indian,Pizza,Sandwich,South Indian|Gorakhpur|Shahpur|https://www.zomato.com/gorakhpur/apple-cafe-bakery-shahpur/info|2|Bakery|9am to 11pm(Mon-Sun)|Average|3.4|105
OASIS - HOTEL PARK REGENCY|1000|North Indian|Gorakhpur|Phase 3rd|https://www.zomato.com/gorakhpur/oasis-hotel-park-regency-phase-3rd/info|3|Casual Dining|11am to 11pm(Mon-Sun)|Average|3.4|58
Shiv Ganga Bakers|100|Bakery|Gorakhpur|Golghar|https://www.zomato.com/gorakhpur/shiv-ganga-bakers-golghar/info|3|Bakery|11am to 11pm(Mon-Sun)|Average|3.4|32
Munchies Cafe|300|Fast Food|Gorakhpur|Golghar|https://www.zomato.com/gorakhpur/munchies-cafe-golghar/info|3|Quick Bites|11am to 11pm(Mon-Sun)|Average|3.4|33
Pizza Point|100|Pizza|Gorakhpur|Azad Nagar|https://www.zomato.com/gorakhpur/pizza-point-1-azad-nagar/info|3|Quick Bites|12noon to 10pm(Mon-Sun)|Good|3.7|82
Ice Cream Rolls|200|Ice Cream,Desserts|Gorakhpur|Golghar|https://www.zomato.com/gorakhpur/ice-cream-rolls-golghar/info|3|Dessert Parlor|11am to 11pm(Mon-Sun)|Average|3.4|13
Brewerz - The Coffee Bar|600|Coffee,Cafe|Gorakhpur|Azad Nagar|https://www.zomato.com/gorakhpur/brewerz-the-coffee-bar-azad-nagar/info|3|Café|10am to 10pm(Mon-Sun)|Average|3.4|89
Biryani Darbar|200|Biryani|Gorakhpur|Golghar|https://www.zomato.com/gorakhpur/biryani-darbar-golghar/info|3|Quick Bites|1030am to 1030pm(Mon-Sun)|Average|3.3|49
Keventers|400|Desserts,Beverages,Ice Cream|Gorakhpur|Betiahata|https://www.zomato.com/gorakhpur/keventers-betiahata/info|3|Beverage Shop|10am to 11pm(Mon-Sun)|Good|3.5|41
Shahanshah -Taste Mein Baap|800|Chinese,Continental,Indian|Gorakhpur|Golghar|https://www.zomato.com/gorakhpur/shahanshah-taste-mein-baap-2-golghar/info|3|Casual Dining|1130am to 11pm(Mon-Sun)|Average|3.4|64
Rollsryce|100|Rolls|Gorakhpur|Rapti Nagar Phase 4|https://www.zomato.com/gorakhpur/rollsryce-rapti-nagar-phase-4/info|3|Quick Bites|11am to 11pm(Mon-Sun)|Average|3.3|62
Cake O Holics|200|Chinese,Indian,Bakery|Gorakhpur|Ilahi Bagh|https://www.zomato.com/gorakhpur/cake-o-holics-ilahi-bagh/info|3|Bakery|11am to 11pm(Mon-Sun)|Average|3.2|75
Up 53|300|Chinese,North Indian|Gorakhpur|Golghar|https://www.zomato.com/gorakhpur/up-53-golghar/info|3|Quick Bites|11am to 11pm(Mon-Sun)|Average|3.4|31
Singh Biryani Corner|100|North Indian|Gorakhpur|Golghar|https://www.zomato.com/gorakhpur/singh-biryani-corner-golghar/info|3|Quick Bites|12noon to 11pm(Mon-Sun)|Average|3.4|37
Abbasi Chicken Crunchy Bites|100|Burger,Fast Food|Gorakhpur|Bade Kajipur|https://www.zomato.com/gorakhpur/abbasi-chicken-crunchy-bites-bade-kajipur/info|3|Quick Bites|1230pm to 930pm(Mon-Sun)|Good|3.5|79
RED Chilly The Restaurant|500|North Indian,Chinese|Gorakhpur|Azad Nagar|https://www.zomato.com/gorakhpur/red-chilly-the-restaurant-azad-nagar/info|3|Quick Bites|7am to 11pm(Mon-Sun)|Average|3.3|30
AFC Restaurant|400|American|Gorakhpur|Kawwa Bagh Colony|https://www.zomato.com/gorakhpur/afc-restaurant-kawwa-bagh-colony/info|4|Quick Bites|11am to 10pm(Mon-Sun)|Average|3.3|59
Much More|200|Chinese,North Indian|Gorakhpur|Golghar|https://www.zomato.com/gorakhpur/much-more-golghar/info|4|Café|11am to 10pm(Mon-Sun)|Average|3.3|15
Via-Kitchen|250|Fast Food|Gorakhpur|Hussain Nagar|https://www.zomato.com/gorakhpur/via-kitchen-hussain-nagar/info|4|Quick Bites|12noon to 10pm(Mon),12noon to 1030pm(Tue-Sun)|Average|3.4|33
Momo Cabin|200|Chinese,Momos|Gorakhpur|Shahpur|https://www.zomato.com/gorakhpur/momo-cabin-shahpur/info|4|Quick Bites|1pm to 930pm(Mon-Sun)|Average|3.3|39
S S Restaurant|600|Continental,Indian,North Indian|Gorakhpur|Rapti Nagar Phase 4|https://www.zomato.com/gorakhpur/s-s-restaurant-rapti-nagar-phase-4/info|4|Casual Dining|11am to 11pm(Mon-Sun)|Average|3.3|50
Cafeshala|200|Rolls,Pizza,Burger,Fast Food,Sandwich,Wraps|Gorakhpur|Hussain Nagar|https://www.zomato.com/gorakhpur/cafeshala-1-hussain-nagar/info|4|Café|11am to 9pm(Mon-Sun)|Average|3.4|34
Foodies|200|Chinese,Fast Food|Gorakhpur|North Humayunpur|https://www.zomato.com/gorakhpur/foodies-north-humayunpur/info|4|Quick Bites|1030am to 930pm(Mon,Tue,Sat),10am to 11pm...|Good|3.5|50
Goli Vada Pav|200|Fast Food,Rolls|Gorakhpur|Dayanand Nagar|https://www.zomato.com/gorakhpur/goli-vada-pav-dayanand-nagar/info|4|Quick Bites|11am to 11pm(Mon-Sun)|Average|3.2|74
Class Bunk Cafe & Kitchen|300|Fast Food|Gorakhpur|Golghar|https://www.zomato.com/gorakhpur/class-bunk-cafe-kitchen-golghar/info|4|Quick Bites|11am to 11pm(Mon-Sun)||NEW|NEW
Bindass Dhabha|100|North Indian|Gorakhpur|Basantpur|https://www.zomato.com/gorakhpur/bindass-dhabha-basantpur/info|4|Quick Bites|11am to 10pm(Mon-Sun)|Good|3.5|45
Tip Top Eggroll & Biryani Corner|100|North Indian,Fast Food,Rolls|Gorakhpur|Betiahata|https://www.zomato.com/gorakhpur/tip-top-eggroll-biryani-corner-betiahata/info|4|Quick Bites|11am to 1015pm(Mon-Sun)|Good|3.5|70
Gup Chup Chat|150|Street Food|Gorakhpur|Azad Nagar|https://www.zomato.com/gorakhpur/gup-chup-chat-azad-nagar/info|4|Quick Bites|10am to 10pm(Mon-Sun)|Good|3.5|42
Go 69 Pizza|300|Italian,Pizza,Beverages|Gorakhpur|Shahpur|https://www.zomato.com/gorakhpur/go-69-pizza-shahpur/info|4|Quick Bites|1030am to 11pm(Mon-Sun)|Average|3.3|15
Lucknow Biryani|300|Biryani|Gorakhpur|Golghar|https://www.zomato.com/gorakhpur/lucknow-biryani-golghar/info|4|Quick Bites|130pm to 11pm(Mon-Sun)|Average|3.4|44
Paratha House|100|North Indian|Gorakhpur|Golghar|https://www.zomato.com/gorakhpur/paratha-house-golghar/info|4|Quick Bites|11am to 10pm(Mon-Sun)|Average|3.4|20
Dastarkhwan Family Restaurant|300|Mughlai,North Indian|Gorakhpur|Shahpur|https://www.zomato.com/gorakhpur/dastarkhwan-family-restaurant-shahpur/info|5|Quick Bites|11am to 11pm(Mon-Sun)|Average|3.3|28
Sufi's Kitchen|100|North Indian|Gorakhpur|Azad Nagar|https://www.zomato.com/gorakhpur/sufis-kitchen-azad-nagar/info|5|Quick Bites|1pm to 10pm(Mon-Sun)|Average|3.4|37
Bryn Flavour Restaurant|1000|Chinese,South Indian|Gorakhpur|Dayanand Nagar|https://www.zomato.com/gorakhpur/bryn-flavour-restaurant-dayanand-nagar/info|5|Casual Dining|11am to 11pm(Mon-Sun)|Average|3.3|49
Swag Factory|150|Sandwich,Momos,Chinese,Burger|Gorakhpur|Golghar|https://www.zomato.com/gorakhpur/swag-factory-golghar/info|5|Food Truck|5pm to 10pm(Mon-Sun)|Average|3.4|37
Tunday Kababi|350|Chinese,Indian,Mughlai|Gorakhpur|Betiahata|https://www.zomato.com/gorakhpur/tunday-kababi-betiahata/info|5|Quick Bites|11am to 11pm(Mon-Sun)|Average|3.3|55
Singh Chaat Corner|150|Street Food|Gorakhpur|Golghar|https://www.zomato.com/gorakhpur/singh-chaat-corner-golghar/info|5|Quick Bites|11am to 6pm(Mon-Sun)|Good|3.5|23
Clean Bowled|300|North Indian|Gorakhpur|Golghar|https://www.zomato.com/gorakhpur/clean-bowled-1-golghar/info|5|Quick Bites|3pm to 10pm(Mon-Sun)|Average|3.3|28
The Rolling Stoves|50|North Indian,Fast Food|Gorakhpur|Azad Nagar|https://www.zomato.com/gorakhpur/the-rolling-stoves-azad-nagar/info|5|Dhaba|12noon to 10pm(Mon-Sun)|Good|3.5|32
Sukhsagar Mishthan N Restaurant|300|Chinese,Fast Food,Indian,Mithai,South Indian|Gorakhpur|Golghar|https://www.zomato.com/gorakhpur/sukhsagar-mishthan-n-restaurant-golghar/info|5|Casual Dining|11am to 9pm(Mon-Sun)|Average|3.3|25
Maa Kripa Snacks And Sweets|100|Mithai,Street Food|Gorakhpur|Miyan Baza|https://www.zomato.com/gorakhpur/maa-kripa-snacks-and-sweets-miyan-baza/info|5|Sweet Shop|1230pm to 11pm(Mon),1pm to 9pm(Tue-Sun)|Average|3.2|5
Rasoi Ghar|200|North Indian|Gorakhpur|Azad Nagar|https://www.zomato.com/gorakhpur/rasoi-ghar-azad-nagar/info|5|Quick Bites|11am to 10pm(Mon-Sun)|Average|3.4|19
The Yahoo Foods & Cafe|350|North Indian|Gorakhpur|Mughala|https://www.zomato.com/gorakhpur/the-yahoo-foods-cafe-mughala/info|5|Café|11am to 10pm(Mon-Sun)|Average|3.4|17
Brewbakes|100|Cafe|Gorakhpur|Azad Nagar|https://www.zomato.com/gorakhpur/brewbakes-azad-nagar/info|5|Quick Bites|10am to 10pm(Mon-Sun)|Average|3.2|10
Food Plaza|100|Chinese,Fast Food,South Indian|Gorakhpur|Hussain Nagar|https://www.zomato.com/gorakhpur/food-plaza-hussain-nagar/info|5|Quick Bites|11am to 930pm(Mon-Sun)|Average|3.4|14
G Chaodhary Sweet House|200|South Indian,Burger|Gorakhpur|Golghar|https://www.zomato.com/gorakhpur/g-chaodhary-sweet-house-golghar/info|5|Casual Dining|(Mon-Sun)|Average|3.3|13
Cake O Holics|300|Bakery|Gorakhpur|Betiahata|https://www.zomato.com/gorakhpur/cake-o-holics-betiahata/info|6|Bakery|10am to 10pm(Mon-Sun)|Average|3.3|7
Satkar Momo Hut|200|Fast Food,Street Food|Gorakhpur|Betiahata|https://www.zomato.com/gorakhpur/satkar-momo-hut-betiahata/info|6|Quick Bites|12noon to 9pm(Mon-Sun)|Average|3.3|10
Green Chilli|500|South Indian,North Indian,Mughlai|Gorakhpur|Shakti Nagar Colony|https://www.zomato.com/gorakhpur/green-chilli-shakti-nagar-colony/info|6|Casual Dining|11am to 10pm(Mon-Sun)|Average|3.4|22
Rasoiya|300|North Indian|Gorakhpur|Golghar|https://www.zomato.com/gorakhpur/rasoiya-golghar/info|6|Quick Bites|11am to 11pm(Mon-Sun)|Average|3.4|25
Thandi Haveli The Ice Cream|200|Ice Cream|Gorakhpur|Golghar|https://www.zomato.com/gorakhpur/thandi-haveli-the-ice-cream-golghar/info|6|Dessert Parlor|11am to 11pm(Mon-Sun)|Average|3.3|16
The Spicy Rasoi|1000|Chinese,Mughlai,North Indian|Gorakhpur|Hussain Nagar|https://www.zomato.com/gorakhpur/the-spicy-rasoi-hussain-nagar/info|6|Casual Dining|1130am to 1030pm(Mon-Sun)|Average|3.3|38
Lucknow Biryani & Fries|600|Biryani|Gorakhpur|Azad Nagar|https://www.zomato.com/gorakhpur/lucknow-biryani-fries-azad-nagar/info|6|Quick Bites|12noon to 9pm(Mon-Sun)|Average|3.4|20
Umesha Sweets|150|Mithai|Gorakhpur|Mirzapur Pachpedwa|https://www.zomato.com/gorakhpur/umesha-sweets-mirzapur-pachpedwa/info|6|Sweet Shop|1030am to 930pm(Mon-Sun)|Average|3.3|20
Green Fast Food|300|Beverages,Chinese,Continental|Gorakhpur|Rajendra Nagar|https://www.zomato.com/gorakhpur/green-fast-food-rajendra-nagar/info|6|Quick Bites|9am to 10pm(Mon-Sun)|Average|3.3|21
New Macedos Restaurant|100|Fast Food|Gorakhpur|Golghar|https://www.zomato.com/gorakhpur/new-macedos-restaurant-golghar/info|6|Quick Bites|12noon to 11pm(Mon-Sun)|Average|3.3|15
King Bakers|350|Bakery|Gorakhpur|Golghar|https://www.zomato.com/gorakhpur/king-bakers-golghar/info|6|Bakery|(Mon-Sun)|Average|3.2|5
Eggetarian|200|Fast Food|Gorakhpur|Golghar|https://www.zomato.com/gorakhpur/eggetarian-golghar/info|6|Quick Bites|11am to 11pm(Mon-Sun)|Average|3.4|25
Biryani Corner|300|Biryani|Gorakhpur|Azad Nagar|https://www.zomato.com/gorakhpur/biryani-corner-azad-nagar/info|6|Quick Bites|11am to 10pm(Mon-Sun)|Average|3.2|34
Star Pizza|250|Pizza|Gorakhpur|Golghar|https://www.zomato.com/gorakhpur/star-pizza-golghar/info|6|Quick Bites|10am to 10pm(Mon-Sat),Closed(Sun)|Good|3.5|15
Jai Mata Di Restaurant|200|North Indian|Gorakhpur|Rajendra Nagar|https://www.zomato.com/gorakhpur/jai-mata-di-restaurant-rajendra-nagar/info|6|Quick Bites|10am to 10pm(Mon-Sun)|Not rated|-|-
Quality Jalpan Grih|200|Street Food,Fast Food|Gorakhpur|Golghar|https://www.zomato.com/gorakhpur/quality-jalpan-grih-golghar/info|7|Quick Bites|9am to 6pm(Mon-Sun)||NEW|NEW
Sai Chinese Food|250|Chinese|Gorakhpur|Golghar|https://www.zomato.com/gorakhpur/sai-chinese-food-golghar/info|7|Quick Bites|4pm to 10pm(Mon-Sun)|Average|3.3|14
Kathi nation|150|Rolls,Biryani|Gorakhpur|Golghar|https://www.zomato.com/gorakhpur/kathi-nation-golghar/info|7|Food Court|1pm to 10pm(Mon-Sun)||NEW|NEW
Cold Valley|200|Chinese,Desserts,Beverages,Fast Food,Rolls|Gorakhpur|Rajendra Nagar|https://www.zomato.com/gorakhpur/cold-valley-rajendra-nagar/info|7|Quick Bites|(Mon-Sun)|Average|3.2|7
Shyam Sweets & Restaurant|100|Mithai,Fast Food|Gorakhpur|Azad Nagar|https://www.zomato.com/gorakhpur/shyam-sweets-restaurant-azad-nagar/info|7|Sweet Shop|11am to 10pm(Mon-Sun)|Not rated|-|-
Rock N Roll Cafe & Restaurant|100|Fast Food|Gorakhpur|Azad Nagar|https://www.zomato.com/gorakhpur/rock-n-roll-cafe-restaurant-1-azad-nagar/info|7|Quick Bites|2pm to 10pm(Mon-Sun)|Average|3.2|13
Nukkad Cafe & Restaurant|300|Chinese,North Indian|Gorakhpur|Ramjanki Nagar|https://www.zomato.com/gorakhpur/nukkad-cafe-restaurant-ramjanki-nagar/info|7|Quick Bites|8am to 10pm(Mon-Sun)|Average|3.2|13
ADSR Food & Beverages|100|Fast Food,Beverages|Gorakhpur|Shahpur|https://www.zomato.com/gorakhpur/adsr-food-beverages-shahpur/info|7|Quick Bites|11am to 10pm(Mon-Sun)|Average|3.2|7
Lotus Bakery|250|Bakery|Gorakhpur|Shahpur|https://www.zomato.com/gorakhpur/lotus-bakery-shahpur/info|7|Bakery|10am to 10pm(Mon-Sun)|Average|3.2|13
The Shubham Sweets & Restaurant|100|Mithai,Fast Food|Gorakhpur|Kunraghat|https://www.zomato.com/gorakhpur/the-shubham-sweets-restaurant-kunraghat/info|7|Sweet Shop|11am to 10pm(Mon-Sun)||NEW|NEW
Chowdhry Sweet & Bakery|150|Desserts,Mithai|Gorakhpur|Shahpur|https://www.zomato.com/gorakhpur/chowdhry-sweet-bakery-shahpur/info|7|Bakery|10am to 8pm(Mon-Sun)|Average|3.2|18
Thandi haveli|100|Ice Cream|Gorakhpur|Shahpur|https://www.zomato.com/gorakhpur/thandi-haveli-shahpur/info|7|Dessert Parlor|11am to 10pm(Mon-Sun)|Not rated|-|-
Prakash Vaishnav Hotel|100|North Indian|Gorakhpur|Golghar|https://www.zomato.com/gorakhpur/prakash-vaishnav-hotel-golghar/info|7|Quick Bites|10am to 930pm(Mon-Sun)|Average|3.3|7
Kolkata Biryani Center|300|Biryani|Gorakhpur|Betiahata|https://www.zomato.com/gorakhpur/kolkata-biryani-center-betiahata/info|7|Quick Bites|11am to 10pm(Mon-Sun)|Average|3.3|8
Annapurna Sweets|300|Street Food,Mithai|Gorakhpur|Shakti Nagar Colony|https://www.zomato.com/gorakhpur/annapurna-sweets-shakti-nagar-colony/info|7|Quick Bites|9am to 9pm(Mon-Sun)|Average|3.3|10
Good Bakers|100|Bakery|Gorakhpur|Azad Nagar|https://www.zomato.com/gorakhpur/good-bakers-azad-nagar/info|8|Bakery|12noon to 9pm(Mon-Sun)|Average|3.2|6
Krishna Chaudhari Sweet|150|Mithai|Gorakhpur|Kawwa Bagh Colony|https://www.zomato.com/gorakhpur/krishna-chaudhari-sweet-kawwa-bagh-colony/info|8|Quick Bites|11am to 10pm(Mon-Sun)|Average|3.4|9
Madhur Mishthan|100|Mithai|Gorakhpur|Shakti Nagar Colony|https://www.zomato.com/gorakhpur/madhur-mishthan-shakti-nagar-colony/info|8|Sweet Shop|2pm to 10pm(Mon-Sun)|Average|3.3|14
Pizza Cafe Day|250|Pizza,Cafe|Gorakhpur|Rapti Nagar Phase 4|https://www.zomato.com/gorakhpur/pizza-cafe-day-rapti-nagar-phase-4/info|8|Quick Bites|11am to 10pm(Mon-Sun)|Average|3.2|14
Hangoutz|150|Rolls,Chinese,Burger|Gorakhpur|Shahpur|https://www.zomato.com/gorakhpur/hangoutz-shahpur/info|8|Food Court|(Mon-Sun)|Average|3.2|5
Green Leaf-A Family Paan Cafe|100|North Indian|Gorakhpur|Golghar|https://www.zomato.com/gorakhpur/green-leaf-a-family-paan-cafe-golghar/info|8|Quick Bites|11am to 10pm(Mon-Sun)|Not rated|-|-
Pizza Cafe Day|300|Fast Food,Pizza|Gorakhpur|Shatabdipuram|https://www.zomato.com/gorakhpur/pizza-cafe-day-shatabdipuram/info|8|Quick Bites|10am to 1030pm(Mon-Sun)|Average|3.2|37
7th Heaven|400|Desserts|Gorakhpur|Betiahata|https://www.zomato.com/gorakhpur/7th-heaven-betiahata/info|8|Bakery|11am to 11pm(Mon-Sun)|Average|3.2|12
Hungry Family Restaurant|300|North Indian|Gorakhpur|Rapti Nagar Phase 4|https://www.zomato.com/gorakhpur/hungry-family-restaurant-rapti-nagar-phase-4/info|8|Quick Bites|1130am to 10pm(Mon-Sun)|Average|3.2|5
Bad Boys|250|North Indian|Gorakhpur|Golghar|https://www.zomato.com/gorakhpur/bad-boys-golghar/info|8|Quick Bites|(Mon-Sun)||NEW|NEW
Manoranjan Cakes Bakes|350|Bakery|Gorakhpur|Golghar|https://www.zomato.com/gorakhpur/manoranjan-cakes-bakes-golghar/info|8|Bakery|830am to 830pm(Mon-Sun)|Average|3.2|6
The Eat India Company|300|North Indian,Chinese|Gorakhpur|Golghar|https://www.zomato.com/gorakhpur/the-eat-india-company-4-golghar/info|8|Casual Dining|(Mon-Sun)|Average|3.2|5
Bobi's bakery|250|Burger,Bakery|Gorakhpur|Golghar|https://www.zomato.com/gorakhpur/bobis-bakery-golghar/info|8|Bakery|(Mon-Sun)|Average|3.2|6
Agrawal kaar..khana|250|North Indian,Chinese,Fast Food|Gorakhpur|Shahpur|https://www.zomato.com/gorakhpur/agrawal-kaar-khana-shahpur/info|8|Casual Dining|(Mon-Sun)|Average|3.2|7
New Chik pack and Kanpur biryani the family restaurant|250|North Indian,Biryani|Gorakhpur|Shahpur|https://www.zomato.com/gorakhpur/new-chik-pack-and-kanpur-biryani-the-family-restaurant-shahpur/info|8|Casual Dining|1pm to 10pm(Mon-Sun)|Average|3.2|9
Gorakhnath Mishthan|200|Street Food,Mithai|Gorakhpur|Shakti Nagar Colony|https://www.zomato.com/gorakhpur/gorakhnath-mishthan-shakti-nagar-colony/info|9|Quick Bites|9am to 10pm(Mon-Sun)|Average|3.2|13
Dinner Point|1000|Chinese,Continental,North Indian,South Indian|Gorakhpur|Shahpur|https://www.zomato.com/gorakhpur/dinner-point-shahpur/info|9|Casual Dining|11am to 11pm(Mon-Sun)|Average|3.3|24
The bread box|300|Bakery|Gorakhpur|Rapti Nagar Phase 4|https://www.zomato.com/gorakhpur/the-bread-box-rapti-nagar-phase-4/info|9|Bakery|(Mon-Sun)|Average|3.2|4
Cyclone|1000|North Indian,Continental,Chinese|Gorakhpur|Azad Nagar|https://www.zomato.com/gorakhpur/cyclone-azad-nagar/info|9|Lounge|(Mon-Sun)|Average|3.2|8
Rama Sweets & Restaurant|100|Indian|Gorakhpur|Shakti Nagar Colony|https://www.zomato.com/gorakhpur/rama-sweets-restaurant-shakti-nagar-colony/info|9|Quick Bites|9am to 10pm(Mon-Sun)|Average|3.3|8
Makhan Bhog|150|Mithai|Gorakhpur|Miyan Baza|https://www.zomato.com/gorakhpur/makhan-bhog-miyan-baza/info|9|Sweet Shop|8am to 10am(Mon-Sun)|Average|3.2|10
Retreat|200|North Indian|Gorakhpur|Golghar|https://www.zomato.com/gorakhpur/retreat-golghar/info|9|Food Court|(Mon-Sun)|Average|3.3|5
Wood box|150|Pizza,Burger,Rolls,Sandwich|Gorakhpur|Golghar|https://www.zomato.com/gorakhpur/wood-box-golghar/info|9|Café|(Mon-Sun)|Average|3.2|8
Cake O Holics|100|Bakery|Gorakhpur|Jatepur|https://www.zomato.com/gorakhpur/cake-o-holics-jatepur/info|9|Bakery|12noon to 8pm(Mon-Sun)|Not rated|-|-
Crazy Bite|250|Fast Food|Gorakhpur|Kunraghat|https://www.zomato.com/gorakhpur/crazy-bite-1-kunraghat/info|9|Quick Bites|1030am to 10pm(Mon-Sun)|Average|3.2|10
Bhola Mutton Shop|100|Biryani,North Indian|Gorakhpur|Golghar|https://www.zomato.com/gorakhpur/bhola-mutton-shop-golghar/info|9|Quick Bites|11am to 6pm(Mon-Sun)|Average|3.2|8
Modella Bakers|100|Bakery|Gorakhpur|Golghar|https://www.zomato.com/gorakhpur/modella-bakers-golghar/info|9|Bakery|11am to 10pm(Mon-Sun)|Average|3.3|4
Annapurna Sweets|150|Mithai,Street Food|Gorakhpur|Azad Nagar|https://www.zomato.com/gorakhpur/annapurna-sweets-azad-nagar/info|9|Sweet Shop|10am to 10pm(Mon-Sun)|Average|3.2|5
Rajnandini Restaurant & Banquet|200|North Indian|Gorakhpur|Azad Nagar|https://www.zomato.com/gorakhpur/rajnandini-restaurant-banquet-1-azad-nagar/info|9|none|1055am to 1030pm(Mon-Sun)|Average|3.3|21
Bite Club|100|Fast Food,North Indian|Gorakhpur|Azad Nagar|https://www.zomato.com/gorakhpur/bite-club-azad-nagar/info|9|Quick Bites|11am to 9pm(Mon-Sun)|Average|3.2|11
