NAME|PRICE|CUSINE_CATEGORY|CITY|REGION|URL|PAGE NO|CUSINE TYPE|TIMING|RATING_TYPE|RATING|VOTES
Babu Biryani Point|250|Biryani|Guntur|Srinivasarao Pet|https://www.zomato.com/guntur/babu-biryani-point-srinivasarao-pet/info|1|Quick Bites|11am to 11pm(Mon-Sun)|Good|3.8|186
Sri Anjaneya Restaurant|350|Biryani,North Indian,Chinese|Guntur|Brodipet|https://www.zomato.com/guntur/sri-anjaneya-restaurant-brodipet/info|1|Casual Dining|1030am to 11pm(Mon-Sun)|Good|3.6|903
KFC|400|Burger,Fast Food|Guntur|Brodipet|https://www.zomato.com/guntur/kfc-brodipet/info|1|Quick Bites|11am to 11pm(Mon-Sun)|Good|3.7|873
Pizza World|350|Pizza,Chinese,North Indian,Biryani,Burger,Desserts,Beverages|Guntur|Brodipet|https://www.zomato.com/guntur/pizza-world-brodipet/info|1|Casual Dining|10am to 11pm(Mon-Sun)|Good|3.8|353
Sri Sankara Vilas|400|South Indian,Andhra|Guntur|Brodipet|https://www.zomato.com/guntur/sri-sankara-vilas-brodipet/info|1|Quick Bites|630am to 1030pm(Mon-Sun)|Good|3.8|351
Paradise|800|Biryani,North Indian|Guntur|Brodipet|https://www.zomato.com/guntur/paradise-brodipet/info|1|Casual Dining|11am to 11pm(Mon-Sun)|Average|3.3|811
Tomatoes|350|South Indian,North Indian,Chinese,Biryani,Andhra|Guntur|Brodipet|https://www.zomato.com/guntur/tomatoes-brodipet/info|1|Casual Dining|1130am to 3pm,7pm to 1030pm(Mon-Sun)|Good|3.7|251
Viceroy Biryani Point|350|South Indian,North Indian|Guntur|Brodipet|https://www.zomato.com/guntur/viceroy-biryani-point-brodipet/info|1|Casual Dining|12noon to 330pm,7pm to 1030pm(Mon-Sun)|Good|3.9|600
Chennai Thalapakatti Biryani|550|Biryani|Guntur|Old Guntur|https://www.zomato.com/guntur/chennai-thalapakatti-biryani-old-guntur/info|1|Quick Bites|1130am to 1030pm(Mon-Sun)|Good|3.6|424
V Royal Park|500|Chinese,Indian|Guntur|Brodipet|https://www.zomato.com/guntur/v-royal-park-brodipet/info|1|Casual Dining|11am to 11pm(Mon-Sun)|Good|3.8|351
Bowl & Barbeque|550|North Indian,Chinese,Seafood,Rolls,BBQ|Guntur|Brodipet|https://www.zomato.com/guntur/bowl-barbeque-brodipet/info|1|Casual Dining|11am to 11pm(Mon),1115am to 11pm(Tue-Sun)|Good|3.8|275
Varalakshmi Tiffins|200|South Indian|Guntur|Srinivasa Nagar Colony|https://www.zomato.com/guntur/varalakshmi-tiffins-srinivasa-nagar-colony/info|1|Quick Bites|630am to 11am,530pm to 11pm(Mon-Sun)|Very Good|4.1|416
S R Grand|500|South Indian,North Indian,Chinese,Biryani,Andhra|Guntur|Brodipet|https://www.zomato.com/guntur/s-r-grand-brodipet/info|1|Casual Dining|11am to 11pm(Mon-Sun)|Good|3.7|447
Domino's Pizza|750|Pizza,Fast Food|Guntur|Brodipet|https://www.zomato.com/guntur/dominos-pizza-brodipet/info|1|Quick Bites|11am to 11pm(Mon-Sun)|Good|3.5|371
Pizza World|350|Pizza,Chinese,Burger,Desserts,Beverages,Bakery|Guntur|Brodipet|https://www.zomato.com/guntur/pizza-world-1-brodipet/info|1|Casual Dining|10am to 11pm(Mon-Sun)|Very Good|4.0|216
Amigos Foods|200|Fast Food|Guntur|Srinivasa Nagar Colony|https://www.zomato.com/guntur/amigos-foods-srinivasa-nagar-colony/info|10|Quick Bites|8am to 11pm(Mon-Sun)|Average|3.4|17
Amaravathi Multi Cusinie Family Restaurant|350|North Indian,South Indian,Chinese|Guntur|Brodipet|https://www.zomato.com/guntur/amaravathi-multi-cusinie-family-restaurant-brodipet/info|10|Quick Bites|7am to 11pm(Mon-Sun)|Average|3.4|14
Kartikeya Grande|300|North Indian|Guntur|Brodipet|https://www.zomato.com/guntur/kartikeya-grande-brodipet/info|10|Quick Bites|11am to 11pm(Mon-Sun)|Average|3.2|38
The Best Natural Foods|300|Fast Food,Chinese|Guntur|Agatha Varappadu|https://www.zomato.com/guntur/the-best-natural-foods-agatha-varappadu/info|10|Quick Bites|11am to 1030pm(Mon-Sun)|Good|3.5|46
Magic Thick Shakes|350|Beverages|Guntur|Brodipet|https://www.zomato.com/guntur/magic-thick-shakes-brodipet/info|10|Beverage Shop|11am to 11pm(Mon-Sun)|Good|3.7|11
Hyderabadi Chicken Dum Biryani|150|Biryani|Guntur|Srinivasa Nagar Colony|https://www.zomato.com/guntur/hyderabadi-chicken-dum-biryani-srinivasa-nagar-colony/info|10|Quick Bites|12noon to 4pm,7pm to 1030pm(Mon-Sun)|Average|3.2|53
Hotel Jaya Grand|350|South Indian,North Indian,Chinese|Guntur|Brodipet|https://www.zomato.com/guntur/hotel-jaya-grand-brodipet/info|10|Casual Dining|12noon to 4pm,7pm to 11pm(Mon-Sun)|Good|3.5|21
Baskin Robbins|300|Ice Cream,Desserts|Guntur|Brodipet|https://www.zomato.com/guntur/baskin-robbins-brodipet/info|10|Dessert Parlor|1030am to 1030pm(Mon-Sun)|Average|3.3|22
Bismillah Khan Chicken Pakodi|150|Street Food|Guntur|Brodipet|https://www.zomato.com/guntur/bismillah-khan-chicken-pakodi-brodipet/info|10|Kiosk|6pm to 1030pm(Mon-Sun)|Average|3.3|41
KP Biryani|300|Biryani|Guntur|Srinivasa Nagar Colony|https://www.zomato.com/guntur/kp-biryani-srinivasa-nagar-colony/info|10|Quick Bites|8am to 11pm(Mon-Sun)||NEW|NEW
Hotel New Spice In Restaurant|500|South Indian,North Indian|Guntur|Brodipet|https://www.zomato.com/guntur/hotel-new-spice-in-restaurant-brodipet/info|10|Casual Dining|7am to 11pm(Mon-Sun)|Good|3.5|15
Grand Red Cherry Family Restaurant|650|South Indian,North Indian,Chinese|Guntur|Agatha Varappadu|https://www.zomato.com/guntur/grand-red-cherry-family-restaurant-agatha-varappadu/info|10|Casual Dining|1130am to 1130pm(Mon-Sun)|Average|3.3|33
Sri Naveena Sweets & Bakery|300|Mithai,Bakery|Guntur|Brodipet|https://www.zomato.com/guntur/sri-naveena-sweets-bakery-brodipet/info|10|Sweet Shop|12noon to 1030pm(Mon-Sun)|Average|3.4|19
Dhaba Cafe|200|Indian,South Indian|Guntur|Brodipet|https://www.zomato.com/guntur/dhaba-cafe-brodipet/info|10|Quick Bites|11am to 11pm(Mon-Sun)|Average|3.4|16
The Vintage Kitchen-The Capital Hotel|1000|South Indian,North Indian,Chinese|Guntur|The Capital Hotel-- Brodipet|https://www.zomato.com/guntur/the-vintage-kitchen-the-capital-hotel-brodipet/info|10|Casual Dining|12noon to 4pm,7pm to 1030pm(Mon-Sun)|Average|3.4|20
The Hangout|400|Seafood,North Indian,Fast Food,Italian|Guntur|Brodipet|https://www.zomato.com/guntur/the-hangout-1-brodipet/info|11|Quick Bites|11am to 11pm(Mon-Sun)|Average|3.3|12
Cream Chemistry|300|Ice Cream,Beverages|Guntur|Brodipet|https://www.zomato.com/guntur/cream-chemistry-brodipet/info|11|Dessert Parlor|11am to 12midnight(Mon-Sun)|Average|3.3|19
Falooda House|300|Ice Cream|Guntur|Srinivasarao Pet|https://www.zomato.com/guntur/falooda-house-srinivasarao-pet/info|11|Dessert Parlor|11am to 11pm(Mon-Sun)|Average|3.3|10
Ale House Restaurant|1200|North Indian,Chinese|Guntur|Srinivasa Nagar Colony|https://www.zomato.com/guntur/ale-house-restaurant-srinivasa-nagar-colony/info|11|Casual Dining|11am to 11pm(Mon-Sun)|Average|3.3|12
Eatmor Multicuisine Restaurant|650|South Indian,North Indian,Chinese|Guntur|Srinivasa Nagar Colony|https://www.zomato.com/guntur/eatmor-multicuisine-restaurant-srinivasa-nagar-colony/info|11|Casual Dining|12noon to 4pm,7pm to 1030pm(Mon-Sun)|Average|3.2|17
Raaga's Family Restaurant|500|South Indian,North Indian|Guntur|Gorantla|https://www.zomato.com/guntur/raagas-family-restaurant-gorantla/info|11|Casual Dining|6am to 1030pm(Mon-Sun)|Average|3.3|9
Bake Feast Sweets Hub|350|Desserts,Bakery|Guntur|Old Guntur|https://www.zomato.com/guntur/bake-feast-sweets-hub-old-guntur/info|11|Bakery|9am to 1030pm(Mon-Sun)|Average|3.4|5
Lelu Darwin's Food Court|550|South Indian,North Indian,Chinese|Guntur|AT Agraharam|https://www.zomato.com/guntur/lelu-darwins-food-court-at-agraharam/info|11|Casual Dining|11am to 11pm(Mon-Sun)|Average|3.2|28
New Madras Bilal Hotel|400|South Indian,North Indian|Guntur|Old Guntur|https://www.zomato.com/guntur/new-madras-bilal-hotel-old-guntur/info|11|Quick Bites|11am to 11pm(Mon-Sun)|Average|3.2|12
Hot Pot - The Nellore Style|300|South Indian|Guntur|Srinivasa Nagar Colony|https://www.zomato.com/guntur/hot-pot-the-nellore-style-srinivasa-nagar-colony/info|11|Quick Bites|11am to 11pm(Mon-Sun)|Average|3.2|16
Iswarya Restaurant|250|South Indian,North Indian|Guntur|Old Guntur|https://www.zomato.com/guntur/iswarya-restaurant-old-guntur/info|11|Quick Bites|11am to 11pm(Mon-Sun)||NEW|NEW
Amogham - The Food Court|350|South Indian,North Indian,Chinese,Beverages|Guntur|Srinivasa Nagar Colony|https://www.zomato.com/guntur/amogham-the-food-court-srinivasa-nagar-colony/info|11|Quick Bites|7am to 11pm(Mon-Sun)||NEW|NEW
Kishore Garden Restaurant|350|South Indian,North Indian,Chinese|Guntur|Srinivasa Nagar Colony|https://www.zomato.com/guntur/kishore-garden-restaurant-srinivasa-nagar-colony/info|11|Casual Dining|12noon to 4pm,7pm to 11pm(Mon-Sun)|Average|3.2|16
Pubg Chicken Hut|200|Chinese,Fast Food|Guntur|Old Guntur|https://www.zomato.com/guntur/pubg-chicken-hut-old-guntur/info|11|none|3pm to 11pm(Mon-Sun)||NEW|NEW
The Shawarma Co|250|Rolls|Guntur|Brodipet|https://www.zomato.com/guntur/the-shawarma-co-2-brodipet/info|11|Quick Bites|4pm to 11pm(Mon-Sun)|Average|3.4|8
Guntur Gongura|800|Continental,Chinese,North Indian|Guntur|Brodipet|https://www.zomato.com/guntur/guntur-gongura-1-brodipet/info|12|Casual Dining|12noon to 11pm(Mon-Sun)|Average|3.2|13
Sai Ram Foods|300|Bakery,Mithai|Guntur|Brodipet|https://www.zomato.com/guntur/sai-ram-foods-brodipet/info|12|Bakery|8am to 11pm(Mon-Sun)|Average|3.2|18
Manju Restaurant|350|North Indian|Guntur|Old Guntur|https://www.zomato.com/guntur/manju-restaurant-old-guntur/info|12|Quick Bites|11am to 11pm(Mon-Sun)|Average|3.3|4
Metro Fruit Juice And Fast Foods|150|Fast Food,Beverages|Guntur|Old Guntur|https://www.zomato.com/guntur/metro-fruit-juice-and-fast-foods-old-guntur/info|12|Quick Bites|11am to 11pm(Mon-Sun)||NEW|NEW
Madhuram Bakers & Fast Foods|300|Bakery,Fast Food|Guntur|Brodipet|https://www.zomato.com/guntur/madhuram-bakers-fast-foods-brodipet/info|12|Bakery|12noon to 1130pm(Mon-Sun)||NEW|NEW
Hangout Hub|300|Chinese|Guntur|Brodipet|https://www.zomato.com/guntur/hangout-hub-brodipet/info|12|Quick Bites|12noon to 1030pm(Mon-Sun)|Average|3.2|12
The Bean Bag-The Capital Hotel|600|South Indian|Guntur|The Capital Hotel-- Brodipet|https://www.zomato.com/guntur/the-bean-bag-the-capital-hotel-brodipet/info|12|Casual Dining|8am to 1030am,12noon to 4pm,7pm to 1030pm...|Average|3.2|10
Anand Juice & Chat|400|Street Food,Beverages|Guntur|Brodipet|https://www.zomato.com/guntur/anand-juice-chat-brodipet/info|12|Quick Bites|11am to 11pm(Mon-Sun)|Average|3.2|12
Lazziz Pizza|0|Pizza|Guntur|Brodipet|https://www.zomato.com/guntur/lazziz-pizza-brodipet/info|12|Quick Bites|10am to 11pm(Mon-Sun)|Average|3.2|12
Ice Magic by Sweet Magic|300|Desserts|Guntur|Brodipet|https://www.zomato.com/guntur/ice-magic-by-sweet-magic-brodipet/info|12|Dessert Parlor|630am to 1030pm(Mon-Sun)|Good|3.5|9
Sai Vilas|250|South Indian,Chinese|Guntur|Brodipet|https://www.zomato.com/guntur/sai-vilas-brodipet/info|12|Quick Bites|6am to 11pm(Mon-Sun)|Average|3.2|8
The Bread Basket|150|Bakery|Guntur|Brodipet|https://www.zomato.com/guntur/the-bread-basket-1-brodipet/info|12|Bakery|11am to 1030pm(Mon-Sun)||NEW|NEW
Sky Restaurant|700|Continental,Chinese|Guntur|Brodipet|https://www.zomato.com/guntur/sky-restaurant-brodipet/info|12|Casual Dining|11am to 1030pm(Mon-Sun)|Average|3.2|5
Al Baik|300|North Indian|Guntur|Old Guntur|https://www.zomato.com/guntur/al-baik-old-guntur/info|12|Quick Bites|5pm to 1130pm(Mon-Sun)||NEW|NEW
Leelavathi Deluxe Mess|200|South Indian,Biryani|Guntur|Brodipet|https://www.zomato.com/guntur/leelavathi-deluxe-mess-brodipet/info|12|Mess|11am to 4pm,630pm to 11pm(Mon-Sun)|Average|3.2|5
RS Food Court|150|Fast Food,North Indian|Guntur|Brodipet|https://www.zomato.com/guntur/rs-food-court-brodipet/info|13|Quick Bites|7am to 11pm(Mon-Sun)|Not rated|-|-
High Spirit Bar & Restaurant|1000|Continental,Chinese|Guntur|Brodipet|https://www.zomato.com/guntur/high-spirit-bar-restaurant-brodipet/info|13|Bar|11am to 1030pm(Mon-Sun)|Average|3.2|5
Eat Bud Food Court|250|Chinese,North Indian|Guntur|Agatha Varappadu|https://www.zomato.com/guntur/eat-bud-food-court-agatha-varappadu/info|13|Quick Bites|1pm to 1130pm(Mon-Sun)|Average|3.2|9
Sweet Magic|600|North Indian,Biryani,Chinese,Bakery,Beverages|Guntur|Srinivasa Nagar Colony|https://www.zomato.com/guntur/sweet-magic-srinivasa-nagar-colony/info|13|Casual Dining|630am to 1130pm(Mon-Sun)||NEW|NEW
Royal Bilal Hotel|300|Chinese,Biryani,Andhra|Guntur|Agatha Varappadu|https://www.zomato.com/guntur/royal-bilal-hotel-agatha-varappadu/info|13|Quick Bites|10am to 1030pm(Mon-Sun)|Average|3.2|8
Raj Noodels|300|Chinese,North Indian|Guntur|Srinivasarao Pet|https://www.zomato.com/guntur/raj-noodels-srinivasarao-pet/info|13|Quick Bites|1pm to 11pm(Mon-Sun)|Average|3.2|5
Sri Ganesh Fast Food Center|200|Street Food|Guntur|Brodipet|https://www.zomato.com/guntur/sri-ganesh-fast-food-center-brodipet/info|13|Quick Bites|11am to 1030pm(Mon-Sun)|Average|3.2|7
Society Bar & Restaurant|500|Chinese,North Indian,South Indian|Guntur|Brodipet|https://www.zomato.com/guntur/society-bar-restaurant-brodipet/info|13|Bar|11am to 11pm(Mon-Sun)|Average|3.2|4
Mirchi Family Restaurant|550|South Indian,North Indian,Chinese|Guntur|Agatha Varappadu|https://www.zomato.com/guntur/mirchi-family-restaurant-agatha-varappadu/info|13|Casual Dining|11am to 5pm,6pm to 11pm(Mon-Sun)|Average|3.2|6
Sri Sanjivi Family Restaurant|350|North Indian,Chinese,Biryani,Andhra|Guntur|Srinivasa Nagar Colony|https://www.zomato.com/guntur/sri-sanjivi-family-restaurant-srinivasa-nagar-colony/info|13|Casual Dining|11am to 4pm,630pm to 11pm(Mon-Sun)|Average|3.2|6
Sri Mayura AC|450|Biryani,Chinese,South Indian|Guntur|Sitaram Nagar|https://www.zomato.com/guntur/sri-mayura-ac-sitaram-nagar/info|13|Quick Bites|11am to 11pm(Mon-Sun)||NEW|NEW
Palms Coffee Shop|250|South Indian|Guntur|Brodipet|https://www.zomato.com/guntur/palms-coffee-shop-brodipet/info|13|Casual Dining|6am to 11pm(Mon-Sun)|Not rated|-|-
Uneque Food Court|300|Fast Food,Chinese|Guntur|Agatha Varappadu|https://www.zomato.com/guntur/uneque-food-court-agatha-varappadu/info|13|Quick Bites|11am to 1030pm(Mon-Sun)|Not rated|-|-
Delhi Chaat Bhandar|200|Street Food|Guntur|Srinivasa Nagar Colony|https://www.zomato.com/guntur/delhi-chaat-bhandar-srinivasa-nagar-colony/info|13|Quick Bites|430pm to 1030pm(Mon-Sun)|Average|3.2|4
Lelu Dharwin's|400|South Indian,North Indian|Guntur|Brodipet|https://www.zomato.com/guntur/lelu-dharwins-brodipet/info|13|Quick Bites|11am to 1030pm(Mon-Sun)|Average|3.2|4
Mars Multicuisine Restaurant|350|South Indian,North Indian,Chinese|Guntur|Brodipet|https://www.zomato.com/guntur/mars-multicuisine-restaurant-brodipet/info|14|Casual Dining|12noon to 330pm,7pm to 1030pm(Mon-Sun)|Not rated|-|-
Balaji Fast Food|300|Chinese,Fast Food|Guntur|Brodipet|https://www.zomato.com/guntur/balaji-fast-food-brodipet/info|14|Quick Bites|12noon to 1030pm(Mon-Sun)|Not rated|-|-
Mahalakshmi Mess|150|South Indian|Guntur|Srinivasa Nagar Colony|https://www.zomato.com/guntur/mahalakshmi-mess-srinivasa-nagar-colony/info|14|Quick Bites|11am to 11pm(Mon-Sun)||NEW|NEW
Parcel Hot|600|South Indian,Chinese|Guntur|Brodipet|https://www.zomato.com/guntur/parcel-hot-brodipet/info|14|Quick Bites|12noon to 4pm,7pm to 1030pm(Mon-Sun)|Not rated|-|-
Five Star Chicken|250|Fast Food,Burger|Guntur|Gandhi Nagar|https://www.zomato.com/guntur/five-star-chicken-gandhi-nagar/info|14|Quick Bites|11am to 11pm(Mon-Sun)||NEW|NEW
Lucky Karthikeya Food Court|200|Fast Food|Guntur|Srinivasarao Pet|https://www.zomato.com/guntur/lucky-karthikeya-food-court-1-srinivasarao-pet/info|14|Quick Bites|12noon to 12midnight(Mon-Sun)|Not rated|-|-
Sri Annapurna Restaurant|350|North Indian,Chinese|Guntur|Brodipet|https://www.zomato.com/guntur/sri-annapurna-restaurant-brodipet/info|14|Quick Bites|1230pm to 12midnight(Mon-Sun)||NEW|NEW
Akhil Food World|250|Fast Food,Biryani|Guntur|Brodipet|https://www.zomato.com/guntur/akhil-food-world-brodipet/info|14|none|7am to 1030pm(Mon-Sun)||NEW|NEW
Kebabs & Biryanis|350|South Indian,Biryani,Chinese|Guntur|Srinivasa Nagar Colony|https://www.zomato.com/guntur/kebabs-biryanis-srinivasa-nagar-colony/info|14|Casual Dining|7am to 11pm(Mon-Sun)||NEW|NEW
Hotel SKML Kamath|300|North Indian|Guntur|Sitaram Nagar|https://www.zomato.com/guntur/hotel-skml-kamath-sitaram-nagar/info|14|Quick Bites|11am to 11pm(Mon-Sun)|Not rated|-|-
Grand Venus|200|North Indian|Guntur|Agatha Varappadu|https://www.zomato.com/guntur/grand-venus-agatha-varappadu/info|14|Quick Bites|11am to 11pm(Mon-Sun)|Not rated|-|-
UBQ by Barbeque Nation|0|North Indian,Biryani,BBQ,Kebab|Guntur|Brodipet|https://www.zomato.com/guntur/ubq-by-barbeque-nation-brodipet/info|14|none|12noon to 330pm,630pm to 1030pm(Mon-Sun)||NEW|NEW
Biryani Palace Restaurant|650|South Indian,Lebanese,Chinese,North Indian|Guntur|Old Guntur|https://www.zomato.com/guntur/biryani-palace-restaurant-old-guntur/info|2|Casual Dining|745am to 11pm(Mon-Sun)|Good|3.7|338
Gismat Arabic Restaurant|400|Arabian|Guntur|Gorantla|https://www.zomato.com/guntur/gismat-arabic-restaurant-gorantla/info|2|Casual Dining|1230pm to 430pm,730pm to 1130pm(Mon-Sun)|Good|3.6|259
Sweet Magic|350|Mithai,Biryani,North Indian,Ice Cream,Desserts,Bakery,Chinese|Guntur|Brodipet|https://www.zomato.com/guntur/sweet-magic-brodipet/info|2|Casual Dining|630am to 11pm(Mon-Sun)|Good|3.8|273
Sweet Magic|600|Beverages,Biryani,Bakery,North Indian,Chinese,Ice Cream|Guntur|Brodipet|https://www.zomato.com/guntur/sweet-magic-1-brodipet/info|2|Casual Dining|630am to 11pm(Mon-Sun)|Good|3.8|218
Venkatesh Grand|550|South Indian,North Indian,Chinese,Seafood|Guntur|Srinivasa Nagar Colony|https://www.zomato.com/guntur/venkatesh-grand-srinivasa-nagar-colony/info|2|Casual Dining|12noon to 4pm,7pm to 11pm(Mon-Sun)|Good|3.8|188
Dawat Biryani House|500|South Indian,North Indian|Guntur|Old Guntur|https://www.zomato.com/guntur/dawat-biryani-house-old-guntur/info|2|Casual Dining|8am to 1150pm(Mon-Sun)|Good|3.7|269
Amaravathi Food Court|600|Chinese,Biryani|Guntur|Srinivasa Nagar Colony|https://www.zomato.com/guntur/amaravathi-food-court-srinivasa-nagar-colony/info|2|Casual Dining|1230pm to 1030pm(Mon-Sat),12noon to 1030pm(Sun)|Good|3.8|268
MOURYA TASTY FOODS|300|South Indian,North Indian,Chinese,Ice Cream,Beverages|Guntur|Srinivasa Nagar Colony|https://www.zomato.com/guntur/mourya-tasty-foods-srinivasa-nagar-colony/info|2|Quick Bites|630am to 1030pm(Mon-Sun)|Good|3.9|230
Hotel Sindoori|700|North Indian,Chinese,South Indian|Guntur|Brodipet|https://www.zomato.com/guntur/hotel-sindoori-brodipet/info|2|Casual Dining|11am to 11pm(Mon-Sun)|Good|3.5|276
Flameingoes|350|South Indian,North Indian,Chinese,Biryani,Andhra|Guntur|Brodipet|https://www.zomato.com/guntur/flameingoes-brodipet/info|2|Casual Dining|1130am to 1030pm(Mon-Sun)|Good|3.7|249
Sri Mayura|550|South Indian,Andhra,Chinese,Biryani,Seafood|Guntur|Brodipet|https://www.zomato.com/guntur/sri-mayura-brodipet/info|2|Casual Dining|1130am to 4pm,6pm to 1030pm(Mon-Sun)|Good|3.7|175
Teneega Family Restaurant|600|South Indian,North Indian,Chinese,Biryani|Guntur|Brodipet|https://www.zomato.com/guntur/teneega-family-restaurant-brodipet/info|2|Casual Dining|12noon to 11pm(Mon-Sun)|Good|3.8|193
Modern Pizza World|400|Pizza,Sandwich,Chinese,Burger,North Indian,Desserts|Guntur|Srinivasa Nagar Colony|https://www.zomato.com/guntur/modern-pizza-world-srinivasa-nagar-colony/info|2|Casual Dining|10am to 1030pm(Mon-Sun)|Good|3.7|231
Vishnu Priya New Hotel|200|South Indian|Guntur|Old Guntur|https://www.zomato.com/guntur/vishnu-priya-new-hotel-old-guntur/info|2|Quick Bites|6am to 1030pm(Mon-Sun)|Good|3.6|28
Ice N Spice Shawarma Corner|350|North Indian,Lebanese|Guntur|Old Guntur|https://www.zomato.com/guntur/ice-n-spice-shawarma-corner-old-guntur/info|2|Quick Bites|11am to 330pm,7pm to 1030pm(Mon-Sun)|Good|3.5|165
Vara Lakshmi Tiffins|200|South Indian|Guntur|Srinivasarao Pet|https://www.zomato.com/guntur/vara-lakshmi-tiffins-srinivasarao-pet/info|3|Quick Bites|630am to 11am,530pm to 11pm(Mon-Sun)|Good|3.8|193
Flash Kafei Dian|700|Cafe,Continental|Guntur|Brodipet|https://www.zomato.com/guntur/flash-kafei-dian-brodipet/info|3|Café|5am to 11pm(Mon-Sun)|Average|3.3|179
Mourya Biryani Point|750|Biryani|Guntur|Brodipet|https://www.zomato.com/guntur/mourya-biryani-point-1-brodipet/info|3|Casual Dining|12noon to 4pm,7pm to 1030pm(Mon-Sun)|Good|3.5|174
Bakers Shoppe|250|Chinese,Bakery|Guntur|Brodipet|https://www.zomato.com/guntur/bakers-shoppe-brodipet/info|3|Bakery|9am to 1030pm(Mon-Sun)|Average|3.3|143
Hotel Subani Biryani Point|600|Andhra|Guntur|Srinivasarao Pet|https://www.zomato.com/guntur/hotel-subani-biryani-point-srinivasarao-pet/info|3|Casual Dining|630am to 10pm(Mon-Sun)|Good|3.8|1071
Hotel Kartikeya Grande|300|North Indian|Guntur|Brodipet|https://www.zomato.com/guntur/hotel-kartikeya-grande-1-brodipet/info|3|Casual Dining|11am to 11pm(Mon-Sun)|Good|3.7|56
Cinnamon Fine Dine|700|Continental,Biryani,Chinese,Seafood|Guntur|Brodipet|https://www.zomato.com/guntur/cinnamon-fine-dine-brodipet/info|3|Casual Dining|1130am to 4pm,7pm to 11pm(Mon-Sun)|Good|3.7|145
Ravi Tasty Foods|250|North Indian,South Indian|Guntur|Brodipet|https://www.zomato.com/guntur/ravi-tasty-foods-brodipet/info|3|Quick Bites|1130am to 11pm(Mon-Sun)|Good|3.7|177
7th Heaven|300|Desserts|Guntur|Brodipet|https://www.zomato.com/guntur/7th-heaven-brodipet/info|3|Dessert Parlor|11am to 1030pm(Mon),11am to 10pm(Tue-Sun)|Good|3.5|117
Sri Lakshmi Foods|200|Street Food|Guntur|Brodipet|https://www.zomato.com/guntur/sri-lakshmi-foods-brodipet/info|3|Quick Bites|12noon to 11pm(Mon-Sun)|Good|3.8|109
Al Ajaib Restaurant|350|Biryani|Guntur|Brodipet|https://www.zomato.com/guntur/al-ajaib-restaurant-brodipet/info|3|Quick Bites|11am to 11pm(Mon-Sun)||NEW|NEW
Bakers Fun|400|Fast Food,Andhra,Biryani|Guntur|Srinivasa Nagar Colony|https://www.zomato.com/guntur/bakers-fun-srinivasa-nagar-colony/info|3|Quick Bites|10am to 1030pm(Mon-Sun)|Average|3.4|144
Venkatesh Grand|350|South Indian,North Indian,Chinese,Biryani,Andhra|Guntur|Brodipet|https://www.zomato.com/guntur/venkatesh-grand-brodipet/info|3|Casual Dining|12noon to 4pm,630pm to 10pm(Mon-Sun)|Good|3.9|503
Eat Bud Food Court|250|Chinese,North Indian,Rolls|Guntur|Brodipet|https://www.zomato.com/guntur/eat-bud-food-court-brodipet/info|3|Quick Bites|1pm to 12midnight(Mon),1pm to 1130pm(Tue-Sun)|Good|3.6|144
Nagasai Tasty Foods|400|South Indian,Biryani,Chinese,Andhra|Guntur|Brodipet|https://www.zomato.com/guntur/nagasai-tasty-foods-brodipet/info|3|Quick Bites|8am to 11pm(Mon-Sun)|Good|3.8|104
Hotel Geetha Regency|300|North Indian,Chinese,South Indian|Guntur|Brodipet|https://www.zomato.com/guntur/hotel-geetha-regency-2-brodipet/info|4|Casual Dining|11am to 3pm,7pm to 11pm(Mon-Sun)|Good|3.6|91
Saffron|600|South Indian,North Indian,Chinese|Guntur|Brodipet|https://www.zomato.com/guntur/saffron-brodipet/info|4|Casual Dining|11am to 11pm(Mon-Sun)|Good|3.6|110
Gongura @New Isha's|400|North Indian,Indian,Chinese|Guntur|Brodipet|https://www.zomato.com/guntur/gongura-@new-ishas-brodipet/info|4|Casual Dining|12noon to 11pm(Mon-Sun)|Average|3.4|154
Garlic Multicuisine Restaurant|600|South Indian,North Indian,Chinese,Biryani|Guntur|Srinivasa Nagar Colony|https://www.zomato.com/guntur/garlic-multicuisine-restaurant-srinivasa-nagar-colony/info|4|Casual Dining|11am to 11pm(Mon-Sun)|Average|3.4|172
Lassi Shop|150|Juices,Ice Cream|Guntur|Brodipet|https://www.zomato.com/guntur/lassi-shop-brodipet/info|4|Beverage Shop|11am to 1130pm(Mon-Sun)|Good|3.7|93
Sahaja Family Restaurant|800|South Indian,Andhra,Biryani|Guntur|Brodipet|https://www.zomato.com/guntur/sahaja-family-restaurant-brodipet/info|4|Casual Dining|11am to 11pm(Mon-Sun)|Average|3.3|141
Ajmeer Maharaj Hotel|550|North Indian|Guntur|Old Guntur|https://www.zomato.com/guntur/ajmeer-maharaj-hotel-old-guntur/info|4|Quick Bites|7am to 11pm(Mon-Sun)|Average|3.4|82
Vijaya Cool Drinks|200|Juices,Ice Cream|Guntur|Brodipet|https://www.zomato.com/guntur/vijaya-cool-drinks-brodipet/info|4|Beverage Shop|1030am to 1030pm(Mon-Sun)|Good|3.9|96
Ice Berg|750|Bakery|Guntur|Brodipet|https://www.zomato.com/guntur/ice-berg-brodipet/info|4|Casual Dining|10am to 10pm(Mon-Sun)|Good|3.6|121
Modern Pizza World|350|Sandwich,Pizza,Chinese,Burger|Guntur|Brodipet|https://www.zomato.com/guntur/modern-pizza-world-brodipet/info|4|Quick Bites|10am to 10pm(Mon-Sun)|Good|3.6|140
Guntur Gongura@Newishas|500|Arabian,Hyderabadi|Guntur|Brodipet|https://www.zomato.com/guntur/guntur-gongura@newishas-brodipet/info|4|Casual Dining|12noon to 11pm(Mon-Sun)|Good|3.6|89
Mourya Restaurant|500|South Indian,North Indian,Chinese,Biryani|Guntur|Brodipet|https://www.zomato.com/guntur/mourya-restaurant-brodipet/info|4|Casual Dining|8am to 11pm(Mon-Sun)|Average|3.4|101
Hotel Viceroy Grand|450|South Indian,North Indian,Chinese|Guntur|Brodipet|https://www.zomato.com/guntur/hotel-viceroy-grand-brodipet/info|4|Casual Dining|12noon to 4pm,7pm to 11pm(Mon-Sun)|Average|3.4|106
Bakers Fun|300|Chinese,Fast Food,Bakery|Guntur|Brodipet|https://www.zomato.com/guntur/bakers-fun-1-brodipet/info|4|Quick Bites|9am to 10pm(Mon-Sun)|Good|3.6|103
Ice Berg|250|Bakery|Guntur|Brodipet|https://www.zomato.com/guntur/ice-berg-1-brodipet/info|4|Bakery|10am to 10pm(Mon-Sun)|Good|3.6|76
Laziz Pizza|500|Pizza,Burger,Sandwich,Desserts|Guntur|Brodipet|https://www.zomato.com/guntur/laziz-pizza-brodipet/info|5|Quick Bites|10am to 10pm(Mon-Sun)|Good|3.5|48
Myz-Uno Brew Pub|250|North Indian,Chinese|Guntur|Brodipet|https://www.zomato.com/guntur/myz-uno-brew-pub-brodipet/info|5|Casual Dining|1130am to 12midnight(Mon-Sun)|Average|3.4|28
ibaco|250|Ice Cream|Guntur|Brodipet|https://www.zomato.com/guntur/ibaco-brodipet/info|5|Dessert Parlor|11am to 11pm(Mon-Sun)|Good|3.5|77
The London Shakes|200|Beverages,Sandwich|Guntur|Brodipet|https://www.zomato.com/guntur/the-london-shakes-brodipet/info|5|Beverage Shop|9am to 12midnight(Mon-Fri),7am to 12midnight...|Good|3.6|57
Sweet Magic Sweet's & Baker's|350|Mithai,Bakery|Guntur|Brodipet|https://www.zomato.com/guntur/sweet-magic-sweets-bakers-brodipet/info|5|Sweet Shop|11am to 11pm(Mon-Sun)|Average|3.2|83
Subway|500|Healthy Food,Sandwich,Salad|Guntur|Srinivasa Nagar Colony|https://www.zomato.com/guntur/subway-srinivasa-nagar-colony/info|5|Quick Bites|10am to 11pm(Mon-Sun)|Average|3.4|86
Marvadi Bhojanalaya|200|North Indian|Guntur|Brodipet|https://www.zomato.com/guntur/marvadi-bhojanalaya-brodipet/info|5|Bhojanalya|11am to 3pm,7pm to 10pm(Mon-Sun)|Average|3.4|76
Bombay Chaat|200|Street Food|Guntur|Brodipet|https://www.zomato.com/guntur/bombay-chaat-brodipet/info|5|none|2pm to 10pm(Mon-Sun)|Good|3.5|50
Ice Park|350|Sandwich,Pizza,Ice Cream,Burger|Guntur|Brodipet|https://www.zomato.com/guntur/ice-park-brodipet/info|5|Casual Dining|10am to 1030pm(Mon-Sun)|Average|3.4|67
Barista|400|Cafe,Fast Food|Guntur|Brodipet|https://www.zomato.com/guntur/barista-brodipet/info|5|Café|11am to 11pm(Mon-Sun)|Average|3.3|41
A Cafe|300|Cafe|Guntur|Brodipet|https://www.zomato.com/guntur/a-cafe-brodipet/info|5|Café|10am to 10pm(Mon-Sun)|Average|3.2|66
Family Fast food|350|Fast Food,North Indian|Guntur|Old Guntur|https://www.zomato.com/guntur/family-fast-food-old-guntur/info|5|Quick Bites|11am to 11pm(Mon-Sun)|Good|3.5|37
Sai Temptations|150|Fast Food,Bakery,Juices|Guntur|AT Agraharam|https://www.zomato.com/guntur/sai-temptations-at-agraharam/info|5|Quick Bites|830am to 10pm(Mon-Sun)|Good|3.6|21
Sri Naveena Fast Food|350|Chinese,Fast Food|Guntur|Brodipet|https://www.zomato.com/guntur/sri-naveena-fast-food-brodipet/info|5|Quick Bites|12noon to 10pm(Mon-Sun)|Good|3.7|22
Simply Samosa|150|Street Food|Guntur|Brodipet|https://www.zomato.com/guntur/simply-samosa-brodipet/info|5|Kiosk|11am to 10pm(Mon-Sun)|Average|3.4|30
Hotel Kartikeya Grande|800|South Indian,North Indian,Chinese|Guntur|Brodipet|https://www.zomato.com/guntur/hotel-kartikeya-grande-brodipet/info|6|Casual Dining|11am to 11pm(Mon-Sun)|Average|3.3|87
The Shawarma Co|150|Fast Food,Rolls|Guntur|Brodipet|https://www.zomato.com/guntur/the-shawarma-co-1-brodipet/info|6|Quick Bites|430pm to 10pm(Mon-Sun)|Good|3.5|33
Dwarka Fruit Juice|200|Juices,Beverages|Guntur|Brodipet|https://www.zomato.com/guntur/dwarka-fruit-juice-brodipet/info|6|Beverage Shop|10am to 10pm(Mon-Sun)|Good|3.6|28
Chill Stone|550|Chinese,Fast Food,North Indian,Desserts|Guntur|Brodipet|https://www.zomato.com/guntur/chill-stone-brodipet/info|6|Casual Dining|1030am to 1030pm(Mon-Sun)|Average|3.3|82
Thalis Multi Cuisine Family Restaurant|400|North Indian,South Indian|Guntur|Brodipet|https://www.zomato.com/guntur/thalis-multi-cuisine-family-restaurant-brodipet/info|6|Quick Bites|12noon to 11pm(Mon-Sun)|Good|3.6|49
Drunken Monkey|400|Juices,Healthy Food|Guntur|Brodipet|https://www.zomato.com/guntur/drunken-monkey-brodipet/info|6|Beverage Shop|930am to 1130pm(Mon-Sun)|Average|3.4|55
Zaitoon Juice Center|150|Juices|Guntur|Old Guntur|https://www.zomato.com/guntur/zaitoon-juice-center-old-guntur/info|6|Cocktail Bar|(Mon-Sun)|Average|3.4|20
Kona Students  Mess|150|Andhra|Guntur|Brodipet|https://www.zomato.com/guntur/kona-students-mess-brodipet/info|6|Mess|930am to 930pm(Mon-Sun)|Good|3.5|30
Siri Sweet World|300|Mithai|Guntur|Brodipet|https://www.zomato.com/guntur/siri-sweet-world-brodipet/info|6|Sweet Shop|9am to 10pm(Mon-Sun)|Average|3.3|38
Sree Manasa Vegetarian Restaurant|300|North Indian|Guntur|Srinivasarao Pet|https://www.zomato.com/guntur/sree-manasa-vegetarian-restaurant-srinivasarao-pet/info|6|Casual Dining|12noon to 4pm,7pm to 9pm(Mon-Sun)|Average|3.3|15
Sri Lakshmi Juice N Spicee|350|Juices,Chinese|Guntur|Old Guntur|https://www.zomato.com/guntur/sri-lakshmi-juice-n-spicee-old-guntur/info|6|Quick Bites|1130am to 10pm(Mon-Sun)|Average|3.2|25
Delhi Durbar|200|Lebanese|Guntur|Old Guntur|https://www.zomato.com/guntur/delhi-durbar-old-guntur/info|6|Quick Bites|11am to 10pm(Mon-Sun)|Average|3.3|16
Sai Brundavan Tiffins|200|Fast Food,North Indian|Guntur|Brodipet|https://www.zomato.com/guntur/sai-brundavan-tiffins-brodipet/info|6|none|11am to 10pm(Mon-Sun)|Average|3.4|4
Siva Tiffins And Fast Foods|150|North Indian,South Indian|Guntur|Srinivasa Nagar Colony|https://www.zomato.com/guntur/siva-tiffins-and-fast-foods-srinivasa-nagar-colony/info|6|Quick Bites|11am to 10pm(Mon-Sun)|Good|3.6|6
Cream & Fudge|250|Desserts,Ice Cream|Guntur|Srinivasa Nagar Colony|https://www.zomato.com/guntur/cream-fudge-srinivasa-nagar-colony/info|6|Dessert Parlor|10am to 11pm(Mon-Sun)|Good|3.5|61
Guru Tiffins|200|South Indian,North Indian|Guntur|Old Guntur|https://www.zomato.com/guntur/guru-tiffins-old-guntur/info|7|Quick Bites|7am to 3pm(Mon-Sun)|Average|3.4|6
Roll Over|300|Rolls|Guntur|Brodipet|https://www.zomato.com/guntur/roll-over-brodipet/info|7|Quick Bites|11am to 10pm(Mon-Sun)|Not rated|-|-
Chick Blast|450|Fast Food|Guntur|Brodipet|https://www.zomato.com/guntur/chick-blast-brodipet/info|7|Quick Bites|11am to 11pm(Mon-Sun)|Good|3.7|34
Sri Sankara Vilas Restaurant A/C Vegetarian|350|South Indian,North Indian|Guntur|Brodipet|https://www.zomato.com/guntur/sri-sankara-vilas-restaurant-a-c-vegetarian-brodipet/info|7|Quick Bites|11am to 10pm(Mon-Sun)|Average|3.2|14
Pizza Castle|250|Italian|Guntur|Brodipet|https://www.zomato.com/guntur/pizza-castle-brodipet/info|7|Quick Bites|11am to 10pm(Mon-Sun)|Average|3.3|8
Sri Naveena Sweets & Fast Food|300|Fast Food,Chinese|Guntur|Srinivasa Nagar Colony|https://www.zomato.com/guntur/sri-naveena-sweets-fast-food-srinivasa-nagar-colony/info|7|Quick Bites|12noon to 10pm(Mon-Sun)|Average|3.2|11
Sri Vilas|300|South Indian|Guntur|Srinivasa Nagar Colony|https://www.zomato.com/guntur/sri-vilas-srinivasa-nagar-colony/info|7|Quick Bites|1130am to 10pm(Mon-Sun)|Average|3.2|6
Kona Fruit Juice Bar|150|Juices|Guntur|Brodipet|https://www.zomato.com/guntur/kona-fruit-juice-bar-brodipet/info|7|Kiosk|11am to 10pm(Mon-Sun)|Average|3.3|9
Bombay Chat & Juice|200|Street Food,Sandwich,Pizza,Beverages|Guntur|Brodipet|https://www.zomato.com/guntur/bombay-chat-juice-brodipet/info|7|Quick Bites|10am to 1030pm(Mon-Sun)|Good|3.5|60
Bakers Fun|300|Bakery|Guntur|Brodipet|https://www.zomato.com/guntur/bakers-fun-5-brodipet/info|7|Bakery|11am to 10pm(Mon-Sun)|Average|3.2|7
China Cafe|300|Chinese|Guntur|Old Guntur|https://www.zomato.com/guntur/china-cafe-old-guntur/info|7|Quick Bites|11am to 10pm(Mon-Sun)|Average|3.2|8
Swarna Foods|150|Street Food|Guntur|Srinivasa Nagar Colony|https://www.zomato.com/guntur/swarna-foods-srinivasa-nagar-colony/info|7|Quick Bites|5pm to 10pm(Mon-Sun)|Average|3.3|4
Rotis Lunch Box|150|South Indian|Guntur|Brodipet|https://www.zomato.com/guntur/rotis-lunch-box-brodipet/info|7|Quick Bites|11am to 4pm(Mon-Sun)|Average|3.2|8
Food Paradise|200|South Indian|Guntur|Brodipet|https://www.zomato.com/guntur/food-paradise-brodipet/info|7|Quick Bites|11am to 10pm(Mon-Sun)|Average|3.2|6
Sri Kaveri Tiffins & Meals|200|South Indian|Guntur|Agatha Varappadu|https://www.zomato.com/guntur/sri-kaveri-tiffins-meals-agatha-varappadu/info|7|none|10am to 10pm(Mon-Sun)|Average|3.2|7
Sri Kaveri Tasty Foods|250|South Indian,Fast Food|Guntur|Gorantla|https://www.zomato.com/guntur/sri-kaveri-tasty-foods-gorantla/info|8|Quick Bites|10am to 10pm(Mon-Sun)|Average|3.2|7
Shanti Sweets and Bakery|150|Bakery|Guntur|Brodipet|https://www.zomato.com/guntur/shanti-sweets-and-bakery-brodipet/info|8|Bakery|11am to 10pm(Mon-Sun)|Average|3.3|6
New Taj Family Restaurant And Juice|150|Fast Food,Juices|Guntur|Brodipet|https://www.zomato.com/guntur/new-taj-family-restaurant-and-juice-brodipet/info|8|Kiosk|11am to 10pm(Mon-Sun)|Average|3.4|5
Bakers Fun|300|Bakery|Guntur|Brodipet|https://www.zomato.com/guntur/bakers-fun-3-brodipet/info|8|Bakery|11am to 10pm(Mon-Sat),2pm to 10pm(Sun)|Not rated|-|-
Magic thick shakes|150|Desserts|Guntur|Brodipet|https://www.zomato.com/guntur/magic-thick-shakes-1-brodipet/info|8|Dessert Parlor|11am to 10pm(Mon-Sun)|Not rated|-|-
Grand Nagarjuna|350|South Indian,Biryani,Chinese|Guntur|Brodipet|https://www.zomato.com/guntur/grand-nagarjuna-1-brodipet/info|8|Quick Bites|7am to 10pm(Mon-Sun)|Not rated|-|-
Sri Kaveri Tiffins|250|South Indian|Guntur|Brodipet|https://www.zomato.com/guntur/sri-kaveri-tiffins-brodipet/info|8|Quick Bites|10am to 10pm(Mon-Sun)|Not rated|-|-
Sri Ram Modern Foods|150|Bakery,Fast Food|Guntur|Brodipet|https://www.zomato.com/guntur/sri-ram-modern-foods-brodipet/info|8|Quick Bites|930am to 930pm(Mon-Sun)|Not rated|-|-
Sarvani Tiffin Center|250|North Indian|Guntur|Srinivasarao Pet|https://www.zomato.com/guntur/sarvani-tiffin-center-srinivasarao-pet/info|8|none|10am to 9pm(Mon-Sun)||NEW|NEW
Shawarma Corner|400|Lebanese,Rolls,Fast Food|Guntur|Brodipet|https://www.zomato.com/guntur/shawarma-corner-brodipet/info|8|Quick Bites|4pm to 11pm(Mon-Sun)|Good|3.6|53
Spice N Spice|550|South Indian,North Indian,Chinese|Guntur|Brodipet|https://www.zomato.com/guntur/spice-n-spice-brodipet/info|8|Casual Dining|8am to 1030pm(Mon-Sun)|Good|3.5|55
Classic Fast Food|300|Fast Food|Guntur|Brodipet|https://www.zomato.com/guntur/classic-fast-food-brodipet/info|8|Quick Bites|1pm to 11pm(Mon-Sun)|Good|3.8|45
Cream Stone|400|Ice Cream,Desserts|Guntur|Brodipet|https://www.zomato.com/guntur/cream-stone-brodipet/info|8|Dessert Parlor|1130am to 12midnight(Mon-Sun)|Average|3.4|43
Meat & Eat|450|Burger,Fast Food|Guntur|Brodipet|https://www.zomato.com/guntur/meat-eat-brodipet/info|8|Quick Bites|11am to 1130pm(Mon-Sun)|Good|3.6|33
The Milkshakes Factory|250|Beverages,Ice Cream|Guntur|Brodipet|https://www.zomato.com/guntur/the-milkshakes-factory-brodipet/info|8|Beverage Shop|11am to 1130pm(Mon-Sun)|Good|3.6|61
Makers Of Milkshakes|300|Beverages|Guntur|Srinivasa Nagar Colony|https://www.zomato.com/guntur/makers-of-milkshakes-srinivasa-nagar-colony/info|9|Beverage Shop|1030am to 1130pm(Mon-Sun)|Good|3.5|52
Bombay Kulfi|200|Desserts,Ice Cream|Guntur|Brodipet|https://www.zomato.com/guntur/bombay-kulfi-brodipet/info|9|Dessert Parlor|1030am to 12midnight(Mon-Sun)|Good|3.5|39
Mahabodhi Tiffins|350|South Indian|Guntur|Brodipet|https://www.zomato.com/guntur/mahabodhi-tiffins-brodipet/info|9|Quick Bites|630am to 11pm(Mon-Sun)|Average|3.4|81
Dine Hill|300|Biryani,Chinese|Guntur|Srinivasa Nagar Colony|https://www.zomato.com/guntur/dine-hill-srinivasa-nagar-colony/info|9|Quick Bites|11am to 11pm(Mon-Sun)||NEW|NEW
New Geetha Star Canteen|150|South Indian|Guntur|Old Guntur|https://www.zomato.com/guntur/new-geetha-star-canteen-old-guntur/info|9|Quick Bites|11am to 11pm(Mon-Sun)|Good|3.6|20
The Ocean Spice|600|Seafood,Chinese,North Indian,South Indian|Guntur|Srinivasa Nagar Colony|https://www.zomato.com/guntur/the-ocean-spice-srinivasa-nagar-colony/info|9|Casual Dining|12noon to 4pm,7pm to 1030pm(Mon-Sun)|Average|3.3|72
House Of Thickshakes|500|Beverages|Guntur|Srinivasa Nagar Colony|https://www.zomato.com/guntur/house-of-thickshakes-srinivasa-nagar-colony/info|9|Beverage Shop|10am to 11pm(Mon-Sun)|Good|3.5|8
Cousin's Cusine|350|South Indian,Seafood,North Indian,Chinese|Guntur|Srinivasa Nagar Colony|https://www.zomato.com/guntur/cousins-cusine-srinivasa-nagar-colony/info|9|Casual Dining|1130am to 330pm,630pm to 1030pm(Mon-Sun)|Good|3.5|39
Pizza Hub - Spice Of Guntur|300|Pizza|Guntur|Srinivasa Nagar Colony|https://www.zomato.com/guntur/pizza-hub-spice-of-guntur-srinivasa-nagar-colony/info|9|Quick Bites|11am to 11pm(Mon-Sun)|Average|3.4|18
The Shawarma Co|200|Lebanese|Guntur|Brodipet|https://www.zomato.com/guntur/the-shawarma-co-brodipet/info|9|Quick Bites|4pm to 11pm(Mon-Sun)|Good|3.6|53
Havmor Ice Cream|300|Ice Cream|Guntur|Srinivasa Nagar Colony|https://www.zomato.com/guntur/havmor-ice-cream-srinivasa-nagar-colony/info|9|Dessert Parlor|10am to 11pm(Mon-Sun)|Average|3.4|27
Just Bake|350|Bakery|Guntur|Brodipet|https://www.zomato.com/guntur/just-bake-brodipet/info|9|Bakery|10am to 1030pm(Mon-Sun)|Average|3.2|49
Apsara Chicken Pakodi|200|Street Food|Guntur|Old Guntur|https://www.zomato.com/guntur/apsara-chicken-pakodi-old-guntur/info|9|Quick Bites|4pm to 11pm(Mon-Sun)|Average|3.3|29
Mahee Tiffins|150|Chinese,South Indian|Guntur|Brodipet|https://www.zomato.com/guntur/mahee-tiffins-brodipet/info|9|Quick Bites|7am to 1030pm(Mon-Sun)|Good|3.7|15
Raghava's Food Cult|100|Street Food,South Indian|Guntur|Srinivasa Nagar Colony|https://www.zomato.com/guntur/raghavas-food-cult-srinivasa-nagar-colony/info|9|Food Truck|530pm to 1030pm(Mon-Sun)|Good|3.6|32
