NAME|PRICE|CUSINE_CATEGORY|CITY|REGION|URL|PAGE NO|CUSINE TYPE|TIMING|RATING_TYPE|RATING|VOTES
Boulevard 69|500|Pizza,Italian,Fast Food,Cafe|Gwalior|City Center|https://www.zomato.com/gwalior/boulevard-69-city-center/info|1|Café|11am to 11pm(Mon-Sun)|Good|3.8|119
Domino's Pizza|500|Pizza,Italian|Gwalior|Lashkar|https://www.zomato.com/gwalior/dominos-pizza-lashkar/info|1|Quick Bites|11am to 11pm(Mon-Sun)|Good|3.7|1049
Param Food Complex|600|South Indian,North Indian,Italian,Fast Food,Continental,Chinese,Bakery,Desserts|Gwalior|Mahalgaon|https://www.zomato.com/gwalior/param-food-complex-mahalgaon/info|1|Quick Bites|11am to 11pm(Mon-Sun)|Very Good|4.4|661
Ashoka Family Restaurant|350|North Indian|Gwalior|Thatipur|https://www.zomato.com/gwalior/ashoka-family-restaurant-thatipur/info|1|Bhojanalya|9am to 11pm(Mon-Sun)|Very Good|4.2|332
Amritsari Naan|300|North Indian|Gwalior|Naya Bazaar|https://www.zomato.com/gwalior/amritsari-naan-naya-bazaar/info|1|Quick Bites|1pm to 11pm(Mon,Tue,Wed,Thu,Fri,Sun),1258pm...|Excellent|4.5|389
Masala Darbar|400|North Indian,Biryani,Chinese|Gwalior|Naya Bazaar|https://www.zomato.com/gwalior/masala-darbar-naya-bazaar/info|1|Quick Bites|1230pm to 11pm(Mon-Sun)|Excellent|4.8|524
Domino's Pizza|500|Pizza,Italian|Gwalior|Mahalgaon|https://www.zomato.com/gwalior/dominos-pizza-mahalgaon/info|1|Quick Bites|11am to 11pm(Mon-Sun)|Good|3.7|805
Shake It Baby|400|Beverages,Fast Food|Gwalior|City Center|https://www.zomato.com/gwalior/shake-it-baby-city-center/info|1|Beverage Shop|11am to 11pm(Mon-Sun)|Excellent|4.6|371
Alfanzo|600|Biryani,Chinese,Mithai,North Indian,Italian,Wraps,Desserts,South Indian|Gwalior|Mahalgaon|https://www.zomato.com/gwalior/alfanzo-mahalgaon/info|1|Casual Dining|9am to 11pm(Mon-Sun)|Very Good|4.2|286
Cook's|300|Bakery,Desserts,Burger,Sandwich,Chinese,Pizza,North Indian|Gwalior|Lashkar|https://www.zomato.com/gwalior/cooks-1-lashkar/info|1|Bakery|1030am to 1050pm(Mon-Sun)|Very Good|4.1|244
McDonald's|500|Fast Food,Burger|Gwalior|Lashkar|https://www.zomato.com/gwalior/mcdonalds-lashkar/info|1|Quick Bites|10am to 11pm(Mon-Sun)|Very Good|4.4|575
Burger King|500|Burger,Fast Food|Gwalior|DB City Mall-- Birla Nagar|https://www.zomato.com/gwalior/burger-king-birla-nagar/info|1|Quick Bites|11am to 11pm(Mon-Sun)|Very Good|4.3|271
Pizza Hut|600|Pizza,Italian|Gwalior|Lashkar|https://www.zomato.com/gwalior/pizza-hut-lashkar/info|1|Quick Bites|11am to 11pm(Mon-Sun)|Average|3.4|324
Hangout Cafe|800|North Indian,Mexican,Lebanese,Italian,German,Chinese,Cafe,British|Gwalior|City Center|https://www.zomato.com/gwalior/hangout-cafe-city-center/info|1|Café|10am to 11pm(Mon-Sun)|Very Good|4.3|241
Shere Punjab Restaurant|600|North Indian,Biryani,Chinese,Desserts|Gwalior|Shinde Ki Chhawani|https://www.zomato.com/gwalior/shere-punjab-restaurant-shinde-ki-chhawani/info|1|Casual Dining|10am to 11pm(Mon-Sun)|Good|3.7|273
Taste Of Nature|250|North Indian,Chinese|Gwalior|City Center|https://www.zomato.com/gwalior/taste-of-nature-city-center/info|10|Quick Bites|11am to 11pm(Mon-Sun)|Good|3.8|31
Baba Bakery|400|Bakery,Desserts|Gwalior|Lashkar|https://www.zomato.com/gwalior/baba-bakery-lashkar/info|10|Bakery|9am to 10pm(Mon-Sun)||NEW|NEW
Chef Direct|300|Continental,Chinese|Gwalior|Morar|https://www.zomato.com/gwalior/chef-direct-morar/info|10|Quick Bites|12noon to 10pm(Mon-Sun)|Good|3.6|21
Zakir Qureshi Kawab Wale|500|North Indian,Chinese|Gwalior|Lashkar|https://www.zomato.com/gwalior/zakir-qureshi-kawab-wale-lashkar/info|10|Quick Bites|11am to 11pm(Mon-Sun)|Good|3.7|58
Singh's Chicken 2 Nite|400|North Indian|Gwalior|Lashkar|https://www.zomato.com/gwalior/singhs-chicken-2-nite-1-lashkar/info|10|none|2pm to 11pm(Mon-Sun)|Good|3.6|73
Pandit Zayka|400|North Indian,Fast Food|Gwalior|Morar|https://www.zomato.com/gwalior/pandit-zayka-morar/info|10|Quick Bites|12noon to 1030pm(Mon-Sun)|Good|3.6|49
Best Bites|350|Chinese,Fast Food|Gwalior|Naya Bazaar|https://www.zomato.com/gwalior/best-bites-3-naya-bazaar/info|10|Quick Bites|4pm to 10pm(Mon-Sun)|Good|3.6|33
Crisp Corner|250|Bakery,Fast Food|Gwalior|Thatipur|https://www.zomato.com/gwalior/crisp-corner-thatipur/info|10|Quick Bites|11am to 9pm(Mon-Sun)|Average|3.4|16
The Bellevue Aroma Restaurant|700|North Indian|Gwalior|City Center|https://www.zomato.com/gwalior/the-bellevue-aroma-restaurant-city-center/info|10|Casual Dining|(Mon-Sun)|Good|3.5|26
Hotel Ambience|1050|North Indian,Chinese,Continental|Gwalior|Thatipur|https://www.zomato.com/gwalior/hotel-ambience-thatipur/info|10|Casual Dining|7am to 10pm(Mon-Sun)|Average|3.3|23
Mathura Kachauri Vale|100|Street Food|Gwalior|Thatipur|https://www.zomato.com/gwalior/mathura-kachauri-vale-thatipur/info|10|Quick Bites|8am to 10pm(Mon-Sun)|Average|2.8|42
Chaurasiya Poha Centre|300|North Indian,Fast Food|Gwalior|Lashkar|https://www.zomato.com/gwalior/chaurasiya-poha-centre-lashkar/info|10|Quick Bites|6am to 2pm(Mon-Sun)||NEW|NEW
Junkies Food|150|Fast Food,Chinese|Gwalior|Lashkar|https://www.zomato.com/gwalior/junkies-food-lashkar/info|10|Quick Bites|4pm to 10pm(Mon-Sun)||NEW|NEW
Baba Restaurant|400|North Indian|Gwalior|Thatipur|https://www.zomato.com/gwalior/baba-restaurant-thatipur/info|10|Bhojanalya|(Mon-Sun)|Average|3.3|23
Madan Namkeen & Gajak Bhandar|100|Mithai|Gwalior|Lashkar|https://www.zomato.com/gwalior/madan-namkeen-gajak-bhandar-lashkar/info|10|Sweet Shop|11am to 10pm(Mon-Sun)|Good|3.7|19
T Time|200|Fast Food,North Indian|Gwalior|Lashkar|https://www.zomato.com/gwalior/t-time-1-lashkar/info|11|Quick Bites|11am to 9pm(Mon-Sun)|Average|3.4|10
MOWGLIZ RESTAURANT|100|Mughlai|Gwalior|City Center|https://www.zomato.com/gwalior/mowgliz-restaurant-city-center/info|11|Quick Bites|11am to 10pm(Mon-Sun)|Average|3.3|8
R.M Fast Food Corner|150|Chinese,Fast Food|Gwalior|Anand Nagar|https://www.zomato.com/gwalior/r-m-fast-food-corner-anand-nagar/info|11|Quick Bites|11am to 10pm(Mon-Sun)||NEW|NEW
Taujee'S Refreshments|150|Fast Food|Gwalior|Thatipur|https://www.zomato.com/gwalior/taujees-refreshments-thatipur/info|11|Quick Bites|12noon to 9pm(Mon-Sun)|Average|3.3|12
Mezbaan Restaurant - Hotel Sun Beam|600|North Indian|Gwalior|City Center|https://www.zomato.com/gwalior/mezbaan-restaurant-hotel-sun-beam-city-center/info|11|Casual Dining|(Mon-Sun)|Average|2.9|24
Uncle Pavbhaji|250||Gwalior|Thatipur|https://www.zomato.com/gwalior/uncle-pavbhaji-thatipur/info|11|none|(Mon-Sun)||NEW|NEW
Shri Karchi Kadhai|500|North Indian,Chinese|Gwalior|Mahalgaon|https://www.zomato.com/gwalior/shri-karchi-kadhai-mahalgaon/info|11|Quick Bites|11am to 11pm(Mon-Sun)|Good|3.8|73
Shri Jodhpur Mishthan Bhandar|400|Mithai,Fast Food|Gwalior|Lashkar|https://www.zomato.com/gwalior/shri-jodhpur-mishthan-bhandar-lashkar/info|11|Sweet Shop|11am to 9pm(Mon-Sun)|Average|3.4|24
Rock & Roll|200|Rolls|Gwalior|Naya Bazaar|https://www.zomato.com/gwalior/rock-roll-naya-bazaar/info|11|Quick Bites|11am to 10pm(Mon-Sun)|Average|3.4|20
Grains 'n' Beans|400|Bakery|Gwalior|Thatipur|https://www.zomato.com/gwalior/grains-n-beans-1-thatipur/info|11|Bakery|11am to 10pm(Mon-Sun)|Not rated|-|-
Foodz Inn|550|North Indian,Chinese,Beverages|Gwalior|Mahalgaon|https://www.zomato.com/gwalior/foodz-inn-mahalgaon/info|11|Quick Bites|11am to 10pm(Mon-Sun)|Average|3.4|15
9 To 9 Refreshment|100|North Indian,Street Food|Gwalior|Lashkar|https://www.zomato.com/gwalior/9-to-9-refreshment-lashkar/info|11|Quick Bites|8am to 10pm(Mon-Sun)||NEW|NEW
Glorious Bakers|250|Bakery,Fast Food|Gwalior|Vinay Nagar|https://www.zomato.com/gwalior/glorious-bakers-vinay-nagar/info|11|Bakery|12noon to 930pm(Mon,Wed,Thu,Fri,Sat,Sun)...||NEW|NEW
Pragyan Chinese Food|100|Chinese,South Indian|Gwalior|Lashkar|https://www.zomato.com/gwalior/pragyan-chinese-food-lashkar/info|11|Quick Bites|12noon to 10pm(Mon-Sun)|Not rated|-|-
Scooper's|150|Street Food,Ice Cream|Gwalior|Ghosipura|https://www.zomato.com/gwalior/scoopers-ghosipura/info|11|Quick Bites|10am to 10pm(Mon-Sun)|Average|3.3|7
The Desi Kitchen|200|Salad,Biryani,Chinese,Healthy Food,Fast Food,Hyderabadi,North Indian,Afghan|Gwalior|Lashkar|https://www.zomato.com/gwalior/the-desi-kitchen-lashkar/info|12|none|11am to 10pm(Mon-Sun)|Not rated|-|-
Shree Ram Sweets And Snacks|400|Bakery,North Indian|Gwalior|City Center|https://www.zomato.com/gwalior/shree-ram-sweets-and-snacks-1-city-center/info|12|Bakery|11am to 10pm(Mon-Sun)|Average|3.3|8
Sat Sahib Fast Food Restaurant|100|Fast Food|Gwalior|Deen Dayal Nagar|https://www.zomato.com/gwalior/sat-sahib-fast-food-restaurant-deen-dayal-nagar/info|12|Quick Bites|12noon to 10pm(Mon-Sun)|Average|3.1|5
Atithi Inn|800|North Indian,Chinese|Gwalior|Lashkar|https://www.zomato.com/gwalior/atithi-inn-lashkar/info|12|Casual Dining|745am to 10pm(Mon-Sun)|Average|3.3|17
Avadh Foods|100|Lucknowi,Fast Food|Gwalior|Lashkar|https://www.zomato.com/gwalior/avadh-foods-lashkar/info|12|Quick Bites|10am to 10pm(Mon-Sun)|Average|3.3|10
Hemu Ji - Sandwich Express|200|Fast Food|Gwalior|Lashkar|https://www.zomato.com/gwalior/hemu-ji-sandwich-express-lashkar/info|12|Quick Bites|12noon to 10pm(Mon-Sun)|Not rated|-|-
Gadnayak Sweets|150|Street Food,Mithai|Gwalior|Lashkar|https://www.zomato.com/gwalior/gadnayak-sweets-lashkar/info|12|Quick Bites|(Mon-Sun)|Average|2.6|20
The Treat Point|200|North Indian,Fast Food|Gwalior|Deen Dayal Nagar|https://www.zomato.com/gwalior/the-treat-point-deen-dayal-nagar/info|12|Quick Bites|11am to 10pm(Mon-Sun)|Good|3.5|14
Dada Ji Burger and Pizza Point|200|Fast Food|Gwalior|Lashkar|https://www.zomato.com/gwalior/dada-ji-burger-and-pizza-point-lashkar/info|12|none|2pm to 10pm(Mon-Sun)|Not rated|-|-
King Ankal Chinese Stall|250|Chinese|Gwalior|Lashkar|https://www.zomato.com/gwalior/king-ankal-chinese-stall-lashkar/info|12|Quick Bites|4pm to 10pm(Mon-Sun)|Average|3.1|5
Friends Bakers|100|Bakery|Gwalior|Lashkar|https://www.zomato.com/gwalior/friends-bakers-lashkar/info|12|Bakery|12noon to 10pm(Mon-Sun)|Not rated|-|-
The Bullet Cafe|400|Fast Food,Chinese,South Indian,Sandwich,Beverages|Gwalior|Lashkar|https://www.zomato.com/gwalior/the-bullet-cafe-lashkar/info|12|Café|12noon to 10pm(Mon-Sun)|Average|3.1|9
Makhija Enterprises|60|North Indian|Gwalior|Lashkar|https://www.zomato.com/gwalior/makhija-enterprises-lashkar/info|12|Quick Bites|8am to 9pm(Mon-Sun)||NEW|NEW
OLF STORE|250|North Indian|Gwalior|Thatipur|https://www.zomato.com/gwalior/olf-store-2-thatipur/info|12|Quick Bites|11am to 11pm(Mon,Tue,Wed,Sat,Sun),1030am to ...|Good|3.6|43
Aashirvaad Restaurant|150|North Indian,South Indian|Gwalior|Morar|https://www.zomato.com/gwalior/aashirvaad-restaurant-morar/info|12|Quick Bites|11am to 930pm(Mon-Sun)|Average|3.1|4
Crisp Corner|200|Fast Food|Gwalior|Ghosipura|https://www.zomato.com/gwalior/crisp-corner-ghosipura/info|13|Quick Bites|12noon to 10pm(Mon-Sun)|Average|3.3|18
Kiran's|150|Fast Food,Beverages|Gwalior|Deen Dayal Nagar|https://www.zomato.com/gwalior/kirans-deen-dayal-nagar/info|13|Quick Bites|11am to 10pm(Mon-Sun)||NEW|NEW
Krishna Sweets And Caterers|250|Mithai|Gwalior|Lohamandi|https://www.zomato.com/gwalior/krishna-sweets-and-caterers-lohamandi/info|13|Sweet Shop|8am to 10pm(Mon-Sun)||NEW|NEW
Shitla mishthan bhandar|500||Gwalior|Lashkar|https://www.zomato.com/gwalior/shitla-mishthan-bhandar-lashkar/info|13|none|(Mon-Sun)||NEW|NEW
Anand Juice Centre|100|Juices|Gwalior|Mahalgaon|https://www.zomato.com/gwalior/anand-juice-centre-mahalgaon/info|13|Beverage Shop|9am to 9pm(Mon-Sun)||NEW|NEW
Madhuram Fast Food Corner|150|Fast Food|Gwalior|Lashkar|https://www.zomato.com/gwalior/madhuram-fast-food-corner-lashkar/info|13|Quick Bites|1pm to 10pm(Mon-Sun)|Average|3.1|5
The Real Egg Wala|100|North Indian|Gwalior|Lashkar|https://www.zomato.com/gwalior/the-real-egg-wala-lashkar/info|13|Quick Bites|11am to 10pm(Mon-Sun)||NEW|NEW
Prince Tea Stall|100|Tea,Street Food|Gwalior|Lashkar|https://www.zomato.com/gwalior/prince-tea-stall-lashkar/info|13|Kiosk|11am to 10pm(Mon-Sun)||NEW|NEW
Priya Bakery Shop|150|Bakery|Gwalior|Thatipur|https://www.zomato.com/gwalior/priya-bakery-shop-thatipur/info|13|Quick Bites|11am to 10pm(Mon-Sun)||NEW|NEW
Babulal Gupta Restaurant|200|North Indian|Gwalior|Thatipur|https://www.zomato.com/gwalior/babulal-gupta-restaurant-thatipur/info|13|Quick Bites|10am to 10pm(Mon-Sun)|Average|3.0|14
Yadav Restaurant|200|North Indian|Gwalior|Lashkar|https://www.zomato.com/gwalior/yadav-restaurant-lashkar/info|13|Bhojanalya|930am to 930pm(Mon-Sun)|Not rated|-|-
Suresh Ji Ke Namkeen|100|Mithai|Gwalior|Lashkar|https://www.zomato.com/gwalior/suresh-ji-ke-namkeen-lashkar/info|13|Sweet Shop|8am to 10pm(Mon-Sun)|Average|3.1|4
FNP Cakes N More|300|Desserts|Gwalior|City Center|https://www.zomato.com/gwalior/fnp-cakes-n-more-city-center/info|13|Bakery|9am to 10pm(Mon-Sun)|Not rated|-|-
Pubg Restra|300|North Indian,Indian,South Indian,Fast Food|Gwalior|Mahalgaon|https://www.zomato.com/gwalior/pubg-restra-mahalgaon/info|13|Quick Bites|930am to 11am(Mon-Sun)|Average|2.9|4
Sukh Sagar Restaurant|400|South Indian,North Indian|Gwalior|Ghosipura|https://www.zomato.com/gwalior/sukh-sagar-restaurant-ghosipura/info|13|Casual Dining|11am to 10pm(Mon-Sun)|Average|2.8|13
Shri Ram Dabeli Centre|150|Gujarati|Gwalior|Thatipur|https://www.zomato.com/gwalior/shri-ram-dabeli-centre-thatipur/info|14|Quick Bites|12noon to 9pm(Mon-Sun)|Not rated|-|-
Tirupati Refreshment|100|Fast Food|Gwalior|Lashkar|https://www.zomato.com/gwalior/tirupati-refreshment-lashkar/info|14|none|8am to 1pm,5pm to 9pm(Mon-Sun)|Not rated|-|-
Thali va Plate System|360||Gwalior|Thatipur|https://www.zomato.com/gwalior/thali-va-plate-system-thatipur/info|14|Quick Bites|(Mon-Sun)|Average|2.9|10
Naaniz|150|Chinese,Burger,Sandwich|Gwalior|Lashkar|https://www.zomato.com/gwalior/naaniz-lashkar/info|14|none|11am to 10pm(Mon-Sun)||NEW|NEW
Soda Hut|50|Beverages|Gwalior|Mahalgaon|https://www.zomato.com/gwalior/soda-hut-mahalgaon/info|14|Beverage Shop|11am to 10pm(Mon-Sun)|Average|3.0|5
Shri Sai Paties Corner|100|Street Food|Gwalior|Thatipur|https://www.zomato.com/gwalior/shri-sai-paties-corner-thatipur/info|14|Quick Bites|12noon to 9pm(Mon-Sun)|Not rated|-|-
Shri Shanti Mahila Grah Udhyog|100|North Indian|Gwalior|Lashkar|https://www.zomato.com/gwalior/shri-shanti-mahila-grah-udhyog-lashkar/info|14|Quick Bites|11am to 10pm(Mon-Sun)|Average|3.0|4
Eatology|400|North Indian,Chinese,South Indian,Fast Food,Continental|Gwalior|Thatipur|https://www.zomato.com/gwalior/eatology-1-thatipur/info|14|Quick Bites|11am to 10pm(Mon-Sun)|Not rated|-|-
Ganesha  Food's Friend's|200|Fast Food|Gwalior|Deen Dayal Nagar|https://www.zomato.com/gwalior/ganesha-foods-friends-deen-dayal-nagar/info|14|Quick Bites|10am to 12midnight(Mon-Sun)|Average|3.3|33
Vadilal Hangout|400|Fast Food,Desserts|Gwalior|Lashkar|https://www.zomato.com/gwalior/vadilal-hangout-lashkar/info|14|Dessert Parlor|10am to 10pm(Mon-Sun)|Not rated|-|-
Bandil Foods|300|Bakery|Gwalior|Lohamandi|https://www.zomato.com/gwalior/bandil-foods-1-lohamandi/info|14|Bakery|10am to 930pm(Mon-Sun)||NEW|NEW
Hotel shelter - The Aroma Kitchen|1100|North Indian,Chinese,Seafood,Beverages,Mughlai,Biryani|Gwalior|Thatipur|https://www.zomato.com/gwalior/hotel-shelter-the-aroma-kitchen-thatipur/info|14|Casual Dining|11am to 10pm(Mon-Sun)|Average|2.8|5
Hotel Rama Utsav|150|North Indian|Gwalior|Morar|https://www.zomato.com/gwalior/hotel-rama-utsav-morar/info|14|Quick Bites|230pm to 10pm(Mon-Sun)|Not rated|-|-
Mansi Bakery|100|Bakery,Desserts|Gwalior|Thatipur|https://www.zomato.com/gwalior/mansi-bakery-thatipur/info|14|Bakery|11am to 10pm(Mon-Sun)||NEW|NEW
Khandelwal Sweets|150|Mithai|Gwalior|Lashkar|https://www.zomato.com/gwalior/khandelwal-sweets-3-lashkar/info|14|Sweet Shop|830am to 10pm(Mon-Sun)||NEW|NEW
Mahakal Juice Bar|180|Beverages|Gwalior|Lashkar|https://www.zomato.com/gwalior/mahakal-juice-bar-lashkar/info|15|Beverage Shop|10am to 930pm(Mon-Sun)|Average|2.9|5
The Flavour Truck|400|North Indian|Gwalior|Lashkar|https://www.zomato.com/gwalior/the-flavour-truck-lashkar/info|15|Food Truck|5pm to 10pm(Mon-Sun)|Average|3.3|6
Shashi Uncle|150|Chinese|Gwalior|Lashkar|https://www.zomato.com/gwalior/shashi-uncle-lashkar/info|15|none|1pm to 1030pm(Mon-Sun)|Good|3.7|35
My Kitchen Food Center|250|North Indian|Gwalior|Prasad Nagar|https://www.zomato.com/gwalior/my-kitchen-food-center-prasad-nagar/info|15|Quick Bites|9am to 10pm(Mon-Sun)|Average|3.1|5
Roti Boti|200|South Indian,North Indian,Chinese|Gwalior|Morar|https://www.zomato.com/gwalior/roti-boti-morar/info|15|Quick Bites|12noon to 10pm(Mon-Sun)|Not rated|-|-
Bhog Raj Namkeen|250|Fast Food|Gwalior|Birla Nagar|https://www.zomato.com/gwalior/bhog-raj-namkeen-birla-nagar/info|15|Quick Bites|10am to 10pm(Mon-Sun)|Not rated|-|-
Chatpataz Food Zone|300|Fast Food|Gwalior|Vijaynagar|https://www.zomato.com/gwalior/chatpataz-food-zone-vijaynagar/info|15|Quick Bites|11am to 9pm(Mon-Sun)|Not rated|-|-
Soda Hut|50|Beverages|Gwalior|Ghosipura|https://www.zomato.com/gwalior/soda-hut-ghosipura/info|15|Beverage Shop|11am to 10pm(Mon-Sun)|Average|3.2|5
Jai Mata Di Fast Food Corner|200|Fast Food|Gwalior|Thatipur|https://www.zomato.com/gwalior/jai-mata-di-fast-food-corner-thatipur/info|15|Quick Bites|5pm to 9pm(Mon-Sun)|Average|3.2|7
OM Cafe|100|Fast Food,Chinese|Gwalior|Morar|https://www.zomato.com/gwalior/om-cafe-morar/info|15|Quick Bites|11am to 10pm(Mon-Sun)||NEW|NEW
Jagdish Juice Centre|100|Beverages,Juices|Gwalior|Lashkar|https://www.zomato.com/gwalior/jagdish-juice-centre-lashkar/info|15|Beverage Shop|11am to 10pm(Mon-Sun)|Not rated|-|-
Pet Puja|100|Street Food,North Indian|Gwalior|Mahalgaon|https://www.zomato.com/gwalior/pet-puja-mahalgaon/info|15|Quick Bites|(Mon-Sun)|Average|3.0|8
Shri Ram Departmental Store & Bakery|200|Bakery|Gwalior|Prasad Nagar|https://www.zomato.com/gwalior/shri-ram-departmental-store-bakery-prasad-nagar/info|15|Bakery|8am to 10pm(Mon-Sun)|Average|3.0|6
Jai Durge Bakery|150|Bakery,Fast Food|Gwalior|Lashkar|https://www.zomato.com/gwalior/jai-durge-bakery-lashkar/info|15|Bakery|1pm to 10pm(Mon-Sun)||NEW|NEW
Cafe Coffee Day|650|Cafe,Fast Food|Gwalior|Mahalgaon|https://www.zomato.com/gwalior/cafe-coffee-day-mahalgaon/info|15|Café|930am to 12midnight(Mon-Sun)|Good|3.6|69
Lucky Sweets|250|Mithai|Gwalior|Thatipur|https://www.zomato.com/gwalior/lucky-sweets-thatipur/info|16|Sweet Shop|9am to 10pm(Mon-Sun)|Average|3.1|7
FL_2 Coffee Bar and Restaurant|350|Fast Food,Coffee|Gwalior|Thatipur|https://www.zomato.com/gwalior/fl-2-coffee-bar-and-restaurant-thatipur/info|16|Quick Bites|12noon to 10pm(Mon-Sun)|Average|3.2|6
Sagar Foods|300|North Indian,Chinese|Gwalior|Shri Ram Colony|https://www.zomato.com/gwalior/sagar-foods-shri-ram-colony/info|16|Quick Bites|10am to 10pm(Mon-Sun)|Average|3.1|6
Rajesh Tifin Center|250|North Indian|Gwalior|Morar|https://www.zomato.com/gwalior/rajesh-tifin-center-morar/info|16|none|10am to 9pm(Mon-Sun)||NEW|NEW
Apna Kitchen|350|Biryani,Goan,Mughlai|Gwalior|Thatipur|https://www.zomato.com/gwalior/apna-kitchen-thatipur/info|16|none|9am to 10pm(Mon-Sun)||NEW|NEW
7 Square|500|Continental,Chinese,Italian,North Indian,Beverages|Gwalior|Thatipur|https://www.zomato.com/gwalior/7-square-thatipur/info|16|Quick Bites|830am to 10pm(Mon-Sun)||NEW|NEW
Brijwasi Sweets and Namkeen|300|Bakery|Gwalior|Lashkar|https://www.zomato.com/gwalior/brijwasi-sweets-and-namkeen-lashkar/info|16|Bakery|10am to 10pm(Mon-Sun)|Average|3.1|5
Panchhi Raj Petha|150|Mithai|Gwalior|Lashkar|https://www.zomato.com/gwalior/panchhi-raj-petha-lashkar/info|16|Sweet Shop|11am to 10pm(Mon-Sun)|Not rated|-|-
Chill 'N' Grill|300|Desserts,Bakery,Continental,Fast Food,Italian|Gwalior|Ghosipura|https://www.zomato.com/gwalior/chill-n-grill-ghosipura/info|16|Quick Bites|9am to 10pm(Mon-Sun)|Average|2.8|6
New Aangan Sweets & Food|200|Mithai,Fast Food|Gwalior|Mahalgaon|https://www.zomato.com/gwalior/new-aangan-sweets-food-mahalgaon/info|16|Quick Bites|11am to 10pm(Mon-Sun)|Average|3.1|5
Madrasi Masala Dosha|250|South Indian|Gwalior|Thatipur|https://www.zomato.com/gwalior/madrasi-masala-dosha-thatipur/info|16|Quick Bites|(Mon-Sun)||NEW|NEW
Pandit Chinese Food|300|Chinese|Gwalior|Morar|https://www.zomato.com/gwalior/pandit-chinese-food-morar/info|16|Quick Bites|11am to 10pm(Mon-Sun)||NEW|NEW
Hotel Mascot|400|North Indian,Chinese,Fast Food|Gwalior|Lashkar|https://www.zomato.com/gwalior/hotel-mascot-lashkar/info|16|none|8am to 10pm(Mon-Sun)|Not rated|-|-
Govardhan Mishtan Bhandar|250|Street Food,Mithai|Gwalior|Lashkar|https://www.zomato.com/gwalior/govardhan-mishtan-bhandar-lashkar/info|16|Sweet Shop|10am to 10pm(Mon-Sun)|Average|3.0|4
Relax Bakery & Cafe|100|Sandwich|Gwalior|Mahalgaon|https://www.zomato.com/gwalior/relax-bakery-cafe-mahalgaon/info|16|Quick Bites|11am to 9pm(Mon-Sun)|Not rated|-|-
Teekha Takeaway|200|North Indian,South Indian|Gwalior|Anand Nagar|https://www.zomato.com/gwalior/teekha-takeaway-anand-nagar/info|17|Quick Bites|4pm to 10pm(Mon-Sun)|Not rated|-|-
Balaji Restaurant|400|North Indian|Gwalior|Naya Bazaar|https://www.zomato.com/gwalior/balaji-restaurant-naya-bazaar/info|17|Quick Bites|11am to 11pm(Mon-Sun)|Good|3.8|47
Gungun Pani Puri Center|100|Street Food|Gwalior|City Center|https://www.zomato.com/gwalior/gungun-pani-puri-center-city-center/info|17|Kiosk|4pm to 10pm(Mon-Sun)||NEW|NEW
Home Point|300|North Indian|Gwalior|Lashkar|https://www.zomato.com/gwalior/home-point-lashkar/info|17|Bhojanalya|9am to 9pm(Mon-Sun)|Not rated|-|-
Kings Pizza|200|Pizza,Fast Food|Gwalior|Vinay Nagar|https://www.zomato.com/gwalior/kings-pizza-vinay-nagar/info|17|Quick Bites|12noon to 10pm(Mon-Sun)||NEW|NEW
Cake Shakes And Juice|200||Gwalior|Thatipur|https://www.zomato.com/gwalior/cake-shakes-and-juice-thatipur/info|17|Bakery|12noon to 8pm(Mon-Sun)||NEW|NEW
Rathore Chaat Bhandar|100|Street Food|Gwalior|Lashkar|https://www.zomato.com/gwalior/rathore-chaat-bhandar-lashkar/info|17|Quick Bites|10am to 9pm(Mon-Sat),Closed(Sun)||NEW|NEW
Kremy Kraft - Amrat Bakers|150|Bakery|Gwalior|Vinay Nagar|https://www.zomato.com/gwalior/kremy-kraft-amrat-bakers-vinay-nagar/info|17|Bakery|9am to 8pm(Mon-Sun)|Not rated|-|-
Food Junction|250|North Indian|Gwalior|Deen Dayal Nagar|https://www.zomato.com/gwalior/food-junction-deen-dayal-nagar/info|17|Quick Bites|12noon to 10pm(Mon-Sun)||NEW|NEW
Vadilal|250|Ice Cream,Fast Food|Gwalior|Naya Bazaar|https://www.zomato.com/gwalior/vadilal-naya-bazaar/info|17|Dessert Parlor|10am to 9pm(Mon-Sun)|Not rated|-|-
S3 Foods|200|North Indian|Gwalior|Lashkar|https://www.zomato.com/gwalior/s3-foods-lashkar/info|17|Bhojanalya|(Mon-Sun)||NEW|NEW
Healthy Adda|200|Beverages|Gwalior|City Center|https://www.zomato.com/gwalior/healthy-adda-city-center/info|17|Quick Bites|(Mon-Sun)||NEW|NEW
The Mansingh|1000|North Indian,Mughlai,Biryani|Gwalior|Lashkar|https://www.zomato.com/gwalior/the-mansingh-lashkar/info|17|Casual Dining|1pm to 1030pm(Mon-Sun)|Average|2.5|98
Brijwasi Restaurant|300|North Indian|Gwalior|Shinde Ki Chhawani|https://www.zomato.com/gwalior/brijwasi-restaurant-shinde-ki-chhawani/info|17|Quick Bites|1230pm to 10pm(Mon-Sun)|Not rated|-|-
Yuvraj's Family Restaurant|500|North Indian,Chinese|Gwalior|Morar|https://www.zomato.com/gwalior/yuvrajs-family-restaurant-morar/info|17|Casual Dining|11am to 10pm(Mon-Sun)||NEW|NEW
Massala Mocktails|150|Fast Food,Beverages|Gwalior|Lashkar|https://www.zomato.com/gwalior/massala-mocktails-lashkar/info|18|Beverage Shop|12noon to 10pm(Mon-Sun)|Not rated|-|-
Khushal Restaurant|400|North Indian|Gwalior|City Center|https://www.zomato.com/gwalior/khushal-restaurant-city-center/info|18|Casual Dining|11am to 5pm,630pm to 10pm(Mon-Sun)|Not rated|-|-
The Veggie Food Planet|250|North Indian|Gwalior|Lashkar|https://www.zomato.com/gwalior/the-veggie-food-planet-lashkar/info|18|Quick Bites|10am to 9pm(Mon-Sat),10am to 2pm(Sun)|Not rated|-|-
Namkeens Bombay Bhelpuri|100|North Indian|Gwalior|Lashkar|https://www.zomato.com/gwalior/namkeens-bombay-bhelpuri-lashkar/info|18|none|6pm to 10pm(Mon-Sun)||NEW|NEW
Ghar Ka Khana|300|North Indian|Gwalior|City Center|https://www.zomato.com/gwalior/ghar-ka-khana-city-center/info|18|none|11am to 9pm(Mon-Sun)||NEW|NEW
Shree Gurukripa Restaurant|150|North Indian,Chinese|Gwalior|Lashkar|https://www.zomato.com/gwalior/shree-gurukripa-restaurant-lashkar/info|18|Quick Bites|11am to 10pm(Mon-Sun)|Not rated|-|-
Choice Chinese|200||Gwalior|Lashkar|https://www.zomato.com/gwalior/choice-chinese-1-lashkar/info|18|Shack|5pm to 10pm(Mon-Sun)||NEW|NEW
Yummy Bites|300|Fast Food|Gwalior|Lashkar|https://www.zomato.com/gwalior/yummy-bites-lashkar/info|18|Quick Bites|11am to 10pm(Mon-Sun)||NEW|NEW
Pandit Soop Corner|150|Fast Food,Street Food|Gwalior|Thatipur|https://www.zomato.com/gwalior/pandit-soop-corner-1-thatipur/info|18|Quick Bites|10am to 10pm(Mon-Sun)|Not rated|-|-
Shahi Masala|300|North Indian,Fast Food,Chinese|Gwalior|Ghosipura|https://www.zomato.com/gwalior/shahi-masala-ghosipura/info|18|Quick Bites|(Mon-Sun)|Not rated|-|-
Dhanvee Food Center|250|Street Food|Gwalior|Thatipur|https://www.zomato.com/gwalior/dhanvee-food-center-2-thatipur/info|18|Quick Bites|1110am to 8pm(Mon),11am to 8pm(Tue-Fri),Closed...||NEW|NEW
Yadav Restaurant|200|North Indian|Gwalior|Thatipur|https://www.zomato.com/gwalior/yadav-restaurant-1-thatipur/info|18|Quick Bites|10am to 10pm(Mon-Sun)|Not rated|-|-
Radha Rani Food Center|200|North Indian|Gwalior|Thatipur|https://www.zomato.com/gwalior/radha-rani-food-center-thatipur/info|18|Bhojanalya|9am to 1pm,5pm to 9pm(Mon-Sun)||NEW|NEW
Khana Khao Ji|250|North Indian|Gwalior|Madhav Ganj|https://www.zomato.com/gwalior/khana-khao-ji-madhav-ganj/info|18|Quick Bites||Not rated|-|-
New Brijbasi Mishthan Bhandar And Dairy|150|Mithai,Fast Food|Gwalior|Deen Dayal Nagar|https://www.zomato.com/gwalior/new-brijbasi-mishthan-bhandar-and-dairy-deen-dayal-nagar/info|18|Quick Bites|11am to 10pm(Mon-Sun)||NEW|NEW
Rays Food Joint|150|Fast Food,Street Food|Gwalior|Lohamandi|https://www.zomato.com/gwalior/rays-food-joint-lohamandi/info|19|none|11am to 10pm(Mon-Sun)||NEW|NEW
Apne Jai Bhole Ke Namkeen|100|Fast Food|Gwalior|Ghosipura|https://www.zomato.com/gwalior/apne-jai-bhole-ke-namkeen-ghosipura/info|19|Quick Bites|12noon to 9pm(Mon-Sun)||NEW|NEW
Trinco Family Restaurant|200|North Indian,Chinese|Gwalior|Morar|https://www.zomato.com/gwalior/trinco-family-restaurant-morar/info|19|Quick Bites|11am to 930pm(Mon-Sun)||NEW|NEW
Jai Shri Ram Mishthan Bhandar|100||Gwalior|Lashkar|https://www.zomato.com/gwalior/jai-shri-ram-mishthan-bhandar-lashkar/info|19|Sweet Shop|(Mon-Sun)||NEW|NEW
Rathore Fast Food|200|Chinese,Fast Food,Italian|Gwalior|Lashkar|https://www.zomato.com/gwalior/rathore-fast-food-lashkar/info|19|none|9am to 10pm(Mon-Sun)||NEW|NEW
Jevan|400|North Indian|Gwalior|Lashkar|https://www.zomato.com/gwalior/jevan-lashkar/info|19|Quick Bites|12noon to 945pm(Mon-Sun)|Not rated|-|-
Mayur Restaurant|300|North Indian|Gwalior|Lashkar|https://www.zomato.com/gwalior/mayur-restaurant-lashkar/info|19|none|7am to 10pm(Mon-Sun)||NEW|NEW
APIVA|150|North Indian|Gwalior|Lashkar|https://www.zomato.com/gwalior/apiva-lashkar/info|19|Quick Bites|9am to 9pm(Mon-Sun)||NEW|NEW
Lush Eggless Cookies N Cakes|250|Bakery,Desserts|Gwalior|Lashkar|https://www.zomato.com/gwalior/lush-eggless-cookies-n-cakes-lashkar/info|19|Bakery|(Mon-Sun)||NEW|NEW
Maakhan Bhog Restaurant|350|North Indian,Chinese|Gwalior|Prasad Nagar|https://www.zomato.com/gwalior/maakhan-bhog-restaurant-prasad-nagar/info|19|Quick Bites|11am to 11pm(Mon-Sun)|Average|3.1|31
The Rasoighar|250|North Indian|Gwalior|City Center|https://www.zomato.com/gwalior/the-rasoighar-city-center/info|19|none|11am to 11pm(Mon-Sun)|Very Good|4.0|59
Relish Bakers|350|Bakery,Fast Food|Gwalior|Mahalgaon|https://www.zomato.com/gwalior/relish-bakers-1-mahalgaon/info|19|Bakery|11am to 11pm(Mon-Sun)|Average|3.3|48
Aangan Restaurant|400|Street Food,North Indian,Mithai|Gwalior|Prasad Nagar|https://www.zomato.com/gwalior/aangan-restaurant-prasad-nagar/info|19|Quick Bites|9am to 11pm(Mon-Sun)|Average|2.9|79
The Master Chef|300|North Indian,Italian|Gwalior|Lashkar|https://www.zomato.com/gwalior/the-master-chef-lashkar/info|19|Quick Bites|11am to 1030pm(Mon-Sun)|Good|3.8|60
Lovely Fruit Shake|200|Beverages,Juices|Gwalior|Thatipur|https://www.zomato.com/gwalior/lovely-fruit-shake-thatipur/info|19|Beverage Shop|9am to 11pm(Mon-Sun)|Good|3.8|48
Pandit Sweets|300|Mithai,Fast Food|Gwalior|Ghosipura|https://www.zomato.com/gwalior/pandit-sweets-ghosipura/info|2|Quick Bites|10am to 11pm(Mon-Sun)|Very Good|4.1|266
Punjabi Zayka|350|North Indian|Gwalior|City Center|https://www.zomato.com/gwalior/punjabi-zayka-city-center/info|2|Casual Dining|12noon to 1020pm(Mon-Sun)|Good|3.8|287
Burger Buddy|400|Italian,Fast Food,Burger|Gwalior|City Center|https://www.zomato.com/gwalior/burger-buddy-city-center/info|2|Quick Bites|11am to 1045pm(Mon-Sun)|Very Good|4.2|207
Momo Adda|200|Chinese,Momos|Gwalior|Lashkar|https://www.zomato.com/gwalior/momo-adda-lashkar/info|2|Quick Bites|1pm to 11pm(Mon-Sun)|Very Good|4.1|280
Ambrosia|200|North Indian,Beverages|Gwalior|Model Town|https://www.zomato.com/gwalior/ambrosia-model-town/info|2|Quick Bites|12noon to 11pm(Mon-Sun)||NEW|NEW
Choti Wala|600|South Indian,North Indian,Chinese|Gwalior|Thatipur|https://www.zomato.com/gwalior/choti-wala-thatipur/info|2|Casual Dining|8am to 1130pm(Mon-Sun)|Good|3.9|229
Bon Pizza|350|Pizza|Gwalior|City Center|https://www.zomato.com/gwalior/bon-pizza-city-center/info|2|Quick Bites|11am to 11pm(Mon-Sun)|Good|3.8|180
IAG Food Court (IFC)|250|Biryani,Chinese,Fast Food,Italian,Burger,Rolls,Pizza,South Indian|Gwalior|Thatipur|https://www.zomato.com/gwalior/iag-food-court-ifc-thatipur/info|2|Quick Bites|11am to 1030pm(Mon-Sun)|Very Good|4.1|127
7 Spice|600|North Indian,Biryani,Fast Food,Chinese,Pizza,Burger,Sandwich|Gwalior|Lashkar|https://www.zomato.com/gwalior/7-spice-lashkar/info|2|Casual Dining|10am to 11pm(Mon-Sun)|Good|3.6|174
Anand Restaurant|250|North Indian|Gwalior|Lashkar|https://www.zomato.com/gwalior/anand-restaurant-lashkar/info|2|Quick Bites|11am to 11pm(Mon-Sun)|Very Good|4.3|100
Kwality Restaurant|1000|North Indian,Chinese|Gwalior|Mahalgaon|https://www.zomato.com/gwalior/kwality-restaurant-mahalgaon/info|2|Casual Dining|1130am to 430pm,6pm to 1030pm(Mon-Sun)|Excellent|4.5|295
Volga Restaurant|700|North Indian,Chinese,Biryani|Gwalior|Ghosipura|https://www.zomato.com/gwalior/volga-restaurant-ghosipura/info|2|Casual Dining|12noon to 11pm(Mon-Sun)|Very Good|4.1|179
Perk & Puff|750|Pizza,Italian,Fast Food|Gwalior|Lashkar|https://www.zomato.com/gwalior/perk-puff-lashkar/info|2|Quick Bites|12noon to 11pm(Mon-Sun)|Very Good|4.0|124
Punjab Cafe|300|South Indian,North Indian,Fast Food,Chinese|Gwalior|City Center|https://www.zomato.com/gwalior/punjab-cafe-city-center/info|2|Quick Bites|1pm to 11pm(Mon-Sun)|Good|3.8|163
Param Food Complex|900|North Indian|Gwalior|Lashkar|https://www.zomato.com/gwalior/param-food-complex-lashkar/info|2|Casual Dining|10am to 1030pm(Mon-Sun)|Very Good|4.1|170
Maan Family Restaurant|300|North Indian|Gwalior|City Center|https://www.zomato.com/gwalior/maan-family-restaurant-city-center/info|20|Quick Bites|11am to 3am(Mon-Sun)|Average|3.3|24
The Beans Cafe|500|Chinese,Fast Food,Cafe,Pizza,Italian,Sandwich,Beverages|Gwalior|City Center|https://www.zomato.com/gwalior/the-beans-cafe-city-center/info|20|Café|11am to 11pm(Mon-Sun)|Very Good|4.0|39
Siddhi Vinayak Restaurant|350|North Indian|Gwalior|Prasad Nagar|https://www.zomato.com/gwalior/siddhi-vinayak-restaurant-prasad-nagar/info|20|Casual Dining|11am to 1130pm(Mon-Sun)|Good|3.5|35
T Time|200|Beverages,Fast Food|Gwalior|Lashkar|https://www.zomato.com/gwalior/t-time-lashkar/info|20|Quick Bites|1030am to 1030pm(Mon-Sat),1230pm to 1030pm(Sun)|Very Good|4.1|70
Bollywood Cafe|500|Cafe,Chinese,Italian,Fast Food|Gwalior|Lashkar|https://www.zomato.com/gwalior/bollywood-cafe-1-lashkar/info|20|Café|11am to 1030pm(Mon-Sun)|Good|3.7|67
Tikkad Wala|350|North Indian|Gwalior|Lashkar|https://www.zomato.com/gwalior/tikkad-wala-lashkar/info|20|Quick Bites|1130am to 1030pm(Mon-Sun)|Good|3.7|50
Landmark NX|1200|North Indian,Mughlai,Chinese|Gwalior|City Center|https://www.zomato.com/gwalior/landmark-nx-city-center/info|20|Fine Dining|7am to 11pm(Mon-Sun)|Average|3.2|84
Food Mood|600|North Indian,Fast Food|Gwalior|Gulmohar City|https://www.zomato.com/gwalior/food-mood-gulmohar-city/info|20|Casual Dining|11am to 11pm(Mon-Sun)|Good|3.8|69
Chatkazz|500|North Indian,Pizza,Burger|Gwalior|Vijaynagar|https://www.zomato.com/gwalior/chatkazz-2-vijaynagar/info|20|Quick Bites|1230pm to 1030pm(Mon-Sun)|Good|3.9|42
Victorian Vantage|800|North Indian,Mughlai,Italian,Continental,Chinese,Afghan|Gwalior|Naya Bazaar|https://www.zomato.com/gwalior/victorian-vantage-naya-bazaar/info|20|Café|11am to 1130pm(Mon-Sun)|Good|3.7|77
Jai Mahakali Bhojanalaya|500|North Indian,Chinese|Gwalior|Thatipur|https://www.zomato.com/gwalior/jai-mahakali-bhojanalaya-thatipur/info|20|Casual Dining|9am to 1130pm(Mon-Sun)|Good|3.5|59
Cafe Lounge - Clark's Inn Suites|800|Continental,Cafe|Gwalior|Lashkar|https://www.zomato.com/gwalior/cafe-lounge-clarks-inn-suites-lashkar/info|20|Café|24|Good|3.5|63
Singh's Burgers|300|Fast Food,Burger|Gwalior|Naya Bazaar|https://www.zomato.com/gwalior/singhs-burgers-naya-bazaar/info|20|Quick Bites|3pm to 11pm(Mon-Sun)|Good|3.9|38
The Desi Kitchen|400|Salad,Biryani,Chinese,Healthy Food,Hyderabadi,North Indian,Afghan|Gwalior|City Center|https://www.zomato.com/gwalior/the-desi-kitchen-city-center/info|20|Quick Bites|11am to 1130pm(Mon-Sun)|Good|3.5|32
The Bridge - Clark's Inn Suites|1500|Thai,North Indian,Mughlai,Continental,Chinese|Gwalior|Lashkar|https://www.zomato.com/gwalior/the-bridge-clarks-inn-suites-lashkar/info|20|Fine Dining|7am to 11pm(Mon-Sun)|Good|3.9|45
F For Fries|250|Fast Food|Gwalior|Birla Nagar|https://www.zomato.com/gwalior/f-for-fries-birla-nagar/info|21|Food Court|1030am to 1130pm(Mon-Sun)|Good|3.8|51
Am To Pm Coffee Shop|150|Healthy Food,Sandwich,Fast Food,Beverages,Italian,Tea,Burger,Pizza|Gwalior|Lashkar|https://www.zomato.com/gwalior/am-to-pm-coffee-shop-lashkar/info|21|Beverage Shop|11am to 1030pm(Mon-Sun)|Good|3.9|52
The Chef's Shack|500|Fast Food,Chinese|Gwalior|City Center|https://www.zomato.com/gwalior/the-chefs-shack-city-center/info|21|Quick Bites|12noon to 11pm(Mon-Sun)|Average|3.3|45
Cafe Kahani|600|Cafe|Gwalior|Lohamandi|https://www.zomato.com/gwalior/cafe-kahani-lohamandi/info|21|Café|11am to 11pm(Mon-Sun)|Average|3.4|55
Shree Bhukkads - A Food Lounge|400|South Indian,North Indian,Fast Food,Chinese|Gwalior|Lashkar|https://www.zomato.com/gwalior/shree-bhukkads-a-food-lounge-1-lashkar/info|21|Casual Dining|11am to 1030pm(Mon-Sun)|Good|3.6|50
Shri Ram Dabeli  Centre|400|Fast Food|Gwalior|Lashkar|https://www.zomato.com/gwalior/shri-ram-dabeli-centre-lashkar/info|21|Quick Bites|11am to 11pm(Mon-Sun)|Good|3.9|27
Rajhans Restaurant|400|Biryani,Fast Food,Beverages,North Indian|Gwalior|Thatipur|https://www.zomato.com/gwalior/rajhans-restaurant-thatipur/info|21|Quick Bites|11am to 11pm(Mon-Sun)|Average|3.3|15
Spice 13|150|Fast Food|Gwalior|Lashkar|https://www.zomato.com/gwalior/spice-13-lashkar/info|21|Quick Bites|12noon to 11pm(Mon-Sun)|Good|3.6|14
Hemu Ji Cheela Chaat Bhandaar|250|Fast Food,Street Food|Gwalior|Lashkar|https://www.zomato.com/gwalior/hemu-ji-cheela-chaat-bhandaar-lashkar/info|21|Quick Bites|3pm to 1030pm(Mon-Sun)|Good|3.5|18
Mughal Darbar|800|North Indian,Mughlai|Gwalior|Naya Bazaar|https://www.zomato.com/gwalior/mughal-darbar-naya-bazaar/info|21|Casual Dining|12noon to 11pm(Mon-Sun)|Very Good|4.0|70
Annapurna Kitchens|200|North Indian,Fast Food,Chinese|Gwalior|Morar|https://www.zomato.com/gwalior/annapurna-kitchens-morar/info|21|Quick Bites|8am to 11pm(Mon-Sun)|Average|3.3|22
Blueberry Restaurant|500|North Indian|Gwalior|Morar|https://www.zomato.com/gwalior/blueberry-restaurant-morar/info|21|Quick Bites|10am to 11pm(Mon-Sun)|Good|3.5|31
Heaven's Gate|600|Fast Food,Cafe,Continental,Italian|Gwalior|Lashkar|https://www.zomato.com/gwalior/heavens-gate-lashkar/info|21|Café|12noon to 11pm(Mon-Sun)|Good|3.8|56
Hotel Ramaya|800|North Indian,Chinese|Gwalior|Thatipur|https://www.zomato.com/gwalior/hotel-ramaya-thatipur/info|21|Casual Dining|12noon to 11pm(Mon-Sun)|Good|3.5|40
Virasat The Heritage|600|North Indian|Gwalior|Ghosipura|https://www.zomato.com/gwalior/virasat-the-heritage-ghosipura/info|21|Casual Dining|11am to 11pm(Mon-Sun)|Average|3.4|42
Nitin Chicken Center|200|North Indian|Gwalior|Morar|https://www.zomato.com/gwalior/nitin-chicken-center-2-morar/info|22|Quick Bites|3pm to 1030pm(Mon-Sun)|Good|3.5|29
Delhi Soya Chaap Wala|200|North Indian|Gwalior|Lashkar|https://www.zomato.com/gwalior/delhi-soya-chaap-wala-lashkar/info|22|Quick Bites|11am to 1030pm(Mon-Sun)|Average|3.2|16
Handi - Hotel Banjara|700|North Indian|Gwalior|Lashkar|https://www.zomato.com/gwalior/handi-hotel-banjara-lashkar/info|22|Café|11am to 11pm(Mon-Sun)|Good|3.5|42
The Road Chef's|300|Chinese|Gwalior|Lashkar|https://www.zomato.com/gwalior/the-road-chefs-lashkar/info|22|Quick Bites|11am to 11pm(Mon-Sun)|Average|2.9|48
Khanekakhazana.Com|200|North Indian,South Indian|Gwalior|Mahalgaon|https://www.zomato.com/gwalior/khanekakhazana-com-mahalgaon/info|22|Quick Bites|11am to 11pm(Mon-Sun)|Average|3.0|13
Sai Bhoj|500|North Indian|Gwalior|Thatipur|https://www.zomato.com/gwalior/sai-bhoj-thatipur/info|22|Casual Dining|9am to 1130pm(Mon-Sun)|Average|3.4|32
Illusion - Clark's Inn Suites|1000|Finger Food|Gwalior|Lashkar|https://www.zomato.com/gwalior/illusion-clarks-inn-suites-lashkar/info|22|Bar|11am to 11pm(Mon-Sun)|Average|3.4|51
Prince Of Punjab|300|North Indian|Gwalior|Lashkar|https://www.zomato.com/gwalior/prince-of-punjab-lashkar/info|22|none|4pm to 11pm(Mon-Sun)|Good|3.5|32
Aggarwal Puri Bhandar|100|North Indian|Gwalior|Shinde Ki Chhawani|https://www.zomato.com/gwalior/aggarwal-puri-bhandar-shinde-ki-chhawani/info|22|Bhojanalya|10am to 1030pm(Mon-Sun)|Good|3.8|40
Baskin Robbins|300|Ice Cream,Desserts|Gwalior|Mahalgaon|https://www.zomato.com/gwalior/baskin-robbins-mahalgaon/info|22|Dessert Parlor|11am to 11pm(Mon-Sun)|Good|3.7|21
Rajasthani Bhojanalaya|200|Rajasthani|Gwalior|Lashkar|https://www.zomato.com/gwalior/rajasthani-bhojanalaya-lashkar/info|22|Bhojanalya|11am to 11pm(Mon-Sun)|Average|3.0|25
Mast Banarasi Paan|100|Paan|Gwalior|Thatipur|https://www.zomato.com/gwalior/mast-banarasi-paan-thatipur/info|22|Paan Shop|11am to 11pm(Mon-Sun)|Good|3.8|39
Dosa Corner|500|South Indian,Fast Food|Gwalior|Ghosipura|https://www.zomato.com/gwalior/dosa-corner-ghosipura/info|22|Casual Dining|11am to 11pm(Mon-Sun)|Good|3.5|34
Sri Ram Misthan Bhandar|200|Mithai|Gwalior|Prasad Nagar|https://www.zomato.com/gwalior/sri-ram-misthan-bhandar-prasad-nagar/info|22|Sweet Shop|8am to 1030pm(Mon-Sun)|Good|3.5|60
Prabha International Hotel|700|North Indian|Gwalior|Lashkar|https://www.zomato.com/gwalior/prabha-international-hotel-lashkar/info|22|Casual Dining|11am to 11pm(Mon-Sun)|Average|3.0|29
Real Indian Taste|150|North Indian|Gwalior|Lashkar|https://www.zomato.com/gwalior/real-indian-taste-lashkar/info|23|Quick Bites|11am to 11pm(Mon-Sun)||NEW|NEW
Pleasure Restaurant|800|South Indian,North Indian,Fast Food|Gwalior|Mahalgaon|https://www.zomato.com/gwalior/pleasure-restaurant-1-mahalgaon/info|23|Casual Dining|10am to 11pm(Mon-Sun)|Good|3.6|36
Apsara Happy Hours|600|North Indian,Chinese,Continental,Pizza|Gwalior|Lashkar|https://www.zomato.com/gwalior/apsara-happy-hours-lashkar/info|23|Casual Dining|12noon to 11pm(Mon-Sun)|Good|3.6|26
Egg Bar|200|Continental|Gwalior|City Center|https://www.zomato.com/gwalior/egg-bar-city-center/info|23|Quick Bites|1pm to 11pm(Mon-Sun)|Good|3.6|18
The Ved Mantra|750|North Indian,Mughlai,Continental,Chinese|Gwalior|Naya Bazaar|https://www.zomato.com/gwalior/the-ved-mantra-naya-bazaar/info|23|Casual Dining|11am to 11pm(Mon-Sun)|Good|3.5|21
Relish Bakers|350|Bakery,Fast Food|Gwalior|Mahalgaon|https://www.zomato.com/gwalior/relish-bakers-mahalgaon/info|23|Bakery|9am to 11pm(Mon-Sun)|Average|3.1|19
Shri Krishna Restaurant|250|North Indian|Gwalior|Lashkar|https://www.zomato.com/gwalior/shri-krishna-restaurant-lashkar/info|23|Quick Bites|12noon to 11pm(Mon-Sun)|Average|3.0|18
Royal Non Veg Corner|400|North Indian|Gwalior|Lashkar|https://www.zomato.com/gwalior/royal-non-veg-corner-lashkar/info|23|Quick Bites|11am to 11pm(Mon-Sun)|Average|3.2|22
Anand Bhoj|500|North Indian,Fast Food,Chinese|Gwalior|Thatipur|https://www.zomato.com/gwalior/anand-bhoj-thatipur/info|23|Casual Dining|8am to 2am(Mon-Sun)|Average|2.8|36
Icy Spicy Restaurant & Cafe|500|Chinese,Street Food,Italian,Cafe,Pizza,Ice Cream,North Indian|Gwalior|Anand Nagar|https://www.zomato.com/gwalior/icy-spicy-restaurant-cafe-anand-nagar/info|23|Casual Dining|11am to 1030pm(Mon-Sun)|Good|3.8|27
Mom's Cafe|500|Fast Food,Cafe|Gwalior|City Center|https://www.zomato.com/gwalior/moms-cafe-city-center/info|23|Café|1030am to 1030pm(Mon-Sun)|Good|3.6|26
Maakhan Bhog|100|Beverages,Juices|Gwalior|Thatipur|https://www.zomato.com/gwalior/maakhan-bhog-thatipur/info|23|Beverage Shop|9am to 1030pm(Mon-Sun)|Average|3.1|10
The Road Chef's|300|Fast Food|Gwalior|Mahalgaon|https://www.zomato.com/gwalior/the-road-chefs-mahalgaon/info|23|Quick Bites|11am to 1030pm(Mon-Sun)|Average|3.4|22
Lucknowee Chicken|300|North Indian|Gwalior|Shinde Ki Chhawani|https://www.zomato.com/gwalior/lucknowee-chicken-shinde-ki-chhawani/info|23|Quick Bites|5pm to 11pm(Mon-Sun)|Good|3.7|23
Dill's Chawla Restaurant|450|North Indian|Gwalior|Lashkar|https://www.zomato.com/gwalior/dills-chawla-restaurant-lashkar/info|23|Quick Bites|1130am to 1130pm(Mon-Sun)|Average|3.4|44
Cafe Tea Gather|400|Fast Food|Gwalior|Shinde Ki Chhawani|https://www.zomato.com/gwalior/cafe-tea-gather-shinde-ki-chhawani/info|24|Quick Bites|11am to 11pm(Mon-Sun)|Good|3.7|33
Ss Foodz|200|Fast Food|Gwalior|City Center|https://www.zomato.com/gwalior/ss-foodz-city-center/info|24|Quick Bites|11am to 11pm(Mon-Sun)|Good|3.8|29
The Golden Village|700|North Indian,Chinese,Sandwich|Gwalior|Lashkar|https://www.zomato.com/gwalior/the-golden-village-lashkar/info|24|Casual Dining|11am to 11pm(Mon-Sun)|Good|3.5|37
Mood Alter Punjabi Tadka|300|North Indian,Chinese|Gwalior|Madhav Ganj|https://www.zomato.com/gwalior/mood-alter-punjabi-tadka-madhav-ganj/info|24|Quick Bites|1130am to 1030pm(Mon-Sun)|Good|3.5|24
Sanjha Chulha|300|Fast Food|Gwalior|Lashkar|https://www.zomato.com/gwalior/sanjha-chulha-lashkar/info|24|Quick Bites|12noon to 11pm(Mon-Sun)|Good|3.7|43
Usha's Pick N Carry|200|North Indian,Beverages|Gwalior|Morar|https://www.zomato.com/gwalior/ushas-pick-n-carry-morar/info|24|Quick Bites|1pm to 1030pm(Mon-Sun)|Good|3.5|20
Roxy Cafe|400|North Indian,Chinese|Gwalior|Lashkar|https://www.zomato.com/gwalior/roxy-cafe-lashkar/info|24|Café|11am to 11pm(Mon-Sun)|Average|2.9|16
Lazeez Restaurant & Bakers|800|North Indian|Gwalior|Ghosipura|https://www.zomato.com/gwalior/lazeez-restaurant-bakers-ghosipura/info|24|Bakery|10am to 11pm(Mon-Sun)|Average|3.2|42
Holu-lulu Chinese & Fast Food Central|300|Chinese,Fast Food|Gwalior|Thatipur|https://www.zomato.com/gwalior/holu-lulu-chinese-fast-food-central-1-thatipur/info|24|Quick Bites|11am to 11pm(Mon-Sun)||NEW|NEW
Shri Banke Bihari|200|Street Food,Beverages|Gwalior|Thatipur|https://www.zomato.com/gwalior/shri-banke-bihari-thatipur/info|24|Quick Bites|6am to 12midnight(Mon-Sun)|Average|3.2|13
Tolaram Sweets|100|Desserts|Gwalior|Lashkar|https://www.zomato.com/gwalior/tolaram-sweets-lashkar/info|24|Sweet Shop|11am to 11pm(Mon-Sun)|Good|3.7|22
Jain Dabeli Centre|100|Fast Food|Gwalior|Morar|https://www.zomato.com/gwalior/jain-dabeli-centre-1-morar/info|24|Quick Bites|2pm to 1030pm(Mon-Sun)||NEW|NEW
Shree Balaji Maharaj|400|North Indian|Gwalior|Lashkar|https://www.zomato.com/gwalior/shree-balaji-maharaj-lashkar/info|24|none|10am to 11pm(Mon-Sun)|Very Good|4.0|38
Ajanta Restaurant|300|North Indian|Gwalior|Thatipur|https://www.zomato.com/gwalior/ajanta-restaurant-thatipur/info|24|Quick Bites|10am to 1130pm(Mon-Sun)|Average|2.8|33
Jain Mishtan Bhandar|200|Street Food,Mithai|Gwalior|Thatipur|https://www.zomato.com/gwalior/jain-mishtan-bhandar-thatipur/info|24|Sweet Shop|6am to 11pm(Mon-Sun)|Average|3.3|21
Anil Family Restaurant|300|North Indian,Mughlai|Gwalior|Vinay Nagar|https://www.zomato.com/gwalior/anil-family-restaurant-vinay-nagar/info|25|Quick Bites|4pm to 11pm(Mon-Sun)|Good|3.5|22
Salt N Pepper|800|North Indian,Fast Food,Italian,South Indian,Chinese|Gwalior|Lashkar|https://www.zomato.com/gwalior/salt-n-pepper-lashkar/info|25|Casual Dining|10am to 11pm(Mon-Sun)|Average|3.1|31
The Vedas|1000|North Indian,Chinese|Gwalior|City Center|https://www.zomato.com/gwalior/the-vedas-city-center/info|25|Casual Dining|11am to 11pm(Mon-Sun)|Average|3.3|9
Sweet & Salt Restaurant|650|South Indian,North Indian,Continental,Chinese|Gwalior|Morar|https://www.zomato.com/gwalior/sweet-salt-restaurant-morar/info|25|Casual Dining|11am to 1030pm(Mon-Sun)|Average|3.4|41
Aahar Fast Food|350|Bakery,Chinese,Desserts|Gwalior|Lashkar|https://www.zomato.com/gwalior/aahar-fast-food-lashkar/info|25|Bakery|930am to 1030pm(Mon-Sun)|Good|3.5|15
Shan-e-Punjab|300|Fast Food,Chinese,North Indian|Gwalior|Lashkar|https://www.zomato.com/gwalior/shan-e-punjab-lashkar/info|25|Quick Bites|1230pm to 11pm(Mon-Sun)|Good|3.6|29
Food station|150|Fast Food|Gwalior|Lashkar|https://www.zomato.com/gwalior/food-station-lashkar/info|25|Quick Bites|6pm to 11pm(Mon-Sun)|Good|3.5|15
Dakshin Express - The City Food Court|300|North Indian|Gwalior|Lashkar|https://www.zomato.com/gwalior/dakshin-express-the-city-food-court-lashkar/info|25|Food Court|1030am to 1030pm(Mon-Sun)|Not rated|-|-
Baba Kulfi Ice Cream|100|Ice Cream|Gwalior|Lashkar|https://www.zomato.com/gwalior/baba-kulfi-ice-cream-lashkar/info|25|Food Truck|6pm to 11pm(Mon-Sun)||NEW|NEW
Hotel Suruchi|900|North Indian|Gwalior|Morar|https://www.zomato.com/gwalior/hotel-suruchi-morar/info|25|Casual Dining|11am to 11pm(Mon-Sun)|Average|2.8|23
Oxford Kathi Rolls_Beans Cafe|250|North Indian|Gwalior|Rajeev Nagar|https://www.zomato.com/gwalior/oxford-kathi-rolls-beans-cafe-rajeev-nagar/info|25|Quick Bites|10am to 11pm(Mon-Sun)|Average|3.3|14
Suryansh Food Corner|300|Fast Food,North Indian,Beverages|Gwalior|City Center|https://www.zomato.com/gwalior/suryansh-food-corner-2-city-center/info|25|Quick Bites|11am to 4pm,6pm to 1030pm(Mon-Sun)|Good|3.9|28
Honesty Foods|400|North Indian|Gwalior|City Center|https://www.zomato.com/gwalior/honesty-foods-city-center/info|25|Quick Bites|11am to 11pm(Mon-Sun)|Not rated|-|-
Snacks And Cool Point|100|Bakery,Fast Food,Desserts|Gwalior|Deen Dayal Nagar|https://www.zomato.com/gwalior/snacks-and-cool-point-deen-dayal-nagar/info|25|Quick Bites|11am to 11pm(Mon-Sun)||NEW|NEW
The Treat Fast Food|250|Fast Food|Gwalior|Lashkar|https://www.zomato.com/gwalior/the-treat-fast-food-lashkar/info|25|Quick Bites|1030am to 11pm(Mon-Sun)|Average|3.3|16
Relish Bakers|300|Fast Food,Bakery|Gwalior|DB City Mall-- Birla Nagar|https://www.zomato.com/gwalior/relish-bakers-lashkar/info|26|none|2pm to 11pm(Mon-Sun)|Average|2.9|21
Keventers|300|Beverages,Ice Cream,Desserts|Gwalior|DB City Mall-- Birla Nagar|https://www.zomato.com/gwalior/keventers-birla-nagar/info|26|Beverage Shop|11am to 11pm(Mon-Sun)|Average|3.3|17
Food At Night|350|Street Food,Chinese,Fast Food|Gwalior|Lashkar|https://www.zomato.com/gwalior/food-at-night-lashkar/info|26|Quick Bites|5pm to 11pm(Mon-Sun)|Good|3.5|17
Crisp Corner|200|Rolls,Fast Food,Desserts|Gwalior|Lashkar|https://www.zomato.com/gwalior/crisp-corner-lashkar/info|26|Dessert Parlor|10am to 11pm(Mon-Sun)|Average|3.2|17
Golden food|200|Fast Food|Gwalior|Lashkar|https://www.zomato.com/gwalior/golden-food-lashkar/info|26|Quick Bites|12noon to 11pm(Mon-Sun)|Good|3.8|25
Shan-Shaukat|400|North Indian|Gwalior|Shinde Ki Chhawani|https://www.zomato.com/gwalior/shan-shaukat-shinde-ki-chhawani/info|26|Quick Bites|11am to 11pm(Mon-Sun)|Good|3.6|27
Thai Fi - The City Food Court|300|North Indian|Gwalior|Lashkar|https://www.zomato.com/gwalior/thai-fi-the-city-food-court-lashkar/info|26|Food Court|1030am to 1030pm(Mon-Sun)|Not rated|-|-
Chicken Chaska|300|North Indian,Chinese,Continental|Gwalior|Lashkar|https://www.zomato.com/gwalior/chicken-chaska-lashkar/info|26|Casual Dining|11am to 11pm(Mon-Sun)|Average|2.8|7
The Vinayak|500|North Indian,Chinese|Gwalior|Lashkar|https://www.zomato.com/gwalior/the-vinayak-lashkar/info|26|Casual Dining|11am to 11pm(Mon-Sun)|Average|3.0|14
Chat On Chaat - The City Food Court|300|North Indian|Gwalior|Lashkar|https://www.zomato.com/gwalior/chat-on-chaat-the-city-food-court-lashkar/info|26|Food Court|1030am to 1030pm(Mon-Sun)|Not rated|-|-
Trilok Singh Cook & Dhaba|600|North Indian|Gwalior|Lashkar|https://www.zomato.com/gwalior/trilok-singh-cook-dhaba-lashkar/info|26|Dhaba|10am to 11pm(Mon-Sun)|Good|3.5|31
MP07 Restaurant|100|North Indian|Gwalior|City Center|https://www.zomato.com/gwalior/mp07-restaurant-city-center/info|26|Quick Bites|9am to 11pm(Mon-Sun)|Average|3.1|7
Dairyman's Natural Ice Cream|100|Ice Cream|Gwalior|Naya Bazaar|https://www.zomato.com/gwalior/dairymans-natural-ice-cream-naya-bazaar/info|26|Dessert Parlor|130pm to 1130pm(Mon-Sun)|Average|3.3|10
Kalp Vriksha- Hotel Vivek Continental|200|North Indian,Chinese|Gwalior|Lashkar|https://www.zomato.com/gwalior/kalp-vriksha-hotel-vivek-continental-lashkar/info|26|Quick Bites|11am to 11pm(Mon-Sun)|Average|3.4|19
Marwadi Bhojnalaya|200|North Indian,Rajasthani|Gwalior|Lashkar|https://www.zomato.com/gwalior/marwadi-bhojnalaya-lashkar/info|26|Bhojanalya|12noon to 2pm,7pm to 11pm(Mon-Sun)|Average|3.4|13
Bhopat Nasir Chicken Biryani|300|Biryani,Mughlai|Gwalior|Lashkar|https://www.zomato.com/gwalior/bhopat-nasir-chicken-biryani-lashkar/info|27|Quick Bites|9am to 11pm(Mon-Sun)|Average|3.1|16
Shiv Shakti Bhojnalaya|200|North Indian|Gwalior|Morar|https://www.zomato.com/gwalior/shiv-shakti-bhojnalaya-morar/info|27|Quick Bites|12noon to 11pm(Mon-Sun)|Average|3.2|10
The A Park Hotel|400|Chinese,Continental,North Indian,Mughlai|Gwalior|Lashkar|https://www.zomato.com/gwalior/the-a-park-hotel-lashkar/info|27|none|8am to 1030pm(Mon-Sun)||NEW|NEW
Chatore  Restaurant|500|North Indian|Gwalior|City Center|https://www.zomato.com/gwalior/chatore-restaurant-city-center/info|27|Quick Bites|1230pm to 1030pm(Mon-Sun)|Average|3.4|23
Maa Annapurna Bhojnalya & Restaurant|200|North Indian|Gwalior|Thatipur|https://www.zomato.com/gwalior/maa-annapurna-bhojnalya-restaurant-thatipur/info|27|Bhojanalya|11am to 11pm(Mon-Sun)|Not rated|-|-
Hotel Sudarshan AC Restaurant|550|North Indian,Chinese|Gwalior|Lashkar|https://www.zomato.com/gwalior/hotel-sudarshan-ac-restaurant-lashkar/info|27|Casual Dining|11am to 1030pm(Mon-Sun)|Average|3.4|16
Punjabi Chicken Hub|250|North Indian|Gwalior|Lashkar|https://www.zomato.com/gwalior/punjabi-chicken-hub-lashkar/info|27|none|3pm to 11pm(Mon,Wed,Thu,Fri,Sat,Sun),Closed...|Average|3.1|6
Veer Ji|300|North Indian|Gwalior|Lashkar|https://www.zomato.com/gwalior/veer-ji-lashkar/info|27|Quick Bites|11am to 11pm(Mon-Sun)||NEW|NEW
Flirty Uncle|150|North Indian,Chinese|Gwalior|Thatipur|https://www.zomato.com/gwalior/flirty-uncle-thatipur/info|27|Quick Bites|11am to 11pm(Mon-Sun)||NEW|NEW
Royal Bakery|300|Bakery|Gwalior|Thatipur|https://www.zomato.com/gwalior/royal-bakery-thatipur/info|27|Bakery|11am to 1030pm(Mon-Sun)|Average|3.2|4
Rajput Hotel And Parcel Counter|100|North Indian|Gwalior|Morar|https://www.zomato.com/gwalior/rajput-hotel-and-parcel-counter-morar/info|27|none|12noon to 11pm(Mon-Sun)||NEW|NEW
Cakes n Bakes|300|Bakery,Fast Food|Gwalior|Lashkar|https://www.zomato.com/gwalior/cakes-n-bakes-lashkar/info|27|Bakery|1230pm to 11pm(Mon,Wed,Thu,Fri,Sat,Sun)...|Average|3.4|9
The Central Park|400|Chinese,North Indian|Gwalior|City Center|https://www.zomato.com/gwalior/the-central-park-city-center/info|27|Quick Bites|1130am to 11pm(Mon-Sun)|Average|2.9|7
Shahi Bhoj|200|North Indian|Gwalior|Vinay Nagar|https://www.zomato.com/gwalior/shahi-bhoj-vinay-nagar/info|27|Quick Bites|12noon to 11pm(Mon-Sun)|Average|3.4|18
Cakes & Snacks - Jai Anand Plaza|100|Bakery,Desserts|Gwalior|Thatipur|https://www.zomato.com/gwalior/cakes-snacks-jai-anand-plaza-thatipur/info|27|Bakery|11am to 11pm(Mon-Sun)||NEW|NEW
Mama Food Home|350|Burger,Chinese,Fast Food,North Indian|Gwalior|Deen Dayal Nagar|https://www.zomato.com/gwalior/mama-food-home-deen-dayal-nagar/info|28|Casual Dining|11am to 11pm(Mon-Sun)|Average|3.0|11
Zaika - Horizon Plaza Hotel|600|North Indian|Gwalior|Lashkar|https://www.zomato.com/gwalior/zaika-horizon-plaza-hotel-lashkar/info|28|Casual Dining|11am to 11pm(Mon-Sun)|Average|2.9|8
Clarks Bakers- Clarks Inn Suites|200|Bakery|Gwalior|Lashkar|https://www.zomato.com/gwalior/clarks-bakers-clarks-inn-suites-lashkar/info|28|Bakery|11am to 11pm(Mon-Sun)|Average|2.9|4
Mrignayani FL-2 Restaurant|200|North Indian,Coffee|Gwalior|Morar|https://www.zomato.com/gwalior/mrignayani-fl-2-restaurant-morar/info|28|Casual Dining|11am to 11pm(Mon-Sun)|Average|2.9|8
Shake N Bake|100|Beverages|Gwalior|Lashkar|https://www.zomato.com/gwalior/shake-n-bake-lashkar/info|28|Beverage Shop|4pm to 1030pm(Mon-Sun)|Not rated|-|-
New Annapurna Bhojnalaya|150|North Indian|Gwalior|Birla Nagar|https://www.zomato.com/gwalior/new-annapurna-bhojnalaya-birla-nagar/info|28|Quick Bites|11am to 11pm(Mon-Sun)||NEW|NEW
Route 66|500|Fast Food|Gwalior|City Center|https://www.zomato.com/gwalior/route-66-city-center/info|28|Quick Bites|12noon to 1030pm(Mon-Sun)|Average|3.3|9
Chicken Haat|400|North Indian,Mughlai|Gwalior|Lashkar|https://www.zomato.com/gwalior/chicken-haat-lashkar/info|28|none|11am to 11pm(Mon,Wed,Thu,Fri,Sat,Sun),Closed...|Average|2.9|7
Mahima Bar and Restro|600|Chinese,North Indian|Gwalior|Lashkar|https://www.zomato.com/gwalior/mahima-bar-and-restro-lashkar/info|28|Bar|8am to 11pm(Mon-Sun)|Average|3.1|7
Devillaz Restaurant|150|North Indian,Fast Food,Chinese|Gwalior|Lashkar|https://www.zomato.com/gwalior/devillaz-restaurant-lashkar/info|28|Quick Bites|11am to 11pm(Mon-Sun)||NEW|NEW
Petoo|100|Fast Food|Gwalior|Lashkar|https://www.zomato.com/gwalior/petoo-lashkar/info|28|Quick Bites|11am to 1030pm(Mon-Sun)|Average|3.2|7
Amritsari Mehak|250|Biryani,Roast Chicken,North Indian,Seafood|Gwalior|City Center|https://www.zomato.com/gwalior/amritsari-mehak-1-city-center/info|28|Quick Bites|11am to 1030pm(Mon-Sun)|Average|3.1|4
Alok Kitchen Food Truck|250|Chinese|Gwalior|Lashkar|https://www.zomato.com/gwalior/alok-kitchen-food-truck-lashkar/info|28|Food Truck|6pm to 11pm(Mon-Sun)|Average|3.3|12
Shri Gurukripa Food Court Parcel|400|North Indian|Gwalior|Gulmohar City|https://www.zomato.com/gwalior/shri-gurukripa-food-court-parcel-gulmohar-city/info|28|Quick Bites|10am to 11pm(Mon-Sun)|Average|2.9|8
Rasoi Restaurant|500|North Indian|Gwalior|Lashkar|https://www.zomato.com/gwalior/rasoi-restaurant-lashkar/info|28|Quick Bites|11am to 11pm(Mon-Sun)|Average|2.8|13
Spicy Indian Cafe & Restaurant|200|North Indian,South Indian|Gwalior|Lashkar|https://www.zomato.com/gwalior/spicy-indian-cafe-restaurant-lashkar/info|29|Quick Bites|12noon to 11pm(Mon-Sun)|Average|3.3|7
Urban Rasoi|550|North Indian,Chinese|Gwalior|Lashkar|https://www.zomato.com/gwalior/urban-rasoi-lashkar/info|29|Quick Bites|10am to 11pm(Mon-Sun)|Average|3.4|13
Pakiza Hotel|200|Mughlai,North Indian|Gwalior|Lashkar|https://www.zomato.com/gwalior/pakiza-hotel-lashkar/info|29|Quick Bites|11am to 11pm(Mon-Sun)|Average|3.2|9
Raj Fast Food Corner|150|Fast Food|Gwalior|Lashkar|https://www.zomato.com/gwalior/raj-fast-food-corner-lashkar/info|29|Quick Bites|12noon to 11pm(Mon-Sun)|Not rated|-|-
Vadilal Hangout|150|Ice Cream|Gwalior|Birla Nagar|https://www.zomato.com/gwalior/vadilal-hangout-birla-nagar/info|29|Food Court|1130am to 11pm(Mon-Sun)|Average|3.2|5
Braj Bhog Sweets & Namkeen|150|Mithai,Pizza|Gwalior|Lashkar|https://www.zomato.com/gwalior/braj-bhog-sweets-namkeen-lashkar/info|29|Sweet Shop|11am to 11pm(Mon-Sun)||NEW|NEW
Gwalior Da Punjab Tadka|150|North Indian|Gwalior|Morar|https://www.zomato.com/gwalior/gwalior-da-punjab-tadka-morar/info|29|none|11am to 11pm(Mon-Sun)|Average|3.1|4
Shri Bankebihari Food Corner|350|South Indian,North Indian,Chinese|Gwalior|Mahalgaon|https://www.zomato.com/gwalior/shri-bankebihari-food-corner-mahalgaon/info|29|Quick Bites|11am to 1030pm(Mon-Sun)|Average|3.3|13
Gurukripa Restaurant|500|North Indian,Fast Food,Chinese|Gwalior|Thatipur|https://www.zomato.com/gwalior/gurukripa-restaurant-thatipur/info|29|Casual Dining|8am to 1130pm(Mon-Sun)|Average|3.4|17
Hotel Yugantar Palace|400|North Indian|Gwalior|Shinde Ki Chhawani|https://www.zomato.com/gwalior/hotel-yugantar-palace-shinde-ki-chhawani/info|29|Casual Dining|10am to 11pm(Mon-Sun)|Average|2.7|12
Jain Family Restaurant 2|250|North Indian|Gwalior|Thatipur|https://www.zomato.com/gwalior/jain-family-restaurant-2-thatipur/info|29|Casual Dining|9am to 1130pm(Mon-Sun)|Average|3.4|19
Virendra Namkeen|100|Mithai,Bakery|Gwalior|Lashkar|https://www.zomato.com/gwalior/virendra-namkeen-lashkar/info|29|Sweet Shop|930am to 1030pm(Mon-Sun)|Average|3.3|7
The Eru Cafe|500|Cafe|Gwalior|Lashkar|https://www.zomato.com/gwalior/the-eru-cafe-lashkar/info|29|Café|11am to 1030pm(Mon-Sun)|Average|3.1|9
Khilona Atithi Bhoj|200|North Indian|Gwalior|Lashkar|https://www.zomato.com/gwalior/khilona-atithi-bhoj-lashkar/info|29|Quick Bites|11am to 11pm(Mon-Sun)||NEW|NEW
Spicy Indian|200|North Indian|Gwalior|Lashkar|https://www.zomato.com/gwalior/spicy-indian-lashkar/info|29|Quick Bites|11am to 11pm(Mon-Sun)|Not rated|-|-
KFC|500|Burger,Fast Food|Gwalior|DB City Mall-- Birla Nagar|https://www.zomato.com/gwalior/kfc-birla-nagar/info|3|Quick Bites|11am to 11pm(Mon-Sun)|Very Good|4.2|101
Happiness|350|North Indian,Fast Food|Gwalior|Lashkar|https://www.zomato.com/gwalior/happiness-lashkar/info|3|Quick Bites|11am to 10pm(Mon-Sun)|Very Good|4.2|365
Prince Punjabi Dhaba|300|North Indian|Gwalior|Lashkar|https://www.zomato.com/gwalior/prince-punjabi-dhaba-lashkar/info|3|Dhaba|1130am to 11pm(Mon-Sun)|Average|3.3|163
Amritsari Hot Bite|600|North Indian,Biryani,Fast Food,Seafood|Gwalior|City Center|https://www.zomato.com/gwalior/amritsari-hot-bite-city-center/info|3|Quick Bites|12noon to 1030pm(Mon-Sun)|Good|3.7|171
Khana Khajana Family Restaurant|450|North Indian|Gwalior|Lashkar|https://www.zomato.com/gwalior/khana-khajana-family-restaurant-lashkar/info|3|Quick Bites|1pm to 11pm(Mon),10am to 11pm(Tue-Sun)|Good|3.8|131
Snacks & Shakes|500|North Indian,Beverages,South Indian|Gwalior|DD City Mall-- Lashkar|https://www.zomato.com/gwalior/snacks-shakes-lashkar/info|3|none|3pm to 1030pm(Mon-Sun)|Good|3.7|114
Subway|500|Healthy Food,Sandwich,Salad|Gwalior|Mahalgaon|https://www.zomato.com/gwalior/subway-mahalgaon/info|3|Quick Bites|10am to 1130pm(Mon-Sun)|Good|3.9|109
Chawla Chicken|400|North Indian,Chinese|Gwalior|City Center|https://www.zomato.com/gwalior/chawla-chicken-city-center/info|3|Quick Bites|12noon to 12midnight(Mon-Sun)|Average|3.1|151
Panchvati Gaurav|700|North Indian,Chinese|Gwalior|City Center|https://www.zomato.com/gwalior/panchvati-gaurav-city-center/info|3|Casual Dining|1pm to 4pm,7pm to 11pm(Mon-Sun)|Very Good|4.0|165
Taste Of Punjab|300|North Indian|Gwalior|City Center|https://www.zomato.com/gwalior/taste-of-punjab-city-center/info|3|Quick Bites|10am to 10pm(Mon-Sun)|Very Good|4.3|549
Hungry Birds|850|Italian,Cafe|Gwalior|Naya Bazaar|https://www.zomato.com/gwalior/hungry-birds-naya-bazaar/info|3|Café|11am to 1030pm(Mon-Sun)|Very Good|4.2|130
Phalsafa - Cafe Fruit Bar|450|Continental,Chinese|Gwalior|City Center|https://www.zomato.com/gwalior/phalsafa-cafe-fruit-bar-city-center/info|3|Café|11am to 11pm(Mon-Sun)|Very Good|4.1|109
Bansiwala|400|North Indian|Gwalior|Thatipur|https://www.zomato.com/gwalior/bansiwala-thatipur/info|3|Casual Dining|(Mon-Tue),9am to 12midnight(Wed-Sun)|Good|3.6|115
Shere Punjab Restaurant|350|North Indian,Chinese,Biryani|Gwalior|Morar|https://www.zomato.com/gwalior/shere-punjab-restaurant-morar/info|3|Quick Bites|1230pm to 11pm(Mon-Sun)|Good|3.8|90
Pizza Fuel Cafe|200|Pizza|Gwalior|Lashkar|https://www.zomato.com/gwalior/pizza-fuel-cafe-lashkar/info|3|Quick Bites|12noon to 11pm(Mon-Sun)|Very Good|4.0|82
Shree Adinath Sweets|100|Mithai,Fast Food|Gwalior|Shinde Ki Chhawani|https://www.zomato.com/gwalior/shree-adinath-sweets-shinde-ki-chhawani/info|30|Sweet Shop|11am to 11pm(Mon-Sun)|Not rated|-|-
Hotel Celebration Inn|450|North Indian,South Indian,Chinese,Continental|Gwalior|Thatipur|https://www.zomato.com/gwalior/hotel-celebration-inn-thatipur/info|30|Casual Dining|11am to 11pm(Mon-Sun)|Average|3.1|5
Pooja Di Rasoi|200|North Indian|Gwalior|City Center|https://www.zomato.com/gwalior/pooja-di-rasoi-city-center/info|30|Bhojanalya|9am to 1030pm(Mon-Sun)||NEW|NEW
Masala Kraft|800||Gwalior|Lashkar|https://www.zomato.com/gwalior/masala-kraft-lashkar/info|30|Casual Dining|10am to 1130pm(Mon-Sun)|Average|3.0|8
The High Street|250|Fast Food|Gwalior|Lashkar|https://www.zomato.com/gwalior/the-high-street-lashkar/info|30|Quick Bites|4pm to 11pm(Mon-Sun)|Not rated|-|-
Sita Manor Restaurant|550|North Indian,Chinese|Gwalior|Naya Bazaar|https://www.zomato.com/gwalior/sita-manor-restaurant-naya-bazaar/info|30|Casual Dining|11am to 11pm(Mon-Sun)|Average|3.0|9
Muskan Restaurant|300|North Indian|Gwalior|Lashkar|https://www.zomato.com/gwalior/muskan-restaurant-lashkar/info|30|Quick Bites|11am to 11pm(Mon-Sun)||NEW|NEW
Shere Hind Hotel|300|North Indian|Gwalior|Lashkar|https://www.zomato.com/gwalior/shere-hind-hotel-lashkar/info|30|Dhaba|11am to 11pm(Mon-Sun)|Average|3.2|7
JV Eggs|100|Sandwich,Fast Food|Gwalior|Lashkar|https://www.zomato.com/gwalior/jv-eggs-lashkar/info|30|Quick Bites|6pm to 11pm(Mon-Sun)|Average|3.3|11
Braj Ki Rasoi|400|North Indian|Gwalior|Lashkar|https://www.zomato.com/gwalior/braj-ki-rasoi-lashkar/info|30|Bhojanalya|9am to 11pm(Mon-Sun)|Average|3.3|8
Shree ji Family Restaurant|200|North Indian,Chinese,Fast Food|Gwalior|Lashkar|https://www.zomato.com/gwalior/shree-ji-family-restaurant-lashkar/info|30|Quick Bites|11am to 11pm(Mon-Sun)||NEW|NEW
The Heritage Kitchen - Fragrance Of Food|250|North Indian|Gwalior|Lashkar|https://www.zomato.com/gwalior/the-heritage-kitchen-fragrance-of-food-lashkar/info|30|Quick Bites|11am to 11pm(Mon-Sun)|Not rated|-|-
Minions Cafe|200|Cafe,Fast Food|Gwalior|City Center|https://www.zomato.com/gwalior/minions-cafe-city-center/info|30|Café|11am to 11pm(Mon-Sun)||NEW|NEW
DHM & ROLLS|100|Chinese,Fast Food|Gwalior|Lashkar|https://www.zomato.com/gwalior/dhm-rolls-lashkar/info|30|Quick Bites|6pm to 1030pm(Mon-Sun)||NEW|NEW
Wake Up Cafe|200|Fast Food|Gwalior|City Center|https://www.zomato.com/gwalior/wake-up-cafe-city-center/info|30|Café|10am to 1030pm(Mon-Sun)||NEW|NEW
Aao Ji Khao Ji Foodz|250|North Indian|Gwalior|City Center|https://www.zomato.com/gwalior/aao-ji-khao-ji-foodz-city-center/info|31|Quick Bites|11am to 11pm(Mon-Sun)|Not rated|-|-
The Cool Point|100|Fast Food,Desserts,Bakery|Gwalior|Deen Dayal Nagar|https://www.zomato.com/gwalior/the-cool-point-deen-dayal-nagar/info|31|Quick Bites|7am to 1030pm(Mon-Sun)||NEW|NEW
Cook's Home|150|North Indian|Gwalior|City Center|https://www.zomato.com/gwalior/cooks-home-city-center/info|31|none|1pm to 11pm(Mon-Sun)|Average|3.1|4
Momo Mia|200|Momos|Gwalior|DD City Mall-- Lashkar|https://www.zomato.com/gwalior/momo-mia-lashkar/info|31|none|1pm to 1030pm(Mon-Sun)|Average|3.3|10
The Terrace Garden Restaurant|700|North Indian|Gwalior|Lashkar|https://www.zomato.com/gwalior/the-terrace-garden-restaurant-1-lashkar/info|31|Casual Dining|11am to 11pm(Mon-Sun)|Average|3.3|7
Mirchi 2 - Indian Food|200|Fast Food,Beverages|Gwalior|Lashkar|https://www.zomato.com/gwalior/mirchi-2-indian-food-1-lashkar/info|31|none|11am to 11pm(Mon-Sun)|Average|3.1|4
Shri Thakur Ji Ayurveda Paan Bhandar|100|Paan|Gwalior|Naya Bazaar|https://www.zomato.com/gwalior/shri-thakur-ji-ayurveda-paan-bhandar-naya-bazaar/info|31|Paan Shop|12noon to 1130pm(Mon-Sun)|Average|3.2|7
Brijwasi Lalaji Vrindavan Wale|250|Mithai|Gwalior|Lashkar|https://www.zomato.com/gwalior/brijwasi-lalaji-vrindavan-wale-lashkar/info|31|Sweet Shop|11am to 11pm(Mon-Sun)|Not rated|-|-
Hotel Maharaja|300|North Indian|Gwalior|Lashkar|https://www.zomato.com/gwalior/hotel-maharaja-lashkar/info|31|Quick Bites|11am to 11pm(Mon-Sun)||NEW|NEW
Chawla|450||Gwalior|Thatipur|https://www.zomato.com/gwalior/chawla-thatipur/info|31|Quick Bites|1230pm to 1230pm(Mon-Sun)|Average|3.3|13
The Food Adda Restaurant|200|North Indian|Gwalior|Prasad Nagar|https://www.zomato.com/gwalior/the-food-adda-restaurant-prasad-nagar/info|31|Quick Bites|11am to 11pm(Mon-Sun)||NEW|NEW
Delhi Darbar - Hotel Dessert Palm|500|North Indian,Chinese|Gwalior|City Center|https://www.zomato.com/gwalior/delhi-darbar-hotel-dessert-palm-city-center/info|31|Quick Bites|11am to 11pm(Mon-Sun)|Average|3.1|6
Gajanand Restaurant|200|North Indian,South Indian,Chinese|Gwalior|Lashkar|https://www.zomato.com/gwalior/gajanand-restaurant-lashkar/info|31|Quick Bites|1pm to 11pm(Mon-Sun)|Not rated|-|-
New Ratiram Gajak Bhandar|200|Desserts|Gwalior|Lashkar|https://www.zomato.com/gwalior/new-ratiram-gajak-bhandar-lashkar/info|31|Dessert Parlor|9am to 11pm(Mon-Sun)|Average|3.0|11
Thirs-T & Cakery - The City Food Court|300|North Indian|Gwalior|Lashkar|https://www.zomato.com/gwalior/thirs-t-cakery-the-city-food-court-lashkar/info|31|Food Court|1030am to 1030pm(Mon-Sun)|Not rated|-|-
Hotel Narayanam|700|North Indian,South Indian,Continental,Italian|Gwalior|Morar|https://www.zomato.com/gwalior/hotel-narayanam-morar/info|32|Casual Dining|11am to 11pm(Mon-Sun)||NEW|NEW
Rohit Bakers|100|Bakery,Desserts|Gwalior|Lashkar|https://www.zomato.com/gwalior/rohit-bakers-lashkar/info|32|Bakery|11am to 1030pm(Mon-Sun)||NEW|NEW
KGN Fresh Juice Centre|100|Beverages,Fast Food|Gwalior|Lashkar|https://www.zomato.com/gwalior/kgn-fresh-juice-centre-lashkar/info|32|Beverage Shop|11am to 1030pm(Mon-Sun)||NEW|NEW
Rastawala Momos & Rolls|200|Fast Food|Gwalior|Lashkar|https://www.zomato.com/gwalior/rastawala-momos-rolls-lashkar/info|32|Quick Bites|11am to 11pm(Mon-Sun)|Not rated|-|-
Neeraj Hotel|300|North Indian|Gwalior|Thatipur|https://www.zomato.com/gwalior/neeraj-hotel-thatipur/info|32|Quick Bites|10am to 11pm(Mon-Sun)|Average|3.1|4
Chow Fi - The City Food Court|300|North Indian|Gwalior|Lashkar|https://www.zomato.com/gwalior/chow-fi-the-city-food-court-lashkar/info|32|Food Court|1030am to 1030pm(Mon-Sun)|Not rated|-|-
AK Fast Food|300|Fast Food|Gwalior|Lashkar|https://www.zomato.com/gwalior/ak-fast-food-lashkar/info|32|Quick Bites|11am to 1130pm(Mon-Sun)||NEW|NEW
Hotel Neel Shree|300|North Indian|Gwalior|Lashkar|https://www.zomato.com/gwalior/hotel-neel-shree-lashkar/info|32|Quick Bites|11am to 11pm(Mon-Sun)||NEW|NEW
Dev Yadav Restaurant|250|North Indian|Gwalior|Thatipur|https://www.zomato.com/gwalior/dev-yadav-restaurant-thatipur/info|32|Quick Bites|7am to 2am(Mon-Sun)|Average|3.2|10
Vishnu Bakery|200|Desserts,Bakery|Gwalior|Lashkar|https://www.zomato.com/gwalior/vishnu-bakery-lashkar/info|32|Bakery|11am to 11pm(Mon-Sun)|Not rated|-|-
Mahesh Bakery|150|Bakery|Gwalior|Lashkar|https://www.zomato.com/gwalior/mahesh-bakery-lashkar/info|32|Bakery|11am to 11pm(Mon-Sun)|Not rated|-|-
Shakes Dear|200|Beverages,Street Food|Gwalior|Lashkar|https://www.zomato.com/gwalior/shakes-dear-lashkar/info|32|Quick Bites|8am to 11pm(Mon-Sun)||NEW|NEW
Sindh Ka Swad|150|North Indian|Gwalior|Lashkar|https://www.zomato.com/gwalior/sindh-ka-swad-lashkar/info|32|none|11am to 11pm(Mon-Sun)||NEW|NEW
Red Eye Dragon - The City Food Court|300|North Indian|Gwalior|Lashkar|https://www.zomato.com/gwalior/red-eye-dragon-the-city-food-court-lashkar/info|32|Casual Dining|12noon to 11pm(Mon-Sun)|Not rated|-|-
Drupe Hive Express|200|Ice Cream|Gwalior|Lashkar|https://www.zomato.com/gwalior/drupe-hive-express-lashkar/info|32|Quick Bites|330pm to 11am(Mon-Sun)||NEW|NEW
The Fusion Cafe Restro|550|Cafe,North Indian,Chinese|Gwalior|Vinay Nagar|https://www.zomato.com/gwalior/the-fusion-cafe-restro-vinay-nagar/info|33|Café|11am to 11pm(Mon-Sun)||NEW|NEW
Lira Restaurant|500|North Indian|Gwalior|Mahalgaon|https://www.zomato.com/gwalior/lira-restaurant-mahalgaon/info|33|Quick Bites|10am to 11pm(Mon-Sun)|Not rated|-|-
Khyber Pass - The City Food Court|300|North Indian|Gwalior|Lashkar|https://www.zomato.com/gwalior/khyber-pass-the-city-food-court-lashkar/info|33|Food Court|12noon to 11pm(Mon-Sun)|Not rated|-|-
Hotel Sugar Palm Restaurant|800|North Indian,Continental,Chinese|Gwalior|City Center|https://www.zomato.com/gwalior/hotel-sugar-palm-restaurant-city-center/info|33|Casual Dining|830am to 1030pm(Mon-Sun)|Not rated|-|-
The Tuff Chef|400|Beverages,Desserts|Gwalior|City Center|https://www.zomato.com/gwalior/the-tuff-chef-city-center/info|33|Dessert Parlor|7am to 1pm,4pm to 1030pm(Mon-Sun)|Not rated|-|-
Gopal Hotel|150|North Indian|Gwalior|Lashkar|https://www.zomato.com/gwalior/gopal-hotel-lashkar/info|33|Quick Bites|11am to 1030pm(Mon-Sun)||NEW|NEW
Radiance Hotel|700|North Indian|Gwalior|Mahalgaon|https://www.zomato.com/gwalior/radiance-hotel-mahalgaon/info|33|Casual Dining|11am to 11pm(Mon-Sun)|Average|3.0|4
Second Wife Indian Food Parcel Counter|200|North Indian|Gwalior|Lashkar|https://www.zomato.com/gwalior/second-wife-indian-food-parcel-counter-lashkar/info|33|none|11am to 11pm(Mon-Sun)||NEW|NEW
Sam's Pizza|450|Pizza,Italian,Fast Food|Gwalior|Birla Nagar|https://www.zomato.com/gwalior/sams-pizza-birla-nagar/info|33|Food Court|11am to 11pm(Mon-Sun)|Not rated|-|-
The Grill Mill - The City Food Court|300|North Indian|Gwalior|Lashkar|https://www.zomato.com/gwalior/the-grill-mill-the-city-food-court-lashkar/info|33|Food Court|12noon to 11pm(Mon-Sun)|Not rated|-|-
The Royal Cafe & Lounge|300|North Indian|Gwalior|Lashkar|https://www.zomato.com/gwalior/the-royal-cafe-lounge-lashkar/info|33|Quick Bites|11am to 11pm(Mon-Sun)||NEW|NEW
Naivedyam Restaurant|800|North Indian,Beverages,Mughlai,Thai,Afghan|Gwalior|Morar|https://www.zomato.com/gwalior/naivedyam-restaurant-morar/info|33|Casual Dining|12noon to 3pm,7pm to 11pm(Mon-Sun)|Not rated|-|-
Hotel Royal Inn|800|North Indian,Mughlai,Chinese|Gwalior|City Center|https://www.zomato.com/gwalior/hotel-royal-inn-city-center/info|33|Casual Dining|730am to 1130pm(Mon-Sun)|Not rated|-|-
Kulfiano|150|Ice Cream,Desserts|Gwalior|Birla Nagar|https://www.zomato.com/gwalior/kulfiano-birla-nagar/info|33|Dessert Parlor|11am to 11pm(Mon-Sun)|Not rated|-|-
Shri Girraj Family Restaurant|150|North Indian|Gwalior|Morar|https://www.zomato.com/gwalior/shri-girraj-family-restaurant-morar/info|33|Quick Bites|11am to 11pm(Mon-Sun)||NEW|NEW
Vyanjan Bhojanalay|400|North Indian|Gwalior|Lashkar|https://www.zomato.com/gwalior/vyanjan-bhojanalay-lashkar/info|34|Quick Bites|11am to 11pm(Mon-Sun)|Not rated|-|-
Spicy Tree - The City Food Court|300|North Indian|Gwalior|Lashkar|https://www.zomato.com/gwalior/spicy-tree-the-city-food-court-lashkar/info|34|Food Court|1030am to 1030pm(Mon-Sun)|Not rated|-|-
Prahlad Inn Hotel|350|North Indian|Gwalior|Lashkar|https://www.zomato.com/gwalior/prahlad-inn-hotel-lashkar/info|34|Quick Bites|11am to 1030pm(Mon-Sun)|Not rated|-|-
Shan-Shaukat|250|Mithai|Gwalior|Lashkar|https://www.zomato.com/gwalior/shan-shaukat-lashkar/info|34|Sweet Shop|9am to 11pm(Mon-Sun)||NEW|NEW
Adarsh Catering|200|North Indian|Gwalior|Lashkar|https://www.zomato.com/gwalior/adarsh-catering-lashkar/info|34|Quick Bites|11am to 11pm(Mon-Sun)|Not rated|-|-
Bansal Chaat Corner|100|Fast Food|Gwalior|Anand Nagar|https://www.zomato.com/gwalior/bansal-chaat-corner-anand-nagar/info|34|none|11am to 11pm(Mon-Sun)|Not rated|-|-
Hotel Sliver Oak|300|North Indian,Fast Food|Gwalior|City Center|https://www.zomato.com/gwalior/hotel-sliver-oak-city-center/info|34|Quick Bites|11am to 11pm(Mon-Sun)|Not rated|-|-
Sankalp|400|North Indian,Fast Food|Gwalior|Birla Nagar|https://www.zomato.com/gwalior/sankalp-birla-nagar/info|34|Food Court|11am to 11pm(Mon-Sun)|Not rated|-|-
Youngester Cafe|300|Fast Food|Gwalior|City Center|https://www.zomato.com/gwalior/youngester-cafe-1-city-center/info|34|Quick Bites|11am to 11pm(Mon-Sun)|Not rated|-|-
Home Made Street Food|150|Desserts,Ice Cream|Gwalior|Madhav Ganj|https://www.zomato.com/gwalior/home-made-street-food-madhav-ganj/info|34|none|8am to 11pm(Mon-Sun)||NEW|NEW
Celebration Atulya - Hotel Shivalaya|400|North Indian|Gwalior|Lashkar|https://www.zomato.com/gwalior/celebration-atulya-hotel-shivalaya-lashkar/info|34|Casual Dining|11am to 11pm(Mon-Sun)|Not rated|-|-
Punjabi Da Chawla|450|North Indian|Gwalior|Thatipur|https://www.zomato.com/gwalior/punjabi-da-chawla-thatipur/info|34|Casual Dining|12noon to 11pm(Mon-Sun)|Not rated|-|-
Meal Hut|400|Fast Food|Gwalior|Lashkar|https://www.zomato.com/gwalior/meal-hut-lashkar/info|34|Quick Bites|9am to 11pm(Mon-Sun)|Not rated|-|-
Scoopers|150|Fast Food,Desserts|Gwalior|Lashkar|https://www.zomato.com/gwalior/scoopers-lashkar/info|34|Quick Bites|2pm to 12midnight(Mon-Sun)||NEW|NEW
Jai Banshiwala Family Restaurant|550|North Indian,Chinese|Gwalior|Thatipur|https://www.zomato.com/gwalior/jai-banshiwala-family-restaurant-thatipur/info|34|Casual Dining|7am to 11pm(Mon-Sun)||NEW|NEW
Chaurasiya Poha|100|Street Food|Gwalior|Lashkar|https://www.zomato.com/gwalior/chaurasiya-poha-lashkar/info|35|none|8am to 11pm(Mon-Sun)||NEW|NEW
Ghar Da Swad|250|North Indian|Gwalior|City Center|https://www.zomato.com/gwalior/ghar-da-swad-1-city-center/info|35|Quick Bites|11am to 11pm(Mon-Sun)|Not rated|-|-
Jai Kali Maa Bhojalayana|200|North Indian|Gwalior|Deen Dayal Nagar|https://www.zomato.com/gwalior/jai-kali-maa-bhojalayana-deen-dayal-nagar/info|35|Bhojanalya|10am to 1130pm(Mon-Sun)|Not rated|-|-
Saffron|450|North Indian|Gwalior|Birla Nagar|https://www.zomato.com/gwalior/saffron-birla-nagar/info|35|Food Court|11am to 11pm(Mon-Sun)|Not rated|-|-
Shriram Misthan Bhandar|200|Mithai,South Indian,Fast Food|Gwalior|Deen Dayal Nagar|https://www.zomato.com/gwalior/shriram-misthan-bhandar-deen-dayal-nagar/info|35|Sweet Shop|8am to 1030pm(Mon-Sun)||NEW|NEW
Gauri Fast Food Corner|250|Fast Food|Gwalior|Madhav Ganj|https://www.zomato.com/gwalior/gauri-fast-food-corner-madhav-ganj/info|35|Quick Bites|6pm to 1030pm(Mon-Sun)|Not rated|-|-
Amritsari Kulche Wala|150|North Indian|Gwalior|City Center|https://www.zomato.com/gwalior/amritsari-kulche-wala-city-center/info|35|Quick Bites|10am to 1130pm(Mon-Sun)|Not rated|-|-
Tourist Restaurant|150|North Indian|Gwalior|Lashkar|https://www.zomato.com/gwalior/tourist-restaurant-lashkar/info|35|Quick Bites|11am to 11pm(Mon-Sun)||NEW|NEW
Om Sai Nath Dosa Corner|200|South Indian|Gwalior|City Center|https://www.zomato.com/gwalior/om-sai-nath-dosa-corner-city-center/info|35|Quick Bites|11am to 11pm(Mon-Sun)|Not rated|-|-
Basant Bakery|200|Bakery,Desserts|Gwalior|Lashkar|https://www.zomato.com/gwalior/basant-bakery-1-lashkar/info|35|Bakery|9am to 1030pm(Mon-Sun)||NEW|NEW
Swadeshi Mawa Ice cream|150|Ice Cream|Gwalior|City Center|https://www.zomato.com/gwalior/swadeshi-mawa-ice-cream-city-center/info|35|Dessert Parlor|11am to 11pm(Mon-Sun)||NEW|NEW
Achievers Food Corner - Afc|200|North Indian,Chinese|Gwalior|Lashkar|https://www.zomato.com/gwalior/achievers-food-corner-afc-lashkar/info|35|Quick Bites|||Opening|Opening
B2B|400|Bakery,Fast Food,Burger|Gwalior|Morar|https://www.zomato.com/gwalior/b2b-morar/info|35|Bakery|9am to 11pm(Mon-Sun)||NEW|NEW
The Terrace Garden Restaurant|0|North Indian|Gwalior|Lashkar|https://www.zomato.com/gwalior/the-terrace-garden-restaurant-lashkar/info|35|Casual Dining|11am to 11pm(Mon-Sun)||NEW|NEW
Om Bhairavaya Foods|300|North Indian|Gwalior|Deen Dayal Nagar|https://www.zomato.com/gwalior/om-bhairavaya-foods-deen-dayal-nagar/info|35|Quick Bites|||Opening|Opening
Prince Tea Shop|60|Tea,Beverages|Gwalior|Lashkar|https://www.zomato.com/gwalior/prince-tea-shop-lashkar/info|36|Beverage Shop|6am to 1030pm(Mon-Sun)||NEW|NEW
Natraj Restaurant|500|North Indian,Mughlai|Gwalior|Thatipur|https://www.zomato.com/gwalior/natraj-restaurant-thatipur/info|4|Quick Bites|11am to 11pm(Mon-Sun)|Good|3.7|101
Swaad The Taste|600|South Indian,Ice Cream,Fast Food,Chinese,North Indian|Gwalior|Morar|https://www.zomato.com/gwalior/swaad-the-taste-morar/info|4|Casual Dining|1030am to 1030pm(Mon-Sun)|Good|3.5|132
Delhi Paranthe Wale|250|North Indian,Fast Food|Gwalior|Naya Bazaar|https://www.zomato.com/gwalior/delhi-paranthe-wale-naya-bazaar/info|4|Quick Bites|11am to 10pm(Mon-Sun)|Average|2.6|250
Raj Restaurant|300|North Indian|Gwalior|Lashkar|https://www.zomato.com/gwalior/raj-restaurant-lashkar/info|4|Quick Bites|11am to 11pm(Mon-Sun)|Good|3.8|83
Punjabi Food Factory|400|North Indian,Chinese|Gwalior|Lashkar|https://www.zomato.com/gwalior/punjabi-food-factory-lashkar/info|4|Quick Bites|11am to 11pm(Mon-Sun)|Good|3.5|112
Raj Bhoj|600|North Indian|Gwalior|City Center|https://www.zomato.com/gwalior/raj-bhoj-city-center/info|4|Casual Dining|11am to 11pm(Mon-Sun)|Good|3.7|139
The Tea Time|100|Tea,Fast Food,Beverages|Gwalior|Naya Bazaar|https://www.zomato.com/gwalior/the-tea-time-naya-bazaar/info|4|Beverage Shop|11am to 10pm(Mon-Sun)|Very Good|4.3|240
Cafe Wrapico|500|North Indian,Italian,Fast Food,Chinese,Cafe|Gwalior|City Center|https://www.zomato.com/gwalior/cafe-wrapico-city-center/info|4|Café|1130am to 11pm(Mon-Sun)|Good|3.6|98
F & C Ashirwad Bakers|350|Fast Food,Bakery,Burger,Beverages|Gwalior|Lashkar|https://www.zomato.com/gwalior/f-c-ashirwad-bakers-lashkar/info|4|Quick Bites|11am to 10pm(Mon-Sun)|Very Good|4.0|140
The Frappe House|700|Chinese,Fast Food,Beverages,North Indian,Italian,Burger,Mexican,Pizza|Gwalior|City Center|https://www.zomato.com/gwalior/the-frappe-house-city-center/info|4|Lounge|11am to 11pm(Mon-Sun)|Good|3.6|77
Cafe 9O2|600|Italian,Fast Food,Continental|Gwalior|Naya Bazaar|https://www.zomato.com/gwalior/cafe-9o2-naya-bazaar/info|4|Café|11am to 11pm(Mon-Sun)|Good|3.7|86
Mahalaxmi Restaurant|650|North Indian,Continental,Chinese|Gwalior|Shinde Ki Chhawani|https://www.zomato.com/gwalior/mahalaxmi-restaurant-shinde-ki-chhawani/info|4|Casual Dining|9am to 1030pm(Mon-Sun)|Very Good|4.0|129
Shere Punjab Restaurant|700|South Indian,North Indian,Fast Food,Chinese|Gwalior|Mahalgaon|https://www.zomato.com/gwalior/shere-punjab-restaurant-mahalgaon/info|4|Casual Dining|9am to 11pm(Mon-Sun)|Average|2.8|130
Food Funda|150|North Indian|Gwalior|City Center|https://www.zomato.com/gwalior/food-funda-city-center/info|4|Quick Bites|12noon to 10pm(Mon-Sun)|Good|3.9|158
Punjab Da Tadka|300|Fast Food,Chinese,North Indian|Gwalior|Shinde Ki Chhawani|https://www.zomato.com/gwalior/punjab-da-tadka-shinde-ki-chhawani/info|4|none|10am to 1130pm(Mon-Sun)|Average|2.9|132
Maa Pitambra Poha and Lassi Centre|200|Street Food|Gwalior|Lashkar|https://www.zomato.com/gwalior/maa-pitambra-poha-and-lassi-centre-lashkar/info|5|Quick Bites|9am to 6pm(Mon-Sun)|Good|3.8|180
Amrit Bhoj|300|North Indian|Gwalior|Lashkar|https://www.zomato.com/gwalior/amrit-bhoj-lashkar/info|5|Quick Bites|12noon to 11pm(Mon-Sun)||NEW|NEW
Ice Kraft|300|Desserts|Gwalior|City Center|https://www.zomato.com/gwalior/ice-kraft-city-center/info|5|Dessert Parlor|(Mon-Sun)|Very Good|4.0|95
Shiv Shakti Pao Bhaji & Snacks Corner|400|Fast Food|Gwalior|City Center|https://www.zomato.com/gwalior/shiv-shakti-pao-bhaji-snacks-corner-city-center/info|5|Quick Bites|10am to 10pm(Mon-Sun)|Average|2.7|198
Bhukhaa|300|North Indian,Chinese,Thai,Cuisine Varies|Gwalior|City Center|https://www.zomato.com/gwalior/bhukhaa-city-center/info|5|Quick Bites|24|Average|3.0|89
Lama Bakery|300|Bakery,Desserts|Gwalior|Lashkar|https://www.zomato.com/gwalior/lama-bakery-lashkar/info|5|Bakery|9am to 1030pm(Mon-Sun)|Good|3.8|91
Choice Family Restaurant|200|Street Food,Fast Food,Chinese|Gwalior|Lashkar|https://www.zomato.com/gwalior/choice-family-restaurant-lashkar/info|5|Quick Bites|12midnight to 230am,1056am to 12midnight...|Good|3.7|115
Pizza Fuel Cafe|200|Pizza|Gwalior|Thatipur|https://www.zomato.com/gwalior/pizza-fuel-cafe-thatipur/info|5|Quick Bites|12noon to 1130pm(Mon-Sun)|Very Good|4.0|68
Parmanand Sweets|250|Mithai|Gwalior|Madhav Ganj|https://www.zomato.com/gwalior/parmanand-sweets-madhav-ganj/info|5|Sweet Shop|7am to 10pm(Mon-Sun)|Very Good|4.2|125
Cafe PRIZON|550|Pizza,Beverages,Fast Food,Biryani,Sandwich|Gwalior|Vijaynagar|https://www.zomato.com/gwalior/cafe-prizon-vijaynagar/info|5|Café|11am to 10pm(Mon-Sun)|Good|3.5|115
Zayka Family Restaurant|750|South Indian,North Indian,Italian,Fast Food,Chinese|Gwalior|Lashkar|https://www.zomato.com/gwalior/zayka-family-restaurant-lashkar/info|5|Casual Dining|12noon to 11pm(Mon-Sun)|Average|3.4|83
The Gym Kitchen|600|Continental,Cafe,Beverages|Gwalior|City Center|https://www.zomato.com/gwalior/the-gym-kitchen-city-center/info|5|Casual Dining|10am to 1130pm(Mon-Sun)|Good|3.9|92
The Road Chef|100|Street Food|Gwalior|Naya Bazaar|https://www.zomato.com/gwalior/the-road-chef-naya-bazaar/info|5|Quick Bites|12noon to 10pm(Mon-Sun)|Average|3.2|101
Jain Family Restaurant|500|North Indian|Gwalior|Thatipur|https://www.zomato.com/gwalior/jain-family-restaurant-thatipur/info|5|Quick Bites|12midnight to 1130pm(Mon-Sun)|Good|3.7|79
SS Kachori Wala|300|Street Food|Gwalior|Naya Bazaar|https://www.zomato.com/gwalior/ss-kachori-wala-naya-bazaar/info|5|Quick Bites|8am to 1pm,4pm to 8pm(Mon-Sun)|Very Good|4.1|130
Shere Punjab|400|North Indian,Chinese,Rolls|Gwalior|Lashkar|https://www.zomato.com/gwalior/shere-punjab-lashkar/info|6|Quick Bites|130pm to 11pm(Mon-Sun)|Average|3.4|109
Royal Pizza Hub|400|Fast Food,Pizza|Gwalior|Thatipur|https://www.zomato.com/gwalior/royal-pizza-hub-thatipur/info|6|Quick Bites|10am to 10pm(Mon-Sun)|Good|3.8|70
Delhi - 6|300|North Indian,Chinese,Fast Food|Gwalior|Lashkar|https://www.zomato.com/gwalior/delhi-6-lashkar/info|6|none|11am to 10pm(Mon-Sun)|Average|2.6|129
7-Eleven Restaurant|800|South Indian,North Indian,Mughlai,Chinese|Gwalior|Mahalgaon|https://www.zomato.com/gwalior/7-eleven-restaurant-mahalgaon/info|6|Casual Dining|(Mon-Sun)|Very Good|4.0|82
Parth Juice Cafe Centre|350|Fast Food,Beverages,Pizza|Gwalior|Morar|https://www.zomato.com/gwalior/parth-juice-cafe-centre-morar/info|6|Quick Bites|11am to 10pm(Mon-Sun)|Good|3.8|69
Ashok Hotel|300|North Indian|Gwalior|Lashkar|https://www.zomato.com/gwalior/ashok-hotel-1-lashkar/info|6|Quick Bites|8am to 11pm(Mon-Sun)|Good|3.6|58
Shankar Kulfi|100|Ice Cream|Gwalior|Naya Bazaar|https://www.zomato.com/gwalior/shankar-kulfi-naya-bazaar/info|6|none|11am to 10pm(Mon-Sun)|Good|3.8|89
Punjabi Chicken Mangu Chicken|350|North Indian|Gwalior|Shinde Ki Chhawani|https://www.zomato.com/gwalior/punjabi-chicken-mangu-chicken-shinde-ki-chhawani/info|6|Quick Bites|1230pm to 1030pm(Mon-Sun)|Good|3.9|71
Grace Foods|400|North Indian,South Indian,Chinese,Continental|Gwalior|City Center|https://www.zomato.com/gwalior/grace-foods-city-center/info|6|Quick Bites|8am to 12midnight(Mon-Sun)|Good|3.9|40
Mayaaz Foodzone|300|North Indian,Chinese,Beverages|Gwalior|Thatipur|https://www.zomato.com/gwalior/mayaaz-foodzone-thatipur/info|6|Quick Bites|11am to 10pm(Mon-Sun)|Average|2.6|67
Pizza Bite's|300|Fast Food,Pizza|Gwalior|Lashkar|https://www.zomato.com/gwalior/pizza-bites-lashkar/info|6|Quick Bites|12noon to 10pm(Mon-Sun)|Good|3.6|57
Chawla Chicken|700|Fast Food,Chinese|Gwalior|Prasad Nagar|https://www.zomato.com/gwalior/chawla-chicken-prasad-nagar/info|6|Quick Bites|12noon to 11pm(Mon-Sun)|Average|2.9|78
Laziz Pizza|600|Pizza,Italian,Fast Food|Gwalior|Gulmohar City|https://www.zomato.com/gwalior/laziz-pizza-gulmohar-city/info|6|Quick Bites|930am to 11pm(Mon-Sun)|Good|3.7|92
Punjab Di Mehak|400|North Indian,Continental|Gwalior|City Center|https://www.zomato.com/gwalior/punjab-di-mehak-city-center/info|6|Quick Bites|8am to 11pm(Mon-Sun)|Good|3.5|66
Uzbekk|400|North Indian,Italian,Fast Food,Chinese|Gwalior|City Center|https://www.zomato.com/gwalior/uzbekk-city-center/info|6|Quick Bites|10am to 10pm(Mon-Sun)|Good|3.9|106
Instant Rasoi|400|North Indian|Gwalior|City Center|https://www.zomato.com/gwalior/instant-rasoi-city-center/info|7|none|11am to 10pm(Mon-Sun)|Very Good|4.0|50
Kabooz|600|Cafe|Gwalior|City Center|https://www.zomato.com/gwalior/kabooz-city-center/info|7|Café|12noon to 10pm(Mon-Sun)|Average|2.5|79
Nirankari Bakery|200|Bakery|Gwalior|Mahalgaon|https://www.zomato.com/gwalior/nirankari-bakery-mahalgaon/info|7|Bakery|11am to 930pm(Mon-Sun)|Good|3.9|76
Shri Jodhpur Mishtan Bhandar|250|Mithai|Gwalior|Thatipur|https://www.zomato.com/gwalior/shri-jodhpur-mishtan-bhandar-thatipur/info|7|Sweet Shop|11am to 930pm(Mon-Sun)|Good|3.9|49
Best Namkeen & Bakers|200|Bakery,Mithai|Gwalior|Lashkar|https://www.zomato.com/gwalior/best-namkeen-bakers-lashkar/info|7|Bakery|11am to 930pm(Mon-Sun)|Good|3.6|92
The Food Mood|200|Fast Food,Chinese,North Indian|Gwalior|Deen Dayal Nagar|https://www.zomato.com/gwalior/the-food-mood-deen-dayal-nagar/info|7|Quick Bites|12noon to 11pm(Mon-Sun)|Good|3.7|50
The Road Food Truck|250|Fast Food|Gwalior|Lashkar|https://www.zomato.com/the-road-food-truck-food-truck/info|7|Food Truck|4pm to 11pm(Mon,Tue,Wed,Thu,Fri,Sun),6pm to ...|Good|3.7|74
Kwality Restaurant|750|North Indian,Italian,Fast Food,Continental,Chinese|Gwalior|Lashkar|https://www.zomato.com/gwalior/kwality-restaurant-lashkar/info|7|Casual Dining|11am to 11pm(Mon-Sun)|Good|3.8|85
Bamboo Restaurant|700|North Indian,Fast Food,Chinese|Gwalior|Lashkar|https://www.zomato.com/gwalior/bamboo-restaurant-lashkar/info|7|Casual Dining|11am to 11pm(Mon-Sun)|Average|2.9|130
Moti Mahal|500|North Indian,Indian|Gwalior|Birla Nagar|https://www.zomato.com/gwalior/moti-mahal-birla-nagar/info|7|Fine Dining|10am to 10pm(Mon-Sat),10am to 11pm(Sun)|Good|3.6|55
Tandoori Chai|100|Tea,Coffee|Gwalior|City Center|https://www.zomato.com/gwalior/tandoori-chai-city-center/info|7|Beverage Shop|10am to 10pm(Mon-Sun)|Very Good|4.1|52
Hunger's Snacks|350|Fast Food|Gwalior|Lashkar|https://www.zomato.com/gwalior/hungers-snacks-1-lashkar/info|7|Quick Bites|11am to 1030pm(Mon-Sun)|Good|3.9|61
Blu Lounge|1200|North Indian|Gwalior|Lashkar|https://www.zomato.com/gwalior/blu-lounge-lashkar/info|7|Lounge|1pm to 10pm(Mon-Sun)|Average|2.6|81
Mumbai Vada Pav|100|Street Food,Fast Food|Gwalior|City Center|https://www.zomato.com/gwalior/mumbai-vada-pav-city-center/info|7|Quick Bites|11am to 9pm(Mon-Sun)|Good|3.6|46
King Uncle|200|Chinese,Fast Food|Gwalior|Lashkar|https://www.zomato.com/gwalior/king-uncle-lashkar/info|7|none|5pm to 1030pm(Mon-Sun)|Good|3.6|82
Pizza Hub|300|Pizza|Gwalior|Deen Dayal Nagar|https://www.zomato.com/gwalior/pizza-hub-deen-dayal-nagar/info|8|Quick Bites|1pm to 9pm(Mon-Sun)|Good|3.5|25
Rakesh Juice and Snacks Parlour|200|Street Food,Beverages|Gwalior|Shinde Ki Chhawani|https://www.zomato.com/gwalior/rakesh-juice-and-snacks-parlour-shinde-ki-chhawani/info|8|Quick Bites|10am to 10pm(Mon-Sun)|Good|3.6|54
Yummiee Tummiee|200|Fast Food|Gwalior|Lashkar|https://www.zomato.com/gwalior/yummiee-tummiee-lashkar/info|8|Quick Bites|5pm to 11pm(Mon-Sun)|Good|3.6|64
Paarivar Cafeteria & Bakery|250|Fast Food,Pizza,Burger,Italian,Sandwich|Gwalior|Naya Bazaar|https://www.zomato.com/gwalior/paarivar-cafeteria-bakery-naya-bazaar/info|8|Quick Bites|12noon to 1120pm(Mon),12noon to 10pm...|Good|3.9|67
Red Chilli Chinese Korner|150|Chinese|Gwalior|Thatipur|https://www.zomato.com/gwalior/red-chilli-chinese-korner-1-thatipur/info|8|none|330pm to 10pm(Mon-Sun)|Good|3.8|55
Punjabi Dhaba|250|North Indian,Chinese,Street Food|Gwalior|Lashkar|https://www.zomato.com/gwalior/punjabi-dhaba-lashkar/info|8|Quick Bites|11am to 11pm(Mon-Sun)|Good|3.9|54
Shivam Pav Bhaji And Pulav Centre|150|South Indian|Gwalior|Lashkar|https://www.zomato.com/gwalior/shivam-pav-bhaji-and-pulav-centre-lashkar/info|8|Quick Bites|230pm to 1130pm(Mon-Sun)|Good|3.7|48
On The Way Outlet|250|Indian|Gwalior|Thatipur|https://www.zomato.com/gwalior/on-the-way-outlet-thatipur/info|8|Quick Bites|1pm to 10pm(Mon-Sun)|Average|3.3|17
Satvik Restaurant|600|South Indian,North Indian,Continental,Chinese|Gwalior|Shinde Ki Chhawani|https://www.zomato.com/gwalior/satvik-restaurant-shinde-ki-chhawani/info|8|Casual Dining|9am to 11pm(Mon-Sun)|Good|3.6|102
Hakeem's Restaurant|800|North Indian,Chinese|Gwalior|City Center|https://www.zomato.com/gwalior/hakeems-restaurant-city-center/info|8|Casual Dining|11am to 11pm(Mon-Sun)|Average|3.1|92
Food Mafia|500|North Indian,Fast Food|Gwalior|Madhav Ganj|https://www.zomato.com/gwalior/food-mafia-madhav-ganj/info|8|Quick Bites|10am to 10pm(Mon-Sun)|Good|3.6|40
Original-The Road Chef's- Chinese Fast Food and Chat...|100|Chinese,Street Food|Gwalior|Naya Bazaar|https://www.zomato.com/gwalior/original-the-road-chefs-chinese-fast-food-and-chat-corner-naya-bazaar/info|8|none|4pm to 10pm(Mon-Sun)|Average|3.3|36
Secret Recipes|300|Fast Food|Gwalior|Morar|https://www.zomato.com/gwalior/secret-recipes-morar/info|8|Quick Bites|4pm to 10pm(Mon-Sun)|Good|3.9|42
Double Hathras Sweets|200|Street Food,South Indian,Chinese|Gwalior|Thatipur|https://www.zomato.com/gwalior/double-hathras-sweets-thatipur/info|8|Quick Bites|9am to 930pm(Mon-Sun)|Good|3.6|36
Crisp Corner|200|Fast Food|Gwalior|Prasad Nagar|https://www.zomato.com/gwalior/crisp-corner-prasad-nagar/info|8|Quick Bites|11am to 11pm(Mon-Sun)|Average|2.7|106
Hashtag Cafe & Restro|650|BBQ,Chinese,Sandwich,Beverages,North Indian,Burger,Desserts,Pizza|Gwalior|Lashkar|https://www.zomato.com/gwalior/hashtag-cafe-restro-lashkar/info|9|Casual Dining|12noon to 10pm(Mon-Sun)||NEW|NEW
Maa Vaishno Food Corner|300|North Indian,Chinese|Gwalior|Shinde Ki Chhawani|https://www.zomato.com/gwalior/maa-vaishno-food-corner-shinde-ki-chhawani/info|9|Quick Bites|11am to 10pm(Mon-Sun)|Average|3.4|39
Punjab Da Tadka|250|North Indian|Gwalior|Madhav Ganj|https://www.zomato.com/gwalior/punjab-da-tadka-madhav-ganj/info|9|Quick Bites|10am to 10pm(Mon-Sun)|Average|2.8|44
The Shake Art|200|Beverages|Gwalior|Lashkar|https://www.zomato.com/gwalior/the-shake-art-2-lashkar/info|9|Beverage Shop|12noon to 10pm(Mon-Sun)|Good|3.9|32
The Taste Of Punjab|300|North Indian|Gwalior|Mahalgaon|https://www.zomato.com/gwalior/the-taste-of-punjab-mahalgaon/info|9|none|11am to 10pm(Mon-Sun)|Good|3.7|41
The Sigdi Food Hub|250|Chinese,Sandwich,Fast Food,Beverages,North Indian,Burger,Coffee,Pizza|Gwalior|Vijaynagar|https://www.zomato.com/gwalior/the-sigdi-food-hub-vijaynagar/info|9|Quick Bites|11am to 11pm(Mon-Sun)|Good|3.7|39
Nirankari Bakery|250|Bakery,Street Food|Gwalior|Madhav Ganj|https://www.zomato.com/gwalior/nirankari-bakery-madhav-ganj/info|9|Bakery|11am to 10pm(Mon-Sun)|Good|3.6|36
Rock & Roll express|200|Chinese,Fast Food|Gwalior|City Center|https://www.zomato.com/gwalior/rock-roll-express-city-center/info|9|none|2pm to 10pm(Mon-Sun)|Good|3.7|27
Indian Fried Chicken|500|North Indian,BBQ,Biryani,Fast Food|Gwalior|Lashkar|https://www.zomato.com/gwalior/indian-fried-chicken-lashkar/info|9|Quick Bites|12noon to 1030pm(Mon-Sun)|Good|3.9|56
Xoing Cafe|450|Cafe,Beverages,Italian,Sandwich|Gwalior|City Center|https://www.zomato.com/gwalior/xoing-cafe-city-center/info|9|Café|1130am to 830pm(Mon-Sun)|Good|3.5|33
Drupe Hive|300|Juices,Sandwich,Ice Cream|Gwalior|Lashkar|https://www.zomato.com/gwalior/drupe-hive-lashkar/info|9|Beverage Shop|12noon to 10pm(Mon-Sun)|Good|3.5|16
The Tea Time|100|Tea,Fast Food|Gwalior|City Center|https://www.zomato.com/gwalior/the-tea-time-city-center/info|9|Quick Bites|1030am to 10pm(Mon-Sun)|Good|3.6|27
The royal delight bakery|200||Gwalior|Morar|https://www.zomato.com/gwalior/the-royal-delight-bakery-morar/info|9|none|830am to 730pm(Mon-Sun)||NEW|NEW
Shri Ji Awadh  Food|150|Fast Food|Gwalior|City Center|https://www.zomato.com/gwalior/shri-ji-awadh-food-city-center/info|9|none|12noon to 945pm(Mon-Tue),12noon to 10pm(Wed-Sun)|Good|3.5|21
Agra Chaat Bhandar|100|Street Food|Gwalior|Thatipur|https://www.zomato.com/gwalior/agra-chaat-bhandar-thatipur/info|9|Quick Bites|8am to 10pm(Mon-Sun)|Average|3.2|9
