NAME|PRICE|CUSINE_CATEGORY|CITY|REGION|URL|PAGE NO|CUSINE TYPE|TIMING|RATING_TYPE|RATING|VOTES
Domino's Pizza|600|Pizza|Haridwar|Devpura|https://www.zomato.com/haridwar/dominos-pizza-devpura/info|1|Quick Bites|11am to 11pm(Mon-Sun)|Average|3.3|155
Om Fast Food|250|Fast Food,Chinese,South Indian|Haridwar|Ranipur|https://www.zomato.com/haridwar/om-fast-food-ranipur/info|1|Quick Bites|11am to 1230AM(Mon),11am to 11pm(Tue-Sun)|Good|3.8|189
Spice N  Nice|400|South Indian,North Indian,Continental,Chinese|Haridwar|Jwalapur|https://www.zomato.com/haridwar/spice-n-nice-jwalapur/info|1|Casual Dining|11am to 1230AM(Mon),11am to 11pm(Tue-Sun)|Average|3.4|86
Sher E Punjab Hotel|350|Indian,North Indian|Haridwar|Jwalapur|https://www.zomato.com/haridwar/sher-e-punjab-hotel-2-jwalapur/info|1|Dhaba|11am to 4pm,7pm to 11pm(Mon-Fri),11am to 4pm...|Good|3.7|171
Shan A Punjab|300|BBQ,Biryani,Indian,North Indian|Haridwar|Jwalapur|https://www.zomato.com/haridwar/shan-a-punjab-jwalapur/info|1|Casual Dining|11am to 1130pm(Mon),11am to 11pm(Tue-Sun)|Good|3.5|129
The Pizza Castle|350|Pizza|Haridwar|Ranipur|https://www.zomato.com/haridwar/the-pizza-castle-ranipur/info|1|Quick Bites|1130am to 1am(Mon),1130am to 12midnight(Tue-Sun)|Good|3.6|115
Burger King|500|Burger|Haridwar|BHEL Township|https://www.zomato.com/haridwar/burger-king-1-bhel-township/info|1|Quick Bites|11am to 11pm(Mon-Sun)|Good|3.5|94
Punjabi Tadka|350|North Indian,Mughlai|Haridwar|BHEL Township|https://www.zomato.com/haridwar/punjabi-tadka-2-bhel-township/info|1|Casual Dining|11am to 11pm(Mon-Sun)|Good|3.5|110
Fun N Food|200|South Indian,North Indian,Fast Food,Chinese|Haridwar|Ranipur|https://www.zomato.com/haridwar/fun-n-food-1-ranipur/info|1|Casual Dining|10am to 11pm(Mon-Sun)|Average|3.3|107
The Kings Rolls n Shakes|150|Rolls,Italian,Fast Food,Beverages|Haridwar|Jwalapur|https://www.zomato.com/haridwar/the-kings-rolls-n-shakes-3-jwalapur/info|1|Quick Bites|11am to 2am(Mon),11am to 11pm(Tue-Sun)|Good|3.5|60
Dosa Plaza Punjabi Tadka|600|South Indian,North Indian,Fast Food,Chinese|Haridwar|Devpura|https://www.zomato.com/haridwar/dosa-plaza-punjabi-tadka-devpura/info|1|Casual Dining|8am to 1am(Mon),8am to 12midnight(Tue-Sun)|Good|3.5|106
Guru Nanak Foods|300|North Indian,Chinese|Haridwar|Ranipur|https://www.zomato.com/haridwar/guru-nanak-foods-ranipur/info|1|Quick Bites|11am to 1130pm(Mon),11am to 11pm(Tue-Sun)|Good|3.5|73
Bhaichara veg & non veg|300|Indian,Hot dogs|Haridwar|Jwalapur|https://www.zomato.com/haridwar/bhaichara-veg-non-veg-jwalapur/info|1|Casual Dining|12noon to 11pm(Mon,Wed,Thu,Fri,Sat,Sun)...|Average|3.3|100
aAL-Baik Family Restro|700|North Indian,Chinese,Mughlai|Haridwar|BHEL Township|https://www.zomato.com/haridwar/aal-baik-family-restro-bhel-township/info|1|Casual Dining|12noon to 11pm(Mon-Sun)|Good|3.6|58
Yaran Da Dhabha(Veg & Non-Veg)|600|North Indian,Chinese|Haridwar|BHEL Township|https://www.zomato.com/haridwar/yaran-da-dhabha-veg-non-veg-bhel-township/info|1|Casual Dining|11am to 2am(Mon),10am to 12midnight(Tue-Sun)|Average|3.4|88
Bikaner Misthan Bhandar|250|Mithai|Haridwar|Ranipur|https://www.zomato.com/haridwar/bikaner-misthan-bhandar-ranipur/info|10|Sweet Shop|830am to 1030pm(Mon-Sun)|Not rated|-|-
Masala Cottage|300|North Indian,Chinese|Haridwar|Jwalapur|https://www.zomato.com/haridwar/masala-cottage-jwalapur/info|10|Quick Bites|11am to 11pm(Mon-Sun)|Average|3.2|10
Mithus Bakers & Fast Food|250|Mithai,Bakery,Fast Food|Haridwar|Devpura|https://www.zomato.com/haridwar/mithus-bakers-fast-food-devpura/info|10|Bakery|10am to 12midnight(Mon-Sun)|Average|3.2|11
Punjabi Tadka|350|North Indian,Mughlai|Haridwar|BHEL Township|https://www.zomato.com/haridwar/punjabi-tadka-1-bhel-township/info|10|Casual Dining|11am to 11pm(Mon-Sun)|Average|3.2|14
Samrat Dhaba|200|North Indian|Haridwar|BHEL Township|https://www.zomato.com/haridwar/samrat-dhaba-3-bhel-township/info|10|Dhaba|8am to 330pm,7pm to 1030pm(Mon-Sun)|Average|3.2|5
Rolls Hub|200|Rolls,BBQ,Afghan|Haridwar|Kankhal|https://www.zomato.com/haridwar/rolls-hub-kankhal/info|10|Quick Bites|11am to 1030pm(Mon-Sun)|Average|3.2|4
Invitation|800|Chinese,Modern Indian,North Indian,South Indian|Haridwar|Ranipur|https://www.zomato.com/haridwar/invitation-1-ranipur/info|10|Casual Dining|11am to 11pm(Mon-Sun)|Average|3.2|14
Eatwell Restaurant|350|North Indian,Chinese|Haridwar|BHEL Township|https://www.zomato.com/haridwar/eatwell-restaurant-bhel-township/info|10|Quick Bites|12noon to 11pm(Mon-Sun)|Average|3.2|6
Baskin Robbins|300|Ice Cream|Haridwar|Ranipur|https://www.zomato.com/haridwar/baskin-robbins-ranipur/info|10|Dessert Parlor|1030am to 1130pm(Mon-Sun)|Average|3.3|5
Panda Atta Dumpling|150|Fast Food|Haridwar|Jwalapur|https://www.zomato.com/haridwar/panda-atta-dumpling-jwalapur/info|10|Quick Bites|5pm to 11pm(Mon-Sun)|Average|3.2|7
Sunny Brother Fast Food & Kathi Rolls|150|BBQ,Rolls,Wraps|Haridwar|BHEL Township|https://www.zomato.com/haridwar/sunny-brother-fast-food-kathi-rolls-bhel-township/info|10|Quick Bites|12noon to 1030pm(Mon-Sun)|Average|3.2|5
Chennai Kings|300|North Indian,South Indian|Haridwar|BHEL Township|https://www.zomato.com/haridwar/chennai-kings-bhel-township/info|10|Quick Bites|11am to 1030pm(Mon-Sun)||NEW|NEW
Sristhi Garden Restaurant|600|North Indian,Continental,Chinese|Haridwar|Ranipur|https://www.zomato.com/haridwar/sristhi-garden-restaurant-ranipur/info|10|Casual Dining|11am to 11pm(Mon-Sun)|Average|3.2|8
Chivas Restaurant ( Hotel Imperial Blue )|500|North Indian|Haridwar|BHEL Township|https://www.zomato.com/haridwar/chivas-restaurant-hotel-imperial-blue-bhel-township/info|10|Casual Dining|11am to 11pm(Mon-Sun)|Average|3.3|5
Ganges Rivera|500|North Indian|Haridwar|Kankhal|https://www.zomato.com/haridwar/ganges-rivera-kankhal/info|10|Quick Bites|11am to 11pm(Mon-Sun)|Average|3.3|4
NFC|200|Fast Food,Chinese|Haridwar|Ranipur|https://www.zomato.com/haridwar/nfc-ranipur/info|11|Quick Bites|4pm to 11pm(Mon-Sun)||NEW|NEW
Yash Veg Non-Veg Dhaba|300|North Indian|Haridwar|Jwalapur|https://www.zomato.com/haridwar/yash-veg-non-veg-dhaba-jwalapur/info|11|Quick Bites|5pm to 11pm(Mon-Sun)||NEW|NEW
Brown Hut|250|Bakery|Haridwar|Ranipur|https://www.zomato.com/haridwar/brown-hut-1-ranipur/info|11|Bakery|11am to 11pm(Mon-Sun)|Average|3.4|6
Hot & Juicy|250|Fast Food|Haridwar|BHEL Township|https://www.zomato.com/haridwar/hot-juicy-bhel-township/info|11|Kiosk|1030am to 1030pm(Mon-Sun)|Average|3.2|4
Mother Dairy|100|Ice Cream,Fast Food|Haridwar|BHEL Township|https://www.zomato.com/haridwar/mother-dairy-bhel-township/info|11|none|10am to 11pm(Mon-Sun)|Not rated|-|-
Green Chilly Restaurant|800|North Indian,Chinese,Beverages|Haridwar|BHEL Township|https://www.zomato.com/haridwar/green-chilly-restaurant-bhel-township/info|11|Casual Dining|730am to 1030pm(Mon-Sun)||NEW|NEW
Hotel Jasmine|500|North Indian|Haridwar|Ranipur|https://www.zomato.com/haridwar/hotel-jasmine-ranipur/info|11|Casual Dining|7am to 11pm(Mon-Sun)|Average|3.2|4
Shri Krishna Food Junction|300|North Indian,Continental,South Indian,Chinese|Haridwar|Har Ki Pauri|https://www.zomato.com/haridwar/shri-krishna-food-junction-har-ki-pauri/info|11|Casual Dining|9am to 12midnight(Mon-Sun)|Not rated|-|-
Deluxe Chotiwala|350|South Indian,North Indian,Fast Food,Chinese|Haridwar|Har Ki Pauri|https://www.zomato.com/haridwar/deluxe-chotiwala-har-ki-pauri/info|11|Casual Dining|6am to 12midnight(Mon-Sun)|Average|3.2|10
Cafe O|400|North Indian,Chinese,Continental|Haridwar|Sitapur|https://www.zomato.com/haridwar/cafe-o-sitapur/info|11|Quick Bites|9am to 11pm(Mon-Sun)|Not rated|-|-
Swastik Confectioner And Ice Cream Parlour|200|Bakery,Desserts|Haridwar|BHEL Township|https://www.zomato.com/haridwar/swastik-confectioner-and-ice-cream-parlour-bhel-township/info|11|Bakery|7am to 11pm(Mon-Sun)||NEW|NEW
Idly Food Junction|450|North Indian|Haridwar|Ranipur|https://www.zomato.com/haridwar/idly-food-junction-1-ranipur/info|11|Quick Bites|11am to 11pm(Mon-Sun)||NEW|NEW
Mathur's Kitchen|500|North Indian,Arabian,Mughlai|Haridwar|Ranipur|https://www.zomato.com/haridwar/mathurs-kitchen-ranipur/info|11|Quick Bites|430pm to 11pm(Mon,Wed,Thu,Fri,Sat,Sun)...|Average|3.2|6
Gagan's Bakers & Confectioners|200|Bakery|Haridwar|Jwalapur|https://www.zomato.com/haridwar/gagans-bakers-confectioners-jwalapur/info|11|Quick Bites|10am to 11pm(Mon-Sun)|Not rated|-|-
Desi Tadka|400|North Indian,Chinese|Haridwar|Devpura|https://www.zomato.com/haridwar/desi-tadka-devpura/info|11|Quick Bites|7am to 12midnight(Mon-Sun)||NEW|NEW
Suvidha Canteen|400|North Indian|Haridwar|Devpura|https://www.zomato.com/haridwar/suvidha-canteen-devpura/info|12|Casual Dining|10am to 9pm(Mon),7am to 11pm(Tue-Sun)|Average|3.2|4
Om Bhojanalaya|250|North Indian,Fast Food|Haridwar|Jwalapur|https://www.zomato.com/haridwar/om-bhojanalaya-jwalapur/info|12|Dhaba|7am to 11pm(Mon-Sun)|Not rated|-|-
Hotel Golden Village|500|North Indian,Chinese|Haridwar|BHEL Township|https://www.zomato.com/haridwar/hotel-golden-village-bhel-township/info|12|Casual Dining|7am to 1030pm(Mon-Sun)|Not rated|-|-
Chachaji The Cake & Bakery Shoppe|250|Bakery|Haridwar|Kankhal|https://www.zomato.com/haridwar/chachaji-the-cake-bakery-shoppe-kankhal/info|12|Bakery|9am to 11pm(Mon-Sun)|Not rated|-|-
Grill N Chill Bar and Restaurant|400|North Indian,Afghan|Haridwar|BHEL Township|https://www.zomato.com/haridwar/grill-n-chill-bar-and-restaurant-bhel-township/info|12|Casual Dining|2pm to 11pm(Mon-Sun)|Not rated|-|-
Delhi Delight|250|North Indian|Haridwar|Har Ki Pauri|https://www.zomato.com/haridwar/delhi-delight-har-ki-pauri/info|12|Casual Dining|11am to 3pm,6pm to 11pm(Mon-Sun)|Not rated|-|-
Rolls n Spicy|150|Rolls,Wraps|Haridwar|Jwalapur|https://www.zomato.com/haridwar/rolls-n-spicy-jwalapur/info|12|Quick Bites|11am to 11pm(Mon-Sun)|Not rated|-|-
Aggrawal Restaurant|350|Street Food,North Indian,Chinese,South Indian|Haridwar|Har Ki Pauri|https://www.zomato.com/haridwar/aggrawal-restaurant-har-ki-pauri/info|12|Quick Bites|7am to 12midnight(Mon-Sun)|Not rated|-|-
Khawa Dawa|150|Bengali|Haridwar|Har Ki Pauri|https://www.zomato.com/haridwar/khawa-dawa-har-ki-pauri/info|12|Quick Bites|8am to 11pm(Mon-Sun)|Not rated|-|-
Mohans Sweets & Snacks|350|Mithai|Haridwar|Har Ki Pauri|https://www.zomato.com/haridwar/mohans-sweets-snacks-har-ki-pauri/info|12|Sweet Shop|7am to 11pm(Mon-Sun)|Not rated|-|-
Shalini Food Corner|150|Chinese,Fast Food|Haridwar|Devpura|https://www.zomato.com/haridwar/shalini-food-corner-devpura/info|12|Quick Bites|10am to 11pm(Mon-Sun)|Not rated|-|-
Shri Krishnam|400|South Indian,North Indian,Fast Food|Haridwar|Devpura|https://www.zomato.com/haridwar/shri-krishnam-devpura/info|12|Quick Bites|8am to 12midnight(Mon-Sun)|Not rated|-|-
Food Adda|300|Momos|Haridwar|Salempur Mahdood|https://www.zomato.com/haridwar/food-adda-salempur-mahdood/info|12|Quick Bites|7am to 11pm(Mon-Sun)|Not rated|-|-
Sai Bhoj|200|North Indian|Haridwar|Har Ki Pauri|https://www.zomato.com/haridwar/sai-bhoj-har-ki-pauri/info|12|Dhaba|8am to 11pm(Mon-Sun)|Not rated|-|-
Taste Of Mumbai|250|North Indian,South Indian,Street Food|Haridwar|Jwalapur|https://www.zomato.com/haridwar/taste-of-mumbai-jwalapur/info|12|Quick Bites|11am to 11pm(Mon-Sun)||NEW|NEW
Purohit Quality Restaurant|300|South Indian,North Indian,Chinese|Haridwar|Har Ki Pauri|https://www.zomato.com/haridwar/purohit-quality-restaurant-har-ki-pauri/info|13|Quick Bites|7am to 12midnight(Mon-Sun)|Not rated|-|-
Gaurav Sweets and Snacks|150|Mithai,Fast Food|Haridwar|Devpura|https://www.zomato.com/haridwar/gaurav-sweets-and-snacks-devpura/info|13|Sweet Shop|6am to 1030pm(Mon-Sun)|Not rated|-|-
Cheese Bite Restaurant|300|North Indian|Haridwar|Devpura|https://www.zomato.com/haridwar/cheese-bite-restaurant-devpura/info|13|Quick Bites|830am to 12midnight(Mon-Sun)||NEW|NEW
Chawlas 2|600|Chinese,North Indian|Haridwar|BHEL Township|https://www.zomato.com/haridwar/chawlas-2-bhel-township/info|13|Casual Dining|11am to 11pm(Mon-Sun)|Average|3.2|4
Brown Hut|250|Bakery|Haridwar|Ranipur|https://www.zomato.com/haridwar/brown-hut-ranipur/info|13|Bakery|10am to 11pm(Mon-Sun)|Average|3.2|4
Jai Bhole ki Vaishnav Bhojnalaya|180|North Indian|Haridwar|Kankhal|https://www.zomato.com/haridwar/jai-bhole-ki-vaishnav-bhojnalaya-kankhal/info|13|Bhojanalya|11am to 1030pm(Mon-Sun)|Not rated|-|-
Guru Kripa Dhaba|400|Chinese|Haridwar|Har Ki Pauri|https://www.zomato.com/haridwar/guru-kripa-dhaba-har-ki-pauri/info|13|Quick Bites|8am to 11pm(Mon-Sun)|Not rated|-|-
Laughing Buddha Fast Food|250|North Indian,Fast Food,Chinese|Haridwar|Kankhal|https://www.zomato.com/haridwar/laughing-buddha-fast-food-kankhal/info|13|Quick Bites|8am to 11pm(Mon-Sun)||NEW|NEW
Amar's Dhaba|250|North Indian|Haridwar|Jwalapur|https://www.zomato.com/haridwar/amars-dhaba-jwalapur/info|13|Quick Bites|11am to 11pm(Mon-Sun)||NEW|NEW
Clove - Hotel Ambrosia Sarovar Portico|800|North Indian,Continental,Beverages|Haridwar|BHEL Township|https://www.zomato.com/haridwar/clove-hotel-ambrosia-sarovar-portico-bhel-township/info|13|Casual Dining|7am to 11pm(Mon-Sun)|Not rated|-|-
solitaire the food court|0|Biryani|Haridwar|Radisson Blu-- BHEL Township|https://www.zomato.com/haridwar/solitaire-the-food-court-bhel-township/info|13|Food Court|11am to 11pm(Mon-Sun)|Not rated|-|-
Prem Bhoj|250|North Indian|Haridwar|Devpura|https://www.zomato.com/haridwar/prem-bhoj-devpura/info|13|Quick Bites|8am to 11pm(Mon-Sun)||NEW|NEW
Ann-Jal Restaurant|500|North Indian|Haridwar|Jwalapur|https://www.zomato.com/haridwar/ann-jal-restaurant-jwalapur/info|13|Quick Bites|830am to 1030pm(Mon-Sun)||NEW|NEW
Dwarkadheesh|300|Gujarati|Haridwar|Har Ki Pauri|https://www.zomato.com/haridwar/dwarkadheesh-har-ki-pauri/info|13|Bhojanalya|830am to 1030pm(Mon-Sun)|Not rated|-|-
Milk palace|150|Beverages|Haridwar|Jwalapur|https://www.zomato.com/haridwar/milk-palace-jwalapur/info|13|Beverage Shop|9am to 11pm(Mon-Sun)||NEW|NEW
Hotel Madhuban|800|Indian,North Indian,South Indian|Haridwar|Ranipur|https://www.zomato.com/haridwar/hotel-madhuban-ranipur/info|14|Casual Dining|11am to 11pm(Mon-Sun)|Not rated|-|-
Keventers|400|Desserts,Beverages,Ice Cream|Haridwar|Kankhal|https://www.zomato.com/haridwar/keventers-kankhal/info|14|Beverage Shop|11am to 11pm(Mon-Sun)|Not rated|-|-
Broadway Restaurant|300|North Indian,Indian|Haridwar|Sitapur|https://www.zomato.com/haridwar/broadway-restaurant-sitapur/info|14|Quick Bites|10am to 11pm(Mon-Sun)|Not rated|-|-
Lassi King|200|Beverages|Haridwar|Jwalapur|https://www.zomato.com/haridwar/lassi-king-jwalapur/info|14|Beverage Shop|10am to 11pm(Mon-Sun)||NEW|NEW
Garhwal Foods|300|North Indian|Haridwar|Ranipur|https://www.zomato.com/haridwar/garhwal-foods-ranipur/info|14|Quick Bites|12noon to 4pm,7pm to 11pm(Mon-Sun)||NEW|NEW
Prachin Asli Chotiwala|350|South Indian,North Indian|Haridwar|Har Ki Pauri|https://www.zomato.com/haridwar/prachin-asli-chotiwala-har-ki-pauri/info|14|Casual Dining|7am to 12midnight(Mon-Sun)|Not rated|-|-
Mio Gelato|200|Ice Cream|Haridwar|BHEL Township|https://www.zomato.com/haridwar/mio-gelato-bhel-township/info|14|Dessert Parlor|11am to 11pm(Mon-Sun)||NEW|NEW
PUBG Hub|400|North Indian|Haridwar|Ranipur|https://www.zomato.com/haridwar/pubg-hub-ranipur/info|14|Quick Bites|5pm to 11pm(Mon-Sun)||NEW|NEW
Sugandh Pure Veg|500|North Indian,Chinese|Haridwar|Har Ki Pauri|https://www.zomato.com/haridwar/sugandh-pure-veg-har-ki-pauri/info|14|Casual Dining|8am to 11pm(Mon-Sun)||NEW|NEW
Treat Restaurant|500|North Indian|Haridwar|Kankhal|https://www.zomato.com/haridwar/treat-restaurant-kankhal/info|14|Quick Bites|11am to 11pm(Mon-Sun)||NEW|NEW
Shivaay Cafeteria|700|North Indian|Haridwar|Har Ki Pauri|https://www.zomato.com/haridwar/shivaay-cafeteria-har-ki-pauri/info|14|Casual Dining|12noon to 12midnight(Mon-Sun)||NEW|NEW
Shri Badri Vishal Shudh Vaishno Bhojanalaya|250|North Indian|Haridwar|Har Ki Pauri|https://www.zomato.com/haridwar/shri-badri-vishal-shudh-vaishno-bhojanalaya-har-ki-pauri/info|14|Dhaba|8am to 12midnight(Mon-Sun)|Not rated|-|-
Chotiwala Restaurant|600|South Indian,North Indian,Chinese|Haridwar|Har Ki Pauri|https://www.zomato.com/haridwar/chotiwala-restaurant-1-har-ki-pauri/info|2|Casual Dining|8am to 11pm(Mon-Sun)|Average|3.2|38
Mughal Bakers - A Unit Of Maharaja Bakers|350|Street Food,Bakery,Desserts,Fast Food|Haridwar|Ranipur|https://www.zomato.com/haridwar/mughal-bakers-a-unit-of-maharaja-bakers-ranipur/info|2|Quick Bites|10am to 12midnight(Mon-Sun)|Average|3.3|75
Bite Of Kolkatta Kathi Rolls|200|Rolls,Fast Food|Haridwar|BHEL Township|https://www.zomato.com/haridwar/bite-of-kolkatta-kathi-rolls-bhel-township/info|2|Quick Bites|11am to 1am(Mon),11am to 11pm(Tue-Sun)|Good|3.6|59
Village Tandoori|500|North Indian|Haridwar|Jwalapur|https://www.zomato.com/haridwar/village-tandoori-jwalapur/info|2|Casual Dining|530pm to 12midnight(Mon,Wed,Thu,Fri,Sat...|Average|3.4|83
Om Dhaba & Caters|350|North Indian|Haridwar|BHEL Township|https://www.zomato.com/haridwar/om-dhaba-caters-2-bhel-township/info|2|Dhaba|11am to 11pm(Mon-Sun)|Good|3.5|39
Laddu Gopal Ji Restaurant|250|North Indian|Haridwar|Ranipur|https://www.zomato.com/haridwar/laddu-gopal-ji-restaurant-ranipur/info|2|Quick Bites|7am to 11pm(Mon-Sun)|Average|3.3|33
Namaste Foods|500|South Indian,North Indian,Fast Food,Chinese|Haridwar|BHEL Township|https://www.zomato.com/haridwar/namaste-foods-bhel-township/info|2|Casual Dining|11am to 1am(Mon),11am to 11pm(Tue-Sun)|Good|3.5|47
Cafe Dilli Street|400|Chinese,Indian,Italian,North Indian|Haridwar|BHEL Township|https://www.zomato.com/haridwar/cafe-dilli-street-bhel-township/info|2|Café|12noon to 11pm(Mon-Sun)|Good|3.5|58
Goli Vada Pav|150|Street Food,Fast Food|Haridwar|Ranipur|https://www.zomato.com/haridwar/goli-vada-pav-ranipur/info|2|Quick Bites|11am to 12midnight(Mon-Sun)|Average|3.3|54
Sethi Bakers and Confectioners|400|Bakery|Haridwar|BHEL Township|https://www.zomato.com/haridwar/sethi-bakers-and-confectioners-bhel-township/info|2|Bakery|11am to 11pm(Mon-Sun)|Good|3.5|57
Plan B|600|North Indian,Chinese|Haridwar|Jwalapur|https://www.zomato.com/haridwar/plan-b-jwalapur/info|2|Casual Dining|10am to 11pm(Mon,Tue,Fri,Sat,Sun),Closed...|Good|3.5|47
BoXo Burger|250|Burger|Haridwar|Ranipur|https://www.zomato.com/haridwar/boxo-burger-ranipur/info|2|Quick Bites|11am to 2am(Mon),11am to 11pm(Tue-Sun)|Average|3.4|49
Juice Lounge|250|Fast Food,Beverages|Haridwar|Jwalapur|https://www.zomato.com/haridwar/juice-lounge-jwalapur/info|2|Beverage Shop|11am to 11pm(Mon-Sun)|Average|3.4|29
The Terrace Cafe|500|Italian,Chinese,North Indian|Haridwar|Ranipur|https://www.zomato.com/haridwar/the-terrace-cafe-ranipur/info|2|Café|11am to 11pm(Mon-Sun)|Average|3.3|27
Giridhar Foods|400|North Indian,Chinese|Haridwar|Ranipur|https://www.zomato.com/haridwar/giridhar-foods-ranipur/info|2|Casual Dining|8am to 12midnight(Mon-Sun)|Good|3.5|42
Delhi Tandoor|200|North Indian|Haridwar|Devpura|https://www.zomato.com/haridwar/delhi-tandoor-devpura/info|3|Quick Bites|6pm to 11pm(Mon-Sun)|Good|3.5|48
Ranipur Adda|300|Fast Food|Haridwar|Ranipur|https://www.zomato.com/haridwar/ranipur-adda-ranipur/info|3|Quick Bites|11am to 11pm(Mon-Sun)|Average|3.4|40
The Ganga Premium Pan Bakery|200|Bakery|Haridwar|Ranipur|https://www.zomato.com/haridwar/the-ganga-premium-pan-bakery-ranipur/info|3|Bakery|11am to 1230AM(Mon),11am to 11pm(Tue-Sun)|Good|3.5|19
Foody Moody  Restaurant|200|Indian,Fast Food|Haridwar|Kankhal|https://www.zomato.com/haridwar/foody-moody-restaurant-kankhal/info|3|Casual Dining|11am to 11pm(Mon-Sun)|Average|3.2|31
Indo-Mughal|300|Biryani,Chinese,Mughlai|Haridwar|The Pentagon Mall-- BHEL Township|https://www.zomato.com/haridwar/indo-mughal-bhel-township/info|3|Casual Dining|11am to 11pm(Mon-Sun)|Average|3.3|41
Kathi Junction|250|Modern Indian,Indian,Chinese,BBQ|Haridwar|Jwalapur|https://www.zomato.com/haridwar/kathi-junction-jwalapur/info|3|Casual Dining|11am to 11pm(Mon-Sun)|Average|3.4|27
The Punjabi Nature|450|North Indian|Haridwar|BHEL Township|https://www.zomato.com/haridwar/the-punjabi-nature-1-bhel-township/info|3|Quick Bites|1pm to 1am(Mon),1pm to 11pm(Tue-Sun)|Average|3.2|38
Rollz By the Way|200|Rolls|Haridwar|Jwalapur|https://www.zomato.com/haridwar/rollz-by-the-way-1-jwalapur/info|3|Casual Dining|11am to 2am(Mon),11am to 11pm(Tue-Sun)|Good|3.8|41
Gulab Sweets & Restaurant|300|Chinese,Continental,Fast Food,Italian,North Indian,South Indian|Haridwar|Kankhal|https://www.zomato.com/haridwar/gulab-sweets-restaurant-kankhal/info|3|Casual Dining|9am to 1030pm(Mon-Sun)|Good|3.5|37
Butterfingers Cafe|200|Burger,Cafe,Fast Food|Haridwar|Ranipur|https://www.zomato.com/haridwar/butterfingers-cafe-1-ranipur/info|3|Café|11am to 11pm(Mon-Sun)|Good|3.5|28
Pizza Mania Desi Tadka|300|North Indian,Italian,Chinese|Haridwar|Devpura|https://www.zomato.com/haridwar/pizza-mania-desi-tadka-devpura/info|3|Quick Bites|7am to 12midnight(Mon-Sun)|Good|3.6|30
Crispy Pizza|350|Pizza|Haridwar|BHEL Township|https://www.zomato.com/haridwar/crispy-pizza-bhel-township/info|3|Kiosk|11am to 11pm(Mon-Sun)|Average|3.4|35
Kalkata'S Lazeez Veg & Non Veg Kathi Rolls|200|Rolls,Fast Food|Haridwar|BHEL Township|https://www.zomato.com/haridwar/kalkatas-lazeez-veg-non-veg-kathi-rolls-bhel-township/info|3|Quick Bites|11am to 11pm(Mon-Sun)|Good|3.7|24
MR. BITE|200|Chinese|Haridwar|Ranipur|https://www.zomato.com/haridwar/mr-bite-ranipur/info|3|Food Court|11am to 11pm(Mon-Sun)|Average|3.4|37
Spicy Village|800|North Indian,Modern Indian,Indian|Haridwar|BHEL Township|https://www.zomato.com/haridwar/spicy-village-bhel-township/info|3|Casual Dining|12noon to 330pm,630pm to 1030pm(Mon,Tue...|Average|3.4|38
Goli Vada Pav No.1|200|Fast Food|Haridwar|BHEL Township|https://www.zomato.com/haridwar/goli-vada-pav-no-1-1-bhel-township/info|4|Quick Bites|11am to 11pm(Mon-Sun)|Good|3.5|29
Captains Cavalry Family Restaurant|1000|North Indian,Italian,Chinese|Haridwar|BHEL Township|https://www.zomato.com/haridwar/captains-cavalry-family-restaurant-bhel-township/info|4|Lounge|11am to 11pm(Mon-Sun)|Average|3.3|43
Hoshiyarpuri Vaishnav Hotel|100|Street Food,North Indian|Haridwar|Har Ki Pauri|https://www.zomato.com/haridwar/hoshiyarpuri-vaishnav-hotel-har-ki-pauri/info|4|Quick Bites|6am to 11pm(Mon-Sun)|Average|3.3|29
Sindh Restaurant|250|North Indian,Chinese|Haridwar|Har Ki Pauri|https://www.zomato.com/haridwar/sindh-restaurant-har-ki-pauri/info|4|Casual Dining|7am to 12midnight(Mon-Sun)|Average|3.3|21
Pavitra Vaishno Bhojnalya|300|Fast Food,North Indian,Street Food|Haridwar|Har Ki Pauri|https://www.zomato.com/haridwar/pavitra-vaishno-bhojnalya-har-ki-pauri/info|4|Bhojanalya|6am to 1am(Mon-Sun)|Average|3.4|8
Cakes & Bakes|400|Desserts,Bakery|Haridwar|BHEL Township|https://www.zomato.com/haridwar/cakes-bakes-bhel-township/info|4|Bakery|11am to 11pm(Mon-Sun)|Good|3.5|24
Mohan Ji Puri Wale|250|South Indian,North Indian,Modern Indian,Indian|Haridwar|Jwalapur|https://www.zomato.com/haridwar/mohan-ji-puri-wale-jwalapur/info|4|Club|9am to 10pm(Mon-Sun)|Good|3.6|43
Cakes & Bakes|200|Desserts,Bakery|Haridwar|Ranipur|https://www.zomato.com/haridwar/cakes-bakes-ranipur/info|4|Bakery|10am to 10pm(Mon-Sun)|Average|3.4|47
Chatora Gaon|400|North Indian|Haridwar|Jwalapur|https://www.zomato.com/haridwar/chatora-gaon-jwalapur/info|4|Quick Bites|630pm to 11pm(Mon-Sun)|Good|3.5|21
7th Heaven|550|Bakery,Fast Food|Haridwar|Jwalapur|https://www.zomato.com/haridwar/7th-heaven-1-jwalapur/info|4|Casual Dining|(Mon-Sun)|Average|3.3|39
Pizza Corner|350|Pizza|Haridwar|BHEL Township|https://www.zomato.com/haridwar/pizza-corner-bhel-township/info|4|Kiosk|957am to 1057pm(Mon),955am to 1057pm...|Average|3.4|23
The Kathi Rolls|150|Rolls|Haridwar|BHEL Township|https://www.zomato.com/haridwar/the-kathi-rolls-bhel-township/info|4|Quick Bites|11am to 10pm(Mon-Sun)|Average|3.4|43
Ginni Buns|250|Fast Food,Beverages|Haridwar|Jwalapur|https://www.zomato.com/haridwar/ginni-buns-1-jwalapur/info|4|Quick Bites|11am to 10pm(Mon,Wed,Thu,Fri,Sat,Sun),Closed...|Average|3.4|32
Shiv Shankar Shudh Vaishnav Punjabi Bhojanalaya|200|Indian|Haridwar|Kankhal|https://www.zomato.com/haridwar/shiv-shankar-shudh-vaishnav-punjabi-bhojanalaya-kankhal/info|4|Casual Dining|9am to 11pm(Mon-Sun)|Average|3.3|18
Zaika The Restro|350|Chinese,North Indian|Haridwar|Jwalapur|https://www.zomato.com/haridwar/zaika-the-restro-jwalapur/info|4|Café|11am to 11pm(Mon-Sun)|Average|3.3|19
Parampara|150|Chinese,Bengali|Haridwar|Jwalapur|https://www.zomato.com/haridwar/parampara-jwalapur/info|5|Quick Bites|10am to 10pm(Mon-Sun)|Average|3.3|17
Hotel Jagat Inn|450|North Indian,Chinese|Haridwar|Jwalapur|https://www.zomato.com/haridwar/hotel-jagat-inn-jwalapur/info|5|Casual Dining|7am to 10pm(Mon-Sun)|Average|3.3|12
Taste Ka Tashan Kathi Rolls|200|Rolls,Fast Food|Haridwar|Ranipur|https://www.zomato.com/haridwar/taste-ka-tashan-kathi-rolls-ranipur/info|5|Quick Bites|10am to 10pm(Mon-Sun)|Good|3.5|21
Goel Sweets|250|Mithai|Haridwar|Jwalapur|https://www.zomato.com/haridwar/goel-sweets-jwalapur/info|5|Sweet Shop|8am to 930pm(Mon-Sun)|Average|3.2|24
Mohan Vaishno Hotel|250|Indian,North Indian|Haridwar|Kankhal|https://www.zomato.com/haridwar/mohan-vaishno-hotel-kankhal/info|5|Bhojanalya|8am to 11pm(Mon-Sun)|Average|3.4|14
Om Dhaba & Caters|350|North Indian|Haridwar|BHEL Township|https://www.zomato.com/haridwar/om-dhaba-caters-bhel-township/info|5|Dhaba|11am to 11pm(Mon-Sun)|Average|3.2|19
Hoshiarpuriya|300|North Indian,Chinese|Haridwar|BHEL Township|https://www.zomato.com/haridwar/hoshiarpuriya-bhel-township/info|5|Quick Bites|9am to 10pm(Mon-Sun)|Average|3.2|16
Crazy's Cakes|250|Bakery,Pizza,Rolls|Haridwar|Kankhal|https://www.zomato.com/haridwar/crazys-cakes-kankhal/info|5|Bakery|11am to 10pm(Mon-Sun)|Average|3.3|26
Saffron Sweets & Restaurant|500|North Indian,South Indian,Chinese|Haridwar|Ranipur|https://www.zomato.com/haridwar/saffron-sweets-restaurant-ranipur/info|5|Sweet Shop|730am to 1am(Mon),730am to 1030pm(Tue-Sun)|Average|3.3|16
Om Dhaba & Caters|350|North Indian|Haridwar|BHEL Township|https://www.zomato.com/haridwar/om-dhaba-caters-1-bhel-township/info|5|Dhaba|11am to 11pm(Mon-Sun)|Average|3.2|15
Sunny Brother Fast Food|160|Chinese,Italian|Haridwar|Jwalapur|https://www.zomato.com/haridwar/sunny-brother-fast-food-jwalapur/info|5|Quick Bites|5pm to 10pm(Mon-Sun)|Average|3.4|10
Indo-Mughal|400|Fast Food,North Indian|Haridwar|Devpura|https://www.zomato.com/haridwar/indo-mughal-devpura/info|5|Casual Dining|(Mon-Sun)|Average|3.3|24
Punjabi Dhaba|400|North Indian|Haridwar|BHEL Township|https://www.zomato.com/haridwar/punjabi-dhaba-bhel-township/info|5|Bhojanalya|12noon to 11pm(Mon-Sun)|Average|3.3|14
Daddys Chicken|300|BBQ,Roast Chicken|Haridwar|Jwalapur|https://www.zomato.com/haridwar/daddys-chicken-jwalapur/info|5|Dhaba|(Mon-Sun)|Average|3.2|16
Uttam Dhaba|250|North Indian|Haridwar|Ranipur|https://www.zomato.com/haridwar/uttam-dhaba-ranipur/info|5|Quick Bites|||NEW|NEW
Asli Mashoor Chotiwala|600|North Indian,Biryani,South Indian|Haridwar|Har Ki Pauri|https://www.zomato.com/haridwar/asli-mashoor-chotiwala-har-ki-pauri/info|6|Casual Dining|(Mon-Sun)|Average|3.2|10
South Indian Fast Food|150|South Indian,Fast Food|Haridwar|Har Ki Pauri|https://www.zomato.com/haridwar/south-indian-fast-food-har-ki-pauri/info|6|Quick Bites|8am to 10pm(Mon-Sun)|Average|3.4|8
Solitaire The Food Court|400|Biryani,North Indian,Mughlai,Indian|Haridwar|BHEL Township|https://www.zomato.com/haridwar/solitaire-the-food-court-1-bhel-township/info|6|Casual Dining|1pm to 10pm(Mon,Wed,Thu,Fri,Sat,Sun),Closed...|Average|3.3|14
Good Morning Confectioners & Bakers|150|Bakery|Haridwar|Ranipur|https://www.zomato.com/haridwar/good-morning-confectioners-bakers-ranipur/info|6|Bakery|10am to 10pm(Mon-Sun)|Average|3.3|8
Bajrangi Food Point|200|North Indian|Haridwar|Ranipur|https://www.zomato.com/haridwar/bajrangi-food-point-ranipur/info|6|Quick Bites|4pm to 930pm(Mon-Sat),125pm to 930pm(Sun)||NEW|NEW
Vyanjan|300|Indian,South Indian,Chinese|Haridwar|Har Ki Pauri|https://www.zomato.com/haridwar/vyanjan-6-har-ki-pauri/info|6|Quick Bites|10am to 10pm(Mon-Sun)|Average|3.3|15
Shri Ganesh Ji Lassi Wale|100|Beverages|Haridwar|Har Ki Pauri|https://www.zomato.com/haridwar/shri-ganesh-ji-lassi-wale-har-ki-pauri/info|6|none|8am to 10pm(Mon-Sun)|Average|3.2|8
Manchanda's Bakery|150|Bakery|Haridwar|Jwalapur|https://www.zomato.com/haridwar/manchandas-bakery-jwalapur/info|6|Quick Bites|10am to 10pm(Mon-Sun)|Average|3.3|7
Sms Food Villa|280|North Indian,Rolls,Afghan|Haridwar|Ranipur|https://www.zomato.com/haridwar/sms-food-villa-2-ranipur/info|6|Quick Bites|4pm to 12midnight(Mon-Sun)|Average|3.3|19
Midtown Cafe|250|Fast Food,Beverages|Haridwar|BHEL Township|https://www.zomato.com/haridwar/midtown-cafe-bhel-township/info|6|Quick Bites|102am to 10pm(Mon-Sun)|Average|3.2|10
Treat Fast Food|200|South Indian,Chinese,Fast Food,Italian|Haridwar|Ranipur|https://www.zomato.com/haridwar/treat-fast-food-ranipur/info|6|Bakery|1030am to 930pm(Mon-Sun)|Average|3.3|6
Pardesi's Restaurant|500|North Indian|Haridwar|Devpura|https://www.zomato.com/haridwar/pardesis-restaurant-devpura/info|6|Casual Dining|8am to 12midnight(Mon-Sun)|Average|3.3|11
Hot Chips|200|Street Food|Haridwar|Jwalapur|https://www.zomato.com/haridwar/hot-chips-jwalapur/info|6|Quick Bites|11am to 930pm(Mon-Sun)||NEW|NEW
Guru Nanak Vaishno Bhojanalaya|250|North Indian|Haridwar|Devpura|https://www.zomato.com/haridwar/guru-nanak-vaishno-bhojanalaya-devpura/info|6|Bhojanalya|7am to 12midnight(Mon-Sun)|Average|3.2|6
Shri Ganesh Ji Pede Wale|200|Mithai|Haridwar|Har Ki Pauri|https://www.zomato.com/haridwar/shri-ganesh-ji-pede-wale-har-ki-pauri/info|6|Sweet Shop|7am to 9pm(Mon-Sun)|Average|3.2|13
Protein Box  Eat Like Pro|300|North Indian|Haridwar|BHEL Township|https://www.zomato.com/haridwar/protein-box-eat-like-pro-bhel-township/info|7|Quick Bites|8am to 1pm,430pm to 10pm(Mon-Sun)||NEW|NEW
Taste of Haridwar|150|North Indian|Haridwar|BHEL Township|https://www.zomato.com/haridwar/taste-of-haridwar-bhel-township/info|7|Quick Bites|8am to 10pm(Mon-Sun)|Average|3.2|4
Mohan Juice Corner|150|Juices|Haridwar|Kankhal|https://www.zomato.com/haridwar/mohan-juice-corner-kankhal/info|7|Beverage Shop|10am to 8pm(Mon-Sat),Closed(Sun)|Average|3.2|5
Lakshya Burger Center|100|Fast Food|Haridwar|Devpura|https://www.zomato.com/haridwar/lakshya-burger-center-devpura/info|7|Quick Bites|2pm to 10pm(Mon-Sun)|Not rated|-|-
Bhatia Dugdh Bhandar|200|Mithai|Haridwar|Kankhal|https://www.zomato.com/haridwar/bhatia-dugdh-bhandar-kankhal/info|7|Sweet Shop|9am to 9pm(Mon-Sun)|Average|3.2|5
Aqua Restaurant (Hotel the Rio)|500|Chinese|Haridwar|Devpura|https://www.zomato.com/haridwar/aqua-restaurant-hotel-the-rio-devpura/info|7|Casual Dining|11am to 10pm(Mon-Sun)|Not rated|-|-
RNR Shudh Bhojanalaya|250|North Indian|Haridwar|Kankhal|https://www.zomato.com/haridwar/rnr-shudh-bhojanalaya-kankhal/info|7|Bhojanalya|8am to 10pm(Mon-Sun)|Average|3.2|7
Captains Bakery & Cafe|200|Fast Food,Bakery|Haridwar|BHEL Township|https://www.zomato.com/haridwar/captains-bakery-cafe-bhel-township/info|7|Bakery|10am to 10pm(Mon-Sun)|Not rated|-|-
Shree Krishna Food Junction|400|North Indian,South Indian,Chinese,Fast Food|Haridwar|Har Ki Pauri|https://www.zomato.com/haridwar/shree-krishna-food-junction-3-har-ki-pauri/info|7|Casual Dining|10am to 10pm(Mon-Sun)|Average|3.2|4
Naviedyam|400|South Indian,Fast Food,Beverages,Ice Cream|Haridwar|Kankhal|https://www.zomato.com/haridwar/naviedyam-kankhal/info|7|Quick Bites|11am to 930pm(Mon-Sun)|Not rated|-|-
Zaika Restaurant|600|North Indian,Chinese|Haridwar|BHEL Township|https://www.zomato.com/haridwar/zaika-restaurant-2-bhel-township/info|7|Casual Dining|11am to 10pm(Mon,Wed,Thu,Fri,Sat,Sun),Closed...|Not rated|-|-
Bhatia Sweet Shop|200|Bakery,Mithai|Haridwar|BHEL Township|https://www.zomato.com/haridwar/bhatia-sweet-shop-bhel-township/info|7|Quick Bites|9am to 9pm(Mon-Sun)|Not rated|-|-
Gulshan Fast Food|300|Fast Food|Haridwar|BHEL Township|https://www.zomato.com/haridwar/gulshan-fast-food-bhel-township/info|7|Quick Bites|10am to 10pm(Mon-Sun)||NEW|NEW
Cream Bell|150|Ice Cream,Fast Food|Haridwar|BHEL Township|https://www.zomato.com/haridwar/cream-bell-bhel-township/info|7|Dessert Parlor|10am to 9pm(Mon-Sun)|Not rated|-|-
Kwality Walls|200|Desserts|Haridwar|BHEL Township|https://www.zomato.com/haridwar/kwality-walls-bhel-township/info|7|Dessert Parlor|10am to 10pm(Mon-Sun)|Not rated|-|-
Oven Fresh Bakers|250|Bakery,Chinese,South Indian,Wraps|Haridwar|BHEL Township|https://www.zomato.com/haridwar/oven-fresh-bakers-bhel-township/info|8|Quick Bites|7am to 10pm(Mon-Sun)|Not rated|-|-
Punjabi Puri Wala|150|Street Food,North Indian|Haridwar|Har Ki Pauri|https://www.zomato.com/haridwar/punjabi-puri-wala-har-ki-pauri/info|8|Quick Bites|7am to 10pm(Mon-Sun)|Not rated|-|-
Bonfire Restaurant|400|North Indian,Chinese|Haridwar|BHEL Township|https://www.zomato.com/haridwar/bonfire-restaurant-bhel-township/info|8|Casual Dining|11am to 11pm(Mon-Sun)|Average|3.3|18
Sethi Bakers|200|Bakery|Haridwar|Jwalapur|https://www.zomato.com/haridwar/sethi-bakers-jwalapur/info|8|Bakery|930am to 530pm(Mon-Sun)|Not rated|-|-
Punjabi Bhojnalaya|120|Indian|Haridwar|Devpura|https://www.zomato.com/haridwar/punjabi-bhojnalaya-devpura/info|8|Bhojanalya|10am to 9pm(Mon-Sun)|Not rated|-|-
Lajja Palace|500|North Indian,Fast Food,Chinese|Haridwar|Har Ki Pauri|https://www.zomato.com/haridwar/lajja-palace-har-ki-pauri/info|8|Casual Dining|11am to 8pm(Mon-Tue),11am to 10pm(Wed-Sun)|Not rated|-|-
Ministry Of Shakes|200|Beverages,Juices|Haridwar|Salempur Mahdood|https://www.zomato.com/haridwar/ministry-of-shakes-salempur-mahdood/info|8|Beverage Shop|10am to 10pm(Mon-Sun)||NEW|NEW
Hot Bite Restaurant|400|North Indian|Haridwar|Devpura|https://www.zomato.com/haridwar/hot-bite-restaurant-devpura/info|8|Casual Dining|8am to 10pm(Mon-Sun)|Not rated|-|-
Cup of Joy Cafe|500|Italian,Coffee,Beverages|Haridwar|BHEL Township|https://www.zomato.com/haridwar/cup-of-joy-cafe-bhel-township/info|8|Casual Dining|10am to 10pm(Mon-Sun)|Not rated|-|-
Hotel Shiv Murti Grand|400|North Indian|Haridwar|Devpura|https://www.zomato.com/haridwar/hotel-shiv-murti-grand-devpura/info|8|Fine Dining|11am to 10pm(Mon-Sun)|Not rated|-|-
INDO-THAI|250|Ice Cream|Haridwar|Ranipur|https://www.zomato.com/haridwar/indo-thai-ranipur/info|8|Dessert Parlor|1pm to 1am(Mon-Sun)|Average|3.3|12
Sindh Confectioners|250|Desserts,Bakery|Haridwar|Har Ki Pauri|https://www.zomato.com/haridwar/sindh-confectioners-har-ki-pauri/info|8|Confectionery|9am to 10pm(Mon-Sun)|Not rated|-|-
Shri Ganga Veshno Hotel|350|North Indian|Haridwar|Har Ki Pauri|https://www.zomato.com/haridwar/shri-ganga-veshno-hotel-har-ki-pauri/info|8|Casual Dining|(Mon-Sun)|Not rated|-|-
Bajrangi Biryani|200|Biryani|Haridwar|Ranipur|https://www.zomato.com/haridwar/bajrangi-biryani-ranipur/info|8|none|4pm to 930pm(Mon-Sun)|Not rated|-|-
Chacha Ji Bakery|250|Bakery|Haridwar|Jwalapur|https://www.zomato.com/haridwar/chacha-ji-bakery-jwalapur/info|8|Bakery|11am to 10pm(Mon-Sun)|Not rated|-|-
Caffix|300|North Indian,Chinese|Haridwar|Kankhal|https://www.zomato.com/haridwar/caffix-kankhal/info|9|Quick Bites|10am to 10pm(Mon-Sun)||NEW|NEW
Mom's kitchen|200|North Indian|Haridwar|BHEL Township|https://www.zomato.com/haridwar/moms-kitchen-bhel-township/info|9|Quick Bites|730am to 930pm(Mon-Sun)||NEW|NEW
Oven Fresh Sweets & Snacks|250|North Indian,South Indian,Street Food|Haridwar|BHEL Township|https://www.zomato.com/haridwar/oven-fresh-sweets-snacks-bhel-township/info|9|Quick Bites|7am to 1045pm(Mon-Sun)|Average|3.3|6
Shalini Fast Food|150|Fast Food|Haridwar|Kankhal|https://www.zomato.com/haridwar/shalini-fast-food-kankhal/info|9|Quick Bites|8am to 11pm(Mon-Sun)|Average|3.3|11
Four Brothers Fast Food Adda|150|Chinese,Fast Food,Momos|Haridwar|BHEL Township|https://www.zomato.com/haridwar/four-brothers-fast-food-adda-bhel-township/info|9|Quick Bites|11am to 11pm(Mon-Sun)|Average|3.3|14
Sidcul Thali|300|North Indian|Haridwar|BHEL Township|https://www.zomato.com/haridwar/sidcul-thali-bhel-township/info|9|Quick Bites|11am to 11pm(Mon-Sun)||NEW|NEW
Onion Fresh|200|North Indian|Haridwar|BHEL Township|https://www.zomato.com/haridwar/onion-fresh-bhel-township/info|9|Quick Bites|1030am to 1030pm(Mon-Sun)|Average|3.3|11
Yarana Dhaba ( Veg & Non Veg )|400|BBQ,Indian,North Indian,Afghan|Haridwar|Jwalapur|https://www.zomato.com/haridwar/yarana-dhaba-veg-non-veg-jwalapur/info|9|Bhojanalya|12noon to 11pm(Mon-Sun)|Average|3.2|9
SRH Kathi Roll Veg & Non-Veg|150|Rolls,Chinese|Haridwar|Sitapur|https://www.zomato.com/haridwar/srh-kathi-roll-veg-non-veg-sitapur/info|9|Quick Bites|11am to 11pm(Mon-Sun)|Average|3.2|9
Roti Te Boti|400|North Indian|Haridwar|BHEL Township|https://www.zomato.com/haridwar/roti-te-boti-bhel-township/info|9|Quick Bites|11am to 11pm(Mon-Sun)||NEW|NEW
Patiala Lassi|120|Beverages,Drinks Only|Haridwar|Devpura|https://www.zomato.com/haridwar/patiala-lassi-devpura/info|9|Beverage Shop|8am to 11pm(Mon-Sun)|Average|3.4|7
The Taste Of Kalkata|250|BBQ,Rolls|Haridwar|Ranipur|https://www.zomato.com/haridwar/the-taste-of-kalkata-ranipur/info|9|Quick Bites|12noon to 11pm(Mon-Sun)|Average|3.4|6
Cafe Coffee Day|500|Cafe|Haridwar|Har Ki Pauri|https://www.zomato.com/haridwar/cafe-coffee-day-har-ki-pauri/info|9|Café|9am to 11pm(Mon-Sun)|Average|3.2|15
Hotel Madhuban|800|Modern Indian,North Indian|Haridwar|Ranipur|https://www.zomato.com/haridwar/hotel-madhuban-1-ranipur/info|9|Casual Dining|11am to 11pm(Mon-Sun)|Average|3.2|6
Shivalik Hotel and Restaurant|350|South Indian,North Indian,Chinese|Haridwar|Har Ki Pauri|https://www.zomato.com/haridwar/shivalik-hotel-and-restaurant-har-ki-pauri/info|9|Casual Dining|8am to 12midnight(Mon-Sun)|Average|3.2|10
