NAME|PRICE|CUSINE_CATEGORY|CITY|REGION|URL|PAGE NO|CUSINE TYPE|TIMING|RATING_TYPE|RATING|VOTES
RH Chicken Point|350|North Indian,Fast Food,Kebab|Jabalpur|Cantt|https://www.zomato.com/jabalpur/rh-chicken-point-cantt/info|1|Quick Bites|11am to 11pm(Mon-Sun)|Excellent|4.6|485
Domino's Pizza|500|Italian,Pizza|Jabalpur|Napier Town|https://www.zomato.com/jabalpur/dominos-pizza-1-napier-town/info|1|Quick Bites|11am to 12midnight(Mon-Sun)|Very Good|4.3|205
Badkul Restaurant|500|North Indian,Fast Food,Chinese|Jabalpur|Vijay Nagar|https://www.zomato.com/jabalpur/badkul-restaurant-vijay-nagar/info|1|Casual Dining|11am to 11pm(Mon-Sun)|Very Good|4.0|306
Riyaz Hotel - 1953|300|Biryani,North Indian|Jabalpur|Napier Town|https://www.zomato.com/jabalpur/riyaz-hotel-1953-napier-town/info|1|Quick Bites|11am to 11pm(Mon-Sun)|Very Good|4.3|356
Wok n More|650|Chinese,Thai|Jabalpur|Civil Lines|https://www.zomato.com/jabalpur/wok-n-more-1-civil-lines/info|1|Quick Bites|11am to 11pm(Mon-Sun)|Very Good|4.4|103
The Yellow Chilli|1000|North Indian,Mughlai|Jabalpur|Napier Town|https://www.zomato.com/jabalpur/the-yellow-chilli-napier-town/info|1|Fine Dining|1230pm to 11pm(Mon-Sun)|Average|3.4|85
Best Choice|250|Burger,Sandwich,Roast Chicken,Fast Food,Rolls,Beverages|Jabalpur|Napier Town|https://www.zomato.com/jabalpur/best-choice-napier-town/info|1|Quick Bites|12noon to 1030pm(Mon-Sun)|Excellent|4.8|218
Naidu's Dilli Ki Gali Parathe Wali|300|Street Food,North Indian|Jabalpur|Napier Town|https://www.zomato.com/jabalpur/naidus-dilli-ki-gali-parathe-wali-napier-town/info|1|Quick Bites|9am to 1030pm(Mon-Sun)|Excellent|4.6|214
Govinda's Fast Food Centre|250|Pizza,Fast Food|Jabalpur|Napier Town|https://www.zomato.com/jabalpur/govindas-fast-food-centre-napier-town/info|1|Quick Bites|11am to 1030pm(Mon-Sun)|Excellent|4.5|158
New Pawar Restaurant|600|North Indian,Chinese|Jabalpur|Wright Town|https://www.zomato.com/jabalpur/new-pawar-restaurant-wright-town/info|1|Casual Dining|9am to 11pm(Mon-Sun)|Very Good|4.2|165
Pizza Hut|600|Pizza,Italian|Jabalpur|Napier Town|https://www.zomato.com/jabalpur/pizza-hut-napier-town/info|1|Casual Dining|11am to 11pm(Mon-Sun)|Very Good|4.0|187
Sai Chinese Point|150|Fast Food,Chinese|Jabalpur|Napier Town|https://www.zomato.com/jabalpur/sai-chinese-point-napier-town/info|1|Quick Bites|11am to 11pm(Mon-Sun)|Good|3.9|194
Jharokha Restaurant The Arihant Palace|800|North Indian,Mughlai,Continental,Chinese|Jabalpur|Napier Town|https://www.zomato.com/jabalpur/jharokha-restaurant-the-arihant-palace-napier-town/info|1|Casual Dining|11am to 11pm(Mon-Sun)|Very Good|4.3|124
Subway|500|Healthy Food,Sandwich,Salad|Jabalpur|Napier Town|https://www.zomato.com/jabalpur/subway-napier-town/info|1|Quick Bites|11am to 11pm(Mon-Sun)|Very Good|4.3|173
KFC|500|American|Jabalpur|Rampur|https://www.zomato.com/jabalpur/kfc-rampur/info|1|Quick Bites|10am to 11pm(Mon-Sun)|Very Good|4.0|169
Appu Bhel Puri|100|Street Food|Jabalpur|Napier Town|https://www.zomato.com/jabalpur/appu-bhel-puri-napier-town/info|10|Quick Bites|4pm to 10pm(Mon-Sun)|Good|3.5|14
Badkuls Cake and Cafe|200|Cafe,Bakery|Jabalpur|Garha|https://www.zomato.com/jabalpur/badkuls-cake-and-cafe-garha/info|10|Café|10am to 10pm(Mon-Sun)||NEW|NEW
Chourasiya Hotel|150|Street Food,Mithai|Jabalpur|Napier Town|https://www.zomato.com/jabalpur/chourasiya-hotel-napier-town/info|10|Quick Bites|11am to 10pm(Mon-Sun)|Average|2.9|17
Yaari Risto|600|North Indian,Fast Food|Jabalpur|Wright Town|https://www.zomato.com/jabalpur/yaari-risto-wright-town/info|10|Quick Bites|10am to 10pm(Mon-Sun)|Average|3.1|12
Lazeez Lawn & Restaurant|800|North Indian|Jabalpur|Napier Town|https://www.zomato.com/jabalpur/lazeez-lawn-restaurant-napier-town/info|10|Casual Dining|11am to 11pm(Mon-Sun)|Good|3.7|33
Kesara Cafe|200|North Indian,Italian|Jabalpur|Vijay Nagar|https://www.zomato.com/jabalpur/kesara-cafe-2-vijay-nagar/info|10|Quick Bites|1130am to 10pm(Mon-Sun)|Not rated|-|-
Kulhad|70|Tea,Coffee|Jabalpur|Vijay Nagar|https://www.zomato.com/jabalpur/kulhad-vijay-nagar/info|10|Beverage Shop|5pm to 10pm(Mon-Sun)|Very Good|4.1|16
Shiv Sagar Restaurant|300|North Indian,Chinese,South Indian|Jabalpur|Vijay Nagar|https://www.zomato.com/jabalpur/shiv-sagar-restaurant-vijay-nagar/info|10|Quick Bites|10am to 10pm(Mon-Sun)|Average|2.8|6
Cafe 4 U|300|Fast Food|Jabalpur|Adhartal|https://www.zomato.com/jabalpur/cafe-4-u-adhartal/info|10|Quick Bites|11am to 10pm(Mon-Sun)||NEW|NEW
Foodies Cafe|200|Fast Food|Jabalpur|Napier Town|https://www.zomato.com/jabalpur/foodies-cafe-napier-town/info|10|Café|12noon to 10pm(Mon-Sun)|Average|3.2|5
Engineers Cafe|300|North Indian|Jabalpur|Shakti Nagar|https://www.zomato.com/jabalpur/engineers-cafe-shakti-nagar/info|10|Quick Bites|11am to 10pm(Mon-Sun)|Average|3.4|12
Veg Chinese Centre|150|Chinese|Jabalpur|Napier Town|https://www.zomato.com/jabalpur/veg-chinese-centre-napier-town/info|10|Kiosk|11am to 10pm(Mon-Sun)|Average|3.4|15
Friends Corner|300|Fast Food|Jabalpur|Wright Town|https://www.zomato.com/jabalpur/friends-corner-wright-town/info|10|Quick Bites|1130am to 10pm(Mon-Sun)||NEW|NEW
The Only Place|350|Chinese,Fast Food,Continental|Jabalpur|Cantt|https://www.zomato.com/jabalpur/the-only-place-cantt/info|10|Casual Dining|12noon to 11pm(Mon-Sun)|Good|3.7|24
Sai Ram Sweets|200|Mithai|Jabalpur|Vijay Nagar|https://www.zomato.com/jabalpur/sai-ram-sweets-vijay-nagar/info|10|Sweet Shop|11am to 10pm(Mon-Sun)|Average|2.9|8
Maa Gaytri Icecream Parlour|200|Ice Cream|Jabalpur|Hathital|https://www.zomato.com/jabalpur/maa-gaytri-icecream-parlour-hathital/info|11|Dessert Parlor|12noon to 10pm(Mon-Sun)|Not rated|-|-
Chaman Chaat|200|Ice Cream,Desserts|Jabalpur|Gohalpur|https://www.zomato.com/jabalpur/chaman-chaat-gohalpur/info|11|Dessert Parlor|(Mon-Sun)|Average|2.9|10
Indore Sev Bhandar|250|Mithai|Jabalpur|Ganjipura|https://www.zomato.com/jabalpur/indore-sev-bhandar-ganjipura/info|11|Sweet Shop|10am to 10pm(Mon-Sun)|Average|2.8|8
Hotel Manmohan|300|Indian|Jabalpur|Civil Lines|https://www.zomato.com/jabalpur/hotel-manmohan-civil-lines/info|11|Quick Bites|12noon to 11pm(Mon-Sun)|Good|3.5|27
New Hotel Haji Basheer|300|Mughlai|Jabalpur|Cantt|https://www.zomato.com/jabalpur/new-hotel-haji-basheer-cantt/info|11|Quick Bites|130pm to 10pm(Mon-Sun)|Average|3.2|11
Baked Story|500|Bakery,Desserts,Fast Food|Jabalpur|Vijay Nagar|https://www.zomato.com/jabalpur/baked-story-vijay-nagar/info|11|Bakery|12noon to 10pm(Mon),11am to 10pm(Tue-Sun)|Good|3.6|15
Fountain Spot|300|Chinese,Fast Food|Jabalpur|Cantt|https://www.zomato.com/jabalpur/fountain-spot-cantt/info|11|Quick Bites|2pm to 9pm(Mon-Sun)|Average|3.3|8
Nagendra Restaurant|300|North Indian,South Indian|Jabalpur|Vijay Nagar|https://www.zomato.com/jabalpur/nagendra-restaurant-vijay-nagar/info|11|Quick Bites|11am to 10pm(Mon-Sun)||NEW|NEW
Maggie Veg Point|300|Street Food|Jabalpur|Wright Town|https://www.zomato.com/jabalpur/maggie-veg-point-wright-town/info|11|none|11am to 9pm(Mon-Sun)||NEW|NEW
PUBG Food Corner|200|South Indian,Fast Food|Jabalpur|Napier Town|https://www.zomato.com/jabalpur/pubg-food-corner-napier-town/info|11|Quick Bites|11am to 1030pm(Mon-Sun)|Good|3.6|20
Ras Crush|250|Juices,Beverages|Jabalpur|Wright Town|https://www.zomato.com/jabalpur/ras-crush-wright-town/info|11|Beverage Shop|7am to 10pm(Mon-Sun)|Average|2.8|6
Karnawat|100|Paan|Jabalpur|Napier Town|https://www.zomato.com/jabalpur/karnawat-napier-town/info|11|Paan Shop|11am to 10pm(Mon-Sun)|Average|3.3|9
Zaika Junction|350|North Indian,Chinese|Jabalpur|Cantt|https://www.zomato.com/jabalpur/zaika-junction-cantt/info|11|Quick Bites|11am to 11pm(Mon-Sun)|Average|3.4|14
Amrit Bhandar|200|Desserts|Jabalpur|Vijay Nagar|https://www.zomato.com/jabalpur/amrit-bhandar-vijay-nagar/info|11|Sweet Shop|11am to 10pm(Mon-Sun)|Average|3.1|5
The Chocolate Story|450|Italian,Fast Food,Desserts|Jabalpur|Napier Town|https://www.zomato.com/jabalpur/the-chocolate-story-1-napier-town/info|11|Quick Bites|1130am to 1030pm(Mon-Sun)|Good|3.8|21
Megha Restaurant|250|North Indian,Biryani|Jabalpur|Napier Town|https://www.zomato.com/jabalpur/megha-restaurant-napier-town/info|12|Quick Bites|11am to 10pm(Mon-Sun)|Average|3.3|7
Anand Dairy|250|Juices|Jabalpur|Ganjipura|https://www.zomato.com/jabalpur/anand-dairy-ganjipura/info|12|Beverage Shop|11am to 10pm(Mon-Sun)|Average|3.1|4
Hira Cake's Dry Fruits|200|Bakery|Jabalpur|Rampur|https://www.zomato.com/jabalpur/hira-cakes-dry-fruits-rampur/info|12|Bakery|9am to 10pm(Mon-Sun)|Average|3.0|4
Choubey Falhari Restaurant|200|Healthy Food|Jabalpur|Rampur|https://www.zomato.com/jabalpur/choubey-falhari-restaurant-rampur/info|12|Quick Bites|3pm to 10pm(Mon-Sun)|Not rated|-|-
Aashi Rstaurant|150|Fast Food|Jabalpur|Vijay Nagar|https://www.zomato.com/jabalpur/aashi-rstaurant-vijay-nagar/info|12|Quick Bites|12noon to 10pm(Mon-Sun)|Average|3.1|4
The Grannys Kitchen|400|North Indian|Jabalpur|Wright Town|https://www.zomato.com/jabalpur/the-grannys-kitchen-wright-town/info|12|Quick Bites|11am to 10pm(Mon-Sun)||NEW|NEW
Samdareeya Food Court 2.0|150|North Indian,Italian,Chinese|Jabalpur|Napier Town|https://www.zomato.com/jabalpur/samdareeya-food-court-2-0-napier-town/info|12|Food Court|10am to 10pm(Mon-Sun)|Average|3.2|8
Naivedyam|450|South Indian|Jabalpur|Napier Town|https://www.zomato.com/jabalpur/naivedyam-napier-town/info|12|Casual Dining|11am to 10pm(Mon-Sun)|Average|2.9|8
AL-TAJ Hotel|250|Biryani,Kebab,North Indian|Jabalpur|Napier Town|https://www.zomato.com/jabalpur/al-taj-hotel-napier-town/info|12|Quick Bites|1130am to 11pm(Mon-Sun)|Average|3.0|17
Mom's Food Plaza|400|North Indian|Jabalpur|Wright Town|https://www.zomato.com/jabalpur/moms-food-plaza-wright-town/info|12|Quick Bites|10am to 10pm(Mon-Sat),Closed(Sun)|Average|2.9|6
Suresh Bakery|400|Bakery|Jabalpur|Ghamapur|https://www.zomato.com/jabalpur/suresh-bakery-ghamapur/info|12|Bakery|10am to 10pm(Mon,Wed,Thu,Fri,Sat,Sun),Closed...|Average|3.0|5
Vinay Bhojnalaya|200|North Indian|Jabalpur|Adhartal|https://www.zomato.com/jabalpur/vinay-bhojnalaya-adhartal/info|12|Quick Bites|11am to 10pm(Mon-Sun)||NEW|NEW
Indore Sweets Namkeen & Bakery|200|Bakery,Street Food|Jabalpur|Rampur|https://www.zomato.com/jabalpur/indore-sweets-namkeen-bakery-rampur/info|12|Bakery|10am to 10pm(Mon-Sun)|Average|3.2|5
Chai Wala|200|Fast Food,Tea|Jabalpur|Wright Town|https://www.zomato.com/jabalpur/chai-wala-wright-town/info|12|Quick Bites|11am to 10pm(Mon-Sun)|Average|3.3|9
Fusion|1000|North Indian,Chinese,Continental|Jabalpur|Vijay Nagar|https://www.zomato.com/jabalpur/fusion-vijay-nagar/info|12|Lounge|12noon to 1130pm(Mon-Sun)|Average|3.0|22
Govindam Gopalam|400|North Indian,South Indian,Chinese|Jabalpur|Karmeta|https://www.zomato.com/jabalpur/govindam-gopalam-karmeta/info|13|Quick Bites|930am to 12midnight(Mon-Sun)|Good|3.6|10
The Sweet Shoppee|500|Mithai,Desserts|Jabalpur|Chandmari|https://www.zomato.com/jabalpur/the-sweet-shoppee-chandmari/info|13|Sweet Shop|11am to 10pm(Mon-Sun)|Average|2.8|4
Raju Masala Dosa Chinese And Pav Bhaji Centre|200|North Indian,South Indian|Jabalpur|Ghamapur|https://www.zomato.com/jabalpur/raju-masala-dosa-chinese-and-pav-bhaji-centre-ghamapur/info|13|Quick Bites|12noon to 10pm(Mon-Sun)||NEW|NEW
Jagdish Restaurant|200|North Indian|Jabalpur|Wright Town|https://www.zomato.com/jabalpur/jagdish-restaurant-wright-town/info|13|Casual Dining|9am to 10pm(Mon-Sun)|Average|2.9|6
Green Apple|400|Fast Food,North Indian|Jabalpur|Civil Lines|https://www.zomato.com/jabalpur/green-apple-civil-lines/info|13|Quick Bites|11am to 10pm(Mon-Sun)|Average|3.2|6
Fast Food By The Sweet Shoppee|100|Mithai,Fast Food|Jabalpur|Chandmari|https://www.zomato.com/jabalpur/fast-food-by-the-sweet-shoppee-chandmari/info|13|Quick Bites|10am to 10pm(Mon-Sun)||NEW|NEW
Pathak Juice Center|100|Juices,Beverages|Jabalpur|Adhartal|https://www.zomato.com/jabalpur/pathak-juice-center-adhartal/info|13|Beverage Shop|11am to 10pm(Mon-Sun)||NEW|NEW
Shri Lakshmi Fast Food|200|North Indian,Chinese|Jabalpur|Rampur|https://www.zomato.com/jabalpur/shri-lakshmi-fast-food-rampur/info|13|Quick Bites|11am to 10pm(Mon-Sun)||NEW|NEW
Azaad Restaurant|200|North Indian,South Indian|Jabalpur|Adhartal|https://www.zomato.com/jabalpur/azaad-restaurant-adhartal/info|13|Quick Bites|11am to 10pm(Mon-Sun)||NEW|NEW
Kapil Cafe|100|Fast Food,Coffee|Jabalpur|Napier Town|https://www.zomato.com/jabalpur/kapil-cafe-napier-town/info|13|Quick Bites|11am to 10pm(Mon-Sun)|Not rated|-|-
The Tea Factory|200|Cafe|Jabalpur|Wright Town|https://www.zomato.com/jabalpur/the-tea-factory-wright-town/info|13|Quick Bites|11am to 10pm(Mon-Sun)||NEW|NEW
Neelu Restaurant|300|North Indian|Jabalpur|Adhartal|https://www.zomato.com/jabalpur/neelu-restaurant-adhartal/info|13|Quick Bites|11am to 9pm(Mon-Sun)||NEW|NEW
Gupta Ji Sweets And Bakery|300|Mithai,Bakery,Fast Food|Jabalpur|Garha|https://www.zomato.com/jabalpur/gupta-ji-sweets-and-bakery-garha/info|13|Sweet Shop|11am to 10pm(Mon-Sun)||NEW|NEW
Kesharwani Chaat Center|200|Fast Food|Jabalpur|Rampur|https://www.zomato.com/jabalpur/kesharwani-chaat-center-rampur/info|13|Quick Bites|630pm to 10pm(Mon-Sun)|Not rated|-|-
Sheetal Kunj Juice Center|150|Juices|Jabalpur|Wright Town|https://www.zomato.com/jabalpur/sheetal-kunj-juice-center-wright-town/info|13|Beverage Shop|11am to 10pm(Mon-Sun)|Average|2.9|5
Chandrakala Sweets|200|Mithai|Jabalpur|Napier Town|https://www.zomato.com/jabalpur/chandrakala-sweets-napier-town/info|14|Sweet Shop|11am to 10pm(Mon-Sun)|Average|3.0|4
Calcutta Chinese|350|Fast Food,Chinese|Jabalpur|Cantt|https://www.zomato.com/jabalpur/calcutta-chinese-cantt/info|14|Food Court|11am to 11pm(Mon-Sun)|Good|3.6|33
Jabalpur Spicy|200|North Indian,South Indian,Chinese|Jabalpur|Ganjipura|https://www.zomato.com/jabalpur/jabalpur-spicy-ganjipura/info|14|Quick Bites|12noon to 10pm(Mon-Sun)||NEW|NEW
Food 55|300|Fast Food|Jabalpur|Vijay Nagar|https://www.zomato.com/jabalpur/food-55-vijay-nagar/info|14|Quick Bites|12noon to 10pm(Mon-Sun)|Not rated|-|-
Foody Moody|200|Fast Food|Jabalpur|Garha|https://www.zomato.com/jabalpur/foody-moody-garha/info|14|Quick Bites|12noon to 10pm(Mon-Sun)|Not rated|-|-
Ande Ka Funda|200|Fast Food|Jabalpur|Vijay Nagar|https://www.zomato.com/jabalpur/ande-ka-funda-vijay-nagar/info|14|Quick Bites|12noon to 1030pm(Mon-Sun)|Good|3.7|22
Durga Misthaan Bhandaar|300|Mithai,Fast Food|Jabalpur|Ghamapur|https://www.zomato.com/jabalpur/durga-misthaan-bhandaar-ghamapur/info|14|Quick Bites|9am to 10pm(Mon-Sun)||NEW|NEW
Gupta Sweet Mart|200|Mithai,Street Food|Jabalpur|Cantt|https://www.zomato.com/jabalpur/gupta-sweet-mart-1-cantt/info|14|Sweet Shop|10am to 9pm(Mon-Sun)||NEW|NEW
Vishan Sweets And Snacks|300|Mithai|Jabalpur|Adhartal|https://www.zomato.com/jabalpur/vishan-sweets-and-snacks-adhartal/info|14|Sweet Shop|11am to 10pm(Mon-Sun)||NEW|NEW
New Sai Ram Sweets|150|Mithai|Jabalpur|Karmeta|https://www.zomato.com/jabalpur/new-sai-ram-sweets-karmeta/info|14|Sweet Shop|11am to 10pm(Mon-Sun)|Not rated|-|-
New Shankar Sweets & Dairy|500|Mithai,Street Food|Jabalpur|Chandmari|https://www.zomato.com/jabalpur/new-shankar-sweets-dairy-chandmari/info|14|Quick Bites|11am to 10pm(Mon-Sun)|Not rated|-|-
HOTEL THE GALAXY|200|North Indian,Italian,Fast Food|Jabalpur|Shakti Nagar|https://www.zomato.com/jabalpur/hotel-the-galaxy-shakti-nagar/info|14|Quick Bites|12noon to 10pm(Mon-Sun)|Not rated|-|-
Foodies Point|150|Chinese,Fast Food|Jabalpur|Rampur|https://www.zomato.com/jabalpur/foodies-point-1-rampur/info|14|Quick Bites|(Mon-Sun)|Not rated|-|-
Sonali Sweets|400|Mithai,Fast Food|Jabalpur|Vijay Nagar|https://www.zomato.com/jabalpur/sonali-sweets-vijay-nagar/info|14|Sweet Shop|930am to 830pm(Mon-Sun)|Not rated|-|-
Mantralaya Restaurant|500|North Indian,Chinese|Jabalpur|Cantt|https://www.zomato.com/jabalpur/mantralaya-restaurant-cantt/info|14|Casual Dining|1130am to 10pm(Mon-Sun)||NEW|NEW
By The Way|300|North Indian,Fast Food,Chinese|Jabalpur|Garha|https://www.zomato.com/jabalpur/by-the-way-garha/info|15|Quick Bites|9am to 10pm(Mon-Sun)||NEW|NEW
Nariyal Paani Wala|100|Healthy Food|Jabalpur|Wright Town|https://www.zomato.com/jabalpur/nariyal-paani-wala-wright-town/info|15|Beverage Shop|(Mon-Sun)||NEW|NEW
Heavens Bite|300|Chinese,Fast Food|Jabalpur|Cantt|https://www.zomato.com/jabalpur/heavens-bite-cantt/info|15|Quick Bites|9am to 10pm(Mon-Sun)||NEW|NEW
New Devendra Chinese And Chaat Center|200|Chinese,Italian|Jabalpur|Wright Town|https://www.zomato.com/jabalpur/new-devendra-chinese-and-chaat-center-wright-town/info|15|Quick Bites|11am to 10pm(Mon-Sun)||NEW|NEW
Chicken Gharwala|400|Mughlai,North Indian|Jabalpur|Khamaria|https://www.zomato.com/jabalpur/chicken-gharwala-khamaria/info|15|none|12noon to 8pm(Mon-Sun)||NEW|NEW
Menu Restaurant|200|North Indian|Jabalpur|Adhartal|https://www.zomato.com/jabalpur/menu-restaurant-adhartal/info|15|Quick Bites|11am to 10pm(Mon-Sun)||NEW|NEW
Rawat Hotel|200|North Indian|Jabalpur|Ghamapur|https://www.zomato.com/jabalpur/rawat-hotel-ghamapur/info|15|Quick Bites|11am to 10pm(Mon-Sun)||NEW|NEW
Eat N Love Bakers|300|Bakery,Desserts|Jabalpur|Wright Town|https://www.zomato.com/jabalpur/eat-n-love-bakers-wright-town/info|15|Bakery|1030am to 10pm(Mon-Sun)|Not rated|-|-
Bakery Plaza|300|Bakery,Fast Food|Jabalpur|Vijay Nagar|https://www.zomato.com/jabalpur/bakery-plaza-1-vijay-nagar/info|15|Bakery|9am to 9pm(Mon-Sun)||NEW|NEW
Manglam Fast Food|400|Fast Food|Jabalpur|Civil Lines|https://www.zomato.com/jabalpur/manglam-fast-food-civil-lines/info|15|Quick Bites|12noon to 10pm(Mon-Sun)|Not rated|-|-
New Indore Bakewells|400|Fast Food,Mithai|Jabalpur|Wright Town|https://www.zomato.com/jabalpur/new-indore-bakewells-wright-town/info|15|Quick Bites|10am to 10pm(Mon-Sun)|Not rated|-|-
Shri Sai Rasoi|200|Fast Food|Jabalpur|Rampur|https://www.zomato.com/jabalpur/shri-sai-rasoi-rampur/info|15|none|11am to 10pm(Mon-Sun)|Not rated|-|-
Shri Radhe Krishna Sweets|200|Mithai,Street Food|Jabalpur|Dhanvantari Nagar|https://www.zomato.com/jabalpur/shri-radhe-krishna-sweets-dhanvantari-nagar/info|15|Sweet Shop|11am to 10pm(Mon-Sun)||NEW|NEW
Chilly Smile|200|Chinese,Fast Food|Jabalpur|Cantt|https://www.zomato.com/jabalpur/chilly-smile-cantt/info|15|Food Truck|4pm to 9pm(Mon-Sun)||NEW|NEW
Sonali Sweets|300|Mithai,Fast Food|Jabalpur|Civil Lines|https://www.zomato.com/jabalpur/sonali-sweets-civil-lines/info|15|Quick Bites|9am to 10pm(Mon-Sun)|Not rated|-|-
Gupta Sweets|150|Desserts,Fast Food|Jabalpur|Vijay Nagar|https://www.zomato.com/jabalpur/gupta-sweets-vijay-nagar/info|16|Quick Bites|11am to 7pm(Mon-Sun)|Not rated|-|-
Chatori Gali|200|Fast Food|Jabalpur|Vijay Nagar|https://www.zomato.com/jabalpur/chatori-gali-vijay-nagar/info|16|Quick Bites|12noon to 930pm(Mon-Sun)|Not rated|-|-
Hot N Chill|250|North Indian,South Indian|Jabalpur|Vijay Nagar|https://www.zomato.com/jabalpur/hot-n-chill-vijay-nagar/info|16|Quick Bites|11am to 8pm(Mon-Sun)||NEW|NEW
Barbecue Family Restaurant|500|BBQ|Jabalpur|Rampur|https://www.zomato.com/jabalpur/barbecue-family-restaurant-1-rampur/info|16|Quick Bites|2pm to 1230AM(Mon-Sun)|Good|3.6|30
Foodooz|150|Fast Food|Jabalpur|Dhanvantari Nagar|https://www.zomato.com/jabalpur/foodooz-dhanvantari-nagar/info|16|Quick Bites|8am to 9pm(Mon-Sun)|Not rated|-|-
Happy Coffee Maggi|200|Fast Food,Beverages,Juices|Jabalpur|Khamaria|https://www.zomato.com/jabalpur/happy-coffee-maggi-khamaria/info|16|Quick Bites|10am to 930pm(Mon-Sun)||NEW|NEW
Noorani Restaurant|180|Mughlai|Jabalpur|Napier Town|https://www.zomato.com/jabalpur/noorani-restaurant-napier-town/info|16|Quick Bites|12noon to 10pm(Mon-Sun)||NEW|NEW
Dessert Valley Bakery & Sweets|0|Bakery,Cafe,Desserts,Fast Food,Street Food|Jabalpur|Rampur|https://www.zomato.com/jabalpur/dessert-valley-bakery-sweets-rampur/info|16|Bakery|12noon to 10pm(Mon-Sun)||NEW|NEW
Hotel Anushree Restaurant|600|South Indian,North Indian,Continental|Jabalpur|Napier Town|https://www.zomato.com/jabalpur/hotel-anushree-restaurant-napier-town/info|16|Casual Dining|12noon to 11pm(Mon-Sun)|Average|2.7|24
Hanuman Lassi & Juice Center|150|Beverages,Juices|Jabalpur|Napier Town|https://www.zomato.com/jabalpur/hanuman-lassi-juice-center-napier-town/info|16|Beverage Shop|830am to 1130pm(Mon-Sun)||NEW|NEW
Hira Sweets Cakes n Cookies|400|Mithai,Fast Food,Bakery|Jabalpur|Napier Town|https://www.zomato.com/jabalpur/hira-sweets-cakes-n-cookies-napier-town/info|16|Bakery|9am to 1030pm(Mon-Sun)|Good|3.6|28
CFC- The A La Carte Restaurants|1000|North Indian,Chinese,Italian,Beverages|Jabalpur|Rampur|https://www.zomato.com/jabalpur/cfc-the-a-la-carte-restaurants-rampur/info|16|Casual Dining|11am to 11pm(Mon-Sun)|Average|2.7|34
Icchadhari Lassi|100|Beverages|Jabalpur|Wright Town|https://www.zomato.com/jabalpur/icchadhari-lassi-wright-town/info|16|Beverage Shop|9am to 12midnight(Mon-Sun)|Average|3.4|10
Shiv Shakti Ice Cream|100|Ice Cream|Jabalpur|Napier Town|https://www.zomato.com/jabalpur/shiv-shakti-ice-cream-napier-town/info|16|Dessert Parlor|11am to 1030pm(Mon-Sun)|Good|3.7|20
Maurya - By Satya Ashoka|600|North Indian|Jabalpur|Wright Town|https://www.zomato.com/jabalpur/maurya-by-satya-ashoka-wright-town/info|16|Casual Dining|11am to 11pm(Mon-Sun)|Good|3.5|26
Al- Razzaq|250|North Indian,Mughlai|Jabalpur|Napier Town|https://www.zomato.com/jabalpur/al-razzaq-napier-town/info|17|Quick Bites|12noon to 11pm(Mon-Sun)|Good|3.7|24
New Chourasiya Hotel|300|North Indian,Chinese,Fast Food|Jabalpur|Vijay Nagar|https://www.zomato.com/jabalpur/new-chourasiya-hotel-vijay-nagar/info|17|Quick Bites|8am to 11pm(Mon-Sun)|Average|3.2|16
Loknath Pizza|250|Pizza,Burger|Jabalpur|Vijay Nagar|https://www.zomato.com/jabalpur/loknath-pizza-vijay-nagar/info|17|Quick Bites|330pm to 1030pm(Mon-Sun)|Good|3.6|19
FnP Cakes 'n' More|500|Bakery|Jabalpur|Civil Lines|https://www.zomato.com/jabalpur/fnp-cakes-n-more-civil-lines/info|17|none|9am to 11pm(Mon-Sun)|Good|3.5|10
Snacker|300|Fast Food,Continental,Chinese,Mughlai|Jabalpur|Napier Town|https://www.zomato.com/jabalpur/snacker-napier-town/info|17|Quick Bites|4pm to 11pm(Mon-Sun)|Good|3.6|34
MadhuKalash The Mithai Shop|500|Mithai,Street Food|Jabalpur|Cantt|https://www.zomato.com/jabalpur/madhukalash-the-mithai-shop-1-cantt/info|17|Sweet Shop|11am to 1030pm(Mon-Sun)|Good|3.5|20
Goli Vada Pav No.1|150|Street Food|Jabalpur|Napier Town|https://www.zomato.com/jabalpur/goli-vada-pav-no-1-napier-town/info|17|Quick Bites|1030am to 1130pm(Mon-Sun)|Average|3.2|47
Chop Sticks Chinese Corner|250|Chinese|Jabalpur|Rampur|https://www.zomato.com/jabalpur/chop-sticks-chinese-corner-rampur/info|17|Quick Bites|11am to 11pm(Mon-Sun)|Good|3.5|36
ShreeJi Falahar Corner|150|Street Food|Jabalpur|Vijay Nagar|https://www.zomato.com/jabalpur/shreeji-falahar-corner-vijay-nagar/info|17|Quick Bites|11am to 11pm(Mon-Sun)|Good|3.7|23
Hotel Kesar Zayka|300|Chinese,North Indian|Jabalpur|Khamaria|https://www.zomato.com/jabalpur/hotel-kesar-zayka-khamaria/info|17|Quick Bites|12noon to 11pm(Mon-Sun)|Average|2.9|12
Sadda Rangla Punjab|300|North Indian,Mughlai,Chinese|Jabalpur|Rampur|https://www.zomato.com/jabalpur/sadda-rangla-punjab-rampur/info|17|Quick Bites|11am to 11pm(Mon-Sun)|Average|3.4|11
Prayag Restaurant|200|North Indian,Fast Food|Jabalpur|Adhartal|https://www.zomato.com/jabalpur/prayag-restaurant-adhartal/info|17|Quick Bites|12noon to 11pm(Mon-Sun)||NEW|NEW
KGN Falooda Ice Cream|150|Desserts|Jabalpur|Napier Town|https://www.zomato.com/jabalpur/kgn-falooda-ice-cream-napier-town/info|17|Dessert Parlor|11am to 11pm(Mon-Sun)||NEW|NEW
Choupal Cafe|200|Fast Food,Chinese,Rolls|Jabalpur|Napier Town|https://www.zomato.com/jabalpur/choupal-cafe-napier-town/info|17|Quick Bites|11am to 11pm(Mon-Sun)|Average|3.4|19
Gopal Ji|200|Mithai|Jabalpur|Civil Lines|https://www.zomato.com/jabalpur/gopal-ji-civil-lines/info|17|Sweet Shop|8am to 11pm(Mon-Sun)|Average|3.3|10
Fresh Fruit N Juice Center|150|Juices|Jabalpur|Vijay Nagar|https://www.zomato.com/jabalpur/fresh-fruit-n-juice-center-vijay-nagar/info|18|Beverage Shop|11am to 11pm(Mon-Sun)|Average|3.4|6
Moti Mahal Deluxe|600|North Indian|Jabalpur|Cantt|https://www.zomato.com/jabalpur/moti-mahal-deluxe-cantt/info|18|Casual Dining|11am to 11pm(Mon-Sun)|Average|3.3|38
Hira Cakes|150|Bakery|Jabalpur|Napier Town|https://www.zomato.com/jabalpur/hira-cakes-napier-town/info|18|Bakery|11am to 1030pm(Mon-Sun)|Average|3.2|7
Punjab Restaurant|200|North Indian|Jabalpur|Khamaria|https://www.zomato.com/jabalpur/punjab-restaurant-khamaria/info|18|Quick Bites|12noon to 330pm,615pm to 1020pm(Mon,Tue...|Average|3.1|14
Chai Ka Punchnama|500|Cafe|Jabalpur|Vijay Nagar|https://www.zomato.com/jabalpur/chai-ka-punchnama-vijay-nagar/info|18|Café|9am to 12midnight(Mon-Sun)||NEW|NEW
Mame Da Hotel|400|North Indian|Jabalpur|Napier Town|https://www.zomato.com/jabalpur/mame-da-hotel-napier-town/info|18|Casual Dining|1230pm to 5pm,730pm to 11pm(Mon-Sun)|Good|3.6|21
White Rose Resto Bar|1000|North Indian,Chinese|Jabalpur|Vijay Nagar|https://www.zomato.com/jabalpur/white-rose-resto-bar-vijay-nagar/info|18|Casual Dining|11am to 11pm(Mon-Sun)|Average|3.3|16
Gulmohur Restaurant|500|North Indian|Jabalpur|Ganjipura|https://www.zomato.com/jabalpur/gulmohur-restaurant-ganjipura/info|18|Casual Dining|730am to 11pm(Mon-Sun)|Average|3.4|16
Arabian Grill|300|North Indian,Lebanese|Jabalpur|Civil Lines|https://www.zomato.com/jabalpur/arabian-grill-civil-lines/info|18|Quick Bites|1230pm to 11pm(Mon-Sun)||NEW|NEW
Humsaaz Restaurant|400|North Indian|Jabalpur|Adhartal|https://www.zomato.com/jabalpur/humsaaz-restaurant-adhartal/info|18|Quick Bites|245pm to 1130pm(Mon-Sun)|Average|3.3|12
Raja Restaurant|400|North Indian,Chinese|Jabalpur|Wright Town|https://www.zomato.com/jabalpur/raja-restaurant-wright-town/info|18|Casual Dining|10am to 1030pm(Mon-Sun)|Average|3.4|13
Cook Du Cook|150|Street Food|Jabalpur|Adhartal|https://www.zomato.com/jabalpur/cook-du-cook-adhartal/info|18|none|6pm to 12midnight(Mon-Sun)||NEW|NEW
Jai Stores|150|Fast Food|Jabalpur|Wright Town|https://www.zomato.com/jabalpur/jai-stores-wright-town/info|18|Quick Bites|10am to 1030pm(Mon-Sat),10am to 230pm(Sun)|Not rated|-|-
Bake Villa|300|Bakery|Jabalpur|Vijay Nagar|https://www.zomato.com/jabalpur/bake-villa-vijay-nagar/info|18|Bakery|10am to 11pm(Mon-Sun)|Average|3.3|13
Gandhi Sweets|300|Mithai|Jabalpur|Khamaria|https://www.zomato.com/jabalpur/gandhi-sweets-khamaria/info|18|Sweet Shop|11am to 11pm(Mon-Sun)|Good|3.5|13
Smart Foods|250|Fast Food,Street Food|Jabalpur|Napier Town|https://www.zomato.com/jabalpur/smart-foods-napier-town/info|19|Quick Bites|1230pm to 1045pm(Mon-Sun)|Average|3.3|9
7 Eleven|250|Bakery,Chinese,Street Food|Jabalpur|Rampur|https://www.zomato.com/jabalpur/7-eleven-rampur/info|19|Bakery|11am to 11pm(Mon-Sun)|Good|3.5|27
#99|200|Fast Food|Jabalpur|Vijay Nagar|https://www.zomato.com/jabalpur/99-vijay-nagar/info|19|Quick Bites|1130am to 11pm(Mon-Sun)|Good|3.8|16
Swastik Restaurant|500|North Indian|Jabalpur|Napier Town|https://www.zomato.com/jabalpur/swastik-restaurant-napier-town/info|19|Casual Dining|12noon to 1045pm(Mon-Sun)|Average|3.4|14
Sarojani Catering|400|Chinese,Indian,Fast Food|Jabalpur|Cantt|https://www.zomato.com/jabalpur/sarojani-catering-cantt/info|19|Quick Bites|9am to 1130pm(Mon-Thu),9am to 11pm(Fri-Sun)|Average|3.3|11
Aura -Pub & Lounge By Anantara|1500|North Indian,Chinese|Jabalpur|Cantt|https://www.zomato.com/jabalpur/aura-pub-lounge-by-anantara-cantt/info|19|Lounge|12noon to 12midnight(Mon-Sun)|Good|3.5|15
Manish Fast Food|200|Fast Food|Jabalpur|Cantt|https://www.zomato.com/jabalpur/manish-fast-food-cantt/info|19|Food Court|11am to 11pm(Mon-Sun)|Good|3.6|20
Zayaka Restaurant|400|North Indian,South Indian,Mughlai|Jabalpur|Civil Lines|https://www.zomato.com/jabalpur/zayaka-restaurant-civil-lines/info|19|Quick Bites|12noon to 11pm(Mon-Sun)|Average|2.5|16
The Options Family Restaurant|500|North Indian|Jabalpur|Napier Town|https://www.zomato.com/jabalpur/the-options-family-restaurant-napier-town/info|19|Casual Dining|12noon to 11pm(Mon-Sun)|Average|3.4|12
7-11 Bakers & Sweets|400|Street Food,Italian,Fast Food,Chinese|Jabalpur|Hathital|https://www.zomato.com/jabalpur/7-11-bakers-sweets-hathital/info|19|Quick Bites|9am to 1030pm(Mon-Sun)|Good|3.6|27
Krishna Hotel & Restaurant|300|North Indian|Jabalpur|Civil Lines|https://www.zomato.com/jabalpur/krishna-hotel-restaurant-1-civil-lines/info|19|Quick Bites|11am to 11pm(Mon-Sun)|Average|3.3|10
Sports Club Of Jabalpur|400|North Indian,Chinese|Jabalpur|Cantt|https://www.zomato.com/jabalpur/sports-club-of-jabalpur-cantt/info|19|Quick Bites|10am to 12midnight(Mon-Sun)|Average|3.3|19
Street Food Corner|100|Fast Food|Jabalpur|Khamaria|https://www.zomato.com/jabalpur/street-food-corner-khamaria/info|19|Quick Bites|10am to 11pm(Mon-Sun)|Average|3.1|5
Fresh N Fresh Bakers|200|Bakery|Jabalpur|Ganjipura|https://www.zomato.com/jabalpur/fresh-n-fresh-bakers-ganjipura/info|19|Quick Bites|1130am to 1030pm(Mon-Sun)|Average|3.2|6
Non-Veg Adda|200|North Indian|Jabalpur|Napier Town|https://www.zomato.com/jabalpur/non-veg-adda-napier-town/info|19|Quick Bites|7pm to 11pm(Mon-Sun)||NEW|NEW
Desi Twist|400|North Indian,Lebanese,Fast Food,Continental|Jabalpur|Civil Lines|https://www.zomato.com/jabalpur/desi-twist-civil-lines/info|2|Quick Bites|11am to 11pm(Mon-Sun)|Very Good|4.3|88
Zamghat|300|South Indian,Juices|Jabalpur|Napier Town|https://www.zomato.com/jabalpur/zamghat-napier-town/info|2|Quick Bites|11am to 12midnight(Mon-Sun)|Very Good|4.1|90
The Oven Classics|250|Fast Food,Chinese|Jabalpur|Civil Lines|https://www.zomato.com/jabalpur/the-oven-classics-civil-lines/info|2|Quick Bites|11am to 11pm(Mon-Sun)|Very Good|4.1|83
Dhaba Cafe|200|Cafe,Fast Food,Chinese,North Indian|Jabalpur|Napier Town|https://www.zomato.com/jabalpur/dhaba-cafe-napier-town/info|2|Café|1110am to 1045pm(Mon-Sun)|Good|3.7|76
Any Time Meals|400|North Indian|Jabalpur|Hathital|https://www.zomato.com/jabalpur/any-time-meals-hathital/info|2|Casual Dining|7am to 1130pm(Mon-Sun)|Good|3.7|84
Asanzo|700|North Indian,Italian,Fast Food,Continental,Chinese|Jabalpur|Civil Lines|https://www.zomato.com/jabalpur/asanzo-civil-lines/info|2|Casual Dining|11am to 11pm(Mon-Sun)|Very Good|4.3|91
Sahebs Food Junction|800|North Indian|Jabalpur|Napier Town|https://www.zomato.com/jabalpur/sahebs-food-junction-1-napier-town/info|2|Casual Dining|11am to 11pm(Mon-Sun)|Very Good|4.1|112
Burger Hut|450|Burger,Fast Food,American|Jabalpur|Vijay Nagar|https://www.zomato.com/jabalpur/burger-hut-vijay-nagar/info|2|Quick Bites|11am to 11pm(Mon-Sun)|Very Good|4.1|105
Dilliwala's|500|North Indian|Jabalpur|Napier Town|https://www.zomato.com/jabalpur/dilliwalas-napier-town/info|2|Quick Bites|11am to 11pm(Mon-Sun)|Very Good|4.2|85
The Melting Pot Bistro|750|North Indian,Italian,Continental,Chinese,American|Jabalpur|Wright Town|https://www.zomato.com/jabalpur/the-melting-pot-bistro-wright-town/info|2|Casual Dining|8am to 11pm(Mon-Sun)|Good|3.8|84
Smoky Brew|1500|North Indian,Italian,Continental,Chinese|Jabalpur|Hathital|https://www.zomato.com/jabalpur/smoky-brew-hathital/info|2|Café|12noon to 11pm(Mon-Sun)|Good|3.9|107
Roopali Restaurant|300|North Indian,Chinese,Continental,Mughlai|Jabalpur|Napier Town|https://www.zomato.com/jabalpur/roopali-restaurant-napier-town/info|2|Casual Dining|930am to 1030pm(Mon-Sun)|Good|3.7|126
Z-7 Fast Foods|200|Fast Food|Jabalpur|Napier Town|https://www.zomato.com/jabalpur/z-7-fast-foods-napier-town/info|2|Quick Bites|1230pm to 1130pm(Mon-Sun)|Very Good|4.0|90
Crystal|1500|North Indian,Mughlai,Italian,Continental,Chinese|Jabalpur|Rampur|https://www.zomato.com/jabalpur/crystal-rampur/info|2|Fine Dining|12noon to 11pm(Mon-Sun)|Good|3.9|121
Food  Affair Restaurant|500|North Indian,Seafood,Mughlai,Continental,Chinese,Italian|Jabalpur|Garha|https://www.zomato.com/jabalpur/food-affair-restaurant-1-garha/info|2|Casual Dining|1130am to 12midnight(Mon-Sun)|Good|3.9|44
Manish Fast Food|200|Fast Food|Jabalpur|Cantt|https://www.zomato.com/jabalpur/manish-fast-food-cantt/info|20|Food Court|11am to 11pm(Mon-Sun)|Good|3.6|20
Sports Club Of Jabalpur|400|North Indian,Chinese|Jabalpur|Cantt|https://www.zomato.com/jabalpur/sports-club-of-jabalpur-cantt/info|20|Quick Bites|10am to 12midnight(Mon-Sun)|Average|3.3|19
Sanskardhani Juice Center|350|Beverages,Juices|Jabalpur|Wright Town|https://www.zomato.com/jabalpur/sanskardhani-juice-center-wright-town/info|20|Beverage Shop|10pm to 11pm(Mon,Wed,Thu,Fri,Sat,Sun),955am...|Average|3.4|10
Street Food Corner|100|Fast Food|Jabalpur|Khamaria|https://www.zomato.com/jabalpur/street-food-corner-khamaria/info|20|Quick Bites|10am to 11pm(Mon-Sun)|Average|3.1|5
Non-Veg Adda|200|North Indian|Jabalpur|Napier Town|https://www.zomato.com/jabalpur/non-veg-adda-napier-town/info|20|Quick Bites|7pm to 11pm(Mon-Sun)||NEW|NEW
Hotel Prince Viraj|700|North Indian|Jabalpur|Vijay Nagar|https://www.zomato.com/jabalpur/hotel-prince-viraj-vijay-nagar/info|20|Casual Dining|11am to 11pm(Mon-Sun)|Good|3.5|21
Eat By Kidzanai|200|Fast Food,Beverages|Jabalpur|Rampur|https://www.zomato.com/jabalpur/eat-by-kidzanai-rampur/info|20|Quick Bites|10am to 11pm(Mon-Sun)||NEW|NEW
Dessert Boutique|150|Desserts,Bakery|Jabalpur|Hathital|https://www.zomato.com/jabalpur/dessert-boutique-hathital/info|20|Dessert Parlor|10am to 12midnight(Mon-Sun)||NEW|NEW
FnP Cakes 'n' More|500|Bakery|Jabalpur|Napier Town|https://www.zomato.com/jabalpur/fnp-cakes-n-more-napier-town/info|20|none|8am to 11pm(Mon-Sun)|Average|3.4|11
Bombay Bhel Puri, Chaat And Chinese|200|Fast Food|Jabalpur|Napier Town|https://www.zomato.com/jabalpur/bombay-bhel-puri-chaat-and-chinese-napier-town/info|20|Quick Bites|3pm to 11pm(Mon-Sun)|Not rated|-|-
Hotel The Samrat|300|Indian,Continental,Chinese,Mughlai|Jabalpur|Napier Town|https://www.zomato.com/jabalpur/hotel-the-samrat-napier-town/info|20|Casual Dining|730am to 11pm(Mon-Sun)|Good|3.5|18
Babu Bhai Sweets|150|Desserts|Jabalpur|Dhanvantari Nagar|https://www.zomato.com/jabalpur/babu-bhai-sweets-dhanvantari-nagar/info|20|Sweet Shop|1130am to 1030pm(Mon-Sun)|Not rated|-|-
Top 'N Town|200|Desserts|Jabalpur|Cantt|https://www.zomato.com/jabalpur/top-n-town-cantt/info|20|Dessert Parlor|10am to 1030pm(Mon-Sun)|Average|3.1|6
Babu Chaurasiya Pan|100|Paan|Jabalpur|Wright Town|https://www.zomato.com/jabalpur/babu-chaurasiya-pan-wright-town/info|20|Paan Shop|12noon to 1030pm(Mon-Sun)|Good|3.5|11
Muskan Family Restaurant|450|North Indian,Fast Food,Chinese|Jabalpur|Napier Town|https://www.zomato.com/jabalpur/muskan-family-restaurant-napier-town/info|20|Quick Bites|10am to 11pm(Mon-Sun)|Good|3.8|20
Jacksons Back In Time|1500|North Indian,Mughlai,Continental,Chinese|Jabalpur|Civil Lines|https://www.zomato.com/jabalpur/jacksons-back-in-time-civil-lines/info|21|Fine Dining|730am to 1030am,7pm to 11pm,12noon to 330pm...|Average|3.3|10
Taste of Punjab|250|North Indian|Jabalpur|Cantt|https://www.zomato.com/jabalpur/taste-of-punjab-cantt/info|21|Quick Bites|11am to 11pm(Mon-Sun)|Average|3.3|14
Baithak Restaurant|150|Fast Food,Beverages,Chinese|Jabalpur|Vijay Nagar|https://www.zomato.com/jabalpur/baithak-restaurant-vijay-nagar/info|21|none|3pm to 11pm(Mon-Sun)|Average|3.3|7
Jabalpur Food Wala|300|Fast Food|Jabalpur|Vijay Nagar|https://www.zomato.com/jabalpur/jabalpur-food-wala-vijay-nagar/info|21|Quick Bites|8am to 11pm(Mon-Sun)|Average|3.2|5
Bombay Sandwiches and Cutlets|150|Fast Food|Jabalpur|Napier Town|https://www.zomato.com/jabalpur/bombay-sandwiches-and-cutlets-napier-town/info|21|none|2pm to 1030pm(Mon-Sun)|Average|3.3|12
Hira Sweets|200|Mithai,Fast Food,Bakery|Jabalpur|Ganjipura|https://www.zomato.com/jabalpur/hira-sweets-ganjipura/info|21|Quick Bites|10am to 1030pm(Mon-Sun)|Average|3.2|11
Shri Chinese Center|100|Chinese|Jabalpur|Dhanvantari Nagar|https://www.zomato.com/jabalpur/shri-chinese-center-dhanvantari-nagar/info|21|Quick Bites|5pm to 11pm(Mon-Sun)|Average|3.1|7
RH Chicken Point - Omti|350|North Indian,Fast Food,Kebab|Jabalpur|Napier Town|https://www.zomato.com/jabalpur/rh-chicken-point-omti-napier-town/info|21|Quick Bites|11am to 11pm(Mon-Sun)||NEW|NEW
Sonali Restaurant|450|North Indian,Chinese|Jabalpur|Wright Town|https://www.zomato.com/jabalpur/sonali-restaurant-wright-town/info|21|Casual Dining|9am to 1030pm(Mon-Sun)|Average|3.1|17
Yummy Food Centre|100|Fast Food|Jabalpur|Rampur|https://www.zomato.com/jabalpur/yummy-food-centre-rampur/info|21|Quick Bites|11am to 1030pm(Mon-Sun)|Average|3.0|4
Gupta Bhelpuri Center|100|Street Food|Jabalpur|Napier Town|https://www.zomato.com/jabalpur/gupta-bhelpuri-center-napier-town/info|21|Quick Bites|7pm to 11pm(Mon-Sun)|Average|3.3|10
RB Cafe|400|Fast Food|Jabalpur|Wright Town|https://www.zomato.com/jabalpur/rb-cafe-wright-town/info|21|Quick Bites|11am to 11pm(Mon-Sun)|Average|3.3|7
Annkoot- Family Veg Restaurant|400|North Indian|Jabalpur|Vijay Nagar|https://www.zomato.com/jabalpur/annkoot-family-veg-restaurant-vijay-nagar/info|21|Quick Bites|1130am to 1030pm(Mon-Sun)|Average|3.2|9
Nema Matka Kulfi|100|Ice Cream,Beverages|Jabalpur|Vijay Nagar|https://www.zomato.com/jabalpur/nema-matka-kulfi-vijay-nagar/info|21|Dessert Parlor|330pm to 11pm(Mon-Sun)|Average|3.3|4
Dolphin Restaurant|500|Indian,Chinese|Jabalpur|Cantt|https://www.zomato.com/jabalpur/dolphin-restaurant-cantt/info|21|Casual Dining|11am to 12midnight(Mon-Sun)|Average|3.3|9
Bult Cafe|200|North Indian|Jabalpur|Hathital|https://www.zomato.com/jabalpur/bult-cafe-hathital/info|22|Quick Bites|12noon to 1030pm(Mon-Sun)|Average|3.2|4
Banarsi Restaurant|300|North Indian|Jabalpur|Napier Town|https://www.zomato.com/jabalpur/banarsi-restaurant-napier-town/info|22|Casual Dining|12noon to 1030pm(Mon-Sun)|Not rated|-|-
9 Flavours Restro Lounge|400|North Indian|Jabalpur|Wright Town|https://www.zomato.com/jabalpur/9-flavours-restro-lounge-wright-town/info|22|Quick Bites|11am to 11pm(Mon-Sun)||NEW|NEW
Machan Family Dhaba|750|North Indian,Mughlai|Jabalpur|Dhanvantari Nagar|https://www.zomato.com/jabalpur/machan-family-dhaba-dhanvantari-nagar/info|22|Casual Dining|8am to 11pm(Mon-Sun)|Average|3.4|13
Kasturi Restaurant|200|North Indian|Jabalpur|Vijay Nagar|https://www.zomato.com/jabalpur/kasturi-restaurant-vijay-nagar/info|22|none|11am to 11pm(Mon-Sun)|Not rated|-|-
Hira Sweets|200|Mithai|Jabalpur|Rampur|https://www.zomato.com/jabalpur/hira-sweets-rampur/info|22|Sweet Shop|9am to 1030pm(Mon-Sun)|Average|3.2|7
Sonali Sweets|400|Mithai,Fast Food|Jabalpur|Khamaria|https://www.zomato.com/jabalpur/sonali-sweets-khamaria/info|22|Sweet Shop|7am to 1030pm(Mon-Sun)|Not rated|-|-
Highway Dining Restaurant|500|North Indian|Jabalpur|Shakti Nagar|https://www.zomato.com/jabalpur/highway-dining-restaurant-shakti-nagar/info|22|Casual Dining|11am to 11pm(Mon-Sun)|Average|3.1|9
Foodies Point|500|Fast Food,Chinese|Jabalpur|Rampur|https://www.zomato.com/jabalpur/foodies-point-rampur/info|22|Quick Bites|11am to 1030pm(Mon-Sun)|Average|3.0|6
Gurung Chinese Center|200|North Indian,Fast Food|Jabalpur|Khamaria|https://www.zomato.com/jabalpur/gurung-chinese-center-khamaria/info|22|Quick Bites|11am to 11pm(Mon-Sun)||NEW|NEW
Lavender Real Milkshake|200|Beverages|Jabalpur|Cantt|https://www.zomato.com/jabalpur/lavender-real-milkshake-cantt/info|22|Beverage Shop|11am to 11pm(Mon-Sun)|Average|3.2|9
Rajasthan Mishthan Bhandar|200|Mithai,Street Food|Jabalpur|Shakti Nagar|https://www.zomato.com/jabalpur/rajasthan-mishthan-bhandar-shakti-nagar/info|22|Sweet Shop|730am to 1030pm(Mon-Sun)|Good|3.5|13
Heritage by Hotel Datt Residency|600|North Indian,Chinese,Continental|Jabalpur|Civil Lines|https://www.zomato.com/jabalpur/heritage-by-hotel-datt-residency-civil-lines/info|22|Casual Dining|11am to 11pm(Mon-Sun)|Average|3.2|9
Food Planet|300|Fast Food|Jabalpur|Ganjipura|https://www.zomato.com/jabalpur/food-planet-ganjipura/info|22|Quick Bites|11am to 11pm(Mon-Sun)|Average|2.8|10
King's Food|250|North Indian|Jabalpur|Cantt|https://www.zomato.com/jabalpur/kings-food-cantt/info|22|none|1pm to 11pm(Mon-Sun)||NEW|NEW
Masssala Cafe|500|Indian|Jabalpur|Vijay Nagar|https://www.zomato.com/jabalpur/masssala-cafe-vijay-nagar/info|23|Quick Bites|1130am to 11pm(Mon-Sun)|Average|3.4|5
Rounak Bhel Puri|100|Street Food|Jabalpur|Napier Town|https://www.zomato.com/jabalpur/rounak-bhel-puri-napier-town/info|23|none|5pm to 11pm(Mon-Sun)|Average|3.0|4
Kanha Lake View|500|North Indian|Jabalpur|Garha|https://www.zomato.com/jabalpur/kanha-lake-view-garha/info|23|Casual Dining|11am to 11pm(Mon-Sun)|Average|2.9|4
M2 Food|300|Fast Food|Jabalpur|Napier Town|https://www.zomato.com/jabalpur/m2-food-napier-town/info|23|Quick Bites|11am to 11pm(Mon-Sun)|Average|3.4|9
Masala Mystery|1500|North Indian,Chinese|Jabalpur|Vijay Nagar|https://www.zomato.com/jabalpur/masala-mystery-vijay-nagar/info|23|Casual Dining|1130am to 330pm,730pm to 1030pm(Mon-Sun)|Average|3.0|6
Laxmi Fruit And Juice|100|Juices|Jabalpur|Wright Town|https://www.zomato.com/jabalpur/laxmi-fruit-and-juice-wright-town/info|23|Beverage Shop|11am to 11pm(Mon-Sun)||NEW|NEW
Coffee Culture|1000|Cafe,Chinese,Coffee,Continental,Italian,Mexican,North Indian,Street Food|Jabalpur|Cantt|https://www.zomato.com/jabalpur/coffee-culture-2-cantt/info|23|Café|11am to 11pm(Mon-Sun)|Average|3.2|8
Hotel BK Castle|1200|North Indian,Chinese,Italian|Jabalpur|Mahrajpur|https://www.zomato.com/jabalpur/hotel-bk-castle-mahrajpur/info|23|Casual Dining|11am to 11pm(Mon-Sun)|Average|3.1|4
Rice Box|200|North Indian|Jabalpur|Wright Town|https://www.zomato.com/jabalpur/rice-box-wright-town/info|23|Quick Bites|11am to 11pm(Mon-Sun)|Average|3.1|10
U Turn Cafe|300|Cafe|Jabalpur|Vijay Nagar|https://www.zomato.com/jabalpur/u-turn-cafe-vijay-nagar/info|23|Café|11am to 11pm(Mon-Sun)|Not rated|-|-
Chotu Hotel|250|North Indian|Jabalpur|Hathital|https://www.zomato.com/jabalpur/chotu-hotel-hathital/info|23|Quick Bites|11am to 11pm(Mon-Sun)||NEW|NEW
Center Point Ice Cream Parlour|100|Ice Cream|Jabalpur|Ganjipura|https://www.zomato.com/jabalpur/center-point-ice-cream-parlour-ganjipura/info|23|Dessert Parlor|11am to 11pm(Mon-Sun)||NEW|NEW
New Manmohan Hotel|400|North Indian|Jabalpur|Cantt|https://www.zomato.com/jabalpur/new-manmohan-hotel-cantt/info|23|Casual Dining|1030am to 11pm(Mon-Sun)|Not rated|-|-
Hotel Tawakkul|400|North Indian|Jabalpur|Rampur|https://www.zomato.com/jabalpur/hotel-tawakkul-rampur/info|23|Quick Bites|11am to 11pm(Mon-Sun)|Average|3.0|6
Bhavdeep's Fusion Spice|350|Biryani,Fast Food,Indian,Roast Chicken|Jabalpur|Hathital|https://www.zomato.com/jabalpur/bhavdeeps-fusion-spice-hathital/info|23|Fine Dining|6pm to 12midnight(Mon-Sun)||NEW|NEW
Shri Nirmal Sai Fast Food|300|Fast Food|Jabalpur|Rampur|https://www.zomato.com/jabalpur/shri-nirmal-sai-fast-food-rampur/info|24|Quick Bites|5pm to 11pm(Mon-Sun)|Average|3.0|7
Cafe Heart|300|Chinese,Fast Food|Jabalpur|Napier Town|https://www.zomato.com/jabalpur/cafe-heart-napier-town/info|24|Quick Bites|11am to 11pm(Mon-Sun)|Not rated|-|-
Hotel Virasat|300|North Indian|Jabalpur|Vijay Nagar|https://www.zomato.com/jabalpur/hotel-virasat-vijay-nagar/info|24|Quick Bites|11am to 12midnight(Mon-Sun)||NEW|NEW
Kanha Restaurant|250|Street Food|Jabalpur|Napier Town|https://www.zomato.com/jabalpur/kanha-restaurant-napier-town/info|24|Quick Bites|11am to 1030pm(Mon-Sun)|Average|2.9|7
Sai Masala Dosa & Chinese Restaurant|150|South Indian,Chinese|Jabalpur|Adhartal|https://www.zomato.com/jabalpur/sai-masala-dosa-chinese-restaurant-adhartal/info|24|Quick Bites|12noon to 1030pm(Mon-Sun)||NEW|NEW
7 Eleven|200|Bakery|Jabalpur|Vijay Nagar|https://www.zomato.com/jabalpur/7-eleven-vijay-nagar/info|24|Bakery|11am to 11pm(Mon-Sun)|Average|2.9|6
Mannu Ki Rasoi|150|North Indian,Beverages|Jabalpur|Napier Town|https://www.zomato.com/jabalpur/mannu-ki-rasoi-napier-town/info|24|Quick Bites|10am to 12midnight(Mon-Sun)||NEW|NEW
Hotel White Pearl|250|North Indian,South Indian|Jabalpur|Vijay Nagar|https://www.zomato.com/jabalpur/hotel-white-pearl-vijay-nagar/info|24|Quick Bites|9am to 11pm(Mon-Sun)||NEW|NEW
Sanjh Savere by annpurna inn|600|Cafe,North Indian,Fast Food|Jabalpur|Napier Town|https://www.zomato.com/jabalpur/sanjh-savere-by-annpurna-inn-napier-town/info|24|Café|730am to 11pm(Mon-Fri),11am to 11pm(Sat-Sun)|Average|2.9|6
Hotel Delite Grand|800|North Indian,Italian,Continental,Chinese|Jabalpur|Civil Lines|https://www.zomato.com/jabalpur/hotel-delite-grand-civil-lines/info|24|Casual Dining|11am to 11pm(Mon-Sun)|Average|3.1|4
Krishna Foods|200|Fast Food,Pizza,Sandwich,Burger|Jabalpur|Vijay Nagar|https://www.zomato.com/jabalpur/krishna-foods-vijay-nagar/info|24|Quick Bites|4pm to 1030pm(Mon-Sun)|Average|3.1|5
Fish Corner|100|Seafood|Jabalpur|Rampur|https://www.zomato.com/jabalpur/fish-corner-rampur/info|24|Quick Bites|2pm to 1230AM(Mon-Sun)|Not rated|-|-
Tasty Bite|250|Chinese,Fast Food|Jabalpur|Napier Town|https://www.zomato.com/jabalpur/tasty-bite-napier-town/info|24|Quick Bites|11am to 11pm(Mon-Sun)|Not rated|-|-
Hotel Akash Ganga|700|North Indian,Fast Food|Jabalpur|Rampur|https://www.zomato.com/jabalpur/hotel-akash-ganga-rampur/info|24|Casual Dining|11am to 11pm(Mon-Sun)|Average|2.9|4
Hangout|600|Fast Food,North Indian,Chinese|Jabalpur|Dhanvantari Nagar|https://www.zomato.com/jabalpur/hangout-dhanvantari-nagar/info|24|Casual Dining|11am to 11pm(Mon-Sun)||NEW|NEW
Jashan Cafe & Restaurant|300|North Indian,Chinese|Jabalpur|Napier Town|https://www.zomato.com/jabalpur/jashan-cafe-restaurant-napier-town/info|25|Quick Bites|11am to 11pm(Mon-Sun)|Not rated|-|-
Flavours Restaurant|600|North Indian|Jabalpur|Cantt|https://www.zomato.com/jabalpur/flavours-restaurant-cantt/info|25|Casual Dining|11am to 11pm(Mon-Sun)|Average|3.1|4
Hotel Kartik|600|North Indian,Chinese|Jabalpur|Napier Town|https://www.zomato.com/jabalpur/hotel-kartik-napier-town/info|25|Casual Dining|11am to 11pm(Mon-Sun)|Average|3.1|6
Rain Basera Resort|700|North Indian,Italian,Mongolian,South Indian,Chinese|Jabalpur|Cantt|https://www.zomato.com/jabalpur/rain-basera-resort-1-cantt/info|25|Casual Dining|12noon to 2am(Mon-Sun)|Not rated|-|-
Munna Hotel|200|North Indian|Jabalpur|Wright Town|https://www.zomato.com/jabalpur/munna-hotel-wright-town/info|25|Quick Bites|9am to 11pm(Mon-Sun)|Average|2.9|5
Hotel City Inn Restaurant|600|North Indian|Jabalpur|Civil Lines|https://www.zomato.com/jabalpur/hotel-city-inn-restaurant-civil-lines/info|25|Casual Dining|11am to 11pm(Mon-Sun)|Not rated|-|-
Soda Hunt|100|Beverages|Jabalpur|Khamaria|https://www.zomato.com/jabalpur/soda-hunt-khamaria/info|25|none|1130am to 11pm(Mon-Sun)|Not rated|-|-
Grend Samdariya|500|North Indian,Chinese|Jabalpur|Napier Town|https://www.zomato.com/jabalpur/grend-samdariya-napier-town/info|25|Quick Bites|11am to 1030pm(Mon-Sun)|Not rated|-|-
Juice Center|100|Juices|Jabalpur|Cantt|https://www.zomato.com/jabalpur/juice-center-cantt/info|25|Beverage Shop|11am to 1030pm(Mon-Sun)|Average|3.0|6
The 90's Cafe|300|Fast Food,Chinese,Beverages|Jabalpur|Wright Town|https://www.zomato.com/jabalpur/the-90s-cafe-wright-town/info|25|Quick Bites|11am to 11pm(Mon-Sun)||NEW|NEW
Baba Biryani|200|Biryani,North Indian|Jabalpur|Vijay Nagar|https://www.zomato.com/jabalpur/baba-biryani-vijay-nagar/info|25|none|5pm to 11pm(Mon-Sun)|Average|3.0|4
The Karmic Casa|800|North Indian,Chinese|Jabalpur|Cantt|https://www.zomato.com/jabalpur/the-karmic-casa-1-cantt/info|25|Casual Dining|11am to 1130pm(Mon-Sun)|Not rated|-|-
Hotel Gulzar|700|North Indian,Mughlai,Continental|Jabalpur|Hathital|https://www.zomato.com/jabalpur/hotel-gulzar-hathital/info|25|Casual Dining|11am to 11pm(Mon-Sun)|Not rated|-|-
Sharma Ice Cream Parlour & A.G Restaurant|200|South Indian,Chinese,Fast Food|Jabalpur|Shakti Nagar|https://www.zomato.com/jabalpur/sharma-ice-cream-parlour-a-g-restaurant-shakti-nagar/info|25|Quick Bites|1030am to 11pm(Mon-Sun)||NEW|NEW
Deepak Bakery|250|Bakery|Jabalpur|Cantt|https://www.zomato.com/jabalpur/deepak-bakery-cantt/info|25|Bakery|8am to 1030pm(Mon-Sun)||NEW|NEW
Hotel Cozy Residency|700|North Indian,Chinese|Jabalpur|Napier Town|https://www.zomato.com/jabalpur/hotel-cozy-residency-napier-town/info|26|Casual Dining|12noon to 11pm(Mon-Sun)|Average|3.0|4
MFC Foods|300|North Indian|Jabalpur|Civil Lines|https://www.zomato.com/jabalpur/mfc-foods-civil-lines/info|26|Quick Bites|1130am to 12midnight(Mon-Sun)|Not rated|-|-
Madhukalash The Mithai Shop|400|Mithai|Jabalpur|Cantt|https://www.zomato.com/jabalpur/madhukalash-the-mithai-shop-cantt/info|26|Sweet Shop|11am to 11pm(Mon-Sun)|Not rated|-|-
Chawlas Chicken|400|North Indian|Jabalpur|Cantt|https://www.zomato.com/jabalpur/chawlas-chicken-cantt/info|26|Quick Bites|1pm to 1130pm(Mon-Sun)|Not rated|-|-
Badal Kawab|150|North Indian,Mughlai|Jabalpur|Napier Town|https://www.zomato.com/jabalpur/badal-kawab-napier-town/info|26|Quick Bites|6pm to 11pm(Mon-Sun)|Not rated|-|-
Mumbai Bhelpuri|100|Street Food|Jabalpur|Cantt|https://www.zomato.com/jabalpur/mumbai-bhelpuri-cantt/info|26|Quick Bites|5pm to 1030pm(Mon-Sun)|Not rated|-|-
Toshi's Smart Food|200|North Indian,Chinese,Fast Food|Jabalpur|Hathital|https://www.zomato.com/jabalpur/toshis-smart-food-hathital/info|26|Quick Bites|6pm to 11pm(Mon-Sun)||NEW|NEW
Mom & Sons Cafe|250|North Indian|Jabalpur|Vijay Nagar|https://www.zomato.com/jabalpur/mom-sons-cafe-vijay-nagar/info|26|Quick Bites|2pm to 11pm(Mon-Sun)|Not rated|-|-
Mayank Chaat Centre|200|Street Food|Jabalpur|Cantt|https://www.zomato.com/jabalpur/mayank-chaat-centre-cantt/info|26|Food Court|11am to 1030pm(Mon-Sun)|Not rated|-|-
New Punjab Restaurant|300|North Indian,Indian|Jabalpur|Khamaria|https://www.zomato.com/jabalpur/new-punjab-restaurant-khamaria/info|26|Quick Bites|1230pm to 11pm(Mon-Sun)|Not rated|-|-
Amritsariyan - Punjabi Restaurant|200|North Indian|Jabalpur|Vijay Nagar|https://www.zomato.com/jabalpur/amritsariyan-punjabi-restaurant-vijay-nagar/info|26|Quick Bites|1030am to 11pm(Mon-Sun)|Not rated|-|-
Pepper's Restaurant|500|Fast Food,North Indian,Chinese|Jabalpur|Napier Town|https://www.zomato.com/jabalpur/peppers-restaurant-1-napier-town/info|26|Quick Bites|12noon to 1030pm(Mon-Sun)|Not rated|-|-
KRISHNA FAST FOOD CENTRE|150|Fast Food|Jabalpur|Vijay Nagar|https://www.zomato.com/jabalpur/krishna-fast-food-centre-vijay-nagar/info|26|Quick Bites|4pm to 1030pm(Mon-Sun)|Not rated|-|-
Raj Sweets|200|Fast Food,Mithai|Jabalpur|Cantt|https://www.zomato.com/jabalpur/raj-sweets-cantt/info|26|Sweet Shop|6am to 11pm(Mon-Sun)|Not rated|-|-
Rounak Chinese|100|Chinese|Jabalpur|Napier Town|https://www.zomato.com/jabalpur/rounak-chinese-napier-town/info|26|Quick Bites|7pm to 11pm(Mon-Sun)|Not rated|-|-
Royal Lounge|1000|North Indian,Mughlai,Chinese,American|Jabalpur|Napier Town|https://www.zomato.com/jabalpur/royal-lounge-napier-town/info|27|Casual Dining|12noon to 1130pm(Mon-Sun)|Not rated|-|-
Shri Ram Foods|300|North Indian,Chinese,Burger|Jabalpur|Rampur|https://www.zomato.com/jabalpur/shri-ram-foods-rampur/info|27|Quick Bites|2pm to 11pm(Mon-Sun)|Not rated|-|-
Naivedyam|350|North Indian,South Indian,Continental,Italian|Jabalpur|Napier Town|https://www.zomato.com/jabalpur/naivedyam-1-napier-town/info|27|Quick Bites|11am to 1130pm(Mon-Sun)|Not rated|-|-
Tasty Bites|300|Chinese,Fast Food|Jabalpur|Hathital|https://www.zomato.com/jabalpur/tasty-bites-hathital/info|27|Quick Bites|5pm to 11pm(Mon-Sun)|Not rated|-|-
Mantralay|800|North Indian|Jabalpur|Cantt|https://www.zomato.com/jabalpur/mantralay-cantt/info|27|Casual Dining|12noon to 12midnight(Mon-Sun)||NEW|NEW
Laajawab|400|North Indian|Jabalpur|Napier Town|https://www.zomato.com/jabalpur/laajawab-napier-town/info|27|Food Court|11am to 11pm(Mon-Sun)|Not rated|-|-
Abhijeet Hotel|150|North Indian|Jabalpur|Vijay Nagar|https://www.zomato.com/jabalpur/abhijeet-hotel-vijay-nagar/info|27|Quick Bites|10pm to 11pm(Mon-Sun)|Not rated|-|-
Krishna Pizza|200|Fast Food|Jabalpur|Shastri Nagar|https://www.zomato.com/jabalpur/krishna-pizza-shastri-nagar/info|27|Quick Bites|4pm to 11pm(Mon-Sun)||NEW|NEW
Maa Narmada|550|North Indian,South Indian,Chinese|Jabalpur|Rampur|https://www.zomato.com/jabalpur/maa-narmada-rampur/info|27|Casual Dining|11am to 11pm(Mon-Sun)|Not rated|-|-
Mayur Sweets and Restaurant|200|South Indian,Chinese|Jabalpur|Hathital|https://www.zomato.com/jabalpur/mayur-sweets-and-restaurant-hathital/info|27|Quick Bites|2pm to 11pm(Mon-Sun)||NEW|NEW
Guru Kripa|150|South Indian,Chinese|Jabalpur|Adhartal|https://www.zomato.com/jabalpur/guru-kripa-adhartal/info|27|Quick Bites|930am to 1030pm(Mon-Sun)||NEW|NEW
Kabab Gali|150|Fast Food|Jabalpur|Vijay Nagar|https://www.zomato.com/jabalpur/kabab-gali-vijay-nagar/info|27|Quick Bites|4pm to 1030pm(Mon-Sun)||NEW|NEW
SRT Foods|400|Fast Food,North Indian,South Indian,Desserts|Jabalpur|Khamaria|https://www.zomato.com/jabalpur/srt-foods-khamaria/info|27|none|8am to 12midnight(Mon-Sun)||NEW|NEW
Chai Shai Bar|100|Beverages,Bubble Tea,Cafe,Coffee,Desserts,Juices,Tea|Jabalpur|Wright Town|https://www.zomato.com/jabalpur/chai-shai-bar-wright-town/info|27|Café|830am to 1030pm(Mon-Sun)||NEW|NEW
Shri Banke Bihari Ji Mawa Hundi|200|North Indian|Jabalpur|Vijay Nagar|https://www.zomato.com/jabalpur/shri-banke-bihari-ji-mawa-hundi-vijay-nagar/info|27|Quick Bites|9am to 11pm(Mon-Sun)||NEW|NEW
Vaishnav Bhojnalaya|200|North Indian,South Indian|Jabalpur|Napier Town|https://www.zomato.com/jabalpur/vaishnav-bhojnalaya-napier-town/info|28|Quick Bites|9am to 11pm(Mon-Sun)||NEW|NEW
Noorani Restaurant|300|North Indian,Mughlai|Jabalpur|Ganjipura|https://www.zomato.com/jabalpur/noorani-restaurant-ganjipura/info|28|Quick Bites|12noon to 11pm(Mon-Sun)||NEW|NEW
Southern Spice The Biryani House|600|Biryani,Mughlai|Jabalpur|Wright Town|https://www.zomato.com/jabalpur/southern-spice-the-biryani-house-wright-town/info|28|Casual Dining|930am to 12midnight(Mon-Sun)||NEW|NEW
Dwarka Hotel|300|North Indian|Jabalpur|Wright Town|https://www.zomato.com/jabalpur/dwarka-hotel-wright-town/info|28|Quick Bites|11am to 5pm,7pm to 1am(Mon-Sun)||NEW|NEW
Snack Attack|400|Fast Food|Jabalpur|Khamaria|https://www.zomato.com/jabalpur/snack-attack-khamaria/info|3|Quick Bites|12noon to 1030pm(Mon-Sun)|Very Good|4.0|72
Cafe Symphony|550|Italian,Cafe|Jabalpur|Rampur|https://www.zomato.com/jabalpur/cafe-symphony-rampur/info|3|Café|12noon to 11pm(Mon-Sun)|Good|3.8|86
Belgian Waffle|350|Desserts|Jabalpur|Hathital|https://www.zomato.com/jabalpur/belgian-waffle-hathital/info|3|Dessert Parlor|11am to 11pm(Mon-Sun)|Very Good|4.2|86
Punjab Restaurant|500|North Indian,Chinese|Jabalpur|Napier Town|https://www.zomato.com/jabalpur/punjab-restaurant-napier-town/info|3|Casual Dining|1pm to 11pm(Mon-Sun)|Good|3.7|78
Olives Restaurant|600|North Indian|Jabalpur|Napier Town|https://www.zomato.com/jabalpur/olives-restaurant-napier-town/info|3|Casual Dining|11am to 1115pm(Mon-Sun)|Good|3.9|51
Celebrations The Food Junction|300|North Indian,Fast Food|Jabalpur|Civil Lines|https://www.zomato.com/jabalpur/celebrations-the-food-junction-civil-lines/info|3|Quick Bites|11am to 11pm(Mon-Sun)|Good|3.8|68
Keventers|400|Desserts,Beverages,Ice Cream|Jabalpur|Cantt|https://www.zomato.com/jabalpur/keventers-cantt/info|3|Beverage Shop|11am to 11pm(Mon-Sun)|Very Good|4.2|70
Any Time Meals|500|North Indian,Chinese|Jabalpur|Khamaria|https://www.zomato.com/jabalpur/any-time-meals-khamaria/info|3|Quick Bites|10am to 11pm(Mon-Sun)|Good|3.6|56
Moti Mahal Delux - Tandoori Trail|600|North Indian|Jabalpur|Civil Lines|https://www.zomato.com/jabalpur/moti-mahal-delux-tandoori-trail-civil-lines/info|3|Casual Dining|11am to 11pm(Mon-Sun)|Good|3.6|38
The Cake Company Cafe|650|Cafe,Pizza,Fast Food|Jabalpur|Napier Town|https://www.zomato.com/jabalpur/the-cake-company-cafe-napier-town/info|3|Café|11am to 11pm(Mon-Sun)|Good|3.8|61
Maa Shakti Veg. Restaurant|400|North Indian|Jabalpur|Wright Town|https://www.zomato.com/jabalpur/maa-shakti-veg-restaurant-wright-town/info|3|Quick Bites|10am to 12midnight(Mon-Sun)|Good|3.9|53
Nature's Tavern|250|Beverages|Jabalpur|Civil Lines|https://www.zomato.com/jabalpur/natures-tavern-civil-lines/info|3|Beverage Shop|9am to 11pm(Mon-Sat),10am to 11pm(Sun)|Very Good|4.2|32
Khopcha Restaurant|450|North Indian,Italian,Fast Food,Chinese,Armenian|Jabalpur|Wright Town|https://www.zomato.com/jabalpur/khopcha-restaurant-wright-town/info|3|Casual Dining|11am to 11pm(Mon-Sun)|Good|3.8|72
Sheesha Sky Lounge|800|North Indian,Mughlai,Lebanese,Chinese|Jabalpur|Napier Town|https://www.zomato.com/jabalpur/sheesha-sky-lounge-napier-town/info|3|Lounge|12noon to 12midnight(Mon-Sun)|Very Good|4.0|69
Popular Fresh Momos And More|400|Fast Food,Burger|Jabalpur|Wright Town|https://www.zomato.com/jabalpur/popular-fresh-momos-and-more-wright-town/info|3|Quick Bites|12midnight to 10pm,1130pm to 12midnight(Mon...|Very Good|4.0|152
Coffee Culture|1200|Cafe,Chinese,Coffee,Continental,Italian,Mexican,North Indian,Street Food|Jabalpur|Cantt|https://www.zomato.com/jabalpur/coffee-culture-cantt/info|4|Café|11am to 11pm(Mon-Sun)|Good|3.5|53
Dal Chini|850|North Indian,Italian,Continental,Chinese|Jabalpur|Napier Town|https://www.zomato.com/jabalpur/dal-chini-napier-town/info|4|Casual Dining|8am to 12midnight(Mon-Sun)|Good|3.6|61
Panchvati Gaurav|600|South Indian,North Indian|Jabalpur|Napier Town|https://www.zomato.com/jabalpur/panchvati-gaurav-napier-town/info|4|Casual Dining|7am to 11pm(Mon-Sun)|Good|3.8|92
Arq- The Courtyard|1200|North Indian,Chinese,Mughlai,Italian,Continental|Jabalpur|Cantt|https://www.zomato.com/jabalpur/arq-the-courtyard-3-cantt/info|4|Casual Dining|12noon to 1145pm(Mon-Sun)|Very Good|4.0|26
Paul's The Kitchen|400|North Indian,Chinese|Jabalpur|Khamaria|https://www.zomato.com/jabalpur/pauls-the-kitchen-khamaria/info|4|Quick Bites|11am to 11pm(Mon-Sun)|Good|3.5|36
Chicken & The Grill|500|Fast Food,North Indian,Rolls|Jabalpur|Rampur|https://www.zomato.com/jabalpur/chicken-the-grill-rampur/info|4|Quick Bites|7pm to 12midnight(Mon-Sun)|Very Good|4.0|78
Al Habeeb Restaurant|250|Mughlai|Jabalpur|Napier Town|https://www.zomato.com/jabalpur/al-habeeb-restaurant-napier-town/info|4|Quick Bites|1145am to 11pm(Mon-Sun)|Good|3.7|54
Chawlas Restaurant|500|North Indian,Chinese|Jabalpur|Napier Town|https://www.zomato.com/jabalpur/chawlas-restaurant-napier-town/info|4|Quick Bites|12noon to 11pm(Mon-Sun)|Good|3.8|54
Popular Fresh Momos and More|500|Fast Food,Burger,Momos|Jabalpur|Vijay Nagar|https://www.zomato.com/jabalpur/popular-fresh-momos-and-more-vijay-nagar/info|4|Quick Bites|12noon to 10pm(Mon-Sun)|Average|3.0|113
Pawar's Restaurant|350|South Indian,Chinese|Jabalpur|Ganjipura|https://www.zomato.com/jabalpur/pawars-restaurant-ganjipura/info|4|Casual Dining|10am to 10pm(Mon-Sun)|Very Good|4.2|143
Old School Cafe|350|Chinese,Burger,Desserts,Fast Food|Jabalpur|Napier Town|https://www.zomato.com/jabalpur/old-school-cafe-napier-town/info|4|Quick Bites|11am to 9pm(Mon-Sun)|Very Good|4.2|92
Clock Tower|450|Chinese,Fast Food|Jabalpur|Ganjipura|https://www.zomato.com/jabalpur/clock-tower-ganjipura/info|4|Quick Bites|1pm to 10pm(Mon-Sun)|Very Good|4.1|103
Veggies Restro|200|Fast Food|Jabalpur|Napier Town|https://www.zomato.com/jabalpur/veggies-restro-napier-town/info|4|Quick Bites|8am to 12midnight(Mon-Sun)|Average|2.6|41
Dawat Restaurant|600|North Indian,Fast Food|Jabalpur|Vijay Nagar|https://www.zomato.com/jabalpur/dawat-restaurant-vijay-nagar/info|4|Casual Dining|11am to 11pm(Mon-Sun)|Average|3.2|43
Traffic Jam Food Junction|900|Fast Food,North Indian,Continental,Chinese,Salad,South Indian|Jabalpur|Cantt|https://www.zomato.com/jabalpur/traffic-jam-food-junction-cantt/info|4|Casual Dining|11am to 1030pm(Mon-Sun)|Very Good|4.1|57
Roopali Inn|400|Mughlai,Chinese,Continental,North Indian|Jabalpur|Napier Town|https://www.zomato.com/jabalpur/roopali-inn-napier-town/info|5|Quick Bites|930am to 1030pm(Mon-Sun)|Good|3.6|51
Bol Biryani|300|North Indian|Jabalpur|Vijay Nagar|https://www.zomato.com/jabalpur/bol-biryani-vijay-nagar/info|5|Quick Bites|2pm to 10pm(Mon-Sun)|Good|3.7|105
Toto's Kitchen|200|Fast Food,Beverages|Jabalpur|Wright Town|https://www.zomato.com/jabalpur/totos-kitchen-1-wright-town/info|5|Quick Bites|8am to 12midnight(Mon-Sun)|Good|3.7|39
Just As India|200|North Indian|Jabalpur|Vijay Nagar|https://www.zomato.com/jabalpur/just-as-india-vijay-nagar/info|5|Quick Bites|11am to 11pm(Mon-Sun)||NEW|NEW
Rudraksh Restaurant|450|North Indian|Jabalpur|Vijay Nagar|https://www.zomato.com/jabalpur/rudraksh-restaurant-vijay-nagar/info|5|Casual Dining|11am to 11pm(Mon-Sun)|Average|2.9|61
Chai Sutta Bar|400|North Indian|Jabalpur|Wright Town|https://www.zomato.com/jabalpur/chai-sutta-bar-wright-town/info|5|Casual Dining|11am to 11pm(Mon-Sun)|Good|3.8|39
Zaika Restaurant|500|North Indian|Jabalpur|Napier Town|https://www.zomato.com/jabalpur/zaika-restaurant-napier-town/info|5|Casual Dining|11am to 11pm(Mon-Sun)|Good|3.5|38
Dubey Bhojanalaya|250|North Indian|Jabalpur|Khamaria|https://www.zomato.com/jabalpur/dubey-bhojanalaya-khamaria/info|5|Quick Bites|9am to 1030pm(Mon-Sun)|Average|3.3|31
Panchaiyat|300|Fast Food|Jabalpur|Wright Town|https://www.zomato.com/jabalpur/panchaiyat-wright-town/info|5|Quick Bites|11am to 11pm(Mon-Sun)|Good|3.9|79
Lucky's Restaurant|300|North Indian|Jabalpur|Vijay Nagar|https://www.zomato.com/jabalpur/luckys-restaurant-vijay-nagar/info|5|Casual Dining|11am to 1115pm(Mon-Sun)|Good|3.7|39
Culture Restaurant|300|North Indian,Chinese,Continental|Jabalpur|Vijay Nagar|https://www.zomato.com/jabalpur/culture-restaurant-vijay-nagar/info|5|Quick Bites|11am to 11pm(Mon-Sun)|Good|3.6|34
Food Junction|150|Chinese,Fast Food|Jabalpur|Khamaria|https://www.zomato.com/jabalpur/food-junction-khamaria/info|5|Quick Bites|10am to 10pm(Mon-Sun)|Good|3.5|49
Daal Roti Cafe|550|North Indian|Jabalpur|Vijay Nagar|https://www.zomato.com/jabalpur/daal-roti-cafe-vijay-nagar/info|5|Casual Dining|12noon to 11pm(Mon-Sun)|Average|3.4|57
Bombay Da Pizza Centre|400|Fast Food,Chinese|Jabalpur|Napier Town|https://www.zomato.com/jabalpur/bombay-da-pizza-centre-napier-town/info|5|Quick Bites|9am to 10pm(Mon-Sun)|Good|3.5|72
Hotel National Biryani|300|North Indian,Biryani|Jabalpur|Napier Town|https://www.zomato.com/jabalpur/hotel-national-biryani-napier-town/info|5|Quick Bites|12noon to 11pm(Mon-Sun)|Good|3.6|37
Nanking|600|Chinese|Jabalpur|Napier Town|https://www.zomato.com/jabalpur/nanking-napier-town/info|6|Quick Bites|11am to 10pm(Mon-Sun)|Good|3.8|76
Kelly's Restaurant|500|North Indian,Fast Food,Continental|Jabalpur|Cantt|https://www.zomato.com/jabalpur/kellys-restaurant-cantt/info|6|Casual Dining|11am to 11pm(Mon-Sun)|Good|3.9|49
Not Just Kebabs|250|North Indian,Kebab|Jabalpur|Hathital|https://www.zomato.com/jabalpur/not-just-kebabs-hathital/info|6|Quick Bites|1pm to 10pm(Mon-Sun)|Good|3.9|55
The Cake Company|400|Bakery|Jabalpur|Civil Lines|https://www.zomato.com/jabalpur/the-cake-company-civil-lines/info|6|Bakery|24|Good|3.8|36
Hotel Shree Ras|250|North Indian|Jabalpur|Napier Town|https://www.zomato.com/jabalpur/hotel-shree-ras-napier-town/info|6|Quick Bites|1130am to 11pm(Mon-Sun)|Good|3.7|25
Hashtag Cafe|300|Fast Food,North Indian|Jabalpur|Vijay Nagar|https://www.zomato.com/jabalpur/hashtag-cafe-vijay-nagar/info|6|Quick Bites|11am to 10pm(Mon-Sun)|Good|3.6|23
Javed Biryani Center|300|North Indian,Fast Food|Jabalpur|Napier Town|https://www.zomato.com/jabalpur/javed-biryani-center-napier-town/info|6|Quick Bites|3pm to 1030pm(Mon-Sun)|Good|3.9|32
4 Seasons|550|Italian,Continental,Fast Food,Bakery|Jabalpur|Vijay Nagar|https://www.zomato.com/jabalpur/4-seasons-vijay-nagar/info|6|Café|10am to 11pm(Mon-Sun)|Very Good|4.1|52
Nukkad|450|Fast Food|Jabalpur|Cantt|https://www.zomato.com/jabalpur/nukkad-cantt/info|6|Quick Bites|12noon to 1030pm(Mon-Fri),12midnight to 1030pm...|Good|3.8|38
Apna Cafe|200|South Indian,Fast Food|Jabalpur|Wright Town|https://www.zomato.com/jabalpur/apna-cafe-1-wright-town/info|6|Quick Bites|11am to 10pm(Mon-Sun)|Good|3.8|31
Burger N Sons|400|Burger,American,Fast Food|Jabalpur|Civil Lines|https://www.zomato.com/jabalpur/burger-n-sons-civil-lines/info|6|Quick Bites|12noon to 10pm(Mon-Sun)|Very Good|4.0|55
Shivam's Pizza|200|Pizza|Jabalpur|Napier Town|https://www.zomato.com/jabalpur/shivams-pizza-napier-town/info|6|Kiosk|11am to 10pm(Mon-Sun)|Good|3.8|40
The Chai Square|200|Fast Food|Jabalpur|Napier Town|https://www.zomato.com/jabalpur/the-chai-square-2-napier-town/info|6|Quick Bites|9am to 9pm(Mon-Sun)|Good|3.8|16
Hotel Rishi Regency|500|North Indian,Chinese,Fast Food|Jabalpur|Civil Lines|https://www.zomato.com/jabalpur/hotel-rishi-regency-civil-lines/info|6|Quick Bites|10am to 11pm(Mon-Sun)|Good|3.7|40
Yogi's Hira Sweets & Hot Bakers|400|Mithai,Fast Food,Chinese,Bakery|Jabalpur|Wright Town|https://www.zomato.com/jabalpur/yogis-hira-sweets-hot-bakers-wright-town/info|6|Bakery|930am to 11pm(Mon-Sun)|Good|3.7|47
New Indian Coffee House|600|Cafe|Jabalpur|Napier Town|https://www.zomato.com/jabalpur/new-indian-coffee-house-napier-town/info|7|Café|8am to 1030pm(Mon-Sun)|Good|3.5|37
Chaat Chatore|200|Street Food|Jabalpur|Rampur|https://www.zomato.com/jabalpur/chaat-chatore-rampur/info|7|Quick Bites|(Mon-Sun)|Good|3.7|42
Hi Garden Dining & Lounge|700|North Indian,Chinese,Continental,Fast Food|Jabalpur|Napier Town|https://www.zomato.com/jabalpur/hi-garden-dining-lounge-napier-town/info|7|Casual Dining|12noon to 11pm(Mon-Sun)|Good|3.6|40
Gupta Chat & Fast Food|100|Street Food,Fast Food|Jabalpur|Napier Town|https://www.zomato.com/jabalpur/gupta-chat-fast-food-napier-town/info|7|none|10am to 10pm(Mon-Sun)|Good|3.8|57
Bubbles Bistro|400|Fast Food|Jabalpur|Vijay Nagar|https://www.zomato.com/jabalpur/bubbles-bistro-vijay-nagar/info|7|Quick Bites|11am to 10pm(Mon-Sun)|Good|3.8|30
Mezbaan|300|North Indian|Jabalpur|Cantt|https://www.zomato.com/jabalpur/mezbaan-cantt/info|7|Quick Bites|11am to 11pm(Mon-Sun)|Good|3.7|33
Popular Fresh Momos 'n' More|350|Momos,Chinese,Fast Food|Jabalpur|Civil Lines|https://www.zomato.com/jabalpur/popular-fresh-momos-n-more-civil-lines/info|7|Quick Bites|12noon to 10pm(Mon-Sun)|Good|3.7|45
Hotel Shikhar Palace|750|North Indian,Continental,Mughlai|Jabalpur|Napier Town|https://www.zomato.com/jabalpur/hotel-shikhar-palace-napier-town/info|7|Casual Dining|12noon to 11pm(Mon-Sun)|Average|3.1|20
Sugar Daddy|200|Desserts,Ice Cream|Jabalpur|Cantt|https://www.zomato.com/jabalpur/sugar-daddy-cantt/info|7|Dessert Parlor|1pm to 12midnight(Mon),12noon to 12midnight...|Good|3.6|21
The London Shakes|350|Beverages|Jabalpur|Wright Town|https://www.zomato.com/jabalpur/the-london-shakes-wright-town/info|7|Beverage Shop|11am to 10pm(Mon-Sun)|Good|3.5|32
Delicious Punjabees Food|300|Mughlai,North Indian|Jabalpur|Khamaria|https://www.zomato.com/jabalpur/delicious-punjabees-food-khamaria/info|7|Quick Bites|5pm to 10pm(Mon-Sun)|Average|3.3|24
Kesar's By Hira|200|Desserts,Bakery,Mithai,Fast Food,Chinese,Pizza|Jabalpur|Napier Town|https://www.zomato.com/jabalpur/kesars-by-hira-napier-town/info|7|Dessert Parlor|(Mon-Sun)|Good|3.6|28
Cafe Play|350|Fast Food,Beverages|Jabalpur|Wright Town|https://www.zomato.com/jabalpur/cafe-play-wright-town/info|7|Quick Bites|11am to 10pm(Mon-Sun)|Good|3.8|32
Vasu Restaurant|400|North Indian|Jabalpur|Shakti Nagar|https://www.zomato.com/jabalpur/vasu-restaurant-shakti-nagar/info|7|Casual Dining|11am to 10pm(Mon-Sun)|Good|3.5|35
The Oven Classics Bakery & Cafe|350|Fast Food,Italian,Beverages,Cafe,Chinese,Bakery|Jabalpur|Cantt|https://www.zomato.com/jabalpur/the-oven-classics-bakery-cafe-cantt/info|7|Quick Bites|10am to 1030pm(Mon-Fri),10am to 11pm(Sat-Sun)|Good|3.9|46
Chandrakala Retreat|500|Fast Food,Bakery|Jabalpur|Rampur|https://www.zomato.com/jabalpur/chandrakala-retreat-rampur/info|8|Bakery|(Mon-Sun)|Average|3.0|28
Al-Hamd Foods|300|North Indian|Jabalpur|Napier Town|https://www.zomato.com/jabalpur/al-hamd-foods-napier-town/info|8|Quick Bites|11am to 11pm(Mon-Fri),8am to 1130pm(Sat),8am...||NEW|NEW
The Brooks Cafe|300|Cafe|Jabalpur|Vijay Nagar|https://www.zomato.com/jabalpur/the-brooks-cafe-1-vijay-nagar/info|8|Café|11am to 10pm(Mon-Sun)|Good|3.8|20
Baskin Robbins|300|Ice Cream,Desserts|Jabalpur|Rampur|https://www.zomato.com/jabalpur/baskin-robbins-1-rampur/info|8|Dessert Parlor|12noon to 12midnight(Mon-Sun)|Good|3.9|28
Maggi Corner|100|Fast Food|Jabalpur|Napier Town|https://www.zomato.com/jabalpur/maggi-corner-napier-town/info|8|Quick Bites|10am to 8pm(Mon-Sun)|Good|3.7|24
Dinesh Masala Dosa|100|South Indian|Jabalpur|Napier Town|https://www.zomato.com/jabalpur/dinesh-masala-dosa-napier-town/info|8|Quick Bites|11am to 9pm(Mon-Sun)|Good|3.7|29
Chaat Chatore|300|South Indian,Italian,Continental,Chinese|Jabalpur|Napier Town|https://www.zomato.com/jabalpur/chaat-chatore-napier-town/info|8|Food Court|10am to 10pm(Mon-Sun)|Average|3.4|17
Shri Siddh Sai|300|Chinese,South Indian|Jabalpur|Napier Town|https://www.zomato.com/jabalpur/shri-siddh-sai-napier-town/info|8|Quick Bites|11am to 11pm(Mon-Sun)|Good|3.9|19
Sai Restaurant|750|South Indian,North Indian,Chinese|Jabalpur|Napier Town|https://www.zomato.com/jabalpur/sai-restaurant-napier-town/info|8|Casual Dining|9am to 1030pm(Mon-Sun)|Good|3.7|52
Sandwich Corner|150|Sandwich|Jabalpur|Cantt|https://www.zomato.com/jabalpur/sandwich-corner-cantt/info|8|Quick Bites|12noon to 930pm(Mon-Sun)|Good|3.6|30
Indore|250|Mithai|Jabalpur|Cantt|https://www.zomato.com/jabalpur/indore-cantt/info|8|Sweet Shop|930am to 10pm(Mon-Sun)|Good|3.5|19
Patel's Fast Food & Family Restaurant|300|South Indian,Chinese|Jabalpur|Vijay Nagar|https://www.zomato.com/jabalpur/patels-fast-food-family-restaurant-vijay-nagar/info|8|Quick Bites|12noon to 9pm(Mon-Sat),3pm to 9pm(Sun)|Good|3.7|30
Dwarka Sweets|100|Mithai,Street Food|Jabalpur|Wright Town|https://www.zomato.com/jabalpur/dwarka-sweets-wright-town/info|8|Sweet Shop|8am to 10pm(Mon-Sun)|Average|3.4|11
Extraa innings cafe & lounge|500|Chinese,Fast Food,Beverages|Jabalpur|Napier Town|https://www.zomato.com/jabalpur/extraa-innings-cafe-lounge-napier-town/info|8|Casual Dining|12noon to 10pm(Mon-Sun)|Good|3.6|19
Food Factory|150|Street Food|Jabalpur|Napier Town|https://www.zomato.com/jabalpur/food-factory-napier-town/info|8|Quick Bites|10am to 10pm(Mon-Sun)|Good|3.5|24
Kivi The Fooders Zone|300|Fast Food|Jabalpur|Garha|https://www.zomato.com/jabalpur/kivi-the-fooders-zone-garha/info|9|Quick Bites|11am to 10pm(Mon-Sun)||NEW|NEW
Gaurav's Bakers 'N' Ice Cream|200|Ice Cream,Bakery|Jabalpur|Napier Town|https://www.zomato.com/jabalpur/gauravs-bakers-n-ice-cream-napier-town/info|9|Dessert Parlor|11am to 10pm(Mon-Sun)|Average|3.4|9
Hira Sweets- Cakes & Dry Fruits|300|Street Food,Mithai,Bakery|Jabalpur|Hathital|https://www.zomato.com/jabalpur/hira-sweets-cakes-dry-fruits-hathital/info|9|Quick Bites|9am to 10pm(Mon-Sun)|Average|3.4|17
Ichchadhari Lassi Center|100|Beverages|Jabalpur|Wright Town|https://www.zomato.com/jabalpur/ichchadhari-lassi-center-wright-town/info|9|Beverage Shop|8am to 9pm(Mon-Sun)|Average|3.4|10
Lambretta D'Cafe|500|Cafe|Jabalpur|Napier Town|https://www.zomato.com/jabalpur/lambretta-dcafe-napier-town/info|9|Café|1030am to 11pm(Mon-Sun)|Good|3.6|29
Maruti Bakers & Icecream|300|Ice Cream,Bakery|Jabalpur|Khamaria|https://www.zomato.com/jabalpur/maruti-bakers-icecream-khamaria/info|9|Bakery|12noon to 10pm(Mon-Sun)|Average|3.3|10
Dil Khush Family Restaurant|300|North Indian|Jabalpur|Napier Town|https://www.zomato.com/jabalpur/dil-khush-family-restaurant-napier-town/info|9|Quick Bites|11am to 10pm(Mon-Sun)|Average|3.1|15
Hashtag|200|North Indian,Fast Food|Jabalpur|Khamaria|https://www.zomato.com/jabalpur/hashtag-khamaria/info|9|Quick Bites|10am to 10pm(Mon-Sun)||NEW|NEW
GST Fast Foods|150|Fast Food|Jabalpur|Cantt|https://www.zomato.com/jabalpur/gst-fast-foods-cantt/info|9|Quick Bites|11am to 10pm(Mon-Sun)|Average|3.4|25
The Hideout Bistro|400|Coffee,Fast Food|Jabalpur|Hathital|https://www.zomato.com/jabalpur/the-hideout-bistro-hathital/info|9|Café|12noon to 10pm(Mon-Sun)|Average|3.3|16
Chai Station|400|Tea,Fast Food|Jabalpur|Vijay Nagar|https://www.zomato.com/jabalpur/chai-station-vijay-nagar/info|9|Quick Bites|930am to 930pm(Mon-Sun)|Average|2.7|10
Ankits|500|North Indian|Jabalpur|Civil Lines|https://www.zomato.com/jabalpur/ankits-civil-lines/info|9|Casual Dining|8am to 1130pm(Mon-Sun)|Average|3.3|29
The Food Company|150|Fast Food|Jabalpur|Ganjipura|https://www.zomato.com/jabalpur/the-food-company-ganjipura/info|9|Quick Bites|1130am to 10pm(Mon-Sun)||NEW|NEW
Cafe Magicana|400|Bengali,Fast Food|Jabalpur|Napier Town|https://www.zomato.com/jabalpur/cafe-magicana-2-napier-town/info|9|Quick Bites|230pm to 930pm(Mon-Sun)|Good|3.6|20
The China Cook|750|Chinese,Asian|Jabalpur|Civil Lines|https://www.zomato.com/jabalpur/the-china-cook-civil-lines/info|9|Casual Dining|11am to 1130pm(Mon-Sun)|Good|3.5|39
