NAME|PRICE|CUSINE_CATEGORY|CITY|REGION|URL|PAGE NO|CUSINE TYPE|TIMING|RATING_TYPE|RATING|VOTES
Aar Kay Vaishno Dhaba|300|North Indian,Desserts|Jalandhar|Nakodar Road|https://www.zomato.com/jalandhar/aar-kay-vaishno-dhaba-nakodar-road/info|1|Quick Bites|11am to 11pm(Mon-Sun)|Very Good|4.3|680
Food Bazar|300|Fast Food|Jalandhar|Shastri Nagar|https://www.zomato.com/jalandhar/food-bazar-shastri-nagar/info|1|Quick Bites|8am to 11pm(Mon-Sun)|Very Good|4.4|545
Nanak Vegetarian Dhaba|250|North Indian,Chinese|Jalandhar|Adarsh Nagar|https://www.zomato.com/jalandhar/nanak-vegetarian-dhaba-adarsh-nagar/info|1|Quick Bites|11am to 11pm(Mon-Sun)|Very Good|4.1|462
Deliver My Diet|300|North Indian,Chinese,Continental,Italian,Healthy Food,Salad,Biryani,Pizza|Jalandhar|Model Town|https://www.zomato.com/jalandhar/deliver-my-diet-model-town/info|1|none|11am to 11pm(Mon-Sun)|Excellent|4.5|338
KFC|500|Fast Food|Jalandhar|Model Town|https://www.zomato.com/jalandhar/kfc-model-town/info|1|Quick Bites|11am to 11pm(Mon-Sun)|Very Good|4.4|666
Burger King|500|Fast Food,Burger|Jalandhar|Model Town|https://www.zomato.com/jalandhar/burger-king-model-town/info|1|Quick Bites|11am to 1030pm(Mon-Sun)|Very Good|4.0|664
Baithak|500|North Indian|Jalandhar|Model Town|https://www.zomato.com/jalandhar/baithak-model-town/info|1|Quick Bites|11am to 11pm(Mon-Sun)|Very Good|4.1|449
AM PM|700|North Indian,Mughlai,South Indian,Chinese,Continental,Street Food|Jalandhar|Model Town|https://www.zomato.com/jalandhar/am-pm-model-town/info|1|Casual Dining|10am to 11pm(Mon-Sat),9am to 11pm(Sun)|Very Good|4.1|395
Vanakkam|450|South Indian,Italian,Chinese|Jalandhar|Model Town|https://www.zomato.com/jalandhar/vanakkam-model-town/info|1|Quick Bites|10am to 11pm(Mon-Sun)|Very Good|4.0|370
Baba Chicken|1000|North Indian|Jalandhar|Model Town|https://www.zomato.com/jalandhar/baba-chicken-1-model-town/info|1|Casual Dining|11am to 11pm(Mon,Tue,Wed,Thu,Sun),11am to ...|Very Good|4.0|635
Amritsari Lovely Dhaba|700|North Indian,Chinese|Jalandhar|Shastri Nagar|https://www.zomato.com/jalandhar/amritsari-lovely-dhaba-shastri-nagar/info|1|Casual Dining|121pm to 11pm(Mon-Sun)|Very Good|4.1|343
The Spice Cottage|600|North Indian,Italian,Continental,Chinese|Jalandhar|Model Town|https://www.zomato.com/jalandhar/the-spice-cottage-model-town/info|1|Café|11am to 11pm(Mon-Sun)|Good|3.6|114
Domino's Pizza|600|Pizza|Jalandhar|Model Town|https://www.zomato.com/jalandhar/dominos-pizza-model-town/info|1|Quick Bites|11am to 12midnight(Mon-Sun)|Good|3.8|567
Kamal Vaishno Dhaba|200|North Indian|Jalandhar|Model Town|https://www.zomato.com/jalandhar/kamal-vaishno-dhaba-model-town/info|1|Quick Bites|11am to 11pm(Mon-Sun)|Good|3.9|446
Aggarwal Vaishno Dhaba|400|North Indian,Continental,Chinese,South Indian|Jalandhar|Model Town|https://www.zomato.com/jalandhar/aggarwal-vaishno-dhaba-1-model-town/info|1|Quick Bites|11am to 11pm(Mon-Sun)|Very Good|4.3|262
Humm Bakerz|300|Bakery|Jalandhar|GT Road|https://www.zomato.com/jalandhar/humm-bakerz-gt-road/info|10|Bakery|830am to 10pm(Mon-Sun)|Average|2.8|16
The Glassy Junction|700|North Indian|Jalandhar|Maqsudan|https://www.zomato.com/jalandhar/the-glassy-junction-maqsudan/info|10|Casual Dining|10am to 10pm(Mon-Sun)|Average|2.9|27
Manni dhaba|150|North Indian|Jalandhar|Shastri Nagar|https://www.zomato.com/jalandhar/manni-dhaba-shastri-nagar/info|10|Dhaba|12noon to 10pm(Mon-Sun)||NEW|NEW
Shake-adelic|300|Beverages,Fast Food|Jalandhar|Urban Estate|https://www.zomato.com/jalandhar/shake-adelic-urban-estate/info|10|Beverage Shop|12noon to 10pm(Mon-Sun)|Good|3.6|24
Rattan's Sainik Manni Vegetarian Dhaba|300|North Indian|Jalandhar|Model House|https://www.zomato.com/jalandhar/rattans-sainik-manni-vegetarian-dhaba-model-house/info|10|Dhaba|12noon to 10pm(Mon-Sun)|Average|3.4|15
Raja Hotel|500|North Indian|Jalandhar|Model Town|https://www.zomato.com/jalandhar/raja-hotel-2-model-town/info|10|Casual Dining|8am to 10pm(Mon-Sun)|Average|3.1|8
Terrazo Bar|0|Continental,Chinese,North Indian|Jalandhar|Jalandhar Cantt|https://www.zomato.com/jalandhar/terrazo-bar-jalandhar-cantt/info|10|Microbrewery|(Mon-Sun)|Not rated|-|-
Zayka Multi Cuisine|200|North Indian,Italian,Continental,Chinese|Jalandhar|Model Town|https://www.zomato.com/jalandhar/zayka-multi-cuisine-model-town/info|10|Casual Dining|(Mon-Sun)||NEW|NEW
Spicy Hut|300|Continental,Chinese,Italian,North Indian|Jalandhar|Model Town|https://www.zomato.com/jalandhar/spicy-hut-model-town/info|10|Quick Bites|12noon to 10pm(Mon-Sun)|Average|3.4|16
Kwality Chick Chick|200|North Indian|Jalandhar|Model House|https://www.zomato.com/jalandhar/kwality-chick-chick-model-house/info|10|Quick Bites|1pm to 1130pm(Mon,Tue,Thu,Fri,Sat),1pm to ...|Good|3.9|79
Chumber Fast Food|150|Chinese,Fast Food|Jalandhar|Model Town|https://www.zomato.com/jalandhar/chumber-fast-food-model-town/info|10|Quick Bites|10am to 10pm(Mon-Sun)|Average|3.0|9
Chawla Nutri Kulcha|100|North Indian|Jalandhar|Shastri Nagar|https://www.zomato.com/jalandhar/chawla-nutri-kulcha-shastri-nagar/info|10|Quick Bites|10am to 10pm(Mon-Sun)|Average|3.4|21
Food Circuit|200|North Indian|Jalandhar|Model Town|https://www.zomato.com/jalandhar/food-circuit-model-town/info|10|Quick Bites|9am to 9pm(Mon-Sun)|Average|3.1|10
Brew Cafe|450|Coffee,Pizza,Burger|Jalandhar|Shastri Nagar|https://www.zomato.com/jalandhar/brew-cafe-shastri-nagar/info|10|Café|11am to 945pm(Mon-Sun)|Average|3.2|19
New Cake house|500|Bakery|Jalandhar|Model Town|https://www.zomato.com/jalandhar/new-cake-house-model-town/info|10|Bakery|10am to 10pm(Mon-Sun)|Good|3.5|37
Soni Dosa|150|South Indian|Jalandhar|Urban Estate|https://www.zomato.com/jalandhar/soni-dosa-urban-estate/info|11|Quick Bites|11am to 10pm(Mon-Sun)|Average|2.9|29
Hotz Drive PPR|250|North Indian,Chinese,Continental|Jalandhar|Shastri Nagar|https://www.zomato.com/jalandhar/hotz-drive-ppr-shastri-nagar/info|11|Quick Bites|4pm to 11pm(Mon-Sun)|Good|3.7|70
Basant Continental|600|North Indian,Continental,Chinese|Jalandhar|Adarsh Nagar|https://www.zomato.com/jalandhar/basant-continental-adarsh-nagar/info|11|Casual Dining|11am to 11pm(Mon-Sun)|Good|3.5|60
Madaan Sweets|150|North Indian|Jalandhar|Shastri Nagar|https://www.zomato.com/jalandhar/madaan-sweets-shastri-nagar/info|11|Sweet Shop|9am to 9pm(Mon-Sun)||NEW|NEW
Chicken Plaza dhaba|300|North Indian|Jalandhar|Shastri Nagar|https://www.zomato.com/jalandhar/chicken-plaza-dhaba-shastri-nagar/info|11|Food Court|12noon to 10pm(Mon-Sun)||NEW|NEW
Hunger's Point|150|Italian,Continental,Chinese|Jalandhar|Transport Nagar|https://www.zomato.com/jalandhar/hungers-point-transport-nagar/info|11|Casual Dining|1pm to 10pm(Mon-Sun)||NEW|NEW
Kwality Sweet Shop|200|North Indian,Mithai|Jalandhar|Urban Estate|https://www.zomato.com/jalandhar/kwality-sweet-shop-urban-estate/info|11|Sweet Shop|11am to 9pm(Mon-Sun)|Average|3.3|10
Madhur Bakers|250|Desserts|Jalandhar|Shastri Nagar|https://www.zomato.com/jalandhar/madhur-bakers-shastri-nagar/info|11|Bakery|10am to 10pm(Mon-Sun)|Average|3.2|6
Golden Temple Lassi and Shakes|150|Chinese,Continental,Desserts|Jalandhar|Shastri Nagar|https://www.zomato.com/jalandhar/golden-temple-lassi-and-shakes-shastri-nagar/info|11|Casual Dining|(Mon-Sun)||NEW|NEW
Fresh Avenue|150|Salad,Fast Food|Jalandhar|Shastri Nagar|https://www.zomato.com/jalandhar/fresh-avenue-shastri-nagar/info|11|Food Court|12noon to 10pm(Mon-Sun)|Average|3.2|8
Burger Hut|150|Burger|Jalandhar|Shastri Nagar|https://www.zomato.com/jalandhar/burger-hut-shastri-nagar/info|11|Food Court|1pm to 10pm(Mon-Sun)||NEW|NEW
Ashu Amritsari Nutri Kulcha|150|North Indian|Jalandhar|Transport Nagar|https://www.zomato.com/jalandhar/ashu-amritsari-nutri-kulcha-transport-nagar/info|11|Food Truck|10am to 4pm(Mon-Sun)||NEW|NEW
Dos Burros|1000|North Indian,Chinese,Continental|Jalandhar|Model Town|https://www.zomato.com/jalandhar/dos-burros-model-town/info|11|Casual Dining|11am to 11pm(Mon-Sun)|Good|3.8|85
Gelato Davinci|300|Ice Cream,Beverages|Jalandhar|Model Town|https://www.zomato.com/jalandhar/gelato-davinci-model-town/info|11|Quick Bites|(Mon-Sun)|Average|3.3|15
Subway|500|Healthy Food,Salad,Sandwich|Jalandhar|Jalandhar Cantt|https://www.zomato.com/jalandhar/subway-2-jalandhar-cantt/info|11|Quick Bites|10am to 10pm(Mon-Sun)|Average|3.3|23
The Reefer Café & Eatery|700|Italian,Chinese,Continental,Mexican,Cafe,Fast Food|Jalandhar|Model Town|https://www.zomato.com/jalandhar/the-reefer-café-eatery-model-town/info|12|Casual Dining|11am to 11pm(Mon-Sun)|Good|3.8|114
Kuku bakery cakes|300|Bakery|Jalandhar|Shastri Nagar|https://www.zomato.com/jalandhar/kuku-bakery-cakes-shastri-nagar/info|12|Bakery|12noon to 10pm(Mon-Sun)|Average|3.2|8
Sahib Swadisht food|200|Fast Food|Jalandhar|Jalandhar Cantt|https://www.zomato.com/jalandhar/sahib-swadisht-food-jalandhar-cantt/info|12|Food Court|4pm to 10pm(Mon-Sun)||NEW|NEW
Chicken 2Nite|200|North Indian|Jalandhar|Shastri Nagar|https://www.zomato.com/jalandhar/chicken-2nite-1-shastri-nagar/info|12|Casual Dining|2pm to 10pm(Mon,Wed,Thu,Fri,Sat,Sun),Closed...|Average|2.9|6
Play Town Cafe The Fun Factory|400|Cafe,Fast Food,Continental,Chinese|Jalandhar|Urban Estate|https://www.zomato.com/jalandhar/play-town-cafe-the-fun-factory-urban-estate/info|12|Café|12noon to 930pm(Mon-Sun)|Average|3.3|15
Keventers|400|Desserts,Beverages,Ice Cream|Jalandhar|Model Town|https://www.zomato.com/jalandhar/keventers-model-town/info|12|Beverage Shop|11am to 11pm(Mon-Sun)|Good|3.8|73
FnP Cakes and More|400|Bakery|Jalandhar|Jalandhar Cantt|https://www.zomato.com/jalandhar/fnp-cakes-and-more-jalandhar-cantt/info|12|Bakery|10am to 10pm(Mon-Sun)|Average|2.9|6
Malabar Foods|400|South Indian,Fast Food|Jalandhar|Model Town|https://www.zomato.com/jalandhar/malabar-foods-model-town/info|12|Quick Bites||Average|3.3|16
Khan Chicken|350|North Indian|Jalandhar|Model Town|https://www.zomato.com/jalandhar/khan-chicken-model-town/info|12|Casual Dining|(Mon-Sun)||NEW|NEW
Hot and fresh|200|Italian,Continental,Chinese|Jalandhar|Shastri Nagar|https://www.zomato.com/jalandhar/hot-and-fresh-shastri-nagar/info|12|Food Court|12noon to 10pm(Mon-Sun)||NEW|NEW
My Kitchen|500|North Indian|Jalandhar|Shastri Nagar|https://www.zomato.com/jalandhar/my-kitchen-shastri-nagar/info|12|Quick Bites|11am to 11pm(Mon-Sun)|Good|3.6|26
Moti Sweets|300|North Indian,Desserts,Burger,Mithai,Street Food|Jalandhar|Jalandhar Cantt|https://www.zomato.com/jalandhar/moti-sweets-jalandhar-cantt/info|12|Sweet Shop|8am to 9pm(Mon-Sun)||NEW|NEW
Bell Pepper|200|North Indian|Jalandhar|Rama Mandi|https://www.zomato.com/jalandhar/bell-pepper-rama-mandi/info|12|Quick Bites|11am to 9pm(Mon-Sun)||NEW|NEW
Coffila Food Court|250|South Indian,Pizza,North Indian,Continental,Chinese|Jalandhar|Jalandhar Cantt|https://www.zomato.com/jalandhar/coffila-food-court-jalandhar-cantt/info|12|Casual Dining|11am to 10pm(Mon-Sun)||NEW|NEW
The Lazy Monkey|1000|North Indian|Jalandhar|Model Town|https://www.zomato.com/jalandhar/the-lazy-monkey-model-town/info|12|Bar|(Mon-Sun)|Average|3.0|11
Litty's Almurgh|250|North Indian|Jalandhar|Model Town|https://www.zomato.com/jalandhar/littys-almurgh-model-town/info|13|Food Court|12noon to 10pm(Mon-Sun)||NEW|NEW
Rana Bakery|300|Bakery|Jalandhar|Shastri Nagar|https://www.zomato.com/jalandhar/rana-bakery-1-shastri-nagar/info|13|Bakery|10am to 10pm(Mon-Sun)||NEW|NEW
Wah Bhai Wah Soya Chaap|150|North Indian,Mughlai|Jalandhar|Model Town|https://www.zomato.com/jalandhar/wah-bhai-wah-soya-chaap-model-town/info|13|Food Court|12noon to 10pm(Mon-Sun)||NEW|NEW
Lapalap|300|Fast Food,North Indian|Jalandhar|Model Town|https://www.zomato.com/jalandhar/lapalap-model-town/info|13|Quick Bites|11am to 11pm(Mon-Sun)|Good|3.7|69
Singh Fast Food|100|Chinese|Jalandhar|Model Town|https://www.zomato.com/jalandhar/singh-fast-food-model-town/info|13|Quick Bites|(Mon-Sun)|Average|3.2|9
Shri Radhe Krishna Bhojnalya|200|North Indian|Jalandhar|Shastri Nagar|https://www.zomato.com/jalandhar/shri-radhe-krishna-bhojnalya-shastri-nagar/info|13|Casual Dining|11am to 10pm(Mon-Sun)||NEW|NEW
Punjabi Corner|200|North Indian|Jalandhar|Model Town|https://www.zomato.com/jalandhar/punjabi-corner-model-town/info|13|Quick Bites|10am to 430pm(Mon-Sun)|Not rated|-|-
Swami Juice Corner|150|Drinks Only,Ice Cream,Juices|Jalandhar|Shastri Nagar|https://www.zomato.com/jalandhar/swami-juice-corner-shastri-nagar/info|13|Beverage Shop|11am to 10pm(Mon-Sun)||NEW|NEW
Bedi Bakers|100|Bakery,Desserts|Jalandhar|Model Town|https://www.zomato.com/jalandhar/bedi-bakers-model-town/info|13|Bakery|11am to 10pm(Mon-Sun)||NEW|NEW
Friends Burger Corner|150|Fast Food|Jalandhar|Model Town|https://www.zomato.com/jalandhar/friends-burger-corner-model-town/info|13|Quick Bites|2pm to 12midnight(Mon-Sun)|Good|3.8|70
Mozito|1000|Continental|Jalandhar|Nakodar Road|https://www.zomato.com/jalandhar/mozito-nakodar-road/info|13|Bar|10am to 10pm(Mon-Sun)|Average|2.9|7
Sweet Art Bakers|300|Bakery|Jalandhar|Model Town|https://www.zomato.com/jalandhar/sweet-art-bakers-model-town/info|13|Bakery|11am to 10pm(Mon-Sun)|Not rated|-|-
Grill'd Bite|400|Fast Food|Jalandhar|Adarsh Nagar|https://www.zomato.com/jalandhar/grilld-bite-adarsh-nagar/info|13|Quick Bites|12noon to 10pm(Mon-Sun)|Average|2.8|8
New Parkash Icecream|100|Desserts|Jalandhar|Transport Nagar|https://www.zomato.com/jalandhar/new-parkash-icecream-transport-nagar/info|13|Dessert Parlor|10am to 11pm(Mon-Sun)|Good|3.8|46
Chai Chuski|500|Fast Food,Beverages|Jalandhar|Shastri Nagar|https://www.zomato.com/jalandhar/chai-chuski-shastri-nagar/info|13|Beverage Shop|10am to 10pm(Mon-Sun)|Average|2.9|11
Tasty Chacha|400|North Indian|Jalandhar|Model Town|https://www.zomato.com/jalandhar/tasty-chacha-model-town/info|14|Quick Bites|11am to 10pm(Mon-Sun)|Average|3.1|6
Garg Sweets|150|North Indian,Desserts|Jalandhar|Jalandhar Cantt|https://www.zomato.com/jalandhar/garg-sweets-jalandhar-cantt/info|14|Sweet Shop|8am to 8pm(Mon-Sun)||NEW|NEW
Eat And Meet|200|Fast Food|Jalandhar|Model Town|https://www.zomato.com/jalandhar/eat-and-meet-model-town/info|14|Quick Bites|1030am to 10pm(Mon-Sun)|Average|3.1|5
Fish Bite|300|North Indian|Jalandhar|Adarsh Nagar|https://www.zomato.com/jalandhar/fish-bite-adarsh-nagar/info|14|Casual Dining|(Mon-Sun)||NEW|NEW
Tawa Hut Veg & Non veg|400|North Indian|Jalandhar|Model Town|https://www.zomato.com/jalandhar/tawa-hut-veg-non-veg-model-town/info|14|Quick Bites|11am to 10pm(Mon-Sun)|Average|2.8|8
Madras Cafe Hotel Ranvir Prime|150|North Indian|Jalandhar|Shastri Nagar|https://www.zomato.com/jalandhar/madras-cafe-hotel-ranvir-prime-shastri-nagar/info|14|Food Court|12noon to 10pm(Mon-Sun)||NEW|NEW
Emmson Bakers|250|Bakery|Jalandhar|Model Town|https://www.zomato.com/jalandhar/emmson-bakers-model-town/info|14|Bakery|11am to 10pm(Mon-Sun)|Average|3.1|5
Hungry Kya? Foodcarts|150|North Indian|Jalandhar|Shastri Nagar|https://www.zomato.com/jalandhar/hungry-kya-foodcarts-shastri-nagar/info|14|Food Court|11am to 930pm(Mon-Sun)|Not rated|-|-
Daawate Delhi|400|North Indian,Desserts,Chinese|Jalandhar|GT Road|https://www.zomato.com/jalandhar/daawate-delhi-gt-road/info|14|Casual Dining|11am to 10pm(Mon-Sun)||NEW|NEW
Winni-Cakes|500|Bakery,Desserts|Jalandhar|Model Town|https://www.zomato.com/jalandhar/winni-cakes-model-town/info|14|Bakery|9am to 9pm(Mon-Sun)||NEW|NEW
Delhi Cafe Heights|200|North Indian|Jalandhar|Model Town|https://www.zomato.com/jalandhar/delhi-cafe-heights-model-town/info|14|Casual Dining|12noon to 10pm(Mon-Sun)|Average|3.0|4
Tandoor Singh|400|North Indian|Jalandhar|GT Road|https://www.zomato.com/jalandhar/tandoor-singh-gt-road/info|14|Casual Dining|11am to 10pm(Mon-Sun)||NEW|NEW
Food Spot|150|North Indian|Jalandhar|Shastri Nagar|https://www.zomato.com/jalandhar/food-spot-shastri-nagar/info|14|Casual Dining|8am to 12noon(Mon-Sun)||NEW|NEW
Krishna Amritsari Nan|150|North Indian|Jalandhar|Shastri Nagar|https://www.zomato.com/jalandhar/krishna-amritsari-nan-shastri-nagar/info|14|Quick Bites|10am to 10pm(Mon-Sun)|Average|2.8|6
Ac Enterprises|150|Fast Food|Jalandhar|GT Road|https://www.zomato.com/jalandhar/ac-enterprises-gt-road/info|14|Kiosk|10am to 8pm(Mon-Sun)||NEW|NEW
Snack's Box|300|North Indian,Chinese|Jalandhar|Urban Estate|https://www.zomato.com/jalandhar/snacks-box-urban-estate/info|15|Quick Bites|2pm to 11pm(Mon-Sun)|Good|3.8|51
Bar be Cue|350|North Indian|Jalandhar|Shastri Nagar|https://www.zomato.com/jalandhar/bar-be-cue-shastri-nagar/info|15|Casual Dining|(Mon-Sun)||NEW|NEW
Amrit Vaishno Dhaba|300|North Indian|Jalandhar|Rama Mandi|https://www.zomato.com/jalandhar/amrit-vaishno-dhaba-rama-mandi/info|15|Dhaba|11am to 10pm(Mon-Sun)|Average|3.0|4
Luv Kush Kulcha House|200|Street Food|Jalandhar|Model Town|https://www.zomato.com/jalandhar/luv-kush-kulcha-house-model-town/info|15|none|9am to 5pm(Mon-Sun)|Not rated|-|-
Bhatinda Express|400|North Indian|Jalandhar|GT Road|https://www.zomato.com/jalandhar/bhatinda-express-gt-road/info|15|Casual Dining|11am to 10pm(Mon-Sun)||NEW|NEW
Food Cottage|1200|North Indian|Jalandhar|Model Town|https://www.zomato.com/jalandhar/food-cottage-1-model-town/info|15|Casual Dining|(Mon-Sun)|Not rated|-|-
King Restaurant|300|South Indian,North Indian,Continental,Chinese|Jalandhar|Shastri Nagar|https://www.zomato.com/jalandhar/king-restaurant-shastri-nagar/info|15|Casual Dining|11am to 10pm(Mon-Sun)||NEW|NEW
Munchies|400|Fast Food|Jalandhar|Rama Mandi|https://www.zomato.com/jalandhar/munchies-2-rama-mandi/info|15|Quick Bites|1030am to 9pm(Mon-Sun)||NEW|NEW
New Jyoti Sweet Shop|200|Mithai|Jalandhar|Shastri Nagar|https://www.zomato.com/jalandhar/new-jyoti-sweet-shop-shastri-nagar/info|15|Sweet Shop|9am to 9pm(Mon-Sun)||NEW|NEW
Shape Of You|250|Beverages,Salad|Jalandhar|Model Town|https://www.zomato.com/jalandhar/shape-of-you-model-town/info|15|none|11am to 11pm(Mon-Sun)|Good|3.7|29
Food Paradise|200|Chinese,Sandwich,Fast Food|Jalandhar|Shastri Nagar|https://www.zomato.com/jalandhar/food-paradise-shastri-nagar/info|15|Quick Bites|11am to 930pm(Mon-Sun)|Not rated|-|-
Shri Ganpati|250|Fast Food|Jalandhar|Jalandhar Cantt|https://www.zomato.com/jalandhar/shri-ganpati-jalandhar-cantt/info|15|Quick Bites|10am to 10pm(Mon-Sun)|Not rated|-|-
Healthy Bites|0|Indian,Continental,Bakery|Jalandhar|Urban Estate|https://www.zomato.com/jalandhar/healthy-bites-1-urban-estate/info|15|Bakery|11am to 8pm(Mon-Sun)|Not rated|-|-
King Omelette|250|North Indian,Fast Food|Jalandhar|Adarsh Nagar|https://www.zomato.com/jalandhar/king-omelette-adarsh-nagar/info|15|Quick Bites|12noon to 11pm(Mon-Sun)|Good|3.8|43
Sai Puri Wale|150|North Indian|Jalandhar|Shastri Nagar|https://www.zomato.com/jalandhar/sai-puri-wale-shastri-nagar/info|15|Food Court|8am to 1pm(Mon-Sun)||NEW|NEW
Delivered My Food|200|Continental,Chinese,Burger|Jalandhar|Shastri Nagar|https://www.zomato.com/jalandhar/delivered-my-food-shastri-nagar/info|16|Food Court|12noon to 10pm(Mon-Sun)||NEW|NEW
Chopati Junction|500|North Indian,Chinese|Jalandhar|Urban Estate|https://www.zomato.com/jalandhar/chopati-junction-urban-estate/info|16|Casual Dining|10am to 10pm(Mon-Sun)||NEW|NEW
Krishna dairy|0|Drinks Only|Jalandhar|Shastri Nagar|https://www.zomato.com/jalandhar/krishna-dairy-shastri-nagar/info|16|Beverage Shop|8am to 10pm(Mon-Sun)||NEW|NEW
Love Bites|300|Spanish,Italian,Continental,Chinese|Jalandhar|Jalandhar Cantt|https://www.zomato.com/jalandhar/love-bites-jalandhar-cantt/info|16|Food Court|4pm to 930pm(Mon-Sun)||NEW|NEW
Coffila Corner|200|South Indian,Desserts|Jalandhar|Jalandhar Cantt|https://www.zomato.com/jalandhar/coffila-corner-jalandhar-cantt/info|16|Casual Dining|11am to 10pm(Mon-Sun)||NEW|NEW
IBI Bake Studio|300|Bakery|Jalandhar|GT Road|https://www.zomato.com/jalandhar/ibi-bake-studio-gt-road/info|16|Bakery|8am to 8pm(Mon-Sun)|Not rated|-|-
Wah bhai Wah|150|Street Food|Jalandhar|Shastri Nagar|https://www.zomato.com/jalandhar/wah-bhai-wah-shastri-nagar/info|16|Food Court|2pm to 930pm(Mon-Sun)|Not rated|-|-
KHADKE GLASSY PUB AND RESTAURANT|300|North Indian|Jalandhar|GT Road|https://www.zomato.com/jalandhar/khadke-glassy-pub-and-restaurant-gt-road/info|16|Quick Bites|11am to 10pm(Mon-Sun)|Not rated|-|-
Neha Vaishno Dhaba|200|North Indian|Jalandhar|Jalandhar Cantt|https://www.zomato.com/jalandhar/neha-vaishno-dhaba-jalandhar-cantt/info|16|Quick Bites|830am to 10pm(Mon-Sun)||NEW|NEW
Monster Fast food|200|North Indian,Chinese,Afghan|Jalandhar|Rama Mandi|https://www.zomato.com/jalandhar/monster-fast-food-rama-mandi/info|16|Casual Dining|12noon to 10pm(Mon-Sun)||NEW|NEW
Jagdamba Dhaba|200|North Indian|Jalandhar|Model Town|https://www.zomato.com/jalandhar/jagdamba-dhaba-model-town/info|16|Dhaba|9am to 10pm(Mon-Sun)|Not rated|-|-
Heat 7 Family Restaurant|1000|Chinese,American|Jalandhar|Shastri Nagar|https://www.zomato.com/jalandhar/heat-7-family-restaurant-shastri-nagar/info|16|Quick Bites|11am to 11pm(Mon-Sun)|Good|3.7|79
Parkash Bakery|500|Italian,Bakery|Jalandhar|Model Town|https://www.zomato.com/jalandhar/parkash-bakery-model-town/info|16|Quick Bites|11am to 11pm(Mon-Sun)|Very Good|4.0|117
Seven Heaven|400|Pizza|Jalandhar|Model House|https://www.zomato.com/jalandhar/seven-heaven-model-house/info|16|Quick Bites|11am to 11pm(Mon-Sun)|Very Good|4.0|85
The American Chicken|400|Continental,American|Jalandhar|Model Town|https://www.zomato.com/jalandhar/the-american-chicken-model-town/info|16|Quick Bites|12noon to 10am(Mon-Sun)|Very Good|4.0|104
De Nuevo|1500|North Indian,Continental,Italian,Fast Food|Jalandhar|Model Town|https://www.zomato.com/jalandhar/de-nuevo-model-town/info|17|Quick Bites|11am to 11pm(Mon-Sun)|Good|3.9|95
Brewmaster|1200|Chinese,North Indian|Jalandhar|Model Town|https://www.zomato.com/jalandhar/brewmaster-model-town/info|17|Microbrewery|1130am to 1030pm(Mon-Sun)|Good|3.6|84
Salad Master|200|Salad,Burger|Jalandhar|Model Town|https://www.zomato.com/jalandhar/salad-master-model-town/info|17|Quick Bites|12noon to 1045pm(Mon-Sun)|Good|3.7|60
Cocos Ice Cream Hub|300|Ice Cream|Jalandhar|Model Town|https://www.zomato.com/jalandhar/cocos-ice-cream-hub-1-model-town/info|17|Dessert Parlor|12noon to 1155pm(Mon-Sun)|Good|3.6|53
Tasty Bites|400|Chinese,North Indian|Jalandhar|Jalandhar Cantt|https://www.zomato.com/jalandhar/tasty-bites-jalandhar-cantt/info|17|Quick Bites|11am to 11pm(Mon-Sun)|Good|3.5|37
Shaolin|1000|North Indian,Chinese|Jalandhar|Model Town|https://www.zomato.com/jalandhar/shaolin-model-town/info|17|Casual Dining|11am to 11pm(Mon-Sun)|Good|3.8|110
Gurukirpa Veg Champ Corner|200|North Indian|Jalandhar|Model Town|https://www.zomato.com/jalandhar/gurukirpa-veg-champ-corner-model-town/info|17|Quick Bites|4pm to 11pm(Mon-Sun)|Good|3.8|51
La Tandoori|500|North Indian,Mughlai|Jalandhar|Urban Estate|https://www.zomato.com/jalandhar/la-tandoori-urban-estate/info|17|Quick Bites|3pm to 11pm(Mon-Sun)|Good|3.6|44
Spice N Ice|300|North Indian,Fast Food|Jalandhar|Adarsh Nagar|https://www.zomato.com/jalandhar/spice-n-ice-adarsh-nagar/info|17|Quick Bites|11am to 11pm(Mon-Sun)|Average|3.4|28
Super Cremica Fast Food & Restaurant|300|North Indian,South Indian,Continental,Fast Food|Jalandhar|Shastri Nagar|https://www.zomato.com/jalandhar/super-cremica-fast-food-restaurant-shastri-nagar/info|17|Quick Bites|11am to 11pm(Mon-Sun)|Good|3.7|45
King Restaurant|300|North Indian,Chinese|Jalandhar|Maqsudan|https://www.zomato.com/jalandhar/king-restaurant-maqsudan/info|17|Quick Bites|11am to 11pm(Mon-Sun)|Good|3.6|55
Burger House|100|Burger,Continental|Jalandhar|Shastri Nagar|https://www.zomato.com/jalandhar/burger-house-shastri-nagar/info|17|Quick Bites|11am to 11pm(Mon-Sun)|Good|3.9|70
Sri Krishna Dhaba|400|North Indian,Chinese|Jalandhar|Transport Nagar|https://www.zomato.com/jalandhar/sri-krishna-dhaba-transport-nagar/info|17|Dhaba|9am to 11pm(Mon-Sun)|Good|3.7|23
Sk Chicken & Fish|300|North Indian,Biryani,Chinese,Seafood|Jalandhar|Shastri Nagar|https://www.zomato.com/jalandhar/sk-chicken-fish-shastri-nagar/info|17|Quick Bites|12noon to 11pm(Mon-Sun)|Good|3.5|44
Harish Duggal Chicken|300|North Indian|Jalandhar|Model Town|https://www.zomato.com/jalandhar/harish-duggal-chicken-model-town/info|17|Casual Dining|12noon to 12midnight(Mon-Sun)|Good|3.5|36
My Delight Cup|300|Fast Food,Beverages|Jalandhar|Shastri Nagar|https://www.zomato.com/jalandhar/my-delight-cup-shastri-nagar/info|18|Quick Bites|11am to 11pm(Mon-Sun)|Good|3.8|47
Eat Well|700|Mughlai|Jalandhar|Jalandhar Cantt|https://www.zomato.com/jalandhar/eat-well-jalandhar-cantt/info|18|Quick Bites|11am to 11pm(Mon-Sun)|Good|3.6|87
Pizza Italia Wood Oven|600|Pizza,Fast Food,Italian,Continental|Jalandhar|Transport Nagar|https://www.zomato.com/jalandhar/pizza-italia-wood-oven-transport-nagar/info|18|Quick Bites|10am to 11pm(Mon-Sun)|Good|3.6|30
Shahi Daawat Dhaba|400|Mughlai|Jalandhar|Shastri Nagar|https://www.zomato.com/jalandhar/shahi-daawat-dhaba-shastri-nagar/info|18|Dhaba|1130am to 11pm(Mon-Sun)|Good|3.6|43
Pizza Express|200|Pizza,Italian,Fast Food|Jalandhar|Rama Mandi|https://www.zomato.com/jalandhar/pizza-express-rama-mandi/info|18|Quick Bites|11am to 11pm(Mon-Sun)|Good|3.5|93
The Bobby Veg & Non Veg|400|North Indian,Biryani,Chinese|Jalandhar|Urban Estate|https://www.zomato.com/jalandhar/the-bobby-veg-non-veg-urban-estate/info|18|Quick Bites|11am to 11pm(Mon-Sun)|Good|3.6|46
Haldi Handi|500|North Indian,Chinese,Continental|Jalandhar|Model Town|https://www.zomato.com/jalandhar/haldi-handi-model-town/info|18|Quick Bites|11am to 11pm(Mon-Sun)|Good|3.7|28
Biryani Capital|200|Biryani|Jalandhar|Model Town|https://www.zomato.com/jalandhar/biryani-capital-model-town/info|18|none|11am to 11pm(Mon-Sun)|Good|3.5|13
The Live Creamery|300|Desserts|Jalandhar|Model Town|https://www.zomato.com/jalandhar/the-live-creamery-model-town/info|18|Dessert Parlor|11am to 1130pm(Mon-Sun)|Good|3.7|43
K.G.S Cottage|250|North Indian,Chinese,Continental|Jalandhar|Model House|https://www.zomato.com/jalandhar/k-g-s-cottage-model-house/info|18|Quick Bites|11am to 11pm(Mon-Sun)|Good|3.7|28
American Style Fried|300|American|Jalandhar|Rama Mandi|https://www.zomato.com/jalandhar/american-style-fried-rama-mandi/info|18|Quick Bites|11am to 11pm(Mon-Sun)|Good|3.6|71
Sainik Chicken Corner|500|North Indian,Chinese|Jalandhar|Shastri Nagar|https://www.zomato.com/jalandhar/sainik-chicken-corner-1-shastri-nagar/info|18|Quick Bites|11am to 4pm,630pm to 11pm(Mon-Sun)|Good|3.7|52
New Shahi Kareem|1000|North Indian|Jalandhar|Nakodar Road|https://www.zomato.com/jalandhar/new-shahi-kareem-nakodar-road/info|18|Casual Dining|11am to 11pm(Mon-Sun)|Good|3.5|62
Singh Corner|500|Mughlai|Jalandhar|Jalandhar Cantt|https://www.zomato.com/jalandhar/singh-corner-jalandhar-cantt/info|18|Quick Bites|12noon to 11pm(Mon-Sun)|Average|3.2|100
Hot Breadz & Shakes|400|Fast Food,Beverages|Jalandhar|Model Town|https://www.zomato.com/jalandhar/hot-breadz-shakes-model-town/info|18|Beverage Shop|12noon to 11pm(Mon-Sun)|Good|3.7|85
Makkar Bakers & Confectionery|350|Desserts,Bakery|Jalandhar|Model Town|https://www.zomato.com/jalandhar/makkar-bakers-confectionery-model-town/info|19|Bakery|11am to 11pm(Mon-Sun)|Average|3.4|20
Lakshmi Refreshment|200|Ice Cream,Desserts|Jalandhar|Shastri Nagar|https://www.zomato.com/jalandhar/lakshmi-refreshment-shastri-nagar/info|19|Dessert Parlor|11am to 11pm(Mon-Sun)|Very Good|4.0|78
Kilo Kitchen|300|Biryani|Jalandhar|Model Town|https://www.zomato.com/jalandhar/kilo-kitchen-1-model-town/info|19|Quick Bites|11am to 11pm(Mon-Sun)|Average|3.3|23
Uncle's Kitchen|400|North Indian,Chinese|Jalandhar|Urban Estate|https://www.zomato.com/jalandhar/uncles-kitchen-urban-estate/info|19|Quick Bites|11am to 11pm(Mon-Sun)|Average|3.4|58
Eat and Burp|300|Fast Food|Jalandhar|Adarsh Nagar|https://www.zomato.com/jalandhar/eat-and-burp-adarsh-nagar/info|19|none|12noon to 11pm(Mon-Sun)|Average|3.0|23
The Urban Angeethi|450|North Indian|Jalandhar|PPR Market|https://www.zomato.com/jalandhar/the-urban-angeethi-ppr-market/info|19|Quick Bites|11am to 11pm(Mon-Sun)|Good|3.7|72
Rawalpindi Express|200|North Indian|Jalandhar|Shastri Nagar|https://www.zomato.com/jalandhar/rawalpindi-express-shastri-nagar/info|19|Casual Dining|11am to 1030pm(Mon-Sun)||NEW|NEW
Barista Cafe & Lounge|650|Cafe|Jalandhar|Urban Estate|https://www.zomato.com/jalandhar/barista-cafe-lounge-urban-estate/info|19|Café|10am to 11pm(Mon-Sun)|Good|3.7|47
Jagat Manni Vaishno Dhaba|200|North Indian|Jalandhar|Shastri Nagar|https://www.zomato.com/jalandhar/jagat-manni-vaishno-dhaba-shastri-nagar/info|19|Dhaba|12noon to 1030pm(Mon-Sun)||NEW|NEW
Ki & Ka Cafe & Lounge|700|Cafe,North Indian|Jalandhar|Maqsudan|https://www.zomato.com/jalandhar/ki-ka-cafe-lounge-maqsudan/info|19|Café|11am to 11pm(Mon-Sun)|Good|3.5|65
Am Pm Fast Food|300|South Indian,Chinese,Fast Food|Jalandhar|Shastri Nagar|https://www.zomato.com/jalandhar/am-pm-fast-food-shastri-nagar/info|19|Quick Bites|12noon to 1030pm(Mon-Sun)|Average|3.4|33
Chop Chop Daily|400|North Indian,Fast Food|Jalandhar|Model Town|https://www.zomato.com/jalandhar/chop-chop-daily-model-town/info|19|Quick Bites|11am to 11pm(Mon-Sun)|Average|3.4|25
Soami Fast Food|300|Continental,Italian|Jalandhar|Adarsh Nagar|https://www.zomato.com/jalandhar/soami-fast-food-adarsh-nagar/info|19|Quick Bites|11am to 11pm(Mon-Sun)|Average|3.3|16
Sab Kuch 99|200|North Indian,Chinese|Jalandhar|Model Town|https://www.zomato.com/jalandhar/sab-kuch-99-model-town/info|19|none|11am to 11pm(Mon-Sun)|Average|3.3|21
Bablu Chick Chick Corner|400|North Indian,Chinese|Jalandhar|Model Town|https://www.zomato.com/jalandhar/bablu-chick-chick-corner-model-town/info|19|Quick Bites|11am to 11pm(Mon-Sun)|Good|3.7|76
Lovely Bake Studio|300|Bakery|Jalandhar|Nakodar Road|https://www.zomato.com/jalandhar/lovely-bake-studio-nakodar-road/info|2|Bakery|10am to 12midnight(Mon-Sun)|Very Good|4.4|326
The Belgian Waffle Co.|400|Desserts,Beverages|Jalandhar|Model Town|https://www.zomato.com/jalandhar/the-belgian-waffle-co-model-town/info|2|none|11am to 12midnight(Mon-Sun)|Excellent|4.5|273
Feast Hub|600|Pizza,Burger,Continental,Fast Food|Jalandhar|Model Town|https://www.zomato.com/jalandhar/feast-hub-model-town/info|2|Quick Bites|11am to 11pm(Mon-Sun)|Very Good|4.1|254
Hot Drive|200|Chinese,North Indian,Continental|Jalandhar|Model Town|https://www.zomato.com/jalandhar/hot-drive-model-town/info|2|Quick Bites|430pm to 11pm(Mon-Sun)|Very Good|4.0|276
Jacks - All American Creamery|600|Pizza,Fast Food,Beverages|Jalandhar|Urban Estate|https://www.zomato.com/jalandhar/jacks-all-american-creamery-urban-estate/info|2|Quick Bites|11am to 11pm(Mon-Sun)|Very Good|4.0|160
Caldo's Pizza & Cafe|500|Italian,Beverages,Pizza,Sandwich,Fast Food|Jalandhar|Model Town|https://www.zomato.com/jalandhar/caldos-pizza-cafe-model-town/info|2|Quick Bites|1030am to 1130pm(Mon-Sun)|Good|3.7|254
Bonfire|600|North Indian,Chinese|Jalandhar|PPR Market|https://www.zomato.com/jalandhar/bonfire-ppr-market/info|2|Quick Bites|12noon to 11pm(Mon,Tue,Thu,Fri,Sat,Sun)...|Very Good|4.1|228
Sagar Ratna|700|South Indian,North Indian,Chinese|Jalandhar|Model Town|https://www.zomato.com/jalandhar/sagar-ratna-model-town/info|2|Casual Dining|10am to 11pm(Mon-Sun)|Good|3.9|235
La Pino'z Pizza|800|Italian,Pizza|Jalandhar|Model Town|https://www.zomato.com/jalandhar/la-pinoz-pizza-model-town/info|2|Quick Bites|930am to 11pm(Mon-Sun)|Very Good|4.3|230
Hotel Plaza|300|North Indian,Biryani,Desserts|Jalandhar|Shastri Nagar|https://www.zomato.com/jalandhar/hotel-plaza-shastri-nagar/info|2|Quick Bites|7am to 11pm(Mon-Sun)|Good|3.7|203
Hungry Kya?|300|North Indian|Jalandhar|Shastri Nagar|https://www.zomato.com/jalandhar/hungry-kya-shastri-nagar/info|2|Quick Bites|930am to 1030pm(Mon-Sun)|Good|3.9|111
B4 Veg & Nonveg Dhaba|400|Fast Food,North Indian|Jalandhar|Adarsh Nagar|https://www.zomato.com/jalandhar/b4-veg-nonveg-dhaba-adarsh-nagar/info|2|Dhaba|11am to 11pm(Mon-Sun)|Very Good|4.1|174
Anil Fast Food And Ice Cream|300|Fast Food,Ice Cream|Jalandhar|Shastri Nagar|https://www.zomato.com/jalandhar/anil-fast-food-and-ice-cream-shastri-nagar/info|2|Quick Bites|11am to 1030pm(Mon-Sun)|Very Good|4.2|189
New H.S. King Kulfi & Veg. Restaurant|300|North Indian,Desserts,Chinese,Burger,Biryani|Jalandhar|Shastri Nagar|https://www.zomato.com/jalandhar/new-h-s-king-kulfi-veg-restaurant-shastri-nagar/info|2|Quick Bites|9am to 1030pm(Mon-Sun)|Good|3.9|178
Urban Dhaba|400|North Indian,Chinese|Jalandhar|Urban Estate|https://www.zomato.com/jalandhar/urban-dhaba-urban-estate/info|2|Quick Bites|1130am to 11pm(Mon-Sun)|Very Good|4.1|198
Inderprasth Khana Khazana|400|North Indian,Chinese|Jalandhar|Model House|https://www.zomato.com/jalandhar/inderprasth-khana-khazana-model-house/info|20|Quick Bites|11am to 11pm(Mon-Sun)|Average|3.2|30
Ansalade|300|Italian,Continental,Beverages,Salad|Jalandhar|Model Town|https://www.zomato.com/jalandhar/ansalade-model-town/info|20|Quick Bites|915am to 11pm(Mon,Tue,Wed,Thu,Fri,Sun)...|Average|3.4|28
Dumpling Hood|400|Fast Food,Beverages|Jalandhar|Model Town|https://www.zomato.com/jalandhar/dumpling-hood-model-town/info|20|Beverage Shop|1230pm to 11pm(Mon-Sun)|Average|3.4|46
Dilbagh Sweets|100|Mithai,Fast Food|Jalandhar|Adarsh Nagar|https://www.zomato.com/jalandhar/dilbagh-sweets-adarsh-nagar/info|20|Sweet Shop|11am to 11pm(Mon-Sun)|Average|3.4|22
Spaghetti Club|550|Italian|Jalandhar|GT Road|https://www.zomato.com/jalandhar/spaghetti-club-gt-road/info|20|Food Court|11am to 11pm(Mon-Sun)|Good|3.5|47
Cafe New York - Gymer's Kitchen|200|Healthy Food|Jalandhar|Model Town|https://www.zomato.com/jalandhar/cafe-new-york-gymers-kitchen-model-town/info|20|Quick Bites|11am to 11pm(Mon-Sun)|Average|3.4|16
Old Kartar Vaishno Dhaba|200|North Indian|Jalandhar|Shastri Nagar|https://www.zomato.com/jalandhar/old-kartar-vaishno-dhaba-shastri-nagar/info|20|Quick Bites|11am to 11pm(Mon-Sun)|Good|3.7|32
Soul Karma|600|North Indian|Jalandhar|PPR Market|https://www.zomato.com/jalandhar/soul-karma-ppr-market/info|20|Casual Dining|11am to 11pm(Mon-Sun)|Average|3.2|43
Punjabi Chaskaa|300|North Indian|Jalandhar|Model Town|https://www.zomato.com/jalandhar/punjabi-chaskaa-model-town/info|20|Quick Bites|1230pm to 4pm,6pm to 11pm(Mon-Sun)|Good|3.6|32
Arneja's Hot n Cool|700|North Indian,Chinese|Jalandhar|Model Town|https://www.zomato.com/jalandhar/arnejas-hot-n-cool-model-town/info|20|Casual Dining|11am to 11pm(Mon-Sun)|Average|2.5|60
Drunken Monkey|500|Beverages|Jalandhar|Model Town|https://www.zomato.com/jalandhar/drunken-monkey-model-town/info|20|Beverage Shop|915am to 11pm(Mon-Sun)|Average|3.4|45
Food Factory|400|Burger,Fast Food,Italian|Jalandhar|Urban Estate|https://www.zomato.com/jalandhar/food-factory-urban-estate/info|20|Quick Bites|11am to 11pm(Mon-Sun)|Average|3.3|13
Big Bang Grill|500|Chinese,North Indian,Continental|Jalandhar|Model Town|https://www.zomato.com/jalandhar/big-bang-grill-model-town/info|20|Casual Dining|11am to 11pm(Mon-Sun)|Average|3.4|30
Hunger's Villa|150|Italian,Continental|Jalandhar|Rama Mandi|https://www.zomato.com/jalandhar/hungers-villa-rama-mandi/info|20|Casual Dining|1pm to 1030pm(Mon-Sun)||NEW|NEW
Dang Sweets|200|North Indian|Jalandhar|Model Town|https://www.zomato.com/jalandhar/dang-sweets-model-town/info|20|Quick Bites|8am to 11pm(Mon-Sun)|Average|3.3|8
Tandoori Flames|400|North Indian|Jalandhar|Model Town|https://www.zomato.com/jalandhar/tandoori-flames-model-town/info|21|Quick Bites|11am to 11pm(Mon,Wed,Thu,Fri,Sat,Sun),Closed...|Good|3.6|32
Rocky's Wood Fired Kitchen|800|Italian,Continental|Jalandhar|Urban Estate|https://www.zomato.com/jalandhar/rockys-wood-fired-kitchen-urban-estate/info|21|Casual Dining|12noon to 1045pm(Mon-Sun)|Average|3.4|37
Chawla's  Veg And Non Veg|400|North Indian|Jalandhar|Urban Estate|https://www.zomato.com/jalandhar/chawlas-veg-and-non-veg-urban-estate/info|21|Quick Bites|11am to 11pm(Mon-Sun)|Average|3.4|16
Andy's Cafe And Bakers|250|Chinese,Beverages,Fast Food|Jalandhar|Transport Nagar|https://www.zomato.com/jalandhar/andys-cafe-and-bakers-transport-nagar/info|21|Quick Bites|10am to 1130pm(Mon-Sun)|Good|3.6|25
Ravindera Vaishno Dhaba|250|North Indian|Jalandhar|PPR Market|https://www.zomato.com/jalandhar/ravindera-vaishno-dhaba-ppr-market/info|21|Dhaba|11am to 11pm(Mon-Sun)|Good|3.6|42
B chicken|200|North Indian|Jalandhar|Model Town|https://www.zomato.com/jalandhar/b-chicken-model-town/info|21|Quick Bites|1pm to 11pm(Mon-Sun)|Average|3.4|13
Quality Foods Veg & Non Veg|400|North Indian,Chinese,Fast Food|Jalandhar|Shastri Nagar|https://www.zomato.com/jalandhar/quality-foods-veg-non-veg-shastri-nagar/info|21|Quick Bites|1030am to 1030pm(Mon-Sun)|Average|3.2|22
Nikku Egg|150|Fast Food|Jalandhar|Shastri Nagar|https://www.zomato.com/jalandhar/nikku-egg-shastri-nagar/info|21|Quick Bites|11am to 11pm(Mon,Wed,Thu,Fri,Sat,Sun),Closed...|Good|3.6|27
Gelato Davinci by Anchor Cafe|300|Ice Cream,Beverages|Jalandhar|Model Town|https://www.zomato.com/jalandhar/gelato-davinci-by-anchor-cafe-model-town/info|21|Dessert Parlor|11am to 11pm(Mon-Sun)|Good|3.5|29
Sharma Vaishno Dhaba|250|North Indian|Jalandhar|Jalandhar Cantt|https://www.zomato.com/jalandhar/sharma-vaishno-dhaba-jalandhar-cantt/info|21|Quick Bites|11am to 11pm(Mon-Sun)|Good|3.6|51
Dashmesh Vaishno Dhaba|300|North Indian|Jalandhar|Rama Mandi|https://www.zomato.com/jalandhar/dashmesh-vaishno-dhaba-rama-mandi/info|21|Dhaba|11am to 11pm(Mon-Sun)|Average|3.3|29
Olive Grill|1000|North Indian,Continental|Jalandhar|Model Town|https://www.zomato.com/jalandhar/olive-grill-model-town/info|21|Casual Dining|11am to 12midnight(Mon-Sun)|Average|3.4|43
D7 Fast Food|200|Burger,Pizza,Italian|Jalandhar|Model Town|https://www.zomato.com/jalandhar/d7-fast-food-model-town/info|21|Quick Bites|11am to 11pm(Mon-Sun)|Good|3.7|28
Baskin Robbins|200|Ice Cream|Jalandhar|Model Town|https://www.zomato.com/jalandhar/baskin-robbins-model-town/info|21|Dessert Parlor|11am to 11pm(Mon-Sun)|Good|3.5|20
Amritsari Bite|500|North Indian|Jalandhar|Shastri Nagar|https://www.zomato.com/jalandhar/amritsari-bite-shastri-nagar/info|21|Quick Bites|10am to 11pm(Mon-Sun)|Average|3.3|23
Sanjha Chulla Chaunka|700|North Indian,Chinese|Jalandhar|Jalandhar Cantt|https://www.zomato.com/jalandhar/sanjha-chulla-chaunka-jalandhar-cantt/info|22|Quick Bites|11am to 11pm(Mon-Sun)|Average|3.4|32
Satish Vaishno Dhaba|150|North Indian|Jalandhar|Model Town|https://www.zomato.com/jalandhar/satish-vaishno-dhaba-model-town/info|22|Bhojanalya|11am to 11pm(Mon-Sun)|Good|3.5|21
The Royal'z Diet|300|North Indian,Chinese|Jalandhar|Adarsh Nagar|https://www.zomato.com/jalandhar/the-royalz-diet-adarsh-nagar/info|22|Quick Bites|11am to 11pm(Mon-Sun)|Good|3.6|42
Singh Chicken Corner|300|North Indian|Jalandhar|Model Town|https://www.zomato.com/jalandhar/singh-chicken-corner-model-town/info|22|Quick Bites|11am to 11pm(Mon-Sun)|Average|3.0|23
Goldy Dhaba|500|North Indian|Jalandhar|Maqsudan|https://www.zomato.com/jalandhar/goldy-dhaba-maqsudan/info|22|Dhaba|11am to 11pm(Mon-Sun)|Average|3.4|44
Ginni Buns|300|Fast Food|Jalandhar|Urban Estate|https://www.zomato.com/jalandhar/ginni-buns-urban-estate/info|22|Quick Bites|12noon to 1030pm(Mon-Sun)|Average|3.4|11
Patwari Vaishno Dhaba|300|North Indian,Fast Food|Jalandhar|Jalandhar Cantt|https://www.zomato.com/jalandhar/patwari-vaishno-dhaba-jalandhar-cantt/info|22|Quick Bites|11am to 11pm(Mon-Sun)|Good|3.6|35
Annapurna Dhaba|400|North Indian|Jalandhar|Rama Mandi|https://www.zomato.com/jalandhar/annapurna-dhaba-rama-mandi/info|22|Casual Dining|11am to 11pm(Mon-Sun)|Average|2.6|40
Mast Banarasi Paan|100|Paan|Jalandhar|Model Town|https://www.zomato.com/jalandhar/mast-banarasi-paan-model-town/info|22|Paan Shop|11am to 11pm(Mon-Sun)|Good|3.5|37
Hot Max Box|800|North Indian,South Indian,Chinese|Jalandhar|Urban Estate|https://www.zomato.com/jalandhar/hot-max-box-urban-estate/info|22|Casual Dining|1030am to 11pm(Mon-Sun)|Good|3.6|30
Diet's Kitchen|200|Wraps,Salad,Healthy Food,Burger|Jalandhar|Adarsh Nagar|https://www.zomato.com/jalandhar/diets-kitchen-adarsh-nagar/info|22|Food Court|12noon to 1030pm(Mon-Sun)||NEW|NEW
Shivraj Dhaba|250|North Indian|Jalandhar|Shastri Nagar|https://www.zomato.com/jalandhar/shivraj-dhaba-shastri-nagar/info|22|Dhaba|11am to 11pm(Mon-Sun)|Average|3.3|8
Amritsari Rasoi Dhaba|700|North Indian|Jalandhar|Urban Estate|https://www.zomato.com/jalandhar/amritsari-rasoi-dhaba-urban-estate/info|22|Dhaba|11am to 11pm(Mon-Sun)|Average|2.8|22
King's Dhaba|300|North Indian,Chinese,Italian|Jalandhar|Model Town|https://www.zomato.com/jalandhar/kings-dhaba-model-town/info|22|Quick Bites|11am to 11pm(Mon-Sun)|Good|3.7|32
Hotel Citadines|750|North Indian,Chinese,Fast Food|Jalandhar|Shastri Nagar|https://www.zomato.com/jalandhar/hotel-citadines-shastri-nagar/info|22|Casual Dining|1130am to 1115pm(Mon-Sun)|Average|3.2|11
Foody Singh|300|Continental|Jalandhar|Shastri Nagar|https://www.zomato.com/jalandhar/foody-singh-shastri-nagar/info|23|none|5pm to 1030pm(Mon-Sun)|Average|3.4|33
Bawarchi|350|North Indian,Fast Food|Jalandhar|GT Road|https://www.zomato.com/jalandhar/bawarchi-gt-road/info|23|Quick Bites|1pm to 11pm(Mon-Sun)|Average|3.1|5
Prithvi's Planet|1500|Chinese,Continental,North Indian,Italian|Jalandhar|Shastri Nagar|https://www.zomato.com/jalandhar/prithvis-planet-shastri-nagar/info|23|Casual Dining|11am to 11pm(Mon-Sun)|Average|3.4|18
Chacha|200|North Indian|Jalandhar|Model Town|https://www.zomato.com/jalandhar/chacha-model-town/info|23|Quick Bites|12noon to 11pm(Mon-Sun)|Average|3.2|10
Singh Burger|300|Fast Food,Burger|Jalandhar|Model Town|https://www.zomato.com/jalandhar/singh-burger-1-model-town/info|23|none|11am to 11pm(Mon-Sun)|Good|3.7|33
T.G.R.|700|Chinese,North Indian,Continental|Jalandhar|Urban Estate|https://www.zomato.com/jalandhar/t-g-r-urban-estate/info|23|Casual Dining|11am to 11pm(Mon-Sun)|Good|3.5|21
Punjab Food Plaza|500|North Indian|Jalandhar|Shastri Nagar|https://www.zomato.com/jalandhar/punjab-food-plaza-shastri-nagar/info|23|Quick Bites|11am to 11pm(Mon-Sun)|Average|3.2|34
The Chocolate Room|700|Cafe|Jalandhar|Jalandhar Cantt|https://www.zomato.com/jalandhar/the-chocolate-room-jalandhar-cantt/info|23|Café|1030am to 1030pm(Mon-Sun)|Average|3.4|13
Cafe Saturday|300|French,Beverages|Jalandhar|Model Town|https://www.zomato.com/jalandhar/cafe-saturday-model-town/info|23|Casual Dining|1130am to 1030pm(Mon-Sun)||NEW|NEW
Peezzaa Spot|300|Italian|Jalandhar|Shastri Nagar|https://www.zomato.com/jalandhar/peezzaa-spot-3-shastri-nagar/info|23|Quick Bites|11am to 11pm(Mon-Sun)|Good|3.5|20
Confection Connection|150|Continental|Jalandhar|Shastri Nagar|https://www.zomato.com/jalandhar/confection-connection-shastri-nagar/info|23|Quick Bites|1130am to 1030pm(Mon-Sat),1130am to 1029pm(Sun)|Average|3.3|13
Dr. Bubbles|300|Desserts,Beverages|Jalandhar|Model Town|https://www.zomato.com/jalandhar/dr-bubbles-model-town/info|23|Beverage Shop|11am to 11pm(Mon-Sun)||NEW|NEW
Mamma Mia Pizza Store|200|Italian,Continental|Jalandhar|Model Town|https://www.zomato.com/jalandhar/mamma-mia-pizza-store-model-town/info|23|Quick Bites|11am to 11pm(Mon-Sun)|Average|3.3|13
Chef Diyan Gallan|400|Sandwich,Burger,Pizza|Jalandhar|Shastri Nagar|https://www.zomato.com/jalandhar/chef-diyan-gallan-3-shastri-nagar/info|23|Quick Bites|830am to 1130pm(Mon-Sat),12noon to 1130pm(Sun)|Not rated|-|-
The Tasty Spoon|150|North Indian|Jalandhar|Model Town|https://www.zomato.com/jalandhar/the-tasty-spoon-model-town/info|23|Casual Dining|9am to 11pm(Mon-Sun)|Average|3.4|15
Fire N The Hole|600|Italian|Jalandhar|Urban Estate|https://www.zomato.com/jalandhar/fire-n-the-hole-urban-estate/info|24|Quick Bites|11am to 11pm(Mon-Sun)|Average|3.2|20
Barista Lavazza|600|Cafe|Jalandhar|Model Town|https://www.zomato.com/jalandhar/barista-lavazza-model-town/info|24|Café|10am to 1030pm(Mon-Sun)|Average|3.4|27
Kalia Vaishno Dhaba|300|North Indian|Jalandhar|Adarsh Nagar|https://www.zomato.com/jalandhar/kalia-vaishno-dhaba-adarsh-nagar/info|24|Quick Bites|11am to 11pm(Mon-Sun)|Average|3.0|19
The Yellow Chilli|500|North Indian,Chinese,Italian|Jalandhar|Shastri Nagar|https://www.zomato.com/jalandhar/the-yellow-chilli-shastri-nagar/info|24|Casual Dining|11am to 1125pm(Mon),11am to 11pm(Tue-Sun)|Average|3.4|21
Satkartar Refreshments|150|North Indian|Jalandhar|Model House|https://www.zomato.com/jalandhar/satkartar-refreshments-model-house/info|24|Quick Bites|2pm to 11pm(Mon-Sun)|Good|3.5|26
Hombug|200|Chinese,Continental,Italian|Jalandhar|Model Town|https://www.zomato.com/jalandhar/hombug-model-town/info|24|Quick Bites|11am to 11pm(Mon-Sun)|Average|3.4|14
Amit Vaishno Dhaba|200|North Indian|Jalandhar|Model Town|https://www.zomato.com/jalandhar/amit-vaishno-dhaba-model-town/info|24|Dhaba|11am to 11pm(Mon-Sun)|Average|3.0|12
Dilbagh|200|Beverages,Desserts|Jalandhar|Shastri Nagar|https://www.zomato.com/jalandhar/dilbagh-shastri-nagar/info|24|Quick Bites|11am to 11pm(Mon-Sun)|Average|3.2|10
The Momos Hut|150|North Indian|Jalandhar|Adarsh Nagar|https://www.zomato.com/jalandhar/the-momos-hut-adarsh-nagar/info|24|Food Court|530pm to 1030pm(Mon-Sun)||NEW|NEW
Hari Kabab|300|North Indian|Jalandhar|Model House|https://www.zomato.com/jalandhar/hari-kabab-model-house/info|24|Quick Bites|11am to 11pm(Mon-Sun)|Average|3.4|30
Eat Fresh Burger Roots|250|Continental,Chinese|Jalandhar|Adarsh Nagar|https://www.zomato.com/jalandhar/eat-fresh-burger-roots-adarsh-nagar/info|24|Quick Bites|4pm to 11pm(Mon-Sun)|Average|3.1|14
Sabharwal Bakers and Food Plaza|300|Bakery|Jalandhar|Shastri Nagar|https://www.zomato.com/jalandhar/sabharwal-bakers-and-food-plaza-shastri-nagar/info|24|Bakery|11am to 11pm(Mon-Sun)|Average|3.2|12
R2P|500|Cafe|Jalandhar|Shastri Nagar|https://www.zomato.com/jalandhar/r2p-shastri-nagar/info|24|Café|11am to 11pm(Mon-Sun)|Average|3.2|19
Green Vaishno Dhaba|150|North Indian|Jalandhar|Rama Mandi|https://www.zomato.com/jalandhar/green-vaishno-dhaba-rama-mandi/info|24|Dhaba|11am to 12midnight(Mon-Sun)||NEW|NEW
Kerala Narial Pani|100|Beverages|Jalandhar|Model Town|https://www.zomato.com/jalandhar/kerala-narial-pani-model-town/info|24|Quick Bites|7am to 11pm(Mon-Sun)|Not rated|-|-
Kurries & Kababs|500|North Indian|Jalandhar|Shastri Nagar|https://www.zomato.com/jalandhar/kurries-kababs-shastri-nagar/info|25|Quick Bites|11am to 11pm(Mon-Sun)|Good|3.6|28
The Glassy Junction|700|North Indian,Chinese,Continental|Jalandhar|GT Road|https://www.zomato.com/jalandhar/the-glassy-junction-gt-road/info|25|Casual Dining|11am to 11pm(Mon-Sun)|Average|3.3|16
Sheikhupuria Chicken Hut|250|North Indian|Jalandhar|GT Road|https://www.zomato.com/jalandhar/sheikhupuria-chicken-hut-gt-road/info|25|Quick Bites|1pm to 11pm(Mon-Sun)|Average|3.0|8
Kesar Chicken Corner|350|North Indian|Jalandhar|Model Town|https://www.zomato.com/jalandhar/kesar-chicken-corner-model-town/info|25|Quick Bites|12noon to 11pm(Mon-Sun)|Not rated|-|-
Love Italy|700|North Indian,Chinese,Italian|Jalandhar|Model Town|https://www.zomato.com/jalandhar/love-italy-model-town/info|25|Casual Dining|11am to 11pm(Mon-Sun)|Not rated|-|-
Bunty Lajawab Burger Corner|150|Burger|Jalandhar|Adarsh Nagar|https://www.zomato.com/jalandhar/bunty-lajawab-burger-corner-adarsh-nagar/info|25|Food Court|5pm to 1030pm(Mon-Sun)||NEW|NEW
The Hashtag|300|Chinese,Fast Food,North Indian,Italian|Jalandhar|Model Town|https://www.zomato.com/jalandhar/the-hashtag-5-model-town/info|25|Quick Bites|11am to 11pm(Mon-Sun)|Average|2.7|18
G1 Fast food|200|North Indian|Jalandhar|Adarsh Nagar|https://www.zomato.com/jalandhar/g1-fast-food-adarsh-nagar/info|25|Food Court|5pm to 1030pm(Mon-Sun)||NEW|NEW
Buzz By Heat 7|500|Cafe,Continental|Jalandhar|Urban Estate|https://www.zomato.com/jalandhar/buzz-by-heat-7-urban-estate/info|25|Café|1130am to 11pm(Mon-Sun)|Average|3.2|23
Ghai Bakers Kitchen|500|South Indian,Continental,Chinese|Jalandhar|Model Town|https://www.zomato.com/jalandhar/ghai-bakers-kitchen-1-model-town/info|25|Casual Dining|11am to 11pm(Mon-Sun)|Average|3.3|15
Liquor Adda 5|1200|North Indian,Continental,Chinese|Jalandhar|Model Town|https://www.zomato.com/jalandhar/liquor-adda-5-1-model-town/info|25|Casual Dining|12noon to 1130pm(Mon-Sun)|Average|3.3|18
Bisque|1500|Chinese|Jalandhar|Urban Estate|https://www.zomato.com/jalandhar/bisque-urban-estate/info|25|Fine Dining|11am to 11pm(Mon-Sun)|Average|3.1|6
Sugandh Dhaba|600|North Indian|Jalandhar|Jalandhar Cantt|https://www.zomato.com/jalandhar/sugandh-dhaba-jalandhar-cantt/info|25|Quick Bites|11am to 1130pm(Mon-Sun)|Average|3.0|7
Pappu Da Dhaba|400|North Indian|Jalandhar|Jalandhar Cantt|https://www.zomato.com/jalandhar/pappu-da-dhaba-jalandhar-cantt/info|25|Dhaba|11am to 11pm(Mon-Sun)|Average|3.2|16
Hungrill|350|North Indian|Jalandhar|Jalandhar Cantt|https://www.zomato.com/jalandhar/hungrill-jalandhar-cantt/info|25|Quick Bites|11am to 11pm(Mon-Sun)|Not rated|-|-
Jass Bakers|400|Bakery|Jalandhar|Model Town|https://www.zomato.com/jalandhar/jass-bakers-model-town/info|26|Bakery|9am to 11pm(Mon-Sun)|Average|3.3|12
Celebration Bar and Restaurant|300|North Indian,Chinese,Continental|Jalandhar|Model Town|https://www.zomato.com/jalandhar/celebration-bar-and-restaurant-model-town/info|26|Bar|11am to 11pm(Mon-Sun)|Average|3.1|10
Hotel President New Court|400|North Indian,Continental,Chinese|Jalandhar|Model Town|https://www.zomato.com/jalandhar/hotel-president-new-court-model-town/info|26|Casual Dining|11am to 1030pm(Mon-Sun)||NEW|NEW
American Chicken Burger|200|Burger|Jalandhar|Model Town|https://www.zomato.com/jalandhar/american-chicken-burger-model-town/info|26|Quick Bites|7pm to 1030pm(Mon-Sun)|Average|3.1|7
Sai Rasoi|250|North Indian|Jalandhar|Adarsh Nagar|https://www.zomato.com/jalandhar/sai-rasoi-adarsh-nagar/info|26|Fine Dining|11am to 1030pm(Mon-Sun)||NEW|NEW
Shiv Shakti Vaishno Dhaba|100|North Indian|Jalandhar|Model Town|https://www.zomato.com/jalandhar/shiv-shakti-vaishno-dhaba-model-town/info|26|Dhaba|11am to 11pm(Mon-Sun)|Average|2.8|7
One Bite More|150|Fast Food|Jalandhar|Adarsh Nagar|https://www.zomato.com/jalandhar/one-bite-more-1-adarsh-nagar/info|26|Quick Bites|10am to 1030pm(Mon-Sun)|Average|3.2|9
DD Chicken Hut|300|North Indian|Jalandhar|Model Town|https://www.zomato.com/jalandhar/dd-chicken-hut-model-town/info|26|Quick Bites|11am to 11pm(Mon-Sun)|Average|3.0|9
Comfort Inn|500|North Indian,Chinese,Continental,Italian|Jalandhar|Model Town|https://www.zomato.com/jalandhar/comfort-inn-model-town/info|26|Casual Dining|730am to 11pm(Mon-Sun)|Average|3.1|7
Hotel Imperia Suites|600|North Indian,Italian,Continental|Jalandhar|Shastri Nagar|https://www.zomato.com/jalandhar/hotel-imperia-suites-shastri-nagar/info|26|Fine Dining|11am to 11pm(Mon-Sun)||NEW|NEW
Raja Chicken Corner|350|North Indian|Jalandhar|Shastri Nagar|https://www.zomato.com/jalandhar/raja-chicken-corner-shastri-nagar/info|26|Quick Bites|12noon to 11pm(Mon-Sun)|Average|3.0|5
RDX Food Plaza|500|North Indian,Chinese,Fast Food|Jalandhar|Model Town|https://www.zomato.com/jalandhar/rdx-food-plaza-model-town/info|26|Casual Dining|12noon to 11pm(Mon-Sun)|Average|2.9|4
Hotel Vijay Resorts|800|North Indian,Chinese,Indian|Jalandhar|Maqsudan|https://www.zomato.com/jalandhar/hotel-vijay-resorts-maqsudan/info|26|Casual Dining|12noon to 11pm(Mon-Sun)|Average|3.3|17
Desi Cooks|1100|North Indian|Jalandhar|Model Town|https://www.zomato.com/jalandhar/desi-cooks-model-town/info|26|Casual Dining|1130am to 1130pm(Mon-Sun)|Average|3.2|12
Chacha Veg and Non Veg Dhaba|300|North Indian|Jalandhar|Rama Mandi|https://www.zomato.com/jalandhar/chacha-veg-and-non-veg-dhaba-rama-mandi/info|26|Casual Dining|12noon to 1030pm(Mon-Sun)||NEW|NEW
Hotel Maharaja Residency|800|North Indian,Chinese|Jalandhar|Shastri Nagar|https://www.zomato.com/jalandhar/hotel-maharaja-residency-shastri-nagar/info|27|Quick Bites|11am to 11pm(Mon-Sun)|Average|3.3|13
Cafe Mojo's|700|Cafe|Jalandhar|Nakodar Road|https://www.zomato.com/jalandhar/cafe-mojos-nakodar-road/info|27|Café|11am to 11pm(Mon-Sun)|Average|2.7|11
Kay Cee Food Plaza|400|Italian,Continental|Jalandhar|Shastri Nagar|https://www.zomato.com/jalandhar/kay-cee-food-plaza-shastri-nagar/info|27|Quick Bites|11am to 11pm(Mon-Sun)|Average|2.5|9
Shalimar Snacks Bar be que|300|North Indian|Jalandhar|Adarsh Nagar|https://www.zomato.com/jalandhar/shalimar-snacks-bar-be-que-adarsh-nagar/info|27|Casual Dining|12noon to 1030pm(Mon-Sun)||NEW|NEW
EAT THE BEST|450|North Indian|Jalandhar|Shastri Nagar|https://www.zomato.com/jalandhar/eat-the-best-shastri-nagar/info|27|Casual Dining|1130am to 1030pm(Mon-Sun)||NEW|NEW
Chicken Point|400|North Indian,Fast Food|Jalandhar|GT Road|https://www.zomato.com/jalandhar/chicken-point-gt-road/info|27|none|5pm to 11pm(Mon-Sun)|Average|3.2|6
Oh So Stoned|250|Desserts|Jalandhar|Model Town|https://www.zomato.com/jalandhar/oh-so-stoned-model-town/info|27|Quick Bites|6am to 530am(Mon-Sun)|Average|3.2|16
Republic of Chicken|400|Fast Food|Jalandhar|Model Town|https://www.zomato.com/jalandhar/republic-of-chicken-model-town/info|27|Quick Bites|11am to 11pm(Mon-Sun)|Average|3.3|13
Lal Fish Corner|0|North Indian|Jalandhar|Shastri Nagar|https://www.zomato.com/jalandhar/lal-fish-corner-shastri-nagar/info|27|Casual Dining|630pm to 1030pm(Mon,Wed,Thu,Fri,Sat,Sun)...||NEW|NEW
Blue Lion's|150|Continental,Healthy Food|Jalandhar|Shastri Nagar|https://www.zomato.com/jalandhar/blue-lions-shastri-nagar/info|27|Quick Bites|3pm to 11pm(Mon-Sun)|Average|3.2|12
Today's Special Chicken Corner|400|North Indian|Jalandhar|Model House|https://www.zomato.com/jalandhar/todays-special-chicken-corner-model-house/info|27|Quick Bites|11am to 11pm(Mon-Sun)|Average|2.8|12
Hunger Jacks|200|Continental,Italian|Jalandhar|Urban Estate|https://www.zomato.com/jalandhar/hunger-jacks-urban-estate/info|27|Quick Bites|11am to 11pm(Mon-Sun)|Average|3.2|7
Brar Foods|500|North Indian|Jalandhar|Urban Estate|https://www.zomato.com/jalandhar/brar-foods-urban-estate/info|27|Quick Bites|11am to 11pm(Mon-Sun)|Average|3.1|8
New Eat Me Dhaba|300|North Indian|Jalandhar|Adarsh Nagar|https://www.zomato.com/jalandhar/new-eat-me-dhaba-adarsh-nagar/info|27|Dhaba|12noon to 11pm(Mon-Sun)|Average|2.8|5
House Of Candy|200|Desserts|Jalandhar|Shastri Nagar|https://www.zomato.com/jalandhar/house-of-candy-shastri-nagar/info|27|Confectionery|1030am to 11pm(Mon-Sun)|Not rated|-|-
Gianni's|400|North Indian,Chinese|Jalandhar|Shastri Nagar|https://www.zomato.com/jalandhar/giannis-shastri-nagar/info|28|Quick Bites|12noon to 1030pm(Mon-Sun)|Average|3.1|8
Plandoras|1000|Continental|Jalandhar|Jalandhar Cantt|https://www.zomato.com/jalandhar/plandoras-jalandhar-cantt/info|28|Bar|11am to 11pm(Mon-Sun)|Average|3.1|5
Saffron|400|North Indian,Chinese|Jalandhar|Shastri Nagar|https://www.zomato.com/jalandhar/saffron-shastri-nagar/info|28|Quick Bites|11am to 11pm(Mon-Sun)|Average|2.6|7
Ganpati Juice Bar|100|Juices|Jalandhar|Adarsh Nagar|https://www.zomato.com/jalandhar/ganpati-juice-bar-adarsh-nagar/info|28|Beverage Shop|11am to 11pm(Mon-Sun)|Average|3.1|6
Quality Kababs|300|North Indian|Jalandhar|Model Town|https://www.zomato.com/jalandhar/quality-kababs-model-town/info|28|Quick Bites|11am to 11pm(Mon-Sun)|Average|3.0|6
Republic Of Chicken|300|Fast Food,Raw Meats,Seafood|Jalandhar|Shastri Nagar|https://www.zomato.com/jalandhar/republic-of-chicken-shastri-nagar/info|28|Quick Bites|11am to 11pm(Mon-Sun)|Not rated|-|-
Ghai Biscuits|300|Bakery,Fast Food|Jalandhar|Model Town|https://www.zomato.com/jalandhar/ghai-biscuits-1-model-town/info|28|Quick Bites|11am to 11pm(Mon-Sun)|Average|3.0|4
Aveda Kamal Palace|500|North Indian,Continental,Chinese|Jalandhar|Shastri Nagar|https://www.zomato.com/jalandhar/aveda-kamal-palace-shastri-nagar/info|28|Fine Dining|11am to 11pm(Mon-Sun)|Not rated|-|-
Tandoori Stop|300|North Indian|Jalandhar|Model House|https://www.zomato.com/jalandhar/tandoori-stop-model-house/info|28|Quick Bites|1230pm to 11pm(Mon-Fri),10am to 1130pm(Sat-Sun)|Not rated|-|-
Terminal 13|500|North Indian,Chinese,Continental|Jalandhar|Model Town|https://www.zomato.com/jalandhar/terminal-13-model-town/info|28|Casual Dining|1pm to 1030pm(Mon-Sun)|Average|3.3|15
Havmor Icecream|150|Desserts|Jalandhar|Jalandhar Cantt|https://www.zomato.com/jalandhar/havmor-icecream-jalandhar-cantt/info|28|Dessert Parlor|11am to 11pm(Mon-Sun)||NEW|NEW
Blue's Pub bar and Restaurant|500|Bar Food|Jalandhar|Shastri Nagar|https://www.zomato.com/jalandhar/blues-pub-bar-and-restaurant-shastri-nagar/info|28|Bar|12noon to 1030pm(Mon-Sun)|Average|3.0|4
Monster Fast Food|200|North Indian,Fast Food|Jalandhar|Shastri Nagar|https://www.zomato.com/jalandhar/monster-fast-food-shastri-nagar/info|28|Casual Dining|11am to 11pm(Mon-Sun)|Average|2.8|6
Jashan Foods|200|North Indian|Jalandhar|Model Town|https://www.zomato.com/jalandhar/jashan-foods-model-town/info|28|none|11am to 11pm(Mon-Sun)|Average|3.2|6
Hungry Hoops|400|North Indian|Jalandhar|Model Town|https://www.zomato.com/jalandhar/hungry-hoops-model-town/info|28|Quick Bites|12noon to 11pm(Mon-Sun)|Average|3.0|4
The Crispy Hawkers|350|North Indian|Jalandhar|Rama Mandi|https://www.zomato.com/jalandhar/the-crispy-hawkers-rama-mandi/info|29|Casual Dining|1030am to 1030pm(Mon-Sun)||NEW|NEW
Platform 13|1000|North Indian,Chinese,Continental|Jalandhar|Shastri Nagar|https://www.zomato.com/jalandhar/platform-13-shastri-nagar/info|29|Casual Dining|11am to 11pm(Mon-Sun)|Average|3.1|6
Mammagoto|1000|Continental,Thai|Jalandhar|Model Town|https://www.zomato.com/jalandhar/mammagoto-model-town/info|29|Casual Dining|12noon to 11pm(Mon-Sun)|Not rated|-|-
Cheers the Pub Bar and Restaurant|1000|Italian,Chinese,Continental,Mexican,North Indian|Jalandhar|Shastri Nagar|https://www.zomato.com/jalandhar/cheers-the-pub-bar-and-restaurant-shastri-nagar/info|29|Casual Dining|11am to 11pm(Mon-Sun)|Average|3.4|8
Kartar MANNI Dhaba|250|North Indian|Jalandhar|Adarsh Nagar|https://www.zomato.com/jalandhar/kartar-manni-dhaba-adarsh-nagar/info|29|Dhaba|10am to 1030pm(Mon-Sun)||NEW|NEW
Cheese n Chicken Corner|200|Fast Food|Jalandhar|Model Town|https://www.zomato.com/jalandhar/cheese-n-chicken-corner-model-town/info|29|Quick Bites|11am to 11pm(Mon-Sun)|Average|3.1|5
Chicken Point|250|North Indian|Jalandhar|Adarsh Nagar|https://www.zomato.com/jalandhar/chicken-point-adarsh-nagar/info|29|Casual Dining|1230pm to 1030pm(Mon-Sun)||NEW|NEW
Hotel Rajmahal And Restuarant|250|North Indian,Chinese,Continental,Italian|Jalandhar|Shastri Nagar|https://www.zomato.com/jalandhar/hotel-rajmahal-and-restuarant-shastri-nagar/info|29|Casual Dining|11am to 11pm(Mon-Sun)|Average|3.0|4
Shridhar Fast Food|200|Fast Food|Jalandhar|Adarsh Nagar|https://www.zomato.com/jalandhar/shridhar-fast-food-adarsh-nagar/info|29|Quick Bites|4pm to 11pm(Mon-Sun)|Average|2.9|5
Taava|250|Indian|Jalandhar|Model Town|https://www.zomato.com/jalandhar/taava-model-town/info|29|Quick Bites|11am to 11pm(Mon-Sun)|Average|3.3|11
Krrish Food Plaza|300|South Indian,Chinese|Jalandhar|Shastri Nagar|https://www.zomato.com/jalandhar/krrish-food-plaza-2-shastri-nagar/info|29|Quick Bites|11am to 1030pm(Mon-Sun)|Average|3.1|8
Bhukhadd|200|Chinese|Jalandhar|Model Town|https://www.zomato.com/jalandhar/bhukhadd-1-model-town/info|29|Quick Bites|3pm to 1030pm(Mon-Sun)|Average|3.1|6
Black Heaven|500|North Indian,Continental|Jalandhar|Urban Estate|https://www.zomato.com/jalandhar/black-heaven-urban-estate/info|29|Quick Bites|12noon to 11pm(Mon-Sun)|Average|3.1|8
Yummy Bitee|200|Chinese,Continental|Jalandhar|Rama Mandi|https://www.zomato.com/jalandhar/yummy-bitee-1-rama-mandi/info|29|Quick Bites|1130am to 1030pm(Mon-Sun)||NEW|NEW
Desi Bytes|300|Fast Food|Jalandhar|Urban Estate|https://www.zomato.com/jalandhar/desi-bytes-urban-estate/info|29|Quick Bites|11am to 11pm(Mon-Sun)|Average|3.0|6
Baba Chicken|400|North Indian|Jalandhar|Model Town|https://www.zomato.com/jalandhar/baba-chicken-model-town/info|3|Quick Bites|11am to 11pm(Mon-Sun)|Very Good|4.0|205
Chatterbox|800|Continental|Jalandhar|Model Town|https://www.zomato.com/jalandhar/chatterbox-model-town/info|3|Quick Bites|11am to 11pm(Mon-Sun)|Very Good|4.2|206
Everyday Fresh|350|Salad,Fast Food|Jalandhar|Model Town|https://www.zomato.com/jalandhar/everyday-fresh-model-town/info|3|Quick Bites|9am to 1030pm(Mon-Sun)|Very Good|4.4|168
Yo Pizza|500|Pizza|Jalandhar|Model Town|https://www.zomato.com/jalandhar/yo-pizza-model-town/info|3|none|11am to 11pm(Mon-Sun)|Very Good|4.1|150
Papa Whiskey|1500|North Indian|Jalandhar|Model Town|https://www.zomato.com/jalandhar/papa-whiskey-model-town/info|3|Bar|11am to 12midnight(Mon-Sun)|Good|3.9|172
Chick Chick PPR|500|North Indian,Mughlai|Jalandhar|PPR Market|https://www.zomato.com/jalandhar/chick-chick-ppr-ppr-market/info|3|Quick Bites|11am to 11pm(Mon-Sun)|Good|3.7|142
Kanta Chhuri|400|Indian,Continental,Chinese,South Indian|Jalandhar|Adarsh Nagar|https://www.zomato.com/jalandhar/kanta-chhuri-adarsh-nagar/info|3|Casual Dining|11am to 11pm(Mon-Sun)|Good|3.8|93
Head Quarter's|1000|North Indian,Continental,Chinese|Jalandhar|Model Town|https://www.zomato.com/jalandhar/head-quarters-model-town/info|3|Casual Dining|11am to 11pm(Mon-Sun)|Good|3.9|226
Frozen N Fry|500|Italian,Fast Food|Jalandhar|Adarsh Nagar|https://www.zomato.com/jalandhar/frozen-n-fry-adarsh-nagar/info|3|Quick Bites|11am to 11pm(Mon-Sun)|Good|3.8|138
Subway|500|Healthy Food,Sandwich,Salad|Jalandhar|Model Town|https://www.zomato.com/jalandhar/subway-model-town/info|3|Quick Bites|11am to 1030pm(Mon-Sun)|Good|3.9|237
Blue Fox|300|North Indian|Jalandhar|Model Town|https://www.zomato.com/jalandhar/blue-fox-model-town/info|3|Quick Bites|11am to 11pm(Mon-Sun)|Good|3.8|316
Burgrill|400|Burger,Fast Food|Jalandhar|Model Town|https://www.zomato.com/jalandhar/burgrill-model-town/info|3|Quick Bites|11am to 11pm(Mon-Sun)|Very Good|4.0|67
S.K Dhaba Vegetarian|250|North Indian|Jalandhar|Model Town|https://www.zomato.com/jalandhar/s-k-dhaba-vegetarian-model-town/info|3|Dhaba|11am to 11pm(Mon-Sat),930am to 11pm(Sun)|Good|3.7|129
Platoon Pizza|600|Pizza,Fast Food|Jalandhar|Model Town|https://www.zomato.com/jalandhar/platoon-pizza-model-town/info|3|Quick Bites|11am to 11pm(Mon-Sun)|Good|3.9|184
K.S.T Fast Food|100|Continental,Chinese,Italian|Jalandhar|Model Town|https://www.zomato.com/jalandhar/k-s-t-fast-food-model-town/info|3|Casual Dining|12noon to 11pm(Mon-Sun)|Very Good|4.2|167
Mogambo Lounge and Bar Restaurant|600|North Indian,Continental,Chinese|Jalandhar|Urban Estate|https://www.zomato.com/jalandhar/mogambo-lounge-and-bar-restaurant-urban-estate/info|30|Lounge|11am to 11pm(Mon-Sun)|Average|2.9|4
Angelo's Burger and Pizza|600|Italian,Continental|Jalandhar|Model Town|https://www.zomato.com/jalandhar/angelos-burger-and-pizza-model-town/info|30|Casual Dining|11am to 11pm(Mon-Sun)|Not rated|-|-
Hungry Kya Foodcarts|150|North Indian|Jalandhar|Model Town|https://www.zomato.com/jalandhar/hungry-kya-foodcarts-model-town/info|30|Quick Bites|11am to 11pm(Mon-Sun)|Not rated|-|-
Grill Street|300|North Indian|Jalandhar|Urban Estate|https://www.zomato.com/jalandhar/grill-street-urban-estate/info|30|Quick Bites|5pm to 11pm(Mon-Sun)||NEW|NEW
Hotel Inderprasth|400|North Indian,Chinese,Continental,Italian|Jalandhar|Shastri Nagar|https://www.zomato.com/jalandhar/hotel-inderprasth-shastri-nagar/info|30|Casual Dining|11am to 11pm(Mon-Sun)|Not rated|-|-
Hungry Hut|200|Italian,Continental|Jalandhar|Shastri Nagar|https://www.zomato.com/jalandhar/hungry-hut-1-shastri-nagar/info|30|Quick Bites|11am to 11pm(Mon-Sun)|Not rated|-|-
Bear's Pizza|300|Italian,Chinese|Jalandhar|Shastri Nagar|https://www.zomato.com/jalandhar/bears-pizza-shastri-nagar/info|30|Quick Bites|11am to 11pm(Mon-Sun)|Average|3.1|6
Fun Floor|400|North Indian,Fast Food|Jalandhar|Model House|https://www.zomato.com/jalandhar/fun-floor-model-house/info|30|Quick Bites|11am to 11pm(Mon-Sun)|Average|3.0|4
Eat and Meet|200|Fast Food|Jalandhar|GT Road|https://www.zomato.com/jalandhar/eat-and-meet-gt-road/info|30|Quick Bites|12noon to 11pm(Mon-Sun)|Not rated|-|-
PB 08 Garden Grill|1000|North Indian,Chinese,Continental|Jalandhar|Rama Mandi|https://www.zomato.com/jalandhar/pb-08-garden-grill-rama-mandi/info|30|Casual Dining|11am to 11pm(Mon-Sun)|Average|2.9|7
Desi Tadka|400|North Indian|Jalandhar|Model Town|https://www.zomato.com/jalandhar/desi-tadka-model-town/info|30|Quick Bites|11am to 11pm(Mon-Sun)|Average|2.9|4
Good Food Zone|300|Fast Food|Jalandhar|Rama Mandi|https://www.zomato.com/jalandhar/good-food-zone-rama-mandi/info|30|Quick Bites|11am to 11pm(Mon-Sun)|Average|2.8|7
Pari Cafe|200|Continental|Jalandhar|Urban Estate|https://www.zomato.com/jalandhar/pari-cafe-urban-estate/info|30|Quick Bites|12noon to 11pm(Mon-Sun)|Not rated|-|-
Hungry Forks|300|Fast Food,Beverages|Jalandhar|Model Town|https://www.zomato.com/jalandhar/hungry-forks-model-town/info|30|Quick Bites|11am to 11pm(Mon-Sun)|Average|2.8|6
Mister Chef|400|Continental,Chinese|Jalandhar|Shastri Nagar|https://www.zomato.com/jalandhar/mister-chef-shastri-nagar/info|30|Quick Bites|1130am to 11pm(Mon-Sun)|Average|3.0|5
UFC Chicken Corner|500|North Indian,Chinese|Jalandhar|Model Town|https://www.zomato.com/jalandhar/ufc-chicken-corner-model-town/info|31|Quick Bites|11am to 11pm(Mon-Sun)|Average|3.1|7
Eat The Best|350|Fast Food|Jalandhar|Model Town|https://www.zomato.com/jalandhar/eat-the-best-model-town/info|31|Quick Bites|11am to 11pm(Mon-Sun)|Average|3.1|5
Kohinoor Vaishno Dhaba|100|North Indian|Jalandhar|Model Town|https://www.zomato.com/jalandhar/kohinoor-vaishno-dhaba-model-town/info|31|Quick Bites|11am to 11pm(Mon-Sun)|Average|3.1|5
Days Hotel|500|North Indian,Chinese,Continental|Jalandhar|Nakodar Road|https://www.zomato.com/jalandhar/days-hotel-nakodar-road/info|31|Casual Dining|7am to 1130pm(Mon-Sun)|Not rated|-|-
Hungary Hunters|350|Fast Food,North Indian|Jalandhar|Transport Nagar|https://www.zomato.com/jalandhar/hungary-hunters-transport-nagar/info|31|Quick Bites|11am to 11pm(Mon-Sun)|Average|3.1|5
Sandy Sandwich Corner|200|Sandwich,Fast Food|Jalandhar|Jalandhar Cantt|https://www.zomato.com/jalandhar/sandy-sandwich-corner-jalandhar-cantt/info|31|Quick Bites|11am to 1030pm(Mon-Sun)|Not rated|-|-
Mojo's Restaurant|1100|North Indian,Chinese,Continental|Jalandhar|Nakodar Road|https://www.zomato.com/jalandhar/mojos-restaurant-nakodar-road/info|31|Casual Dining|11am to 11pm(Mon-Sun)|Average|3.1|5
Khanna Fast food|150|Continental,Chinese|Jalandhar|Model Town|https://www.zomato.com/jalandhar/khanna-fast-food-model-town/info|31|Quick Bites|3pm to 11pm(Mon-Sun)|Average|2.9|4
Diet's Kitchen|150|Continental,Healthy Food|Jalandhar|Shastri Nagar|https://www.zomato.com/jalandhar/diets-kitchen-shastri-nagar/info|31|Quick Bites|1pm to 11pm(Mon-Sun)|Average|3.0|4
Big Wish Box|200|Bakery,Desserts|Jalandhar|Model Town|https://www.zomato.com/jalandhar/big-wish-box-model-town/info|31|Bakery|11am to 11pm(Mon-Sun)||NEW|NEW
TAAVA|400|North Indian|Jalandhar|Shastri Nagar|https://www.zomato.com/jalandhar/taava-shastri-nagar/info|31|Casual Dining|11am to 11pm(Mon-Sun)|Not rated|-|-
Khuranaz Kitchen|150|North Indian|Jalandhar|Maqsudan|https://www.zomato.com/jalandhar/khuranaz-kitchen-maqsudan/info|31|none|9am to 11pm(Mon-Sun)||NEW|NEW
Wimpy Restaurant|300|Continental,Italian|Jalandhar|Model Town|https://www.zomato.com/jalandhar/wimpy-restaurant-1-model-town/info|31|Quick Bites|11am to 11pm(Mon-Sun)|Not rated|-|-
Murga.Com|300|North Indian,Afghan|Jalandhar|Model Town|https://www.zomato.com/jalandhar/murga-com-model-town/info|31|Food Court|1pm to 11pm(Mon-Sun)||NEW|NEW
Kababz & Curry|1000|North Indian|Jalandhar|Model Town|https://www.zomato.com/jalandhar/kababz-curry-model-town/info|31|Casual Dining|1130am to 11pm(Mon-Sun)|Not rated|-|-
R2D Restaurant|400|Pizza,North Indian,Continental,Chinese|Jalandhar|Rama Mandi|https://www.zomato.com/jalandhar/r2d-restaurant-rama-mandi/info|32|Casual Dining|11am to 1030pm(Mon-Sun)||NEW|NEW
Punjabi Dhaba|300|North Indian|Jalandhar|Model Town|https://www.zomato.com/jalandhar/punjabi-dhaba-model-town/info|32|Quick Bites|11am to 11pm(Mon-Sun)||NEW|NEW
Baker's Hub|200|Bakery|Jalandhar|Model Town|https://www.zomato.com/jalandhar/bakers-hub-model-town/info|32|Bakery|11am to 11pm(Mon-Sun)|Not rated|-|-
Pakwan Restaurantar & Bar|700|North Indian,Continental,Chinese|Jalandhar|Maqsudan|https://www.zomato.com/jalandhar/pakwan-restaurantar-bar-maqsudan/info|32|Casual Dining|11am to 1030pm(Mon-Sun)|Not rated|-|-
Hot Drive|250|North Indian,Continental,Chinese|Jalandhar|Shastri Nagar|https://www.zomato.com/jalandhar/hot-drive-shastri-nagar/info|32|Casual Dining|5pm to 1030pm(Mon-Sun)||NEW|NEW
THE FIRST LOVE LIVE ICECREAM ROLL|200|Chinese,Continental|Jalandhar|Adarsh Nagar|https://www.zomato.com/jalandhar/the-first-love-live-icecream-roll-adarsh-nagar/info|32|Quick Bites|4pm to 11pm(Mon-Sun)|Not rated|-|-
Royal Food|150|North Indian|Jalandhar|Model Town|https://www.zomato.com/jalandhar/royal-food-model-town/info|32|none|12noon to 11pm(Mon-Sun)|Not rated|-|-
Wimpy Restaurant|0|Continental,Italian|Jalandhar|Model Town|https://www.zomato.com/jalandhar/wimpy-restaurant-model-town/info|32|Quick Bites|11am to 11pm(Mon-Sun)|Not rated|-|-
Bittu Bakery|300|Fast Food,Bakery|Jalandhar|Nakodar Road|https://www.zomato.com/jalandhar/bittu-bakery-nakodar-road/info|32|Bakery|11am to 11pm(Mon-Sun)|Not rated|-|-
Best Of Malgudi Days|300|North Indian,Continental,Chinese|Jalandhar|Urban Estate|https://www.zomato.com/jalandhar/best-of-malgudi-days-urban-estate/info|32|Quick Bites|9am to 11pm(Mon-Sun)|Not rated|-|-
Quality Foods|300|North Indian,Chinese|Jalandhar|Shastri Nagar|https://www.zomato.com/jalandhar/quality-foods-shastri-nagar/info|32|Quick Bites|11am to 11pm(Mon-Sun)|Not rated|-|-
Sindhi Ice Cream|200|Ice Cream|Jalandhar|Adarsh Nagar|https://www.zomato.com/jalandhar/sindhi-ice-cream-adarsh-nagar/info|32|Dessert Parlor|11am to 11pm(Mon-Sun)||NEW|NEW
National chick chick Dhaba|300|North Indian|Jalandhar|Urban Estate|https://www.zomato.com/jalandhar/national-chick-chick-dhaba-urban-estate/info|32|Dhaba|11am to 11pm(Mon-Sun)|Not rated|-|-
Taco Ice Cream|200|Ice Cream|Jalandhar|Model Town|https://www.zomato.com/jalandhar/taco-ice-cream-model-town/info|32|Dessert Parlor|||Opening|Opening
Malhotra Chicken Corner|400|North Indian|Jalandhar|Transport Nagar|https://www.zomato.com/jalandhar/malhotra-chicken-corner-transport-nagar/info|32|Quick Bites|11am to 11pm(Mon-Sun)|Not rated|-|-
Hunger Bite|400|Chinese,Continental|Jalandhar|Model Town|https://www.zomato.com/jalandhar/hunger-bite-1-model-town/info|33|Quick Bites|11am to 11pm(Mon-Sun)|Not rated|-|-
UBQ by Barbeque Nation|1000|North Indian|Jalandhar|Model Town|https://www.zomato.com/jalandhar/ubq-by-barbeque-nation-model-town/info|33|none|||Opening|Opening
Teji Foodz|500|North Indian,Mughlai|Jalandhar|Shastri Nagar|https://www.zomato.com/jalandhar/teji-foodz-shastri-nagar/info|33|Quick Bites|11am to 11pm(Mon-Sun)|Not rated|-|-
Food World|150|North Indian,Continental|Jalandhar|Model House|https://www.zomato.com/jalandhar/food-world-model-house/info|33|Quick Bites|11am to 11pm(Mon-Sun)|Not rated|-|-
Risotto|500|Indian|Jalandhar|Model Town|https://www.zomato.com/jalandhar/risotto-model-town/info|33|Quick Bites|||Opening|Opening
The Khan's kitchen|700|Mughlai|Jalandhar|Model Town|https://www.zomato.com/jalandhar/the-khans-kitchen-1-model-town/info|4|Quick Bites|1130am to 1030pm(Mon,Sun),4pm to 1030pm...|Good|3.9|187
Muscleholics|500|Healthy Food|Jalandhar|PPR Market|https://www.zomato.com/jalandhar/muscleholics-ppr-market/info|4|Quick Bites|1030am to 1030pm(Mon-Sun)|Very Good|4.2|141
Tummys Drive|400|Fast Food|Jalandhar|Model Town|https://www.zomato.com/jalandhar/tummys-drive-model-town/info|4|Quick Bites|1045am to 10pm(Mon-Sat),1230pm to 10pm(Sun)|Excellent|4.5|392
Platoon Pizza|600|Pizza,Fast Food|Jalandhar|Adarsh Nagar|https://www.zomato.com/jalandhar/platoon-pizza-adarsh-nagar/info|4|Quick Bites|12noon to 1030am(Mon-Sun)|Good|3.6|114
Yummy Tummy|200|Fast Food|Jalandhar|Model Town|https://www.zomato.com/jalandhar/yummy-tummy-model-town/info|4|Quick Bites|12noon to 10am(Mon,Tue,Wed,Thu,Fri,Sun)...|Good|3.7|172
Jungle Jamboree|1200|Continental,Chinese,North Indian,Italian,Momos|Jalandhar|Model Town|https://www.zomato.com/jalandhar/jungle-jamboree-model-town/info|4|Casual Dining|11am to 11pm(Mon-Sun)|Good|3.8|132
Kulcha Land|100|North Indian|Jalandhar|Model Town|https://www.zomato.com/jalandhar/kulcha-land-model-town/info|4|Quick Bites|10am to 10pm(Mon-Sun)|Good|3.9|419
Chhabra Sweets & Delights|300|Mithai,Bakery,North Indian,Fast Food|Jalandhar|Nakodar Road|https://www.zomato.com/jalandhar/chhabra-sweets-delights-nakodar-road/info|4|Sweet Shop|7am to 10pm(Mon-Sun)|Very Good|4.0|227
Lovely Sweets|250|Mithai|Jalandhar|Nakodar Road|https://www.zomato.com/jalandhar/lovely-sweets-nakodar-road/info|4|Sweet Shop|9am to 9pm(Mon-Sun)|Very Good|4.1|165
Superfast Vegetarian|300|North Indian|Jalandhar|GT Road|https://www.zomato.com/jalandhar/superfast-vegetarian-gt-road/info|4|Quick Bites|12noon to 4pm,7pm to 1030pm(Mon-Sun)|Good|3.9|64
Oberoi Special Chana Bhatura|150|Street Food|Jalandhar|Shastri Nagar|https://www.zomato.com/jalandhar/oberoi-special-chana-bhatura-shastri-nagar/info|4|Quick Bites|8am to 6pm(Mon-Sun)|Excellent|4.6|178
Kathi Junction|350|Fast Food,North Indian|Jalandhar|Model Town|https://www.zomato.com/jalandhar/kathi-junction-model-town/info|4|Quick Bites|1030am to 1030pm(Mon-Sun)|Good|3.9|74
Billa Kulfi Corner|150|Desserts,Ice Cream|Jalandhar|Shastri Nagar|https://www.zomato.com/jalandhar/billa-kulfi-corner-shastri-nagar/info|4|Dessert Parlor|9am to 9pm(Mon-Sun)|Very Good|4.3|141
Zaiqa Veg Dhaba|400|North Indian|Jalandhar|Model Town|https://www.zomato.com/jalandhar/zaiqa-veg-dhaba-model-town/info|4|Casual Dining|9am to 11pm(Mon-Sun)|Average|3.0|107
Bliss Vaishno Dhaba|400|North Indian|Jalandhar|Model Town|https://www.zomato.com/jalandhar/bliss-vaishno-dhaba-model-town/info|4|Dhaba|11am to 11pm(Mon-Sun)|Good|3.9|153
Bittu Pardesi|300|Street Food,South Indian|Jalandhar|Shastri Nagar|https://www.zomato.com/jalandhar/bittu-pardesi-shastri-nagar/info|5|Quick Bites|10am to 10pm(Mon-Sun)|Very Good|4.2|161
Maddi Refreshment|100|North Indian|Jalandhar|Shastri Nagar|https://www.zomato.com/jalandhar/maddi-refreshment-shastri-nagar/info|5|Quick Bites|930am to 730pm(Mon-Sun)|Very Good|4.1|116
SkewerSpot|250|Fast Food,Italian,Wraps|Jalandhar|Model Town|https://www.zomato.com/jalandhar/skewerspot-2-model-town/info|5|Quick Bites|915am to 11pm(Mon-Sun)|Good|3.9|102
New Bobby Veg & Non Veg|400|North Indian,Chinese|Jalandhar|Model Town|https://www.zomato.com/jalandhar/new-bobby-veg-non-veg-model-town/info|5|Quick Bites|11am to 11pm(Mon-Sun)|Good|3.9|107
Chaska Dhaba|250|North Indian|Jalandhar|Urban Estate|https://www.zomato.com/jalandhar/chaska-dhaba-1-urban-estate/info|5|Quick Bites|9am to 11pm(Mon-Sun)|Good|3.6|86
Chick Chick|600|North Indian,Mughlai|Jalandhar|Adarsh Nagar|https://www.zomato.com/jalandhar/chick-chick-adarsh-nagar/info|5|Quick Bites|10am to 10pm(Mon-Sun)|Good|3.6|304
Virasat Haveli|800|North Indian,Chinese,Continental|Jalandhar|Model Town|https://www.zomato.com/jalandhar/virasat-haveli-model-town/info|5|Casual Dining|10am to 11pm(Mon-Sun)|Good|3.7|76
Pizza Hut|600|Pizza|Jalandhar|Jalandhar Cantt|https://www.zomato.com/jalandhar/pizza-hut-jalandhar-cantt/info|5|Casual Dining|11am to 11pm(Mon-Sun)|Good|3.5|112
Healthy Chef|300|Healthy Food|Jalandhar|Model Town|https://www.zomato.com/jalandhar/healthy-chef-model-town/info|5|Quick Bites|9am to 11pm(Mon-Sat),4pm to 11pm(Sun)|Very Good|4.0|98
Street Cafe|500|Cafe,Chinese,Italian|Jalandhar|Urban Estate|https://www.zomato.com/jalandhar/street-cafe-urban-estate/info|5|Café|1pm to 10pm(Mon-Sat),3pm to 1030pm(Sun)|Good|3.7|187
McDonald's|500|Fast Food,Burger|Jalandhar|Shastri Nagar|https://www.zomato.com/jalandhar/mcdonalds-shastri-nagar/info|5|Quick Bites|12noon to 10pm(Mon-Sun)|Very Good|4.1|239
I Love Desserts|300|Ice Cream,Desserts,Bakery,Fast Food|Jalandhar|Model Town|https://www.zomato.com/jalandhar/i-love-desserts-model-town/info|5|Dessert Parlor|10am to 12midnight(Mon-Sun)|Very Good|4.1|23
Hari Burger|150|Burger,North Indian,Sandwich|Jalandhar|Model Town|https://www.zomato.com/jalandhar/hari-burger-model-town/info|5|Quick Bites|3pm to 10pm(Mon-Sun)|Very Good|4.0|110
Pizza Hut|550|Pizza|Jalandhar|Model Town|https://www.zomato.com/jalandhar/pizza-hut-model-town/info|5|Quick Bites|11am to 11pm(Mon-Sun)|Good|3.5|96
ASF|350|Fast Food|Jalandhar|Shastri Nagar|https://www.zomato.com/jalandhar/asf-shastri-nagar/info|5|Quick Bites|10am to 10pm(Mon-Sun)|Very Good|4.3|182
Cafe Ginger|700|Cafe|Jalandhar|Model Town|https://www.zomato.com/jalandhar/cafe-ginger-model-town/info|6|Café|11am to 11pm(Mon-Sun)|Good|3.7|92
Ark Vaishno Dhaba|200|North Indian|Jalandhar|Maqsudan|https://www.zomato.com/jalandhar/ark-vaishno-dhaba-maqsudan/info|6|Quick Bites|10am to 10pm(Mon-Sun)|Good|3.6|167
Kartar Vaishno Dhaba|200|North Indian|Jalandhar|Shastri Nagar|https://www.zomato.com/jalandhar/kartar-vaishno-dhaba-shastri-nagar/info|6|Dhaba|(Mon-Sun)|Good|3.6|77
Hotel Dolphin|400|North Indian,Continental,Chinese,Italian|Jalandhar|Model Town|https://www.zomato.com/jalandhar/hotel-dolphin-model-town/info|6|Fine Dining|9am to 11pm(Mon-Sun)|Good|3.8|66
Sunny Side Up|1700|American|Jalandhar|Model Town|https://www.zomato.com/jalandhar/sunny-side-up-model-town/info|6|Casual Dining|11am to 1130pm(Mon-Sun)|Good|3.5|121
Diet Hut|400|Italian,Fast Food|Jalandhar|Urban Estate|https://www.zomato.com/jalandhar/diet-hut-urban-estate/info|6|Quick Bites|11am to 11pm(Mon-Sat),12noon to 11pm(Sun)|Good|3.8|108
Super Cremica Sweets|300|Mithai|Jalandhar|Shastri Nagar|https://www.zomato.com/jalandhar/super-cremica-sweets-shastri-nagar/info|6|Sweet Shop|(Mon-Sun)|Very Good|4.1|57
Rabi Dana Pani Dhaba|400|North Indian|Jalandhar|Model Town|https://www.zomato.com/jalandhar/rabi-dana-pani-dhaba-model-town/info|6|Dhaba|9am to 11pm(Mon-Sun)|Good|3.9|95
GCF The Chaap Hub|200|North Indian|Jalandhar|Shastri Nagar|https://www.zomato.com/jalandhar/gcf-the-chaap-hub-2-shastri-nagar/info|6|Casual Dining|(Mon-Sun)||NEW|NEW
Sweety Juice Bar And Restaurant|200|Juices,Continental,Italian,Chinese,South Indian|Jalandhar|Model Town|https://www.zomato.com/jalandhar/sweety-juice-bar-and-restaurant-model-town/info|6|Quick Bites|11am to 11pm(Mon-Sun)|Very Good|4.0|79
Biryani Pot|300|Biryani|Jalandhar|Model Town|https://www.zomato.com/jalandhar/biryani-pot-model-town/info|6|none|11am to 11pm(Mon-Sun)|Good|3.9|76
Jalandhar Nutri Kulcha|100|North Indian|Jalandhar|Shastri Nagar|https://www.zomato.com/jalandhar/jalandhar-nutri-kulcha-shastri-nagar/info|6|Casual Dining|10am to 8pm(Mon-Sun)|Average|3.2|42
Burger Hub|450|Fast Food|Jalandhar|Model Town|https://www.zomato.com/jalandhar/burger-hub-model-town/info|6|Quick Bites|11am to 10pm(Mon-Sun)|Good|3.7|53
Platoon Pizza|600|Pizza,Fast Food|Jalandhar|Urban Estate|https://www.zomato.com/jalandhar/platoon-pizza-urban-estate/info|6|Quick Bites|11am to 11pm(Mon-Sun)|Good|3.6|94
Bikanervala|500|Mithai,North Indian,South Indian,Fast Food,Chinese,Street Food,Momos|Jalandhar|Model Town|https://www.zomato.com/jalandhar/bikanervala-1-model-town/info|6|Sweet Shop|8am to 11pm(Mon-Sun)|Good|3.7|63
Sunny Food Corner|300|North Indian|Jalandhar|Shastri Nagar|https://www.zomato.com/jalandhar/sunny-food-corner-shastri-nagar/info|7|Quick Bites|8am to 5pm(Mon-Sun)|Good|3.9|71
Mum's Kitchen|200|Italian|Jalandhar|Shastri Nagar|https://www.zomato.com/jalandhar/mums-kitchen-shastri-nagar/info|7|Quick Bites|12noon to 10pm(Mon-Sun)||NEW|NEW
Cha Cha Chai|400|Beverages,Fast Food|Jalandhar|Model Town|https://www.zomato.com/jalandhar/cha-cha-chai-1-model-town/info|7|Quick Bites|11am to 11pm(Mon-Sun)|Good|3.8|69
Just Cake 'N' Bake|500|Bakery|Jalandhar|Urban Estate|https://www.zomato.com/jalandhar/just-cake-n-bake-urban-estate/info|7|Bakery|10am to 10pm(Mon-Sun)|Good|3.7|65
Raju Cheese Corner|200|Fast Food,North Indian|Jalandhar|Shastri Nagar|https://www.zomato.com/jalandhar/raju-cheese-corner-shastri-nagar/info|7|Quick Bites|10am to 5pm(Mon-Sun)|Good|3.7|47
Amritsari Kulcha Point|100|North Indian|Jalandhar|Model Town|https://www.zomato.com/jalandhar/amritsari-kulcha-point-model-town/info|7|none|9am to 4pm(Mon-Sun)|Good|3.7|85
Kwality Chaat|150|Street Food,Fast Food|Jalandhar|Model Town|https://www.zomato.com/jalandhar/kwality-chaat-1-model-town/info|7|Quick Bites|1pm to 10pm(Mon-Sun)|Good|3.7|74
Ustaad Ji Malai Chaap Waale|300|North Indian|Jalandhar|Model Town|https://www.zomato.com/jalandhar/ustaad-ji-malai-chaap-waale-model-town/info|7|Quick Bites|9am to 10pm(Mon-Sun)|Average|3.3|70
Manni Vaishno Dhaba|300|North Indian|Jalandhar|Shastri Nagar|https://www.zomato.com/jalandhar/manni-vaishno-dhaba-shastri-nagar/info|7|Quick Bites|9am to 9pm(Mon-Sun)|Good|3.7|125
Pizzeria|200|Italian,Continental|Jalandhar|Transport Nagar|https://www.zomato.com/jalandhar/pizzeria-transport-nagar/info|7|Quick Bites|1045am to 1015pm(Mon-Sun)|Good|3.7|29
Cafe Coffee Day|500|Cafe|Jalandhar|Model Town|https://www.zomato.com/jalandhar/cafe-coffee-day-model-town/info|7|Café|9am to 10pm(Mon-Sun)|Good|3.6|79
Royal Dhaba|200|North Indian|Jalandhar|Shastri Nagar|https://www.zomato.com/jalandhar/royal-dhaba-shastri-nagar/info|7|Quick Bites|11am to 4pm,630pm to 1130pm(Mon-Sun)|Good|3.8|117
Cake House|200|Bakery|Jalandhar|Model Town|https://www.zomato.com/jalandhar/cake-house-model-town/info|7|Bakery|11am to 10pm(Mon-Sun)|Good|3.5|73
Kumar Cake House|300|Bakery|Jalandhar|Adarsh Nagar|https://www.zomato.com/jalandhar/kumar-cake-house-adarsh-nagar/info|7|Bakery|10am to 10pm(Mon-Sun)|Good|3.5|55
Dimcy Nutri Kulcha|150|Fast Food|Jalandhar|Shastri Nagar|https://www.zomato.com/jalandhar/dimcy-nutri-kulcha-shastri-nagar/info|7|none|10am to 5pm(Mon-Sun)|Good|3.8|37
M2 Food court Car Khana|500|North Indian,Fast Food|Jalandhar|Maqsudan|https://www.zomato.com/jalandhar/m2-food-court-car-khana-maqsudan/info|8|Quick Bites|11am to 10pm(Mon-Sun)|Average|2.8|92
Delicious|300|North Indian,Chinese,Continental|Jalandhar|Model Town|https://www.zomato.com/jalandhar/delicious-model-town/info|8|Quick Bites|11am to 11pm(Mon-Sun)|Good|3.8|44
Sanjha Chulha|600|North Indian|Jalandhar|Model Town|https://www.zomato.com/jalandhar/sanjha-chulha-model-town/info|8|Quick Bites|2pm to 10pm(Mon-Sun)|Average|2.6|70
Yummy Yummy Food Plaza|250|North Indian|Jalandhar|Jalandhar Cantt|https://www.zomato.com/jalandhar/yummy-yummy-food-plaza-jalandhar-cantt/info|8|Quick Bites|11am to 4pm,6pm to 10pm(Mon-Sun)|Average|3.3|52
The Coffee Bean & Tea Leaf|700|Tea,Coffee,Cafe|Jalandhar|Model Town|https://www.zomato.com/jalandhar/the-coffee-bean-tea-leaf-model-town/info|8|Café|10am to 11pm(Mon-Sun)|Good|3.7|78
Fancy Bakers Classic|400|Bakery|Jalandhar|Shastri Nagar|https://www.zomato.com/jalandhar/fancy-bakers-classic-shastri-nagar/info|8|Bakery|930am to 830pm(Mon-Sun)|Good|3.6|64
Le Gaufres|350|Beverages,Fast Food,Coffee and Tea,Crepes,Belgian,Ice Cream,Desserts,American|Jalandhar|Model Town|https://www.zomato.com/jalandhar/le-gaufres-model-town/info|8|Dessert Parlor|1030am to 1130pm(Mon-Sun)|Good|3.9|87
King Kulfi|150|North Indian,Fast Food,Beverages|Jalandhar|Jalandhar Cantt|https://www.zomato.com/jalandhar/king-kulfi-jalandhar-cantt/info|8|Quick Bites|930am to 930pm(Mon-Sun)|Average|3.4|19
Yadav Chole Bhature|150|Street Food|Jalandhar|Model Town|https://www.zomato.com/jalandhar/yadav-chole-bhature-model-town/info|8|none|9am to 4pm(Mon-Sun)|Good|3.6|34
CFC - Chicken Fried Corner|250|North Indian|Jalandhar|Model Town|https://www.zomato.com/jalandhar/cfc-chicken-fried-corner-model-town/info|8|Quick Bites|11am to 10pm(Mon-Sun)|Good|3.5|45
My Pizza|300|Pizza|Jalandhar|Shastri Nagar|https://www.zomato.com/jalandhar/my-pizza-shastri-nagar/info|8|Quick Bites|11am to 10pm(Mon-Sun)|Average|3.3|61
Gfc Chaap Hub|200|Afghan|Jalandhar|Adarsh Nagar|https://www.zomato.com/jalandhar/gfc-chaap-hub-adarsh-nagar/info|8|Food Court|4pm to 10pm(Mon-Sun)||NEW|NEW
Jain Poori Wala|150|North Indian|Jalandhar|Shastri Nagar|https://www.zomato.com/jalandhar/jain-poori-wala-shastri-nagar/info|8|Casual Dining|8am to 9pm(Mon-Sun)||NEW|NEW
Friendzz Chick Chick|400|North Indian,Chinese|Jalandhar|Model Town|https://www.zomato.com/jalandhar/friendzz-chick-chick-model-town/info|8|Quick Bites|11am to 11pm(Mon-Sun)|Very Good|4.0|92
Lord Of The Cheese|450|American,Continental|Jalandhar|Model Town|https://www.zomato.com/jalandhar/lord-of-the-cheese-model-town/info|8|Quick Bites|8am to 11pm(Mon-Sun)|Good|3.8|88
Goli Vada Pav No.1|200|Maharashtrian,North Indian,Sandwich,Street Food|Jalandhar|Jalandhar Cantt|https://www.zomato.com/jalandhar/goli-vada-pav-no-1-1-jalandhar-cantt/info|9|Food Court|11am to 10pm(Mon-Sun)||NEW|NEW
Bhaj Govindam|300|North Indian|Jalandhar|Model Town|https://www.zomato.com/jalandhar/bhaj-govindam-model-town/info|9|Quick Bites|10am to 10pm(Mon-Sun)|Good|3.7|35
Ganpati Vaishno Dhaba|250|North Indian|Jalandhar|Urban Estate|https://www.zomato.com/jalandhar/ganpati-vaishno-dhaba-urban-estate/info|9|Quick Bites|11am to 11pm(Mon-Sun)|Good|3.9|104
Amritsari Bhijja Kulcha|100|Street Food|Jalandhar|Model Town|https://www.zomato.com/jalandhar/amritsari-bhijja-kulcha-model-town/info|9|none|9am to 5pm(Mon-Sun)|Good|3.5|33
The Throwback Story|1000|North Indian,Italian,Desserts|Jalandhar|Model Town|https://www.zomato.com/jalandhar/the-throwback-story-model-town/info|9|Casual Dining|1130am to 11pm(Mon-Sun)|Good|3.6|119
Family Point|100|North Indian|Jalandhar|Adarsh Nagar|https://www.zomato.com/jalandhar/family-point-adarsh-nagar/info|9|Casual Dining|9am to 5pm(Mon-Sun)|Average|3.3|9
My Pizza|350|Italian,Fast Food|Jalandhar|Shastri Nagar|https://www.zomato.com/jalandhar/my-pizza-1-shastri-nagar/info|9|Quick Bites|11am to 10pm(Mon-Sun)|Average|3.1|41
Burger Boyz|150|Continental,Salad|Jalandhar|Model Town|https://www.zomato.com/burgerboyz/info|9|Quick Bites|2pm to 1030pm(Mon-Sun)|Very Good|4.0|93
SCF Chaap and Kababs|300|Mughlai,North Indian|Jalandhar|Jalandhar Cantt|https://www.zomato.com/jalandhar/scf-chaap-and-kababs-jalandhar-cantt/info|9|Quick Bites|10am to 10pm(Mon-Sun)|Average|3.4|54
Bee Burg|100|Fast Food|Jalandhar|Rama Mandi|https://www.zomato.com/jalandhar/bee-burg-rama-mandi/info|9|Quick Bites|10am to 10pm(Mon-Sun)|Good|3.6|55
On Road Burger Time|250|Continental,Chinese|Jalandhar|Shastri Nagar|https://www.zomato.com/jalandhar/on-road-burger-time-shastri-nagar/info|9|Casual Dining|3pm to 10pm(Mon-Sun)|Good|3.6|45
Baba's Kitchen|700|North Indian|Jalandhar|Model Town|https://www.zomato.com/jalandhar/babas-kitchen-model-town/info|9|Quick Bites|11am to 11pm(Mon-Sun)|Good|3.5|103
Chaa Shaa|300|North Indian,Continental,Beverages|Jalandhar|Maqsudan|https://www.zomato.com/jalandhar/chaa-shaa-maqsudan/info|9|Quick Bites|10am to 10pm(Mon-Sun)|Average|3.4|21
Wimpy Restaurant|400|Fast Food,Beverages|Jalandhar|Shastri Nagar|https://www.zomato.com/jalandhar/wimpy-restaurant-shastri-nagar/info|9|Quick Bites|10am to 8pm(Mon-Sat),12midnight to 8pm,11pm to ...|Average|3.1|8
The Tasty Bites|450|Burger,Fast Food|Jalandhar|Jalandhar Cantt|https://www.zomato.com/jalandhar/the-tasty-bites-jalandhar-cantt/info|9|Quick Bites|12noon to 10pm(Mon-Sun)|Average|3.4|12
