NAME|PRICE|CUSINE_CATEGORY|CITY|REGION|URL|PAGE NO|CUSINE TYPE|TIMING|RATING_TYPE|RATING|VOTES
Brewers - The Coffee Bar|500|Cafe|Jammu|Old Heritage City|https://www.zomato.com/jammu/brewers-the-coffee-bar-old-heritage-city/info|1|Café|8am to 11pm(Mon-Sun)|Excellent|4.6|211
Humpty Dumpty|300|Pizza,Burger,Fast Food|Jammu|Nanak Nagar|https://www.zomato.com/jammu/humpty-dumpty-nanak-nagar/info|1|none|11am to 11pm(Mon-Sun)|Excellent|4.6|231
RMP Restaurant|300|Indian,Chinese|Jammu|Shastri Nagar|https://www.zomato.com/jammu/rmp-restaurant-shastri-nagar/info|1|Quick Bites|11am to 11pm(Mon-Sun)|Excellent|4.6|231
Nox Cafe & Bar|600|Continental,Chinese,Italian,Modern Indian|Jammu|Trikuta Nagar|https://www.zomato.com/jammu/nox-cafe-bar-trikuta-nagar/info|1|Casual Dining|12noon to 12midnight(Mon-Sun)|Very Good|4.3|214
Domino's Pizza|700|Pizza,Fast Food|Jammu|Trikuta Nagar|https://www.zomato.com/jammu/dominos-pizza-trikuta-nagar/info|1|Quick Bites|11am to 11pm(Mon-Sun)|Very Good|4.0|265
My Burger's Lab|250|Burger,Fast Food|Jammu|Trikuta Nagar|https://www.zomato.com/jammu/my-burgers-lab-trikuta-nagar/info|1|none|11am to 11pm(Mon-Sun)|Good|3.9|161
Nomad Cafe|200|Fast Food|Jammu|Trikuta Nagar|https://www.zomato.com/jammu/nomad-cafe-trikuta-nagar/info|1|Quick Bites|11am to 1030pm(Mon-Sun)|Good|3.9|95
Mango|300|North Indian,Continental,Italian,Beverages|Jammu|Trikuta Nagar|https://www.zomato.com/jammu/mango-trikuta-nagar/info|1|Quick Bites|1030am to 1030pm(Mon-Sun)|Very Good|4.2|128
Kaffberry|250|Cafe,Bakery|Jammu|Channi Himmat|https://www.zomato.com/jammu/kaffberry-3-channi-himmat/info|1|Café|11am to 1030pm(Mon-Sun)|Very Good|4.3|156
Buffet Hut|600|North Indian|Jammu|Gandhi Nagar|https://www.zomato.com/jammu/buffet-hut-gandhi-nagar/info|1|Quick Bites|11am to 11pm(Mon-Sun)|Very Good|4.0|192
Pahalwan's|300|Fast Food,Desserts,North Indian|Jammu|Channi Himmat|https://www.zomato.com/jammu/pahalwans-channi-himmat/info|1|Food Court|11am to 11pm(Mon-Sun)|Very Good|4.0|105
KC 360|400|North Indian,Fast Food|Jammu|Resham Ghar Colony|https://www.zomato.com/jammu/kc-360-resham-ghar-colony/info|1|Quick Bites|11am to 11pm(Mon-Sun)|Good|3.7|86
Cafe Scootervala|700|Cafe,Modern Indian|Jammu|Trikuta Nagar|https://www.zomato.com/jammu/cafe-scootervala-trikuta-nagar/info|1|Café|12noon to 11pm(Mon-Sun)|Very Good|4.1|127
KC 360 Restaurant & Bakery|300|Bakery,Fast Food|Jammu|Trikuta Nagar|https://www.zomato.com/jammu/kc-360-restaurant-bakery-trikuta-nagar/info|1|Bakery|11am to 11pm(Mon-Sun)|Average|3.3|80
The Brewbakers|250|Bakery,Fast Food|Jammu|Channi Himmat|https://www.zomato.com/jammu/the-brewbakers-channi-himmat/info|1|Bakery|1030am to 11pm(Mon-Tue),11am to 11pm(Wed-Sun)|Good|3.9|97
Vijay Di Hatti|200|North Indian|Jammu|Trikuta Nagar|https://www.zomato.com/jammu/vijay-di-hatti-trikuta-nagar/info|10|Quick Bites|2pm to 10pm(Mon-Sun)|Average|3.4|11
Bikano Family Restaurant|500|North Indian,Chinese,Desserts|Jammu|Maheshpura|https://www.zomato.com/jammu/bikano-family-restaurant-maheshpura/info|10|Casual Dining|11am to 10pm(Mon-Sun)||NEW|NEW
Elite Baker's & Snacks|100|Bakery|Jammu|Shastri Nagar|https://www.zomato.com/jammu/elite-bakers-snacks-shastri-nagar/info|10|Bakery|12noon to 10pm(Mon-Sun)|Average|3.1|5
Cafe Street|250|Fast Food|Jammu|Channi Himmat|https://www.zomato.com/jammu/cafe-street-channi-himmat/info|10|Quick Bites|1130am to 930pm(Mon-Sun)|Not rated|-|-
Dhaba Dot Com|400|North Indian,South Indian,Chinese|Jammu|Channi Himmat|https://www.zomato.com/jammu/dhaba-dot-com-channi-himmat/info|10|Quick Bites|11am to 10pm(Mon-Sun)|Average|2.9|6
Sunny Pizza|500|Pizza,Fast Food|Jammu|Gandhi Nagar|https://www.zomato.com/jammu/sunny-pizza-gandhi-nagar/info|10|Quick Bites|11am to 10pm(Mon-Sun)|Not rated|-|-
Mummy’s Kitchen|300|Mughlai,North Indian,Afghan|Jammu|Nanak Nagar|https://www.zomato.com/jammu/mummys-kitchen-nanak-nagar/info|10|none||Average|3.2|7
Pizza Express|600|Pizza|Jammu|Nanak Nagar|https://www.zomato.com/jammu/pizza-express-nanak-nagar/info|10|Quick Bites|11am to 10pm(Mon-Sun)|Average|2.9|5
PMC Bhujiawala|200|Mithai,Street Food|Jammu|Hari Market|https://www.zomato.com/jammu/pmc-bhujiawala-hari-market/info|10|Confectionery|11am to 10pm(Mon-Sun)|Average|3.2|8
Elite Fast Food|150|Chinese|Jammu|Shastri Nagar|https://www.zomato.com/jammu/elite-fast-food-shastri-nagar/info|10|Quick Bites|1pm to 930pm(Mon-Sun)|Not rated|-|-
Aliza Food Hub|300|Fast Food|Jammu|Rehari Colony|https://www.zomato.com/jammu/aliza-food-hub-rehari-colony/info|10|Quick Bites|10am to 10pm(Mon-Sun)|Average|3.2|7
Aahaar Food Point|200|North Indian,South Indian,Chinese|Jammu|Resham Ghar Colony|https://www.zomato.com/jammu/aahaar-food-point-resham-ghar-colony/info|10|Quick Bites|12noon to 8pm(Mon-Sun)|Not rated|-|-
Healthy Grill|500|South Indian,North Indian|Jammu|Nanak Nagar|https://www.zomato.com/jammu/healthy-grill-nanak-nagar/info|10|Casual Dining|930am to 1030pm(Mon-Sun)|Average|3.3|33
Firemint The Flavour|500|Fast Food,Pizza|Jammu|Lal Kuan|https://www.zomato.com/jammu/firemint-the-flavour-lal-kuan/info|10|Quick Bites|9am to 10pm(Mon-Sun)|Average|3.0|4
Kwality Fast Food|150|Fast Food,Chinese|Jammu|Raghunath Bazaar|https://www.zomato.com/jammu/kwality-fast-food-raghunath-bazaar/info|10|Quick Bites|12noon to 10pm(Mon-Sun)||NEW|NEW
Pradhan Sweets & Bakers|300|Bakery|Jammu|Resham Ghar Colony|https://www.zomato.com/jammu/pradhan-sweets-bakers-resham-ghar-colony/info|11|Bakery|10am to 10pm(Mon-Sun)|Not rated|-|-
Food On Fire|400|North Indian,Chinese,Kashmiri|Jammu|Hari Market|https://www.zomato.com/jammu/food-on-fire-hari-market/info|11|Quick Bites|11am to 10pm(Mon-Sun)|Not rated|-|-
Chilli's|300|North Indian,Fast Food|Jammu|Old Heritage City|https://www.zomato.com/jammu/chillis-old-heritage-city/info|11|Quick Bites|11am to 10pm(Mon-Sun)|Not rated|-|-
Rajasthani Veer Vaishno Dhaba|300|North Indian,Rajasthani|Jammu|Katra|https://www.zomato.com/jammu/rajasthani-veer-vaishno-dhaba-katra/info|11|Quick Bites|930am to 630pm(Mon-Sun)|Not rated|-|-
Pargal Ice Cream|200|Ice Cream|Jammu|Hari Market|https://www.zomato.com/jammu/pargal-ice-cream-hari-market/info|11|Dessert Parlor|11am to 10pm(Mon-Sun)|Not rated|-|-
Pemier Cakes|300|Bakery|Jammu|Preet Nagar|https://www.zomato.com/jammu/pemier-cakes-preet-nagar/info|11|Bakery|11am to 7pm(Mon-Sun)|Not rated|-|-
Ramlal Vaishno dhaba|100|North Indian|Jammu|Gandhi Nagar|https://www.zomato.com/jammu/ramlal-vaishno-dhaba-gandhi-nagar/info|11|Dhaba|8am to 4pm(Mon-Sun)||NEW|NEW
Krishna Fast Food|100|Chinese|Jammu|Shastri Nagar|https://www.zomato.com/jammu/krishna-fast-food-shastri-nagar/info|11|none|1pm to 930pm(Mon-Sun)||NEW|NEW
Jooce Bar|100|Juices|Jammu|Channi Himmat|https://www.zomato.com/jammu/jooce-bar-channi-himmat/info|11|Beverage Shop|7am to 930pm(Mon-Sun)|Not rated|-|-
Smokin Joe's|600|Pizza|Jammu|Trikuta Nagar|https://www.zomato.com/jammu/smokin-joes-trikuta-nagar/info|11|Quick Bites|11am to 1130pm(Mon-Sun)|Average|3.4|53
Funbytes Express|300|Fast Food|Jammu|Channi Himmat|https://www.zomato.com/jammu/funbytes-express-channi-himmat/info|11|Quick Bites|1130am to 1130pm(Mon-Sun)|Good|3.9|43
Tandoori Hub|500|North Indian,Fast Food|Jammu|Transport Nagar|https://www.zomato.com/jammu/tandoori-hub-transport-nagar/info|11|Casual Dining|12noon to 1030pm(Mon-Sun)|Average|3.3|24
The Lime Tree- Lords Inn|700|North Indian|Jammu|Karan Nagar|https://www.zomato.com/jammu/the-lime-tree-lords-inn-karan-nagar/info|11|Casual Dining|1130am to 1130pm(Mon-Sun)|Average|3.3|12
Eden - Botanic Kitchen & Bubbly|1400|Continental,Chinese,Thai,Italian|Jammu|Trikuta Nagar|https://www.zomato.com/jammu/eden-botanic-kitchen-bubbly-trikuta-nagar/info|11|Casual Dining|11am to 1130pm(Mon-Sat),12noon to 1130pm(Sun)|Good|3.9|23
Chetty's Corner|500|Fast Food,Italian|Jammu|Nanak Nagar|https://www.zomato.com/jammu/chettys-corner-nanak-nagar/info|11|Quick Bites|Closed(Mon),11am to 1030pm(Tue-Sun)|Good|3.7|43
World Cuisine - Ramada|2000|Continental,Chinese,European,North Indian|Jammu|SIDCO Complex|https://www.zomato.com/jammu/world-cuisine-ramada-sidco-complex/info|12|Fine Dining|6am to 530am(Mon-Sun)|Good|3.6|32
Pahalwan Chicken Corner|300|North Indian|Jammu|Gandhi Nagar|https://www.zomato.com/jammu/pahalwan-chicken-corner-gandhi-nagar/info|12|Quick Bites|6pm to 11pm(Mon,Wed,Thu,Fri,Sat,Sun),Closed...|Good|3.5|26
Dosa Jalebi Express|150|South Indian,Street Food|Jammu|Gandhi Nagar|https://www.zomato.com/jammu/dosa-jalebi-express-gandhi-nagar/info|12|Quick Bites|11am to 11pm(Mon-Sun)|Good|3.8|46
Makhan Pan|100|Paan|Jammu|Gandhi Nagar|https://www.zomato.com/jammu/makhan-pan-gandhi-nagar/info|12|Paan Shop|11am to 11pm(Mon-Sun)|Average|3.4|10
The Food Factory|200|North Indian,Chinese|Jammu|Lal Kuan|https://www.zomato.com/jammu/the-food-factory-lal-kuan/info|12|Quick Bites|11am to 11pm(Mon-Sun)|Average|3.4|18
Exotic Cafe|300|Chinese,Cafe,Fast Food,South Indian|Jammu|Channi Himmat|https://www.zomato.com/jammu/exotic-cafe-channi-himmat/info|12|Quick Bites|9am to 11pm(Mon-Sun)|Average|3.3|19
Hari Food Court|200|North Indian|Jammu|Channi Himmat|https://www.zomato.com/jammu/hari-food-court-channi-himmat/info|12|Quick Bites|11am to 1030pm(Mon-Sun)|Good|3.8|41
Tandoori Chai Cafe|200|Salad,Chinese,Continental,Sandwich,Italian,Burger,Wraps,Pizza|Jammu|Channi Himmat|https://www.zomato.com/jammu/tandoori-chai-cafe-channi-himmat/info|12|Quick Bites|11am to 11pm(Mon-Sun)|Average|3.4|14
Keventers|300|Desserts,Beverages,Ice Cream|Jammu|Nanak Nagar|https://www.zomato.com/jammu/keventers-nanak-nagar/info|12|Beverage Shop|11am to 11pm(Mon-Sun)|Good|3.8|25
Roll Snackers|400|Chinese,Continental|Jammu|Preet Nagar|https://www.zomato.com/jammu/roll-snackers-preet-nagar/info|12|Quick Bites|11am to 1030pm(Mon-Sun)|Good|3.6|25
Sagar Ratna|500|North Indian,Chinese,South Indian|Jammu|Hari Market|https://www.zomato.com/jammu/sagar-ratna-hari-market/info|12|Casual Dining|10am to 11pm(Mon-Sun)|Average|3.0|40
Yatri Bhojanalaya|300|North Indian|Jammu|Hari Market|https://www.zomato.com/jammu/yatri-bhojanalaya-hari-market/info|12|Quick Bites|10am to 1030pm(Mon-Sun)|Average|3.3|28
S.S Chinese Fast Food|150|North Indian,Chinese|Jammu|Katra|https://www.zomato.com/jammu/s-s-chinese-fast-food-katra/info|12|Quick Bites|11am to 11pm(Mon-Sun)|Average|3.4|12
39 Bakers|300|Bakery|Jammu|Channi Himmat|https://www.zomato.com/jammu/39-bakers-1-channi-himmat/info|12|Quick Bites|12noon to 11pm(Mon-Sun)|Good|3.6|31
Bombay Kitchen|200|North Indian|Jammu|Old Heritage City|https://www.zomato.com/jammu/bombay-kitchen-old-heritage-city/info|12|Quick Bites|4pm to 11pm(Mon-Sun)|Average|3.2|10
Chick Inn|400|Continental,Chinese|Jammu|Trikuta Nagar|https://www.zomato.com/jammu/chick-inn-trikuta-nagar/info|13|Quick Bites|130pm to 11pm(Mon-Sun)|Good|3.7|45
Kariem's Delhi Chilly|300|North Indian,Chinese|Jammu|Katra|https://www.zomato.com/jammu/kariems-delhi-chilly-katra/info|13|Quick Bites|1pm to 1030pm(Mon-Sun)|Average|2.7|27
F Society|500|Thai,Chinese,Continental,North Indian|Jammu|Channi Himmat|https://www.zomato.com/jammu/f-society-channi-himmat/info|13|Casual Dining|1130am to 1130pm(Mon-Sun)|Good|3.6|16
Barenaked Bites|300|Fast Food,Italian,Beverages|Jammu|Gandhi Nagar|https://www.zomato.com/jammu/barenaked-bites-gandhi-nagar/info|13|Quick Bites|11am to 11pm(Mon-Sun)|Good|3.6|31
KFC|500|Burger,Fast Food|Jammu|Channi Himmat|https://www.zomato.com/jammu/kfc-channi-himmat/info|13|Quick Bites|11am to 11pm(Mon-Sun)|Good|3.7|60
Ashoka Fast Food|150|Fast Food|Jammu|Gandhi Nagar|https://www.zomato.com/jammu/ashoka-fast-food-gandhi-nagar/info|13|Quick Bites|10am to 1030pm(Mon-Sun)|Average|3.3|8
D Village|300|North Indian,Mughlai|Jammu|Channi Himmat|https://www.zomato.com/jammu/d-village-channi-himmat/info|13|Quick Bites|1pm to 1030pm(Mon-Sun)|Average|3.1|7
Red Chilly Restaurant|600|North Indian,Chinese|Jammu|Karan Nagar|https://www.zomato.com/jammu/red-chilly-restaurant-karan-nagar/info|13|Quick Bites|9am to 1030pm(Mon-Sun)|Average|2.8|26
Wild Wild West Lounge|600|North Indian,Continental|Jammu|Trikuta Nagar|https://www.zomato.com/jammu/wild-wild-west-lounge-trikuta-nagar/info|13|Lounge|12noon to 11pm(Mon-Sun)|Average|3.3|20
Smokin Joe|500|Italian|Jammu|Shiv Nagar|https://www.zomato.com/jammu/smokin-joe-shiv-nagar/info|13|Quick Bites|11am to 11pm(Mon-Sun)|Average|3.3|13
Vimpi's Chicken|400|North Indian|Jammu|Gandhi Nagar|https://www.zomato.com/jammu/vimpis-chicken-gandhi-nagar/info|13|Quick Bites|12noon to 1030pm(Mon-Sun)||NEW|NEW
Fitness Cook|500|Healthy Food|Jammu|Trikuta Nagar|https://www.zomato.com/jammu/fitness-cook-trikuta-nagar/info|13|Quick Bites|10am to 1030pm(Mon-Sun)|Good|3.5|45
The Brewberries|200|Chinese,North Indian,Burger,Pizza|Jammu|Channi Himmat|https://www.zomato.com/jammu/the-brewberries-channi-himmat/info|13|Quick Bites|11am to 11pm(Mon-Sun)|Good|3.5|20
Kitchen Art|300|North Indian,Chinese|Jammu|Trikuta Nagar|https://www.zomato.com/jammu/kitchen-art-trikuta-nagar/info|13|Quick Bites|12noon to 11pm(Mon-Sun)|Average|3.1|4
Shiv Vaishno Dhaba|250|North Indian|Jammu|Gandhi Nagar|https://www.zomato.com/jammu/shiv-vaishno-dhaba-gandhi-nagar/info|13|Dhaba|11am to 1030pm(Mon-Sun)|Good|3.8|44
Bistro 57|100|Fast Food|Jammu|Trikuta Nagar|https://www.zomato.com/jammu/bistro-57-trikuta-nagar/info|14|Quick Bites|11am to 1030pm(Mon-Sun)|Good|3.5|33
Imperial Grill|0|North Indian|Jammu|Trikuta Nagar|https://www.zomato.com/jammu/imperial-grill-trikuta-nagar/info|14|Casual Dining|11am to 11pm(Mon-Sun)|Good|3.7|37
Sattvik|800|Italian,Chinese|Jammu|Shiv Nagar|https://www.zomato.com/jammu/sattvik-shiv-nagar/info|14|Casual Dining|11am to 11pm(Mon-Sun)|Average|3.4|30
Chawlas² Since 1960|600|North Indian,Seafood|Jammu|Gandhi Nagar|https://www.zomato.com/jammu/chawlas-since-1960-gandhi-nagar/info|14|Quick Bites|11am to 11pm(Mon-Sun)|Average|2.9|31
Drive Thru|400|North Indian|Jammu|Channi Himmat|https://www.zomato.com/jammu/drive-thru-channi-himmat/info|14|none|2pm to 11pm(Mon,Wed,Thu,Fri,Sat,Sun),Closed...|Good|3.7|36
Balgotra Vaishno Dhaba|300|North Indian|Jammu|Resham Ghar Colony|https://www.zomato.com/jammu/balgotra-vaishno-dhaba-resham-ghar-colony/info|14|Quick Bites|7am to 11pm(Mon-Sun)|Average|3.1|13
Grub House Bar & Grill|1000|Continental,Chinese,Indian|Jammu|Marble Market Area|https://www.zomato.com/jammu/grub-house-bar-grill-marble-market-area/info|14|Casual Dining|11am to 11pm(Mon-Sun)|Good|3.6|23
Mint Leaf|700|Chinese,North Indian|Jammu|Channi Himmat|https://www.zomato.com/jammu/mint-leaf-channi-himmat/info|14|Café|11am to 11pm(Mon-Sun)|Average|3.4|26
Kashmir e Khas|300|Kashmiri|Jammu|Hari Market|https://www.zomato.com/jammu/kashmir-e-khas-hari-market/info|14|Quick Bites|11am to 1030pm(Mon-Sun)|Average|3.3|20
Chaska|400|North Indian,Chinese,Kashmiri|Jammu|Trikuta Nagar|https://www.zomato.com/jammu/chaska-trikuta-nagar/info|14|Quick Bites|11am to 11pm(Mon-Sun)|Average|2.9|7
Sharma Vaishno Dhaba|200|North Indian|Jammu|Preet Nagar|https://www.zomato.com/jammu/sharma-vaishno-dhaba-preet-nagar/info|14|Quick Bites|730am to 1030pm(Mon-Sun)|Average|3.2|8
Shri Krishna Bhog Restaurant|400|Indian|Jammu|Lal Kuan|https://www.zomato.com/jammu/shri-krishna-bhog-restaurant-lal-kuan/info|14|Casual Dining|11am to 1030pm(Mon-Sun)|Average|3.0|8
Belly Timber|600|Fast Food|Jammu|Gandhi Nagar|https://www.zomato.com/jammu/belly-timber-gandhi-nagar/info|14|Quick Bites|11am to 11pm(Mon-Sun)|Average|3.4|18
The Legends Food Point|200|North Indian,Street Food|Jammu|Gandhi Nagar|https://www.zomato.com/jammu/the-legends-food-point-gandhi-nagar/info|14|none|12noon to 1030pm(Mon-Sun)|Average|3.2|4
MK Hotel & Restaurant|700|Kashmiri|Jammu|Hari Market|https://www.zomato.com/jammu/mk-hotel-restaurant-hari-market/info|14|Casual Dining|1pm to 1030pm(Mon-Sun)|Good|3.5|20
Sharma Shudh Vaishno Khana|200|North Indian|Jammu|Transport Nagar|https://www.zomato.com/jammu/sharma-shudh-vaishno-khana-transport-nagar/info|15|Dhaba|11am to 1030pm(Mon-Sun)|Average|2.9|11
Rachna Restaurant|400|North Indian|Jammu|Maheshpura|https://www.zomato.com/jammu/rachna-restaurant-maheshpura/info|15|Casual Dining|11am to 11pm(Mon-Sun)|Average|3.1|10
Mom's Kitchen|400|Chinese,Mughlai,Fast Food|Jammu|Resham Ghar Colony|https://www.zomato.com/jammu/moms-kitchen-resham-ghar-colony/info|15|Quick Bites|12noon to 12midnight(Mon-Sun)|Average|2.9|10
Moti Mahal|800|North Indian|Jammu|SIDCO Complex|https://www.zomato.com/jammu/moti-mahal-sidco-complex/info|15|Casual Dining|11am to 11pm(Mon-Sun)|Average|3.3|6
Royal E Punjab|500|North Indian,Fast Food|Jammu|Channi Himmat|https://www.zomato.com/jammu/royal-e-punjab-channi-himmat/info|15|Quick Bites|12noon to 11pm(Mon-Sun)|Good|3.5|15
Cocoberry|300|Desserts|Jammu|Wave Mall-- Channi Himmat|https://www.zomato.com/jammu/cocoberry-channi-himmat/info|15|Dessert Parlor|11am to 1030pm(Mon-Sun)|Good|3.6|14
Cygnett Pavilion|1000|North Indian,Chinese,Continental|Jammu|Gandhi Nagar|https://www.zomato.com/jammu/cygnett-pavilion-gandhi-nagar/info|15|Casual Dining|11am to 11pm(Mon-Sun)|Average|3.2|7
The Kitchen|250|North Indian|Jammu|Trikuta Nagar|https://www.zomato.com/jammu/the-kitchen-trikuta-nagar/info|15|Quick Bites|1230pm to 11pm(Mon-Sun)|Average|3.2|4
Super Shakes|200|Beverages|Jammu|Trikuta Nagar|https://www.zomato.com/jammu/super-shakes-trikuta-nagar/info|15|Beverage Shop|11am to 11pm(Mon-Sun)||NEW|NEW
Masahari|400|Chinese,North Indian|Jammu|Channi Himmat|https://www.zomato.com/jammu/masahari-channi-himmat/info|15|none|11am to 11pm(Mon-Sun)||NEW|NEW
Hot Billions|500|Continental,Chinese,Kashmiri,Indian|Jammu|Rehari Colony|https://www.zomato.com/jammu/hot-billions-rehari-colony/info|15|Casual Dining|11am to 11pm(Mon-Sun)|Average|3.3|15
The 2nd Wife Kitchen|350|South Indian,North Indian,Chinese|Jammu|Trikuta Nagar|https://www.zomato.com/jammu/the-2nd-wife-kitchen-trikuta-nagar/info|15|Quick Bites|11am to 1130pm(Mon-Sun)|Average|2.6|20
The Grand Inn|500|North Indian,Chinese|Jammu|Trikuta Nagar|https://www.zomato.com/jammu/the-grand-inn-trikuta-nagar/info|15|Casual Dining|11am to 11pm(Mon-Sun)|Average|3.3|6
Sizzler's|300|North Indian|Jammu|Channi Himmat|https://www.zomato.com/jammu/sizzlers-channi-himmat/info|15|Casual Dining|1pm to 430pm,630pm to 1030pm(Mon,Wed,Thu...|Average|3.1|9
The Health Cafe|500|Italian,Fast Food|Jammu|Channi Himmat|https://www.zomato.com/jammu/the-health-cafe-channi-himmat/info|15|Quick Bites|11am to 11pm(Mon-Sun)|Average|3.2|9
Cheese Overloaded|150|Fast Food|Jammu|Wave Mall-- Channi Himmat|https://www.zomato.com/jammu/cheese-overloaded-channi-himmat/info|16|none|11am to 11pm(Mon-Sun)|Not rated|-|-
Reputation|350|Cafe|Jammu|Gandhi Nagar|https://www.zomato.com/jammu/reputation-gandhi-nagar/info|16|Café|11am to 1130pm(Mon-Sun)|Not rated|-|-
Super Shakes|300|Beverages|Jammu|Channi Himmat|https://www.zomato.com/jammu/super-shakes-channi-himmat/info|16|Beverage Shop|11am to 1030pm(Mon-Sun)|Average|2.9|6
Baskin Robbins|300|Ice Cream|Jammu|Trikuta Nagar|https://www.zomato.com/jammu/baskin-robbins-trikuta-nagar/info|16|Dessert Parlor|1130am to 1130pm(Mon-Sun)|Average|3.3|13
La Italia|350|Cafe|Jammu|Transport Nagar|https://www.zomato.com/jammu/la-italia-transport-nagar/info|16|Café|11am to 11pm(Mon-Sun)|Average|3.3|8
American Fried Chicken Restaurant - AFC|600|North Indian|Jammu|Preet Nagar|https://www.zomato.com/jammu/american-fried-chicken-restaurant-afc-preet-nagar/info|16|Casual Dining|11am to 11pm(Mon-Sun)|Average|3.2|8
Chinar|1200|Kashmiri|Jammu|Resham Ghar Colony|https://www.zomato.com/jammu/chinar-resham-ghar-colony/info|16|Fine Dining|11am to 11pm(Mon-Sun)|Average|3.2|13
The Street Food|500|North Indian|Jammu|Resham Ghar Colony|https://www.zomato.com/jammu/the-street-food-resham-ghar-colony/info|16|Quick Bites|12noon to 12midnight(Mon,Wed,Thu,Fri,Sat...|Average|3.3|10
The Waffle Hut|400|Ice Cream|Jammu|Channi Himmat|https://www.zomato.com/jammu/the-waffle-hut-channi-himmat/info|16|Dessert Parlor|11am to 11pm(Mon-Sun)|Average|3.2|7
Grill Station|300|North Indian,Chinese|Jammu|Trikuta Nagar|https://www.zomato.com/jammu/grill-station-trikuta-nagar/info|16|Quick Bites|12noon to 11pm(Mon-Sun)|Not rated|-|-
Rajan Bar & Restaurant|700|North Indian,Chinese|Jammu|Trikuta Nagar|https://www.zomato.com/jammu/rajan-bar-restaurant-trikuta-nagar/info|16|Casual Dining|11am to 11pm(Mon-Sun)|Average|3.1|4
Love Chicken Hut|400|North Indian,Fast Food|Jammu|Resham Ghar Colony|https://www.zomato.com/jammu/love-chicken-hut-resham-ghar-colony/info|16|Quick Bites|1pm to 1030pm(Mon-Sun)|Average|3.1|5
Raja Vaishno Dhaba|200|North Indian|Jammu|Maheshpura|https://www.zomato.com/jammu/raja-vaishno-dhaba-maheshpura/info|16|Dhaba|8am to 11pm(Mon-Sun)||NEW|NEW
Giani|300|North Indian|Jammu|Shastri Nagar|https://www.zomato.com/jammu/giani-shastri-nagar/info|16|Quick Bites|1130am to 11pm(Mon-Sun)|Average|3.1|7
Kashmir Bar & Restaurant|250|North Indian,Chinese|Jammu|Channi Himmat|https://www.zomato.com/jammu/kashmir-bar-restaurant-channi-himmat/info|16|Quick Bites|11am to 11pm(Mon-Sun)|Not rated|-|-
Shree Rathnam|350|North Indian,South Indian|Jammu|Channi Himmat|https://www.zomato.com/jammu/shree-rathnam-channi-himmat/info|17|Food Court|11am to 1030pm(Mon-Sun)|Average|3.3|6
Dulara Chicken|400|North Indian|Jammu|Transport Nagar|https://www.zomato.com/jammu/dulara-chicken-transport-nagar/info|17|Quick Bites|12noon to 11pm(Mon-Sun)|Not rated|-|-
Go Kathi|500|Fast Food,Rolls|Jammu|Channi Himmat|https://www.zomato.com/jammu/go-kathi-channi-himmat/info|17|Food Court|11am to 1030pm(Mon-Sun)|Average|3.0|4
Jangi's Fish Bar & Restaurant|1200|North Indian,Mughlai,Continental|Jammu|Nanak Nagar|https://www.zomato.com/jammu/jangis-fish-bar-restaurant-nanak-nagar/info|17|Casual Dining|11am to 11pm(Mon-Sun)||NEW|NEW
Hot Million|200|North Indian,Chinese|Jammu|Resham Ghar Colony|https://www.zomato.com/jammu/hot-million-resham-ghar-colony/info|17|Quick Bites|10am to 11pm(Mon-Sun)||NEW|NEW
The Grand Grill|500|Continental|Jammu|Channi Himmat|https://www.zomato.com/jammu/the-grand-grill-channi-himmat/info|17|Food Court|11am to 1030pm(Mon-Sun)|Average|3.0|5
Noon 2 Nite|500|North Indian|Jammu|Nanak Nagar|https://www.zomato.com/jammu/noon-2-nite-nanak-nagar/info|17|Quick Bites|5pm to 11pm(Mon-Sun)|Average|3.1|9
Cappuccino Cafe & Lounge|250|Beverages,Chinese,Continental|Jammu|Marble Market Area|https://www.zomato.com/jammu/cappuccino-cafe-lounge-marble-market-area/info|17|Café|11am to 11pm(Mon-Sun)|Not rated|-|-
Singh's Brother|250|North Indian|Jammu|Rehari Colony|https://www.zomato.com/jammu/singhs-brother-rehari-colony/info|17|none|12noon to 11pm(Mon-Sun)|Average|3.1|9
Crispy Hub|300|North Indian,Chinese|Jammu|Preet Nagar|https://www.zomato.com/jammu/crispy-hub-preet-nagar/info|17|Quick Bites|11am to 11pm(Mon-Sun)||NEW|NEW
Jammu Gali|200|North Indian|Jammu|Shastri Nagar|https://www.zomato.com/jammu/jammu-gali-shastri-nagar/info|17|Quick Bites|9am to 11pm(Mon-Sun)||NEW|NEW
Kulfiano|350|Ice Cream|Jammu|Channi Himmat|https://www.zomato.com/jammu/kulfiano-channi-himmat/info|17|Dessert Parlor|11am to 1030pm(Mon-Sun)|Not rated|-|-
Singh Food Junction|200|North Indian,Chinese,Continental|Jammu|Preet Nagar|https://www.zomato.com/jammu/singh-food-junction-preet-nagar/info|17|Quick Bites|11am to 1030pm(Mon-Sun)|Average|2.8|8
Sunny Champ Point|200|North Indian|Jammu|Trikuta Nagar|https://www.zomato.com/jammu/sunny-champ-point-trikuta-nagar/info|17|Quick Bites|5pm to 11pm(Mon-Sun)|Average|3.3|6
Sang Mitra Palace Restaurant|300|North Indian,Chinese|Jammu|Channi Himmat|https://www.zomato.com/jammu/sang-mitra-palace-restaurant-channi-himmat/info|17|Quick Bites|11am to 11pm(Mon-Sun)|Not rated|-|-
Grill Inn|300|North Indian|Jammu|Resham Ghar Colony|https://www.zomato.com/jammu/grill-inn-resham-ghar-colony/info|18|Quick Bites|11am to 11pm(Mon-Sun)|Average|2.7|5
Tandoori Bite Halal Dhaba|500|North Indian|Jammu|Transport Nagar|https://www.zomato.com/jammu/tandoori-bite-halal-dhaba-transport-nagar/info|18|Quick Bites|1030am to 11pm(Mon-Sun)|Average|3.1|5
Kundan Da Dhaba|0|North Indian|Jammu|Hari Market|https://www.zomato.com/jammu/kundan-da-dhaba-hari-market/info|18|Dhaba|11am to 11pm(Mon-Sun)|Average|3.2|6
Asian Xpress|300|Asian|Jammu|Resham Ghar Colony|https://www.zomato.com/jammu/asian-xpress-resham-ghar-colony/info|18|Quick Bites|11am to 11pm(Mon-Sun)|Not rated|-|-
OTR Multi Cuisine Family Restaurant|400|North Indian,Chinese|Jammu|Trikuta Nagar|https://www.zomato.com/jammu/otr-multi-cuisine-family-restaurant-trikuta-nagar/info|18|Casual Dining|9am to 11pm(Mon-Sun)|Average|3.0|4
Karim's|650|Mughlai,Rolls|Jammu|Resham Ghar Colony|https://www.zomato.com/jammu/karims-resham-ghar-colony/info|18|Quick Bites|11am to 11pm(Mon-Sun)|Average|3.0|5
Tandoori Flames|400|North Indian,Chinese,Continental|Jammu|Maheshpura|https://www.zomato.com/jammu/tandoori-flames-maheshpura/info|18|Quick Bites|10am to 1030pm(Mon-Sun)|Average|3.2|7
Mr. Idli|200|South Indian|Jammu|Resham Ghar Colony|https://www.zomato.com/jammu/mr-idli-resham-ghar-colony/info|18|Quick Bites|11am to 11pm(Mon-Sun)|Not rated|-|-
24 Carat Chat & Fast Food|150|Street Food,Fast Food|Jammu|Nanak Nagar|https://www.zomato.com/jammu/24-carat-chat-fast-food-nanak-nagar/info|18|Quick Bites|11am to 11pm(Mon-Sun)|Average|3.1|4
Green Chilly Family Restaurant|500|North Indian,Chinese,Continental|Jammu|Resham Ghar Colony|https://www.zomato.com/jammu/green-chilly-family-restaurant-resham-ghar-colony/info|18|Casual Dining|11am to 11pm(Mon-Sun)|Not rated|-|-
Hotel Corporate Villa|400|North Indian,Chinese,Continental|Jammu|SIDCO Complex|https://www.zomato.com/jammu/hotel-corporate-villa-sidco-complex/info|18|Quick Bites|11am to 11pm(Mon-Sun)|Not rated|-|-
39 Bakers|300|Bakery,Desserts|Jammu|Resham Ghar Colony|https://www.zomato.com/jammu/39-bakers-resham-ghar-colony/info|18|Bakery|11am to 11pm(Mon-Sun)|Not rated|-|-
U. S. Pizza|300|Pizza|Jammu|Resham Ghar Colony|https://www.zomato.com/jammu/u-s-pizza-resham-ghar-colony/info|18|Quick Bites|11am to 11pm(Mon-Sun)|Not rated|-|-
Pind Balluchi Express|350|North Indian|Jammu|Resham Ghar Colony|https://www.zomato.com/jammu/pind-balluchi-express-resham-ghar-colony/info|18|Quick Bites|11am to 11pm(Mon-Sun)|Not rated|-|-
Hotel Mansar Restaurant|600|North Indian,Chinese,Continental|Jammu|Hari Market|https://www.zomato.com/jammu/hotel-mansar-restaurant-hari-market/info|18|Casual Dining|10am to 11pm(Mon-Sun)|Not rated|-|-
Luxmi Vaishno Bhojanalya|200|North Indian|Jammu|Trikuta Nagar|https://www.zomato.com/jammu/luxmi-vaishno-bhojanalya-trikuta-nagar/info|19|Bhojanalya|9am to 11pm(Mon-Sun)|Not rated|-|-
Dilli Darbar|400|North Indian|Jammu|Transport Nagar|https://www.zomato.com/jammu/dilli-darbar-transport-nagar/info|19|Quick Bites|11am to 11pm(Mon-Sun)|Not rated|-|-
PMC Bhujiawala|400|North Indian,South Indian,Continental,Chinese|Jammu|Maheshpura|https://www.zomato.com/jammu/pmc-bhujiawala-maheshpura/info|19|Fine Dining|930am to 1130pm(Mon-Sun)|Not rated|-|-
Punjabi Tadka|400|North Indian|Jammu|Preet Nagar|https://www.zomato.com/jammu/punjabi-tadka-preet-nagar/info|19|Casual Dining|11am to 11pm(Mon-Sun)|Not rated|-|-
Balgotra's Roasting Nights|300|North Indian,Chinese|Jammu|Trikuta Nagar|https://www.zomato.com/jammu/balgotras-roasting-nights-trikuta-nagar/info|19|Quick Bites|11am to 11pm(Mon-Sun)|Not rated|-|-
D Village Restaurant|600|North Indian|Jammu|Resham Ghar Colony|https://www.zomato.com/jammu/d-village-restaurant-resham-ghar-colony/info|19|Casual Dining|1030am to 11pm(Mon-Sun)||NEW|NEW
Jammu Palace Restaurant|500|North Indian,Chinese,Continental|Jammu|Karan Nagar|https://www.zomato.com/jammu/jammu-palace-restaurant-karan-nagar/info|19|Casual Dining|12noon to 11pm(Mon-Sun)|Not rated|-|-
Fortune Deli|400|North Indian|Jammu|Old Heritage City|https://www.zomato.com/jammu/fortune-deli-old-heritage-city/info|19|Bakery|11am to 11pm(Mon-Sun)|Not rated|-|-
U.S.Pizza|500|Pizza,Salad|Jammu|Raghunath Bazaar|https://www.zomato.com/jammu/u-s-pizza-raghunath-bazaar/info|19|Food Court|11am to 11pm(Mon-Sun)||NEW|NEW
Dream Cream|250|Desserts,Ice Cream|Jammu|Resham Ghar Colony|https://www.zomato.com/jammu/dream-cream-resham-ghar-colony/info|19|Dessert Parlor|11am to 11pm(Mon-Sun)|Not rated|-|-
Mr. Sub|250|Healthy Food,Sandwich|Jammu|Resham Ghar Colony|https://www.zomato.com/jammu/mr-sub-resham-ghar-colony/info|19|Quick Bites|11am to 11pm(Mon-Sun)|Not rated|-|-
Juice Subs Salad Bar|300|Beverages|Jammu|Wave Mall-- Channi Himmat|https://www.zomato.com/jammu/juice-subs-salad-bar-channi-himmat/info|19|Beverage Shop|11am to 1030pm(Mon-Sun)|Not rated|-|-
Mahavira Fast Food|200|Fast Food|Jammu|Resham Ghar Colony|https://www.zomato.com/jammu/mahavira-fast-food-resham-ghar-colony/info|19|Quick Bites|9am to 1030pm(Mon-Sun)||NEW|NEW
Orchid Restaurant|1000|North Indian,Chinese,Continental|Jammu|Preet Nagar|https://www.zomato.com/jammu/orchid-restaurant-preet-nagar/info|19|Casual Dining|11am to 11pm(Mon-Sun)|Not rated|-|-
XO Cafe|1000|North Indian,Chinese,Continental|Jammu|Barnai|https://www.zomato.com/jammu/xo-cafe-1-barnai/info|19|Fine Dining|8am to 11pm(Mon-Sun)|Not rated|-|-
Khaana Khazana|650|Chinese,North Indian|Jammu|Karan Nagar|https://www.zomato.com/jammu/khaana-khazana-karan-nagar/info|2|Casual Dining|11am to 11pm(Mon-Sun)|Very Good|4.2|118
Vimpi's|300|North Indian,Chinese|Jammu|Gandhi Nagar|https://www.zomato.com/jammu/vimpis-gandhi-nagar/info|2|Quick Bites|12noon to 1030pm(Mon-Sun)|Good|3.9|80
Spicy Grillz 2|250|Fast Food,North Indian,Mughlai|Jammu|Channi Himmat|https://www.zomato.com/jammu/spicy-grillz-2-channi-himmat/info|2|Quick Bites|1pm to 1030pm(Mon,Wed,Thu,Fri,Sat,Sun)...|Good|3.8|84
Ganpati Food Junction|300|North Indian,South Indian,Mithai|Jammu|Gandhi Nagar|https://www.zomato.com/jammu/ganpati-food-junction-gandhi-nagar/info|2|Quick Bites|10am to 1030pm(Mon-Sun)|Good|3.8|97
Papa Di Hatti|300|North Indian|Jammu|Hari Market|https://www.zomato.com/jammu/papa-di-hatti-hari-market/info|2|Quick Bites|1030am to 1030pm(Mon-Sun)|Good|3.8|84
Red Farm|1000|Continental|Jammu|Trikuta Nagar|https://www.zomato.com/jammu/red-farm-trikuta-nagar/info|2|Casual Dining|12noon to 12midnight(Mon-Sun)|Very Good|4.2|39
Sharma Vaishno Bhojnalaya|300|North Indian|Jammu|Trikuta Nagar|https://www.zomato.com/jammu/sharma-vaishno-bhojnalaya-trikuta-nagar/info|2|Dhaba|8am to 11pm(Mon-Sun)|Good|3.8|48
Hello Jammu|350|Chinese,North Indian,Rolls,Sandwich,Burger,Pizza,Desserts,Ice Cream|Jammu|Channi Himmat|https://www.zomato.com/jammu/hello-jammu-2-channi-himmat/info|2|Casual Dining|10am to 11pm(Mon-Sun)|Good|3.8|97
Momotails|300|Fast Food,Momos|Jammu|Trikuta Nagar|https://www.zomato.com/jammu/momotails-trikuta-nagar/info|2|Quick Bites|(Mon-Sun)|Very Good|4.2|152
Pahalwan's|300|North Indian|Jammu|Old Heritage City|https://www.zomato.com/jammu/pahalwans-old-heritage-city/info|2|Quick Bites|9am to 10pm(Mon-Sun)||NEW|NEW
McDonald's|500|Fast Food,Burger|Jammu|Hari Market|https://www.zomato.com/jammu/mcdonalds-hari-market/info|2|Quick Bites|11am to 11pm(Mon-Sun)|Very Good|4.0|112
Nai Delhi|400|North Indian,Chinese,Continental|Jammu|Trikuta Nagar|https://www.zomato.com/jammu/nai-delhi-trikuta-nagar/info|2|Quick Bites|1pm to 11pm(Mon-Sun)|Very Good|4.0|82
CAD B CAD M|300|Fast Food,Beverages|Jammu|Trikuta Nagar|https://www.zomato.com/jammu/cad-b-cad-m-trikuta-nagar/info|2|Beverage Shop|10am to 10pm(Mon-Sun)|Very Good|4.2|110
Crustoz By Naaka|250|North Indian,Fast Food|Jammu|Channi Himmat|https://www.zomato.com/jammu/crustoz-by-naaka-channi-himmat/info|2|Quick Bites|12noon to 1030pm(Mon-Sun)|Good|3.9|33
Rangla Punjab|400|North Indian,Chinese,Continental|Jammu|Gandhi Nagar|https://www.zomato.com/jammu/rangla-punjab-gandhi-nagar/info|2|Quick Bites|11am to 11pm(Mon-Sun)|Good|3.9|63
Bazaar - Zone By The Park|1600|North Indian,Chinese,Italian|Jammu|Trikuta Nagar|https://www.zomato.com/jammu/bazaar-zone-by-the-park-trikuta-nagar/info|20|Casual Dining|9am to 11pm(Mon-Sun)||NEW|NEW
New Karan Hotel & Restaurant|500|Kashmiri,Chinese,Fast Food|Jammu|Karan Nagar|https://www.zomato.com/jammu/new-karan-hotel-restaurant-karan-nagar/info|20|Casual Dining|11am to 11pm(Mon-Sun)|Not rated|-|-
Strictly Street|150|Street Food|Jammu|Resham Ghar Colony|https://www.zomato.com/jammu/strictly-street-resham-ghar-colony/info|20|Quick Bites|11am to 11pm(Mon-Sun)|Not rated|-|-
UBQ by Barbeque Nation|1000|North Indian|Jammu|Trikuta Nagar|https://www.zomato.com/jammu/ubq-by-barbeque-nation-trikuta-nagar/info|20|none|1230pm to 330pm,630pm to 11pm(Mon-Sun)|Not rated|-|-
Xo Cafe|800|Indian,Chinese,Continental|Jammu|Barnai|https://www.zomato.com/jammu/xo-cafe-barnai/info|20|Casual Dining|12noon to 11pm(Mon-Sun)|Not rated|-|-
Murga Shurga|200|North Indian|Jammu|Channi Himmat|https://www.zomato.com/jammu/murga-shurga-channi-himmat/info|20|Quick Bites|11am to 11pm(Mon-Sun)|Not rated|-|-
Rim Zim Food Junction|300|North Indian,Chinese|Jammu|Trikuta Nagar|https://www.zomato.com/jammu/rim-zim-food-junction-trikuta-nagar/info|20|Quick Bites|8am to 1030pm(Mon-Sun)|Not rated|-|-
Kaka Di Rasoi|200|North Indian,Chinese,Fast Food|Jammu|Trikuta Nagar|https://www.zomato.com/jammu/kaka-di-rasoi-trikuta-nagar/info|20|none|9am to 11pm(Mon-Sun)||NEW|NEW
Dimple Provision Store|500|Fast Food,Bakery,Sandwich,Burger|Jammu|Hari Market|https://www.zomato.com/jammu/dimple-provision-store-hari-market/info|3|Quick Bites|11am to 10pm(Mon-Sun)|Very Good|4.3|108
The Law Project. #Y.O.L.O|400|Fast Food,Desserts|Jammu|Trikuta Nagar|https://www.zomato.com/jammu/the-law-project-y-o-l-o-trikuta-nagar/info|3|Quick Bites|12noon to 10pm(Mon-Sun)|Very Good|4.1|104
Bobby74|300|Continental,Fast Food,North Indian,Italian|Jammu|Channi Himmat|https://www.zomato.com/jammu/bobby74-channi-himmat/info|3|Quick Bites|11am to 11pm(Mon-Sun)|Good|3.7|81
Oh! Jammu Eatery|500|Fast Food|Jammu|Trikuta Nagar|https://www.zomato.com/jammu/oh-jammu-eatery-trikuta-nagar/info|3|Quick Bites|11am to 11pm(Mon-Sun)|Good|3.9|87
Durga Fast Food|250|Fast Food|Jammu|Nanak Nagar|https://www.zomato.com/jammu/durga-fast-food-nanak-nagar/info|3|Quick Bites|1230pm to 10pm(Mon-Sun)|Very Good|4.2|144
Baba Chicken|900|North Indian|Jammu|Marble Market Area|https://www.zomato.com/jammu/baba-chicken-marble-market-area/info|3|Quick Bites|12noon to 11pm(Mon-Sun)|Good|3.8|82
Billu Di hatti|150|Mughlai|Jammu|Hari Market|https://www.zomato.com/jammu/billu-di-hatti-hari-market/info|3|Quick Bites|10am to 10pm(Mon-Sun)|Very Good|4.0|137
Country Barn|400|North Indian,Italian|Jammu|Channi Himmat|https://www.zomato.com/jammu/country-barn-channi-himmat/info|3|Casual Dining|12noon to 1030pm(Mon-Sun)|Very Good|4.2|51
Jani Di Hatti|100|North Indian|Jammu|Hari Market|https://www.zomato.com/jammu/jani-di-hatti-hari-market/info|3|Quick Bites|730am to 8pm(Mon-Sat),7am to 530pm(Sun)|Very Good|4.0|62
Aroma Family Restaurant|1000|South Indian,Continental,Chinese|Jammu|Trikuta Nagar|https://www.zomato.com/jammu/aroma-family-restaurant-trikuta-nagar/info|3|Quick Bites|11am to 11pm(Mon-Sun)|Very Good|4.1|103
Kwality Food Point|200|Fast Food,Chinese|Jammu|Resham Ghar Colony|https://www.zomato.com/jammu/kwality-food-point-resham-ghar-colony/info|3|Quick Bites|10am to 10pm(Mon-Sun)|Good|3.9|51
Kasturi & Nikka Halwai Di Hatti|100|North Indian|Jammu|Raghunath Bazaar|https://www.zomato.com/jammu/kasturi-nikka-halwai-di-hatti-raghunath-bazaar/info|3|Quick Bites|8am to 8pm(Mon-Sun)|Good|3.9|53
New Delhi|300|North Indian|Jammu|Gandhi Nagar|https://www.zomato.com/jammu/new-delhi-gandhi-nagar/info|3|Quick Bites|1pm to 10pm(Mon-Sun)|Good|3.6|97
Chawlas2|400|North Indian,Chinese|Jammu|Shastri Nagar|https://www.zomato.com/jammu/chawlas2-shastri-nagar/info|3|Casual Dining|11am to 11pm(Mon-Sun)|Good|3.7|77
Cafe Diesel|200|Fast Food,Sandwich,Beverages|Jammu|Trikuta Nagar|https://www.zomato.com/jammu/cafe-diesel-trikuta-nagar/info|3|Quick Bites|11am to 11pm(Mon-Sun)|Average|3.4|10
Fat Boy Cafe|400|Cafe,Italian,Coffee|Jammu|Gandhi Nagar|https://www.zomato.com/jammu/fat-boy-cafe-gandhi-nagar/info|4|Bakery|11am to 10pm(Mon-Sun)|Average|3.3|74
Fun Bytes|400|Fast Food,Burger|Jammu|Patoli|https://www.zomato.com/jammu/fun-bytes-patoli/info|4|Quick Bites|11am to 1130pm(Mon-Sun)|Good|3.5|120
Mahi Roll Corner & Fast Food|200|Chinese,North Indian,Rolls|Jammu|Trikuta Nagar|https://www.zomato.com/jammu/mahi-roll-corner-fast-food-trikuta-nagar/info|4|Quick Bites|1130am to 10pm(Mon-Sun)|Good|3.5|44
Dosas And More|200|South Indian,Chinese|Jammu|Channi Himmat|https://www.zomato.com/jammu/dosas-and-more-channi-himmat/info|4|Quick Bites|1pm to 1030pm(Mon-Sun)|Good|3.9|59
Amritsari Kulcha Hut|200|North Indian|Jammu|Resham Ghar Colony|https://www.zomato.com/jammu/amritsari-kulcha-hut-resham-ghar-colony/info|4|Food Court|8am to 630pm(Mon-Sun)||NEW|NEW
The Tea Factory|300|Fast Food|Jammu|Trikuta Nagar|https://www.zomato.com/jammu/the-tea-factory-trikuta-nagar/info|4|Quick Bites|1030am to 10pm(Mon-Sun)|Good|3.8|59
Creme Craft|300|Bakery,Desserts|Jammu|Resham Ghar Colony|https://www.zomato.com/jammu/creme-craft-1-resham-ghar-colony/info|4|Bakery|930am to 930pm(Mon-Sun)|Good|3.5|18
Madan Mithai Cafe|150|Mithai,North Indian|Jammu|Channi Himmat|https://www.zomato.com/jammu/madan-mithai-cafe-channi-himmat/info|4|none|8am to 930pm(Mon-Sun)|Good|3.8|38
Kathi Junction|200|Fast Food|Jammu|Resham Ghar Colony|https://www.zomato.com/jammu/kathi-junction-resham-ghar-colony/info|4|Quick Bites|11am to 10pm(Mon-Sun)|Good|3.7|26
L'oren Cafe|150|Fast Food|Jammu|Nanak Nagar|https://www.zomato.com/jammu/loren-cafe-nanak-nagar/info|4|Quick Bites|430pm to 10pm(Mon-Sun)|Very Good|4.0|67
The Grand Hill|250|North Indian|Jammu|Trikuta Nagar|https://www.zomato.com/jammu/the-grand-hill-trikuta-nagar/info|4|Quick Bites|9am to 11pm(Mon-Sun)|Average|2.8|32
The Chef's Grill|350|North Indian|Jammu|Channi Himmat|https://www.zomato.com/jammu/the-chefs-grill-channi-himmat/info|4|Quick Bites|12noon to 11pm(Mon-Sun)|Good|3.8|50
Fusion Tadka|300|North Indian,Chinese,Kashmiri,Continental|Jammu|Channi Himmat|https://www.zomato.com/jammu/fusion-tadka-channi-himmat/info|4|Casual Dining|12noon to 1030pm(Mon-Sun)|Average|2.7|52
Dominee The Pizza Expert|300|Pizza|Jammu|Resham Ghar Colony|https://www.zomato.com/jammu/dominee-the-pizza-expert-resham-ghar-colony/info|4|Quick Bites|10am to 10pm(Mon-Sun)|Average|3.4|24
Pizza Hut|600|Pizza|Jammu|Trikuta Nagar|https://www.zomato.com/jammu/pizza-hut-trikuta-nagar/info|4|Quick Bites|11am to 11pm(Mon-Sun)|Good|3.8|85
Me 'N' U|400|Fast Food|Jammu|Nanak Nagar|https://www.zomato.com/jammu/me-n-u-nanak-nagar/info|5|Quick Bites|11am to 945pm(Mon-Sun)|Average|3.3|37
FaceFood|200|Healthy Food,Chinese|Jammu|Nanak Nagar|https://www.zomato.com/jammu/facefood-nanak-nagar/info|5|Quick Bites|11am to 10pm(Mon-Sun)|Good|3.7|54
17 Miles Sweet Temptations JDA Park|250|North Indian,Chinese|Jammu|Old Heritage City|https://www.zomato.com/jammu/17-miles-sweet-temptations-jda-park-old-heritage-city/info|5|Quick Bites|11am to 9pm(Mon-Sun)|Good|3.5|14
Momo Nation Cafe|200|Momos,Fast Food,Chinese|Jammu|Channi Himmat|https://www.zomato.com/jammu/momo-nation-cafe-channi-himmat/info|5|none|2pm to 1030pm(Mon-Sun)|Good|3.8|64
DadiMaa's Kitchen|400|North Indian|Jammu|Gandhi Nagar|https://www.zomato.com/jammu/dadimaas-kitchen-gandhi-nagar/info|5|none|9am to 9pm(Mon-Sun)|Good|3.5|18
Dum Pukhat|300|North Indian,Chinese|Jammu|Nanak Nagar|https://www.zomato.com/jammu/dum-pukhat-3-nanak-nagar/info|5|Quick Bites|11am to 11pm(Mon-Sun)|Poor|2.4|105
Smugglers|500|Healthy Food,Fast Food,Beverages|Jammu|Trikuta Nagar|https://www.zomato.com/jammu/smugglers-2-trikuta-nagar/info|5|Quick Bites|10am to 10pm(Mon-Sun)|Very Good|4.0|53
Premier's Cake Walk|300|Desserts,Bakery|Jammu|Hari Market|https://www.zomato.com/jammu/premiers-cake-walk-hari-market/info|5|Bakery|10am to 10pm(Mon-Sun)|Average|2.8|16
Annpurna Vaishno Bhojanalya|200|North Indian|Jammu|Trikuta Nagar|https://www.zomato.com/jammu/annpurna-vaishno-bhojanalya-trikuta-nagar/info|5|Casual Dining|930am to 11pm(Mon-Sun)|Good|3.8|35
Se7en Beans Cafe|250|Cafe,Bakery|Jammu|Channi Himmat|https://www.zomato.com/jammu/se7en-beans-cafe-channi-himmat/info|5|Café|11am to 10pm(Mon-Sun)|Good|3.6|17
Zaika|300|Kashmiri|Jammu|Trikuta Nagar|https://www.zomato.com/jammu/zaika-trikuta-nagar/info|5|Quick Bites|1pm to 10pm(Mon-Sun)|Good|3.7|31
Grill Inn|200|Fast Food,Italian|Jammu|Trikuta Nagar|https://www.zomato.com/jammu/grill-inn-trikuta-nagar/info|5|Quick Bites|11am to 11pm(Mon-Sun)|Good|3.9|38
Momo Hut|200|Momos|Jammu|Karan Nagar|https://www.zomato.com/jammu/momo-hut-karan-nagar/info|5|Quick Bites|12noon to 10pm(Mon-Sun)|Average|3.3|18
Perfect Food Junction|600|Mughlai,Chinese|Jammu|Nanak Nagar|https://www.zomato.com/jammu/perfect-food-junction-nanak-nagar/info|5|Quick Bites||Good|3.6|72
Tandoor Blow Up|250|North Indian|Jammu|Resham Ghar Colony|https://www.zomato.com/jammu/tandoor-blow-up-resham-ghar-colony/info|5|none|11am to 10pm(Mon-Sun)|Good|3.5|22
Bakshi Food Corner|100|Fast Food|Jammu|Nanak Nagar|https://www.zomato.com/jammu/bakshi-food-corner-nanak-nagar/info|6|Quick Bites|11am to 9pm(Mon-Sun)|Good|3.5|30
The Village|400|North Indian,Chinese,Continental|Jammu|Trikuta Nagar|https://www.zomato.com/jammu/the-village-trikuta-nagar/info|6|Quick Bites|11am to 10pm(Mon-Sun)|Good|3.5|19
Fun Bytes|200|Fast Food,Burger|Jammu|Gandhi Nagar|https://www.zomato.com/jammu/fun-bytes-gandhi-nagar/info|6|Quick Bites|1130am to 1130pm(Mon-Sun)|Good|3.9|67
Eats N Treats|200|North Indian,Chinese|Jammu|Shastri Nagar|https://www.zomato.com/jammu/eats-n-treats-1-shastri-nagar/info|6|Café|8am to 930pm(Mon-Sun)||NEW|NEW
Kailash Dhaba|400|North Indian,Chinese|Jammu|Trikuta Nagar|https://www.zomato.com/jammu/kailash-dhaba-trikuta-nagar/info|6|Dhaba|11am to 10pm(Mon-Sun)|Average|3.4|18
Pick|200|North Indian,Chinese|Jammu|Nanak Nagar|https://www.zomato.com/jammu/pick-nanak-nagar/info|6|Quick Bites|11am to 10pm(Mon-Sun)|Good|3.8|30
Cafe 1947|150|Chinese,Fast Food|Jammu|Raghunath Bazaar|https://www.zomato.com/jammu/cafe-1947-raghunath-bazaar/info|6|Quick Bites|11am to 10pm(Mon-Sun)|Average|2.8|9
Spice Food Court|500|South Indian,North Indian|Jammu|Gandhi Nagar|https://www.zomato.com/jammu/spice-food-court-gandhi-nagar/info|6|Casual Dining|11am to 1030pm(Mon-Sun)|Good|3.7|40
Oh! Jammu The Health Cafe|500|Fast Food|Jammu|Trikuta Nagar|https://www.zomato.com/jammu/oh-jammu-the-health-cafe-trikuta-nagar/info|6|Quick Bites|11am to 10pm(Mon-Sun)|Good|3.5|23
Grill N Chill|400|Indian,Continental,Chinese,Fast Food|Jammu|Lal Kuan|https://www.zomato.com/jammu/grill-n-chill-lal-kuan/info|6|Quick Bites|10am to 1030pm(Mon-Sun)|Good|3.7|26
Shake Shack|200|Chinese,Fast Food|Jammu|Nanak Nagar|https://www.zomato.com/jammu/shake-shack-nanak-nagar/info|6|Quick Bites|1pm to 10pm(Mon-Sun)|Good|3.9|31
Frutub|200|Beverages,Juices|Jammu|Channi Himmat|https://www.zomato.com/jammu/frutub-channi-himmat/info|6|Beverage Shop|11am to 930pm(Mon-Sun)|Good|3.5|23
My Kitchen|250|North Indian|Jammu|Trikuta Nagar|https://www.zomato.com/jammu/my-kitchen-trikuta-nagar/info|6|Quick Bites|12noon to 10pm(Mon-Sun)|Good|3.6|30
Sanju Momo's|300|North Indian,Chinese|Jammu|Nanak Nagar|https://www.zomato.com/jammu/sanju-momos-nanak-nagar/info|6|Quick Bites|12noon to 9pm(Mon-Sun)|Good|3.6|35
Renuka's Cakes|250|Bakery|Jammu|Gandhi Nagar|https://www.zomato.com/jammu/renukas-cakes-gandhi-nagar/info|6|Bakery|11am to 630pm(Mon-Sun)|Average|2.7|17
Momo Hut|200|Chinese|Jammu|Gandhi Nagar|https://www.zomato.com/jammu/momo-hut-gandhi-nagar/info|7|Quick Bites|12noon to 930pm(Mon-Sun)|Good|3.5|17
Jai Maa Amritsari Kulcha Hut|250|North Indian|Jammu|Hari Market|https://www.zomato.com/jammu/jai-maa-amritsari-kulcha-hut-hari-market/info|7|Bhojanalya|9am to 5pm(Mon-Sun)||NEW|NEW
City Hop|300|Chinese,Fast Food|Jammu|Shastri Nagar|https://www.zomato.com/jammu/city-hop-shastri-nagar/info|7|Quick Bites|12noon to 10pm(Mon,Wed,Thu,Fri,Sat,Sun)...|Good|3.7|42
Punjabi Tandoor|200|Street Food|Jammu|Karan Nagar|https://www.zomato.com/jammu/punjabi-tandoor-karan-nagar/info|7|Quick Bites|8am to 10pm(Mon-Sun)||NEW|NEW
Kashmir Flavour|500|Kashmiri,North Indian|Jammu|Channi Himmat|https://www.zomato.com/jammu/kashmir-flavour-channi-himmat/info|7|Casual Dining|11am to 11pm(Mon-Sun)|Good|3.9|58
Chaat & More|100|Street Food|Jammu|Resham Ghar Colony|https://www.zomato.com/jammu/chaat-more-resham-ghar-colony/info|7|Quick Bites|12noon to 10pm(Mon-Sun)|Average|3.2|21
Grill Inn Parade|500|Fast Food,Burger,Pizza|Jammu|Preet Nagar|https://www.zomato.com/jammu/grill-inn-parade-preet-nagar/info|7|Casual Dining|11am to 10pm(Mon-Sun)|Average|3.0|7
CHUNKY'S Shawarma And Grill|150|Lebanese,American,Beverages,Chinese|Jammu|Nanak Nagar|https://www.zomato.com/jammu/chunkys-shawarma-and-grill-nanak-nagar/info|7|Quick Bites|10am to 12midnight(Mon-Sun)|Good|3.8|20
Roll & Shakes Hub|200|Chinese,Continental,Indian,Fast Food|Jammu|Patoli|https://www.zomato.com/jammu/roll-shakes-hub-patoli/info|7|Quick Bites|11am to 10pm(Mon-Sun)|Good|3.7|24
Cherries n Berries|350|Bakery,Desserts|Jammu|Gandhi Nagar|https://www.zomato.com/jammu/cherries-n-berries-gandhi-nagar/info|7|Bakery|1130am to 830pm(Mon-Sun)|Average|3.1|16
Marasim|1300|North Indian|Jammu|Channi Himmat|https://www.zomato.com/jammu/marasim-channi-himmat/info|7|Fine Dining|(Mon-Sun)|Good|3.6|23
Spicy Grillz|250|Fast Food|Jammu|Trikuta Nagar|https://www.zomato.com/jammu/spicy-grillz-trikuta-nagar/info|7|Quick Bites|1130am to 1030pm(Mon-Sun)|Good|3.7|41
Delicacy|400|Chinese,Fast Food,North Indian,Mughlai,Pizza|Jammu|Gandhi Nagar|https://www.zomato.com/jammu/delicacy-gandhi-nagar/info|7|Casual Dining|10am to 1030pm(Mon-Sun)|Good|3.5|37
Vijay Vaishno Dhaba|150|North Indian|Jammu|Gandhi Nagar|https://www.zomato.com/jammu/vijay-vaishno-dhaba-gandhi-nagar/info|7|Quick Bites|1pm to 10pm(Mon-Sun)|Good|3.7|30
Sagar Fast Food|100|Fast Food,Chinese|Jammu|Old Heritage City|https://www.zomato.com/jammu/sagar-fast-food-old-heritage-city/info|7|Quick Bites|12noon to 10pm(Mon-Sun)|Average|3.2|6
Ominos|500|Pizza,Fast Food|Jammu|Lal Kuan|https://www.zomato.com/jammu/ominos-lal-kuan/info|8|Quick Bites|10am to 10pm(Mon-Sun)|Good|3.5|24
Royal Refreshment-Janta Ice Cream|150|Desserts,Ice Cream,Bakery|Jammu|Marble Market Area|https://www.zomato.com/jammu/royal-refreshment-janta-ice-cream-marble-market-area/info|8|Dessert Parlor|12noon to 10pm(Mon-Sun)|Average|3.3|9
Bombay Pav Bhaji|600|Street Food,Italian,Chinese,Indian|Jammu|Trikuta Nagar|https://www.zomato.com/jammu/bombay-pav-bhaji-trikuta-nagar/info|8|Quick Bites|12noon to 1045pm(Mon-Sun)|Good|3.6|29
Imperial Food|600|North Indian|Jammu|Trikuta Nagar|https://www.zomato.com/jammu/imperial-food-trikuta-nagar/info|8|Quick Bites|11am to 810pm(Mon-Sat),Closed(Sun)|Average|3.4|25
Andey Wala|150|Fast Food|Jammu|Channi Himmat|https://www.zomato.com/jammu/andey-wala-channi-himmat/info|8|Quick Bites|11am to 10pm(Mon-Sun)||NEW|NEW
Kunwar Fast Food|150|Chinese|Jammu|Nanak Nagar|https://www.zomato.com/jammu/kunwar-fast-food-nanak-nagar/info|8|Quick Bites|11am to 10pm(Mon-Sun)|Average|3.3|13
10 Eat Street|400|North Indian,Kashmiri,Chinese|Jammu|Marble Market Area|https://www.zomato.com/jammu/10-eat-street-marble-market-area/info|8|Quick Bites|11am to 10pm(Mon-Sun)|Average|3.2|5
Singh Food Corner|300|North Indian|Jammu|Trikuta Nagar|https://www.zomato.com/jammu/singh-food-corner-trikuta-nagar/info|8|Quick Bites|11am to 10pm(Mon-Sun)|Average|2.9|6
Laziz Pizza|200|Fast Food|Jammu|Channi Himmat|https://www.zomato.com/jammu/laziz-pizza-channi-himmat/info|8|Quick Bites|10am to 10pm(Mon-Sun)|Average|2.9|8
Poppins|200|North Indian,Chinese|Jammu|Nanak Nagar|https://www.zomato.com/jammu/poppins-1-nanak-nagar/info|8|Quick Bites|11am to 10pm(Mon-Sun)|Average|3.1|5
Brownie Box|300|Desserts|Jammu|Channi Himmat|https://www.zomato.com/jammu/brownie-box-channi-himmat/info|8|Dessert Parlor|11am to 1030pm(Mon-Sun)|Good|3.9|49
Aahar|200|North Indian,South Indian|Jammu|Trikuta Nagar|https://www.zomato.com/jammu/aahar-trikuta-nagar/info|8|none|12noon to 230pm,7pm to 9pm(Mon-Sun)|Average|3.4|10
Choudhary Restaurant|300|Indian|Jammu|Trikuta Nagar|https://www.zomato.com/jammu/choudhary-restaurant-trikuta-nagar/info|8|Quick Bites|9am to 9pm(Mon-Sun)|Average|3.3|8
Pannyaar Restaurant|600|Chinese,Kashmiri,North Indian|Jammu|Trikuta Nagar|https://www.zomato.com/jammu/pannyaar-restaurant-trikuta-nagar/info|8|Quick Bites|11am to 11pm(Mon-Sun)|Good|3.6|48
Veer Ji|100|North Indian|Jammu|Channi Himmat|https://www.zomato.com/jammu/veer-ji-channi-himmat/info|8|Quick Bites|5pm to 9pm(Mon-Sun)|Average|3.3|8
Bharat Cafe|200|North Indian,Bakery|Jammu|Shastri Nagar|https://www.zomato.com/jammu/bharat-cafe-shastri-nagar/info|9|Café|11am to 10pm(Mon-Sat),122pm to 10pm(Sun)|Average|3.1|6
Bangs|300|Fast Food,Burger|Jammu|Nanak Nagar|https://www.zomato.com/jammu/bangs-nanak-nagar/info|9|Quick Bites|1130am to 8pm(Mon-Sun)|Average|3.4|23
Italian Pizza|300|Italian,Mexican|Jammu|Marble Market Area|https://www.zomato.com/jammu/italian-pizza-marble-market-area/info|9|none|12noon to 9pm(Mon-Sun)|Not rated|-|-
Body Fuel Station|500|Continental,North Indian,Chinese|Jammu|Channi Himmat|https://www.zomato.com/jammu/body-fuel-station-channi-himmat/info|9|Casual Dining|9am to 10pm(Mon-Sun)|Average|3.2|5
Zaikas Take away|200|Kashmiri|Jammu|Trikuta Nagar|https://www.zomato.com/jammu/zaikas-take-away-trikuta-nagar/info|9|none|2pm to 10pm(Mon-Sun)|Average|3.1|5
Grill'O|350|Fast Food|Jammu|Gandhi Nagar|https://www.zomato.com/jammu/grillo-gandhi-nagar/info|9|Quick Bites|1030am to 10pm(Mon-Sun)||NEW|NEW
Cakes 'M' More|200|Bakery|Jammu|Channi Himmat|https://www.zomato.com/jammu/cakes-m-more-channi-himmat/info|9|Bakery|11am to 9pm(Mon-Sun)|Average|3.1|5
Taj Restaurant|400|North Indian|Jammu|Raghunath Bazaar|https://www.zomato.com/jammu/taj-restaurant-raghunath-bazaar/info|9|Quick Bites|10am to 10pm(Mon-Sun)|Average|3.4|16
Ram lal Vaishno Dhaba|200|North Indian|Jammu|Gandhi Nagar|https://www.zomato.com/jammu/ram-lal-vaishno-dhaba-gandhi-nagar/info|9|Dhaba|7am to 10pm(Mon-Sun)||NEW|NEW
Khau Gali|300|North Indian|Jammu|Trikuta Nagar|https://www.zomato.com/jammu/khau-gali-trikuta-nagar/info|9|Quick Bites|1130am to 1030pm(Mon-Sun)|Average|2.9|44
Tandoori Mehfil|200|North Indian|Jammu|Channi Himmat|https://www.zomato.com/jammu/tandoori-mehfil-channi-himmat/info|9|Quick Bites|10am to 10pm(Mon-Sun)||NEW|NEW
Pride Bakes|200|Bakery|Jammu|Transport Nagar|https://www.zomato.com/jammu/pride-bakes-transport-nagar/info|9|Bakery|10am to 9pm(Mon-Sun)|Not rated|-|-
Amritsari Nan|100|North Indian|Jammu|Shastri Nagar|https://www.zomato.com/jammu/amritsari-nan-shastri-nagar/info|9|Dhaba|8am to 4pm(Mon-Sun)||NEW|NEW
Food Villa|200|North Indian|Jammu|Trikuta Nagar|https://www.zomato.com/jammu/food-villa-trikuta-nagar/info|9|Quick Bites|11am to 10pm(Mon-Sun)|Average|3.1|4
Tasties|350|Fast Food,North Indian|Jammu|Nanak Nagar|https://www.zomato.com/jammu/tasties-nanak-nagar/info|9|Quick Bites|9am to 11pm(Mon-Sun)|Average|2.9|39
