NAME|PRICE|CUSINE_CATEGORY|CITY|REGION|URL|PAGE NO|CUSINE TYPE|TIMING|RATING_TYPE|RATING|VOTES
Hotel Aram|500|North Indian,Chinese,Gujarati,South Indian|Jamnagar|Bedeswar|https://www.zomato.com/jamnagar/hotel-aram-bedeswar/info|1|Casual Dining|1130am to 3pm,7pm to 11pm(Mon-Sun)|Good|3.9|12
Hitulal Rajwadi Gola & Icecream|120|Ice Cream|Jamnagar|Rameshwar Nagar|https://www.zomato.com/jamnagar/hitulal-rajwadi-gola-icecream-rameshwar-nagar/info|1|Dessert Parlor|2pm to 11pm(Mon-Sun)|Good|3.7|8
Amul Icecream Parlour|100|Beverages,Desserts|Jamnagar|Kadiawad|https://www.zomato.com/jamnagar/amul-icecream-parlour-kadiawad/info|1|Beverage Shop|11am to 11pm(Mon-Sun)|Good|3.9|7
Tavaa Restaurant|250|North Indian|Jamnagar|Bedeswar|https://www.zomato.com/jamnagar/tavaa-restaurant-bedeswar/info|1|Casual Dining|1130am to 11pm(Mon-Sun)|Very Good|4.3|57
Peter John's Pizza|300|North Indian|Jamnagar|Green City|https://www.zomato.com/jamnagar/peter-johns-pizza-green-city/info|1|Casual Dining|11am to 11pm(Mon-Sun)|Good|3.8|26
Mr & Mrs Idly|250|South Indian|Jamnagar|Bedeswar|https://www.zomato.com/jamnagar/mr-mrs-idly-1-bedeswar/info|1|Casual Dining|11am to 3pm,6pm to 11pm(Mon-Sun)|Good|3.6|10
The Masala Darbar|250|South Indian,North Indian,Chinese,Beverages|Jamnagar|Bedeswar|https://www.zomato.com/jamnagar/the-masala-darbar-bedeswar/info|1|Fine Dining|11am to 11pm(Mon-Sun)|Good|3.9|16
New Pooja Fast Food|200|Fast Food|Jamnagar|Bedeswar|https://www.zomato.com/jamnagar/new-pooja-fast-food-bedeswar/info|1|Casual Dining|9am to 330pm,5pm to 12midnight(Mon-Sun)|Very Good|4.1|26
William John's Pizza|300|Italian|Jamnagar|Ajanta Society|https://www.zomato.com/jamnagar/william-johns-pizza-ajanta-society/info|1|Quick Bites|11am to 11pm(Mon-Sun)|Good|3.9|24
Bigbite|600|Beverages|Jamnagar|Bedeswar|https://www.zomato.com/jamnagar/bigbite-bedeswar/info|1|Casual Dining|10am to 1145pm(Mon-Sun)|Very Good|4.0|35
Taste Factory|250|Pizza,Burger,Sandwich,Beverages|Jamnagar|Bedeswar|https://www.zomato.com/jamnagar/taste-factory-bedeswar/info|1|Quick Bites|11am to 1pm,4pm to 11pm(Mon-Sun)|Good|3.7|20
Pizzolik Pizza|250|Fast Food,Pizza|Jamnagar|Bedeswar|https://www.zomato.com/jamnagar/pizzolik-pizza-bedeswar/info|1|Casual Dining|11am to 11pm(Mon-Sun)|Good|3.8|11
Chicken Kuk Du Ku|300|North Indian|Jamnagar|Bedeswar|https://www.zomato.com/jamnagar/chicken-kuk-du-ku-bedeswar/info|1|Quick Bites|11am to 3pm,7pm to 11pm(Mon-Sun)|Good|3.8|18
the shake maker|250|Beverages|Jamnagar|Bedeswar|https://www.zomato.com/jamnagar/the-shake-maker-bedeswar/info|1|Bakery|1130am to 1130pm(Mon-Wed),1130am to 12midnight...|Good|3.8|12
Tirupati Restaurant|200|North Indian,Fast Food|Jamnagar|Ajanta Society|https://www.zomato.com/jamnagar/tirupati-restaurant-ajanta-society/info|1|Quick Bites|11am to 11pm(Mon-Sun)|Good|3.9|9
Ashirwad Club Resort|400|North Indian,Chinese,Beverages|Jamnagar|Bedeswar|https://www.zomato.com/jamnagar/ashirwad-club-resort-bedeswar/info|10|Quick Bites|11am to 3pm,7pm to 1130pm(Mon-Sun)|Not rated|-|-
Shree Juicy Juice Center|150|Beverages|Jamnagar|Bedeswar|https://www.zomato.com/jamnagar/shree-juicy-juice-center-bedeswar/info|10|Beverage Shop|11am to 11pm(Mon-Sun)||NEW|NEW
Baskin Robbins|150|Ice Cream|Jamnagar|Jawahar Nagar|https://www.zomato.com/jamnagar/baskin-robbins-jawahar-nagar/info|10|Dessert Parlor|11am to 11pm(Mon-Sun)|Not rated|-|-
Jay Jalaram Dabeli-Bread|100|Street Food|Jamnagar|Kamdar Colony|https://www.zomato.com/jamnagar/jay-jalaram-dabeli-bread-kamdar-colony/info|10|Quick Bites|9am to 430pm,6pm to 11pm(Mon-Sun)||NEW|NEW
Manubhai's Rajlaxmi Cake Shop|150|Fast Food,Bakery|Jamnagar|Bedeswar|https://www.zomato.com/jamnagar/manubhais-rajlaxmi-cake-shop-bedeswar/info|10|Bakery|10am to 1030pm(Mon-Sun)||NEW|NEW
Ashirwad Village Restaurant|450|Chinese,Gujarati,North Indian|Jamnagar|Bedeswar|https://www.zomato.com/jamnagar/ashirwad-village-restaurant-1-bedeswar/info|10|Quick Bites|24|Not rated|-|-
Swati Restaurant|300|North Indian|Jamnagar|Bedeswar|https://www.zomato.com/jamnagar/swati-restaurant-bedeswar/info|10|Quick Bites|10am to 11pm(Mon-Sun)|Not rated|-|-
Foodholic Eatry|200|Beverages,Fast Food|Jamnagar|Bedeswar|https://www.zomato.com/jamnagar/foodholic-eatry-bedeswar/info|10|none|11am to 11pm(Mon,Thu,Fri,Sat,Sun),Closed...|Not rated|-|-
Jay Hinglaj Fast Food|150|Fast Food,Chinese|Jamnagar|Ajanta Society|https://www.zomato.com/jamnagar/jay-hinglaj-fast-food-ajanta-society/info|10|Quick Bites|7am to 11pm(Mon-Sun)|Not rated|-|-
New Kirit Parcel Point|200|North Indian,Chinese|Jamnagar|Kadiawad|https://www.zomato.com/jamnagar/new-kirit-parcel-point-kadiawad/info|10|none|11am to 11pm(Mon-Sun)||NEW|NEW
Chill Out Food Junction|200|North Indian,Chinese|Jamnagar|Bedeswar|https://www.zomato.com/jamnagar/chill-out-food-junction-bedeswar/info|10|Casual Dining|5pm to 12midnight(Mon-Sun)||NEW|NEW
Ganesh Refreshment Point|100|Beverages,Juices|Jamnagar|Rameshwar Nagar|https://www.zomato.com/jamnagar/ganesh-refreshment-point-rameshwar-nagar/info|10|Beverage Shop|11am to 11pm(Mon-Sun)|Not rated|-|-
Swad Corner|250|North Indian,Chinese,Street Food|Jamnagar|Bedeswar|https://www.zomato.com/jamnagar/swad-corner-bedeswar/info|10|Casual Dining|7pm to 11pm(Mon-Sun)|Not rated|-|-
Riddhi Siddhi Fast Food Restaurant|200|North Indian,Chinese|Jamnagar|Kamdar Colony|https://www.zomato.com/jamnagar/riddhi-siddhi-fast-food-restaurant-kamdar-colony/info|10|Casual Dining|6pm to 11pm(Mon-Sun)|Not rated|-|-
Anand Parcel Point|300|North Indian|Jamnagar|Bedeswar|https://www.zomato.com/jamnagar/anand-parcel-point-bedeswar/info|10|none|10am to 3pm,6pm to 1130pm(Mon-Sun)|Not rated|-|-
Jay Chamunda Restaurant|200|Fast Food,Desserts|Jamnagar|Kadiawad|https://www.zomato.com/jamnagar/jay-chamunda-restaurant-kadiawad/info|11|Quick Bites|5pm to 1130pm(Mon-Sun)||NEW|NEW
U.S.Pizza|500|Pizza,Salad,Italian|Jamnagar|Rameshwar Nagar|https://www.zomato.com/jamnagar/u-s-pizza-rameshwar-nagar/info|11|Casual Dining|11am to 11pm(Mon-Sun)||NEW|NEW
Cafe Coffee Day|650|Cafe,Fast Food|Jamnagar|Bedeswar|https://www.zomato.com/jamnagar/cafe-coffee-day-bedeswar/info|11|Café|11am to 11pm(Mon-Sun)|Not rated|-|-
Foodie Buddies|400|Sandwich,Pizza,Fast Food|Jamnagar|Jawahar Nagar|https://www.zomato.com/jamnagar/foodie-buddies-jawahar-nagar/info|11|Quick Bites|11am to 3pm,3pm to 11pm(Mon-Sun)|Not rated|-|-
Hotel Keshwara's|300|South Indian,North Indian,Chinese|Jamnagar|Ajanta Society|https://www.zomato.com/jamnagar/hotel-keshwaras-ajanta-society/info|11|Quick Bites|11am to 3pm,730pm to 1230AM(Mon-Sun)|Not rated|-|-
South Point Restaurant|250|South Indian,Fast Food|Jamnagar|Ajanta Society|https://www.zomato.com/jamnagar/south-point-restaurant-ajanta-society/info|11|Quick Bites|6am to 11pm(Mon-Sun)|Not rated|-|-
Viraj Restaurant Parcel Point|200|Gujarati,North Indian|Jamnagar|Nageshwar|https://www.zomato.com/jamnagar/viraj-restaurant-parcel-point-nageshwar/info|11|none|11am to 3pm,7pm to 1030pm(Mon-Sun)|Not rated|-|-
Atithi Restaurant|1000|North Indian,Continental,Chinese,Thai,Beverages,Desserts|Jamnagar|Gokul Nagar|https://www.zomato.com/jamnagar/atithi-restaurant-gokul-nagar/info|11|Casual Dining|1130am to 3pm,630pm to 11pm(Mon-Sun)|Not rated|-|-
Gabru Desi|150|Fast Food|Jamnagar|Indradeep Society|https://www.zomato.com/jamnagar/gabru-desi-indradeep-society/info|11|Quick Bites|11am to 2pm,5pm to 11pm(Mon-Sun)|Not rated|-|-
Dilli Darbar Family Restaurant|300|North Indian,Chinese|Jamnagar|Sena Nagar|https://www.zomato.com/jamnagar/dilli-darbar-family-restaurant-sena-nagar/info|11|Quick Bites|1130am to 3pm,630pm to 1130pm(Mon-Sun)||NEW|NEW
Hotel Celebration|500|Pizza,North Indian,Fast Food,Continental,Chinese|Jamnagar|Bedeswar|https://www.zomato.com/jamnagar/hotel-celebration-bedeswar/info|11|Fine Dining|8am to 1130pm(Mon-Sun)||NEW|NEW
krishna  Restorant|200|Gujarati|Jamnagar|Ajanta Society|https://www.zomato.com/jamnagar/krishna-restorant-ajanta-society/info|11|Quick Bites|1130am to 230pm,730pm to 1030pm(Mon-Sun)||NEW|NEW
Shree Ambika Dairy Products|400|Mithai|Jamnagar|Rameshwar Nagar|https://www.zomato.com/jamnagar/shree-ambika-dairy-products-rameshwar-nagar/info|11|Sweet Shop|9am to 11pm(Mon-Sun)||NEW|NEW
Ravi Dhosa & Pav Bhaji|150|South Indian,Fast Food|Jamnagar|Kadiawad|https://www.zomato.com/jamnagar/ravi-dhosa-pav-bhaji-kadiawad/info|11|Quick Bites|7pm to 11pm(Mon-Sun)|Not rated|-|-
Santushti|400|Beverages,Gujarati|Jamnagar|Bedeswar|https://www.zomato.com/jamnagar/santushti-bedeswar/info|2|Quick Bites|11am to 11pm(Mon-Sun)|Very Good|4.3|11
Sankalp Restaurant The Taste Of South|250|South Indian|Jamnagar|Bedeswar|https://www.zomato.com/jamnagar/sankalp-restaurant-the-taste-of-south-bedeswar/info|2|Quick Bites|11am to 330pm,7pm to 11pm(Mon-Sat),11am to 4pm...|Good|3.5|11
Hotel Kalatit International ( Rajbhog Restaurant)|400|Chinese,Salad,Fast Food,Pizza,Sandwich,Continental,Beverages|Jamnagar|Bedeswar|https://www.zomato.com/jamnagar/hotel-kalatit-international-rajbhog-restaurant-bedeswar/info|2|Quick Bites|(Mon-Sun)|Good|3.7|17
Urvee Restaurant|250|North Indian,Chinese|Jamnagar|Bedeswar|https://www.zomato.com/jamnagar/urvee-restaurant-bedeswar/info|2|Quick Bites|12noon to 330pm,8pm to 1130pm(Mon-Sun)|Good|3.6|12
Domino's Pizza|800|Pizza,Fast Food|Jamnagar|Bedeswar|https://www.zomato.com/jamnagar/dominos-pizza-bedeswar/info|2|Casual Dining|11am to 12midnight(Mon-Sun)|Good|3.6|11
Two Fat Indian Multi Cuisine Restaurant|250|Indian|Jamnagar|Bedeswar|https://www.zomato.com/jamnagar/two-fat-indian-multi-cuisine-restaurant-bedeswar/info|2|Casual Dining|12noon to 330pm,7pm to 11pm(Mon-Sun)|Good|3.7|12
Subway Restaurant|250|Fast Food,Salad|Jamnagar|Bedeswar|https://www.zomato.com/jamnagar/subway-restaurant-bedeswar/info|2|Quick Bites|11am to 11pm(Mon-Sun)|Good|3.8|10
Flavours Of Punjab|250|North Indian,Chinese,Biryani|Jamnagar|Bedeswar|https://www.zomato.com/jamnagar/flavours-of-punjab-bedeswar/info|2|Quick Bites|(Mon-Sun)|Very Good|4.0|37
Oyee Teri!|250|North Indian|Jamnagar|Bedeswar|https://www.zomato.com/jamnagar/oyee-teri-bedeswar/info|2|Quick Bites|11am to 3pm,6pm to 10pm(Mon-Sun)|Good|3.8|13
Kutchi King|100|Sandwich,Pizza,Fast Food,Beverages|Jamnagar|Bedeswar|https://www.zomato.com/jamnagar/kutchi-king-bedeswar/info|2|Quick Bites|(Mon-Sun)|Good|3.9|32
Food Champ Parcel Point|350|North Indian,Fast Food|Jamnagar|Kamdar Colony|https://www.zomato.com/jamnagar/food-champ-parcel-point-kamdar-colony/info|2|Quick Bites|11am to 230pm,6pm to 11pm(Mon,Tue,Wed,Fri...|Good|3.7|9
Theism cafez|250|Pizza,Burger,Sandwich,Beverages|Jamnagar|Bedeswar|https://www.zomato.com/jamnagar/theism-cafez-bedeswar/info|2|Quick Bites|(Mon-Sun)|Very Good|4.1|25
Kalatit Cafesta|450|Chinese,Fast Food,Pizza,Salad,Sandwich,Desserts,Beverages|Jamnagar|Bedeswar|https://www.zomato.com/jamnagar/kalatit-cafesta-bedeswar/info|2|none|(Mon-Sun)|Good|3.6|12
Samosa Hub|250|Pizza,Sandwich,Fast Food|Jamnagar|Bedeswar|https://www.zomato.com/jamnagar/samosa-hub-bedeswar/info|2|Café|11am to 930pm(Mon-Sun)|Very Good|4.2|29
Black Pepper Restaurant|500|North Indian,Chinese,South Indian,Fast Food,Beverages|Jamnagar|Bedeswar|https://www.zomato.com/jamnagar/black-pepper-restaurant-bedeswar/info|2|Quick Bites|1130am to 3pm,7pm to 11pm(Mon),11am to 3pm...|Average|3.3|6
Wooddy Jhone's Pizza|250|Pizza|Jamnagar|Bedeswar|https://www.zomato.com/jamnagar/wooddy-jhones-pizza-bedeswar/info|3|Quick Bites|11am to 3pm,630pm to 10pm(Mon-Sun)|Good|3.8|20
Punjabi Zayka|250|Fast Food,Gujarati,Indian|Jamnagar|Bedeswar|https://www.zomato.com/jamnagar/punjabi-zayka-1-bedeswar/info|3|Casual Dining|6pm to 1030pm(Mon-Sun)|Good|3.8|9
Cibaro|250|Bakery|Jamnagar|Bedeswar|https://www.zomato.com/jamnagar/cibaro-bedeswar/info|3|none|(Mon-Sun)|Good|3.9|13
New Zayka Restaurant|250|North Indian,South Indian,Chinese|Jamnagar|Green City|https://www.zomato.com/jamnagar/new-zayka-restaurant-green-city/info|3|Quick Bites|11am to 11pm(Mon-Sun)||NEW|NEW
JMR Sri Balaji Bhawan|500|North Indian,South Indian,Chinese,Gujarati|Jamnagar|Kadiawad|https://www.zomato.com/jamnagar/jmr-sri-balaji-bhawan-kadiawad/info|3|Quick Bites|10am to 11pm(Mon-Sun)|Good|3.7|7
Lagi Lagan Restaurant|250|South Indian,North Indian,Chinese|Jamnagar|Green City|https://www.zomato.com/jamnagar/lagi-lagan-restaurant-green-city/info|3|Fine Dining|6pm to 12midnight(Mon-Sun)||NEW|NEW
Zayka Restaurant|200|North Indian,South Indian,Chinese|Jamnagar|Jawahar Nagar|https://www.zomato.com/jamnagar/zayka-restaurant-jawahar-nagar/info|3|Quick Bites|1130am to 4pm(Mon-Sun)|Very Good|4.0|10
New Shri Ram Dairy Restaurant|150|North Indian,South Indian,Chinese,Beverages|Jamnagar|Kadiawad|https://www.zomato.com/jamnagar/new-shri-ram-dairy-restaurant-kadiawad/info|3|Quick Bites|11am to 3pm,7pm to 11pm(Mon-Sun)|Good|3.7|8
Patel Restaurant|200|North Indian,South Indian,Beverages|Jamnagar|Gulab Nagar|https://www.zomato.com/jamnagar/patel-restaurant-gulab-nagar/info|3|Quick Bites|830am to 3pm,6pm to 12midnight(Mon-Sun)|Good|3.7|7
Pizza da dhaba|250|Bakery|Jamnagar|Bedeswar|https://www.zomato.com/jamnagar/pizza-da-dhaba-bedeswar/info|3|none|11am to 3pm,5pm to 10pm(Mon-Sun)|Good|3.7|12
Bharat Restaurant|250|Hyderabadi,Lucknowi,Mughlai|Jamnagar|Kadiawad|https://www.zomato.com/jamnagar/bharat-restaurant-kadiawad/info|3|Casual Dining|121AM to 1am,630pm to 12midnight(Mon-Sun)|Good|3.9|5
Frespresso|350|Bakery,Cafe,Coffee,Continental|Jamnagar|Bedeswar|https://www.zomato.com/jamnagar/frespresso-bedeswar/info|3|Café|(Mon-Sun)|Not rated|-|-
Cafe Paradise Restaurant|200|Fast Food|Jamnagar|Bedeswar|https://www.zomato.com/jamnagar/cafe-paradise-restaurant-1-bedeswar/info|3|Quick Bites|10am to 10pm(Mon-Sun)|Good|3.6|9
The London Shakes|250|Belgian|Jamnagar|Bedeswar|https://www.zomato.com/jamnagar/the-london-shakes-bedeswar/info|3|none|(Mon-Sun)|Good|3.6|8
New Jawahar Pan|100|Paan|Jamnagar|Bedeswar|https://www.zomato.com/jamnagar/new-jawahar-pan-bedeswar/info|3|Paan Shop|(Mon-Sun)|Not rated|-|-
Rajlaxmi Bakers|400|Bakery,Fast Food|Jamnagar|Rameshwar Nagar|https://www.zomato.com/jamnagar/rajlaxmi-bakers-rameshwar-nagar/info|4|Bakery|930am to 2pm,430pm to 10pm(Mon-Sun)|Very Good|4.0|6
Mexican Rodeo|250|Mexican,Italian|Jamnagar|Bedeswar|https://www.zomato.com/jamnagar/mexican-rodeo-bedeswar/info|4|Casual Dining|11am to 11pm(Mon-Sun)|Good|3.6|5
Fauji Punjabi Dhaba|150|North Indian,Chinese|Jamnagar|Indradeep Society|https://www.zomato.com/jamnagar/fauji-punjabi-dhaba-indradeep-society/info|4|Casual Dining|(Mon-Sun)||NEW|NEW
Foodie Buddies|250|Pizza,Sandwich,Fast Food|Jamnagar|Bedeswar|https://www.zomato.com/jamnagar/foodie-buddies-3-bedeswar/info|4|Quick Bites|(Mon-Sun)|Good|3.8|5
Pizza Mania|250|North Indian,Chinese|Jamnagar|Bedeswar|https://www.zomato.com/jamnagar/pizza-mania-bedeswar/info|4|Quick Bites|11am to 3pm,6pm to 10pm(Mon-Sun)|Good|3.5|5
The Cool Point Juice Corner|100|Juices,Fast Food,Desserts|Jamnagar|Bedeswar|https://www.zomato.com/jamnagar/the-cool-point-juice-corner-bedeswar/info|4|Café|(Mon-Sun)|Not rated|-|-
Shiv Icecream Parlour|250|Desserts|Jamnagar|Bedeswar|https://www.zomato.com/jamnagar/shiv-icecream-parlour-bedeswar/info|4|Dessert Parlor|(Mon-Sun)|Good|3.6|6
Shikhand Samrat|400|Mithai,Fast Food|Jamnagar|Bedeswar|https://www.zomato.com/jamnagar/shikhand-samrat-4-bedeswar/info|4|Sweet Shop|(Mon-Sun)|Good|3.6|4
Mandvi Dabelivala|80|Fast Food|Jamnagar|Kadiawad|https://www.zomato.com/jamnagar/mandvi-dabelivala-kadiawad/info|4|Quick Bites|5pm to 10pm(Mon-Sun)|Average|3.4|6
Yummy's Food|400|Pizza,Burger,Sandwich,Fast Food,Desserts|Jamnagar|Bedeswar|https://www.zomato.com/jamnagar/yummys-food-bedeswar/info|4|Quick Bites|(Mon-Sun)|Not rated|-|-
Eat & Meet|120|Fast Food,Cafe,Sandwich|Jamnagar|Kamdar Colony|https://www.zomato.com/jamnagar/eat-meet-kamdar-colony/info|4|Café|11am to 11pm(Mon-Sun)|Not rated|-|-
Ashok Bakery|250|Bakery|Jamnagar|Bedeswar|https://www.zomato.com/jamnagar/ashok-bakery-bedeswar/info|4|Bakery|10am to 10pm(Mon-Sun)|Average|3.4|4
Mahesh Surti Khaman Restaurant|100|Gujarati,Fast Food|Jamnagar|Kadiawad|https://www.zomato.com/jamnagar/mahesh-surti-khaman-restaurant-kadiawad/info|4|Quick Bites|11am to 3pm,530pm to 930pm(Mon-Sun)|Not rated|-|-
Amidhara Restaurant|150|North Indian,Gujarati,Chinese|Jamnagar|Kamdar Colony|https://www.zomato.com/jamnagar/amidhara-restaurant-kamdar-colony/info|4|Casual Dining|11am to 3pm,630pm to 11pm(Mon-Sun)|Good|3.8|7
Apna Adda Cafe And Restaurant|200|North Indian|Jamnagar|Bedeswar|https://www.zomato.com/jamnagar/apna-adda-cafe-and-restaurant-bedeswar/info|4|Quick Bites|530pm to 11pm(Mon-Sun)|Good|3.5|4
Cafestaan|250|Fast Food,Pizza,Beverages|Jamnagar|Bedeswar|https://www.zomato.com/jamnagar/cafestaan-bedeswar/info|5|Café|(Mon-Sun)|Good|3.6|4
Lakhubhai Ragdawala|100|Fast Food|Jamnagar|Kamdar Colony|https://www.zomato.com/jamnagar/lakhubhai-ragdawala-kamdar-colony/info|5|Quick Bites|6pm to 11pm(Mon-Sun)|Not rated|-|-
Murlidhar Khira Center|100|Gujarati|Jamnagar|Kadiawad|https://www.zomato.com/jamnagar/murlidhar-khira-center-kadiawad/info|5|Quick Bites|(Mon-Sun)||NEW|NEW
What The Freeze|180|Fast Food,Ice Cream|Jamnagar|Jawahar Nagar|https://www.zomato.com/jamnagar/what-the-freeze-jawahar-nagar/info|5|Quick Bites|11am to 12midnight(Mon-Sun)|Not rated|-|-
Moyo Juice & Snacks|150|Juices,Beverages|Jamnagar|Rameshwar Nagar|https://www.zomato.com/jamnagar/moyo-juice-snacks-rameshwar-nagar/info|5|Beverage Shop|4pm to 1115pm(Mon,Sun),430pm to 11pm(Tue-Sat)|Not rated|-|-
Shivam Restaurant & Parcel Point|250|North Indian,Gujarati,Chinese|Jamnagar|Green City|https://www.zomato.com/jamnagar/shivam-restaurant-parcel-point-green-city/info|5|Dhaba|(Mon-Sun)||NEW|NEW
Jawahar Pan House|100|Paan|Jamnagar|Kadiawad|https://www.zomato.com/jamnagar/jawahar-pan-house-kadiawad/info|5|Quick Bites|11am to 11pm(Mon-Sun)|Good|3.8|4
Kishorbhai Ragdawala|100|Fast Food|Jamnagar|Kamdar Colony|https://www.zomato.com/jamnagar/kishorbhai-ragdawala-kamdar-colony/info|5|Quick Bites|2pm to 1030pm(Mon,Tue,Wed,Thu,Sat,Sun),2pm...|Very Good|4.0|4
Snacks Centre|120|Fast Food|Jamnagar|Green City|https://www.zomato.com/jamnagar/snacks-centre-green-city/info|5|Quick Bites|5pm to 10pm(Mon-Sun)|Not rated|-|-
Kutchi Snacks|100|Fast Food,Beverages|Jamnagar|Kamdar Colony|https://www.zomato.com/jamnagar/kutchi-snacks-kamdar-colony/info|5|Quick Bites|11am to 11pm(Mon-Sun)|Very Good|4.0|4
Nagraj Cool Point|100|Beverages|Jamnagar|Bedeswar|https://www.zomato.com/jamnagar/nagraj-cool-point-bedeswar/info|5|Beverage Shop|(Mon-Sun)|Not rated|-|-
Hotel Ramakant|200|Gujarati|Jamnagar|Kadiawad|https://www.zomato.com/jamnagar/hotel-ramakant-kadiawad/info|5|Quick Bites|7am to 330pm(Mon-Sun)||NEW|NEW
Dosa House|250|South Indian|Jamnagar|Green City|https://www.zomato.com/jamnagar/dosa-house-green-city/info|5|Casual Dining|6pm to 1130pm(Mon-Sun)||NEW|NEW
Red Chilli Parcel Point|150|North Indian,Chinese|Jamnagar|Bedeswar|https://www.zomato.com/jamnagar/red-chilli-parcel-point-bedeswar/info|5|none|11am to 230pm,6pm to 11pm(Mon-Sun)|Good|3.8|4
Shri Annapurna Family Dining|200|North Indian,Gujarati|Jamnagar|Bedeswar|https://www.zomato.com/jamnagar/shri-annapurna-family-dining-bedeswar/info|5|Casual Dining|(Mon-Sun)||NEW|NEW
Shikhand Samrat|250|Sandwich,Fast Food|Jamnagar|Bedeswar|https://www.zomato.com/jamnagar/shikhand-samrat-1-bedeswar/info|6|Quick Bites|(Mon-Sun)|Not rated|-|-
Imperial Blue Restaurant|300|North Indian,South Indian,Chinese|Jamnagar|Bedeswar|https://www.zomato.com/jamnagar/imperial-blue-restaurant-bedeswar/info|6|Quick Bites|(Mon-Sun)|Not rated|-|-
Kano Maldhari Hotel|180|North Indian,Chinese|Jamnagar|Bedeswar|https://www.zomato.com/jamnagar/kano-maldhari-hotel-bedeswar/info|6|Quick Bites|1130am to 3pm,7pm to 11pm(Mon-Sun)|Not rated|-|-
Bajrang Parotha House|100|Gujarati,Street Food|Jamnagar|Bedeswar|https://www.zomato.com/jamnagar/bajrang-parotha-house-bedeswar/info|6|Quick Bites|(Mon-Sun)||NEW|NEW
Manubhai Panwala|100|Paan|Jamnagar|Bedeswar|https://www.zomato.com/jamnagar/manubhai-panwala-1-bedeswar/info|6|Paan Shop|11am to 11pm(Mon,Tue,Thu,Fri,Sat,Sun),Closed...|Average|3.3|6
All Eggless|250|Indian|Jamnagar|Bedeswar|https://www.zomato.com/jamnagar/all-eggless-bedeswar/info|6|none|(Mon-Sun)|Not rated|-|-
US Pizza|250|Pizza|Jamnagar|Bedeswar|https://www.zomato.com/jamnagar/us-pizza-1-bedeswar/info|6|Quick Bites|11am to 11pm(Mon-Sun)|Average|3.3|4
Vyas & Vyas Mithaiwala|250|Mithai|Jamnagar|Bedeswar|https://www.zomato.com/jamnagar/vyas-vyas-mithaiwala-bedeswar/info|6|Sweet Shop|9am to 10pm(Mon-Sun)|Not rated|-|-
Jalaram Bhojnalay|100|Gujarati|Jamnagar|Kadiawad|https://www.zomato.com/jamnagar/jalaram-bhojnalay-kadiawad/info|6|Quick Bites|1230pm to 330pm,530pm to 10pm(Mon-Sun)|Not rated|-|-
La Pino'z Pizza|250|Pizza,Fast Food|Jamnagar|Bedeswar|https://www.zomato.com/jamnagar/la-pinoz-pizza-bedeswar/info|6|Quick Bites|11am to 11pm(Mon-Sun)|Good|3.6|4
Lets Waffle|250|Desserts|Jamnagar|Bedeswar|https://www.zomato.com/jamnagar/lets-waffle-bedeswar/info|6|Dessert Parlor|(Mon-Sun)|Not rated|-|-
New Yadav Nasta Bhuvan|100|Street Food,Gujarati|Jamnagar|Ajanta Society|https://www.zomato.com/jamnagar/new-yadav-nasta-bhuvan-ajanta-society/info|6|Quick Bites|8am to 2pm(Mon-Sun)||NEW|NEW
Swarg Food Zone|150|North Indian,Chinese|Jamnagar|Bedeswar|https://www.zomato.com/jamnagar/swarg-food-zone-1-bedeswar/info|6|Casual Dining|(Mon-Sun)||NEW|NEW
Kirit Sweets & Namkeen|200|Mithai|Jamnagar|Kamdar Colony|https://www.zomato.com/jamnagar/kirit-sweets-namkeen-kamdar-colony/info|6|Sweet Shop|8am to 9pm(Mon-Sun)||NEW|NEW
Jay Girnar Khaman House & Foodzone|100|Gujarati,Fast Food|Jamnagar|Kamdar Colony|https://www.zomato.com/jamnagar/jay-girnar-khaman-house-foodzone-kamdar-colony/info|6|Quick Bites|8am to 130pm,6pm to 10pm(Mon-Sun)||NEW|NEW
Shikhand Samrat|250|Sandwich,Fast Food|Jamnagar|Bedeswar|https://www.zomato.com/jamnagar/shikhand-samrat-bedeswar/info|7|Quick Bites|(Mon-Sun)|Not rated|-|-
Pooja Sweet and Farsan|150|Gujarati,Fast Food|Jamnagar|Ajanta Society|https://www.zomato.com/jamnagar/pooja-sweet-and-farsan-ajanta-society/info|7|Quick Bites|(Mon-Sun)||NEW|NEW
Keventers|400|Beverages,Ice Cream,Desserts|Jamnagar|Bedeswar|https://www.zomato.com/jamnagar/keventers-bedeswar/info|7|Beverage Shop|11am to 11pm(Mon-Sun)|Not rated|-|-
Rajwadi Icecream and Gola|120|Ice Cream,Desserts|Jamnagar|Green City|https://www.zomato.com/jamnagar/rajwadi-icecream-and-gola-green-city/info|7|Dessert Parlor|||NEW|NEW
Zenu's Icecream|250|Desserts|Jamnagar|Bedeswar|https://www.zomato.com/jamnagar/zenus-icecream-bedeswar/info|7|Dessert Parlor|(Mon-Sun)|Not rated|-|-
Navalbhai Mithaiwala|200|Street Food|Jamnagar|Kadiawad|https://www.zomato.com/jamnagar/navalbhai-mithaiwala-kadiawad/info|7|none|9am to 2pm,5pm to 10pm(Mon-Sun)||NEW|NEW
Navalbhai Mithaiwala|200|Desserts|Jamnagar|Bedeswar|https://www.zomato.com/jamnagar/navalbhai-mithaiwala-bedeswar/info|7|Sweet Shop|9am to 2pm,5pm to 10pm(Mon-Sun)||NEW|NEW
Jalaram Restaurant|250|Gujarati|Jamnagar|Bedeswar|https://www.zomato.com/jamnagar/jalaram-restaurant-1-bedeswar/info|7|Bhojanalya|1130am to 2pm,730pm to 930pm(Mon-Sun)||NEW|NEW
Sams Pizza|250|Pizza,Fast Food|Jamnagar|Bedeswar|https://www.zomato.com/jamnagar/sams-pizza-bedeswar/info|7|Quick Bites|11am to 4pm,7pm to 11pm(Mon-Sun)|Average|3.4|4
Gayatri Khaman|100|Gujarati|Jamnagar|Kadiawad|https://www.zomato.com/jamnagar/gayatri-khaman-kadiawad/info|7|Sweet Shop|(Mon-Sun)||NEW|NEW
Spicy Restaurant|200|Chinese,Gujarati|Jamnagar|Kadiawad|https://www.zomato.com/jamnagar/spicy-restaurant-kadiawad/info|7|Quick Bites|11am to 11pm(Mon-Sun)||NEW|NEW
Ankur Steam Dhokla|100|Gujarati,Fast Food|Jamnagar|Indradeep Society|https://www.zomato.com/jamnagar/ankur-steam-dhokla-indradeep-society/info|7|Quick Bites|10am to 8pm(Mon-Sun)||NEW|NEW
Shreeji Namkeen and Sweets|100|Fast Food|Jamnagar|Bedeswar|https://www.zomato.com/jamnagar/shreeji-namkeen-and-sweets-bedeswar/info|7|Sweet Shop|9am to 1pm,4pm to 10pm(Mon-Sun)||NEW|NEW
Choice Fast Food|100|Fast Food|Jamnagar|Kadiawad|https://www.zomato.com/jamnagar/choice-fast-food-kadiawad/info|7|Food Truck|(Mon-Sun)||NEW|NEW
The Sandwich Zone|100|Fast Food|Jamnagar|Bedeswar|https://www.zomato.com/jamnagar/the-sandwich-zone-bedeswar/info|7|Food Truck|(Mon-Sun)||NEW|NEW
Patel Farsan & Bakers|100|Fast Food,Bakery|Jamnagar|Green City|https://www.zomato.com/jamnagar/patel-farsan-bakers-green-city/info|8|Bakery|8am to 930pm(Mon-Sun)||NEW|NEW
Chaitaniya Khaman Point|100|Gujarati|Jamnagar|Kadiawad|https://www.zomato.com/jamnagar/chaitaniya-khaman-point-kadiawad/info|8|Quick Bites|8am to 2pm(Mon-Sun)||NEW|NEW
Rajlaxmi Cake Shop|150|Fast Food,Bakery|Jamnagar|Green City|https://www.zomato.com/jamnagar/rajlaxmi-cake-shop-green-city/info|8|Bakery|11am to 12midnight(Mon-Sun)||NEW|NEW
Hot Stuff|150|North Indian|Jamnagar|Kamdar Colony|https://www.zomato.com/jamnagar/hot-stuff-kamdar-colony/info|8|Quick Bites|630am to 1030pm(Mon-Sun)|Good|3.7|5
pizza zone|250|American|Jamnagar|Bedeswar|https://www.zomato.com/jamnagar/pizza-zone-bedeswar/info|8|none|11am to 11pm(Mon-Sun)|Not rated|-|-
Moon Fast Food|200|Fast Food|Jamnagar|Kadiawad|https://www.zomato.com/jamnagar/moon-fast-food-kadiawad/info|8|Quick Bites|8am to 1am(Mon-Sun)|Not rated|-|-
Pepitas Cafe|300|Pizza,Fast Food,Desserts,Burger|Jamnagar|Bedeswar|https://www.zomato.com/jamnagar/pepitas-cafe-7-bedeswar/info|8|Quick Bites|10am to 11pm(Mon,Wed,Thu,Fri,Sat,Sun),Closed...|Not rated|-|-
Juicee Juice Center|150|Juices,Fast Food,Desserts|Jamnagar|Bedeswar|https://www.zomato.com/jamnagar/juicee-juice-center-bedeswar/info|8|Café|11am to 11pm(Mon-Sun)|Not rated|-|-
Delhi Vala|150|North Indian,Fast Food,Desserts|Jamnagar|Hapa Industrial Area|https://www.zomato.com/jamnagar/delhi-vala-hapa-industrial-area/info|8|Quick Bites|9am to 11pm(Mon-Sun)|Not rated|-|-
ArunLaxmi DosaVala|150|South Indian|Jamnagar|Bedeswar|https://www.zomato.com/jamnagar/arunlaxmi-dosavala-bedeswar/info|8|Quick Bites|530pm to 12midnight(Mon-Sun)||NEW|NEW
Bakery Bites|100|Fast Food,Bakery|Jamnagar|Kamdar Colony|https://www.zomato.com/jamnagar/bakery-bites-kamdar-colony/info|8|Bakery|12midnight to 1am,11am to 12midnight(Mon-Sun)|Not rated|-|-
Nite Bite|200|Fast Food|Jamnagar|Rameshwar Nagar|https://www.zomato.com/jamnagar/nite-bite-rameshwar-nagar/info|8|Shack|9pm to 5am(Mon-Sun)|Not rated|-|-
Royal Ice Cream|150|Ice Cream|Jamnagar|Gulab Nagar|https://www.zomato.com/jamnagar/royal-ice-cream-gulab-nagar/info|8|Dessert Parlor|11am to 11pm(Mon-Sun)|Not rated|-|-
Swad Ka Swag|200|North Indian,Chinese,Street Food|Jamnagar|Kamdar Colony|https://www.zomato.com/jamnagar/swad-ka-swag-kamdar-colony/info|8|none|5pm to 1130pm(Mon-Sun)||NEW|NEW
Bhavani Pavbhaji|150|Street Food|Jamnagar|Jawahar Nagar|https://www.zomato.com/jamnagar/bhavani-pavbhaji-jawahar-nagar/info|8|Quick Bites|630pm to 11pm(Mon-Sun)|Not rated|-|-
Aatithya Restaurant|250|North Indian,Chinese,Biryani,Fast Food,Beverages|Jamnagar|Bedeswar|https://www.zomato.com/jamnagar/aatithya-restaurant-bedeswar/info|9|Quick Bites|10am to 3pm,6pm to 11pm(Mon-Sun)|Not rated|-|-
Hotel Sarovar|300|Chinese,Gujarati|Jamnagar|Kadiawad|https://www.zomato.com/jamnagar/hotel-sarovar-kadiawad/info|9|Quick Bites|11am to 12midnight(Mon-Sun)|Not rated|-|-
Mr. Grill & BBQ Restaurant|700|South Indian,Chinese,Pizza,North Indian|Jamnagar|Bedeswar|https://www.zomato.com/jamnagar/mr-grill-bbq-restaurant-bedeswar/info|9|Quick Bites|1130am to 11pm(Mon-Sun)|Not rated|-|-
Jeet Parcel Point|150|Fast Food,Chinese,North Indian|Jamnagar|Kamdar Colony|https://www.zomato.com/jamnagar/jeet-parcel-point-kamdar-colony/info|9|Quick Bites|6pm to 11pm(Mon-Sun)|Not rated|-|-
Shakti Parlour|150|Beverages,Ice Cream|Jamnagar|Kadiawad|https://www.zomato.com/jamnagar/shakti-parlour-kadiawad/info|9|none|11am to 11pm(Mon-Sun)|Not rated|-|-
Italian Slice Pizzeria,|300|Pizza|Jamnagar|Rameshwar Nagar|https://www.zomato.com/jamnagar/italian-slice-pizzeria-rameshwar-nagar/info|9|none|6pm to 11pm(Mon-Sun)|Not rated|-|-
Banarsi Restaurant|200|Chinese,Fast Food|Jamnagar|Kadiawad|https://www.zomato.com/jamnagar/banarsi-restaurant-kadiawad/info|9|Quick Bites|1am to 11pm(Mon-Sun)|Not rated|-|-
Shree Gurukrupa Foodzone|150|North Indian,Fast Food|Jamnagar|Kamdar Colony|https://www.zomato.com/jamnagar/shree-gurukrupa-foodzone-kamdar-colony/info|9|Quick Bites|6pm to 1130pm(Mon-Sun)||NEW|NEW
South Indian Parcel Point|100|South Indian|Jamnagar|Kamdar Colony|https://www.zomato.com/jamnagar/south-indian-parcel-point-kamdar-colony/info|9|Quick Bites|11am to 1030pm(Mon-Sun)|Not rated|-|-
Mysore Palace|150|South Indian,Chinese,Fast Food|Jamnagar|Rameshwar Nagar|https://www.zomato.com/jamnagar/mysore-palace-rameshwar-nagar/info|9|Quick Bites|6pm to 11pm(Mon-Sun)|Not rated|-|-
Harshad Rajputana Lodge|200|Gujarati,North Indian|Jamnagar|Kadiawad|https://www.zomato.com/jamnagar/harshad-rajputana-lodge-kadiawad/info|9|Quick Bites|1130am to 330pm,730pm to 1030pm(Mon-Sun)|Not rated|-|-
Parivar Restaurant|250|South Indian,North Indian,Chinese|Jamnagar|Green City|https://www.zomato.com/jamnagar/parivar-restaurant-green-city/info|9|Casual Dining|6pm to 11pm(Mon-Sun)||NEW|NEW
Saffron Restaurant|250|North Indian|Jamnagar|Bedeswar|https://www.zomato.com/jamnagar/saffron-restaurant-bedeswar/info|9|Casual Dining|24|Not rated|-|-
Fresh Point Restaurant|250|Fast Food|Jamnagar|Bedeswar|https://www.zomato.com/jamnagar/fresh-point-restaurant-bedeswar/info|9|Quick Bites|10am to 3pm,6pm to 11pm(Mon-Sun)|Not rated|-|-
Krishna Fast Food|150|Chinese,Street Food|Jamnagar|Kamdar Colony|https://www.zomato.com/jamnagar/krishna-fast-food-kamdar-colony/info|9|Quick Bites|4pm to 11pm(Mon-Sun)||NEW|NEW
