NAME|PRICE|CUSINE_CATEGORY|CITY|REGION|URL|PAGE NO|CUSINE TYPE|TIMING|RATING_TYPE|RATING|VOTES
Ghousia Hotel|300|Biryani,North Indian,Chinese,Rolls|Jamshedpur|Sakchi|https://www.zomato.com/jamshedpur/ghousia-hotel-sakchi/info|1|Quick Bites|11am to 11pm(Mon-Sun)|Excellent|4.5|444
The Chocolate Room|600|Desserts,Beverages,Pizza,Burger,Sandwich,Street Food,Mexican,Italian|Jamshedpur|Bistupur|https://www.zomato.com/jamshedpur/the-chocolate-room-bistupur/info|1|Café|11am to 11pm(Mon-Sun)|Excellent|4.5|224
Junction Restraurant|600|Biryani,Chinese|Jamshedpur|Sakchi|https://www.zomato.com/jamshedpur/junction-restraurant-sakchi/info|1|Casual Dining|11am to 11pm(Mon-Sun)|Very Good|4.2|182
Novelty Multicuisine Restaurant|700|South Indian,Chinese,North Indian|Jamshedpur|Bistupur|https://www.zomato.com/jamshedpur/novelty-multicuisine-restaurant-bistupur/info|1|Casual Dining|1030am to 1030pm(Mon-Sun)|Very Good|4.3|161
Junction|300|Biryani,Chinese,Rolls|Jamshedpur|Bistupur|https://www.zomato.com/jamshedpur/junction-bistupur/info|1|Quick Bites|11am to 11pm(Mon-Sun)|Good|3.9|131
Pappu Restaurant|500|Chinese,North Indian|Jamshedpur|Sakchi|https://www.zomato.com/jamshedpur/pappu-restaurant-sakchi/info|1|Casual Dining|11am to 2am(Mon-Sun)|Good|3.6|156
The Bawarchi|500|North Indian,Biryani,Rolls,Chinese|Jamshedpur|Mango|https://www.zomato.com/jamshedpur/the-bawarchi-mango/info|1|Quick Bites|11am to 11pm(Mon-Sun)|Average|3.1|152
Brubeck Bakery|450|Bakery,Sandwich,Italian,Tea,Burger,Coffee,Desserts,Pizza|Jamshedpur|Bistupur|https://www.zomato.com/jamshedpur/brubeck-bakery-bistupur/info|1|Bakery|930am to 1130pm(Mon-Sun)|Very Good|4.2|138
Le Bon Cafe & Bakery|500|Pizza|Jamshedpur|Bistupur|https://www.zomato.com/jamshedpur/le-bon-cafe-bakery-bistupur/info|1|Café|10am to 1030pm(Mon-Sun)|Very Good|4.1|181
Ramesh Kulfi|300|North Indian,Biryani,South Indian,Rolls|Jamshedpur|Bistupur|https://www.zomato.com/jamshedpur/ramesh-kulfi-bistupur/info|1|Casual Dining|10am to 11pm(Mon-Sun)|Good|3.5|153
Anand|300|Biryani,Chinese,Beverages,North Indian,Tea,Coffee,Desserts,South Indian|Jamshedpur|Bistupur|https://www.zomato.com/jamshedpur/anand-bistupur/info|1|Casual Dining|11am to 1030pm(Mon-Sun)|Very Good|4.2|151
Shreeji Rasoi|400|North Indian,Chinese|Jamshedpur|Bistupur|https://www.zomato.com/jamshedpur/shreeji-rasoi-1-bistupur/info|1|Casual Dining|10am to 11pm(Mon-Sun)|Average|3.1|116
Delhi Darbar|500|North Indian,Chinese|Jamshedpur|Sakchi|https://www.zomato.com/jamshedpur/delhi-darbar-sakchi/info|1|Casual Dining|11am to 11pm(Mon-Sun)|Very Good|4.2|283
Italian Adda|400|Biryani,Chinese,Italian,Coffee,Pizza|Jamshedpur|Mango|https://www.zomato.com/jamshedpur/italian-adda-mango/info|1|Quick Bites|10am to 11pm(Mon-Sun)|Good|3.8|104
Domino's Pizza|500|Pizza|Jamshedpur|Sakchi|https://www.zomato.com/jamshedpur/dominos-pizza-sakchi/info|1|Casual Dining|11am to 11pm(Mon-Sun)|Good|3.8|205
Cakes & Bakes|150|Bakery|Jamshedpur|Sakchi|https://www.zomato.com/jamshedpur/cakes-bakes-sakchi/info|10|Bakery|11am to 10pm(Mon-Sun)|Average|2.8|9
Idli Point|80|South Indian,North Indian|Jamshedpur|Gamharia|https://www.zomato.com/jamshedpur/idli-point-gamharia/info|10|Quick Bites|7am to 9pm(Mon-Sun)|Average|3.2|6
Khalsa Hotel|200|South Indian,North Indian,Chinese|Jamshedpur|Bistupur|https://www.zomato.com/jamshedpur/khalsa-hotel-bistupur/info|10|Quick Bites|1130am to 930pm(Mon-Sun)|Average|3.0|6
Aqua Fumes|600|Chinese|Jamshedpur|Sakchi|https://www.zomato.com/jamshedpur/aqua-fumes-sakchi/info|10|Casual Dining|11am to 11pm(Mon-Sun)|Average|3.1|21
Subway|400|Healthy Food,Sandwich,Salad|Jamshedpur|Bistupur|https://www.zomato.com/jamshedpur/subway-bistupur/info|10|Quick Bites|11am to 11pm(Mon-Sun)|Average|3.2|31
The Copper Handi|200|North Indian,Chinese|Jamshedpur|Sonari|https://www.zomato.com/jamshedpur/the-copper-handi-1-sonari/info|10|Quick Bites|11am to 1030pm(Mon-Sun)|Average|3.2|34
Ankur Cakes & Confectionery|150|Bakery,Fast Food|Jamshedpur|Gamharia|https://www.zomato.com/jamshedpur/ankur-cakes-confectionery-gamharia/info|10|Confectionery|10am to 10pm(Mon-Sun)||NEW|NEW
Little Italy|400|Italian,North Indian|Jamshedpur|Bistupur|https://www.zomato.com/jamshedpur/little-italy-1-bistupur/info|10|Quick Bites|(Mon-Sun)|Average|3.2|6
Raju Dosa|150|South Indian|Jamshedpur|Sakchi|https://www.zomato.com/jamshedpur/raju-dosa-sakchi/info|10|Food Truck|830am to 930pm(Mon-Sun)||NEW|NEW
Time Out|200|South Indian,Modern Indian,Italian,Chinese|Jamshedpur|Mango|https://www.zomato.com/jamshedpur/time-out-mango/info|10|Casual Dining|10am to 930pm(Mon-Sun)||NEW|NEW
Toppings|300|Bakery|Jamshedpur|Bistupur|https://www.zomato.com/jamshedpur/toppings-bistupur/info|10|Bakery|10am to 10pm(Mon-Sun)|Average|3.2|5
Sabita's Kitchen|500|Chinese,Bengali|Jamshedpur|Bistupur|https://www.zomato.com/jamshedpur/sabitas-kitchen-bistupur/info|10|Quick Bites|11am to 10pm(Mon-Sun)|Average|3.1|4
Food Nation|300|North Indian,Chinese|Jamshedpur|Bistupur|https://www.zomato.com/jamshedpur/food-nation-1-bistupur/info|10|Quick Bites|11am to 10pm(Mon-Sun)|Average|3.0|7
Saffron|200|Biryani,Chinese,Desserts,Mughlai,North Indian|Jamshedpur|Sakchi|https://www.zomato.com/jamshedpur/saffron-1-sakchi/info|10|Casual Dining|8am to 10pm(Mon-Sun)|Average|3.0|4
Cakes & Bakes|200|Bakery|Jamshedpur|Golmuri|https://www.zomato.com/jamshedpur/cakes-bakes-1-golmuri/info|10|Bakery|11am to 10pm(Mon-Sun)|Average|3.1|6
Yashwee International|1000|Chinese,Continental,North Indian|Jamshedpur|Sakchi|https://www.zomato.com/jamshedpur/yashwee-international-1-sakchi/info|11|Lounge|12noon to 12midnight(Mon-Sun)|Good|3.9|45
TDC - The Dutch Cafe|150|Chinese,Biryani,North Indian|Jamshedpur|Sakchi|https://www.zomato.com/jamshedpur/tdc-the-dutch-cafe-1-sakchi/info|11|Casual Dining|1030am to 10pm(Mon-Sun)|Not rated|-|-
Pipal|200|North Indian,Chinese,Fast Food|Jamshedpur|Sakchi|https://www.zomato.com/jamshedpur/pipal-sakchi/info|11|none|9am to 10pm(Mon-Sun)|Not rated|-|-
Hotel Mount View|200|North Indian,Kebab,Chinese|Jamshedpur|Mango|https://www.zomato.com/jamshedpur/hotel-mount-view-mango/info|11|Casual Dining|(Mon-Sun)|Not rated|-|-
Hangout Restaurant|0|North Indian,Chinese|Jamshedpur|Bistupur|https://www.zomato.com/jamshedpur/hangout-restaurant-bistupur/info|11|Casual Dining|11am to 10pm(Mon-Sun)|Average|3.2|8
Ravi Bakers|150|Bakery|Jamshedpur|Bistupur|https://www.zomato.com/jamshedpur/ravi-bakers-bistupur/info|11|Bakery|10am to 10pm(Mon-Sun)||NEW|NEW
Shri Hira Sweets|150|Mithai|Jamshedpur|Golmuri|https://www.zomato.com/jamshedpur/shri-hira-sweets-golmuri/info|11|Sweet Shop|(Mon-Sun)|Average|3.2|4
Food Fiesta|120|Fast Food,Beverages|Jamshedpur|Sonari|https://www.zomato.com/jamshedpur/food-fiesta-sonari/info|11|Quick Bites|11am to 11pm(Mon-Sun)|Average|3.3|21
The Healthy Hub|250|Juices|Jamshedpur|Bistupur|https://www.zomato.com/jamshedpur/the-healthy-hub-2-bistupur/info|11|Beverage Shop|730am to 730pm(Mon-Sat),24||NEW|NEW
Vishwakarma Tiffin|250|North Indian,Chinese|Jamshedpur|Gamharia|https://www.zomato.com/jamshedpur/vishwakarma-tiffin-gamharia/info|11|Quick Bites|7am to 1pm,4pm to 10pm(Mon-Sun)|Not rated|-|-
Hargouri Bhojnalay|150|North Indian|Jamshedpur|Sakchi|https://www.zomato.com/jamshedpur/hargouri-bhojnalay-sakchi/info|11|Bhojanalya|10am to 10pm(Mon-Sun)||NEW|NEW
Gupta Ji Special Chhole Bhature|100|Bihari|Jamshedpur|Bistupur|https://www.zomato.com/jamshedpur/gupta-ji-special-chhole-bhature-bistupur/info|11|Food Truck|(Mon-Sun)||NEW|NEW
Candle Light|500|South Indian,Modern Indian,Indian|Jamshedpur|Bistupur|https://www.zomato.com/jamshedpur/candle-light-bistupur/info|11|Casual Dining|1130am to 10pm(Mon-Sun)|Not rated|-|-
Vishal Bakery|200|Bakery,Desserts|Jamshedpur|Gamharia|https://www.zomato.com/jamshedpur/vishal-bakery-gamharia/info|11|Dessert Parlor|11am to 10pm(Mon-Sun)||NEW|NEW
Crush!!|150|Ice Cream,Sandwich,Fast Food,Burger|Jamshedpur|Mango|https://www.zomato.com/jamshedpur/crush-mango/info|11|Dessert Parlor|11am to 10pm(Mon-Sun)||NEW|NEW
Hong Kong|1000|Chinese|Jamshedpur|Bistupur|https://www.zomato.com/jamshedpur/hong-kong-bistupur/info|12|Casual Dining|11am to 11pm(Mon-Sun)|Good|3.7|37
The Flavours|300|Chinese,North Indian,Biryani|Jamshedpur|Sakchi|https://www.zomato.com/jamshedpur/the-flavours-sakchi/info|12|Quick Bites|11am to 930pm(Mon-Sun)|Not rated|-|-
New Us Pizza Express Delivery|200|Italian|Jamshedpur|Telco Colony|https://www.zomato.com/jamshedpur/new-us-pizza-express-delivery-telco-colony/info|12|none|11am to 930pm(Mon-Sun)||NEW|NEW
Sagar Kitchen Kraft|200|Chinese|Jamshedpur|Gamharia|https://www.zomato.com/jamshedpur/sagar-kitchen-kraft-gamharia/info|12|Quick Bites|8am to 9pm(Mon-Sun)|Not rated|-|-
Lotus Restaurant|500|North Indian,Chinese|Jamshedpur|Sakchi|https://www.zomato.com/jamshedpur/lotus-restaurant-sakchi/info|12|Casual Dining|11am to 10pm(Mon-Sun)|Not rated|-|-
Naashta|200|Street Food,South Indian|Jamshedpur|Bistupur|https://www.zomato.com/jamshedpur/naashta-bistupur/info|12|Quick Bites|630am to 10pm(Mon-Sun)|Not rated|-|-
Hotel Swad|250|North Indian|Jamshedpur|Mango|https://www.zomato.com/jamshedpur/hotel-swad-mango/info|12|Quick Bites|11am to 10pm(Mon-Sun)||NEW|NEW
Zyka Junction|200|North Indian,Chinese|Jamshedpur|Bistupur|https://www.zomato.com/jamshedpur/zyka-junction-bistupur/info|12|Food Court|12noon to 4pm(Mon-Sun)|Not rated|-|-
Madhuram Hotel & Restaurent|180|North Indian,Fast Food,South Indian|Jamshedpur|Bistupur|https://www.zomato.com/jamshedpur/madhuram-hotel-restaurent-bistupur/info|12|Quick Bites|8am to 10pm(Mon-Sun)|Not rated|-|-
Humpty Dumpty|100|Chinese|Jamshedpur|Mango|https://www.zomato.com/jamshedpur/humpty-dumpty-mango/info|12|Bhojanalya|12noon to 11pm(Mon-Sun)|Good|3.8|30
Dosa Hub|250|South Indian|Jamshedpur|Bistupur|https://www.zomato.com/jamshedpur/dosa-hub-bistupur/info|12|Quick Bites|(Mon-Sun)|Not rated|-|-
The Regal Masala|50|Beverages|Jamshedpur|Sakchi|https://www.zomato.com/jamshedpur/the-regal-masala-sakchi/info|12|Quick Bites|11am to 10pm(Mon-Sun)|Not rated|-|-
Canteen|250|North Indian|Jamshedpur|Bistupur|https://www.zomato.com/jamshedpur/canteen-bistupur/info|12|Casual Dining|1130am to 3pm,5pm to 930pm(Mon-Sun)|Not rated|-|-
Annapurna South Indian|100|South Indian|Jamshedpur|Sonari|https://www.zomato.com/jamshedpur/annapurna-south-indian-sonari/info|12|Food Truck|8am to 1pm(Mon-Sun)||NEW|NEW
Cook-Tek|200|North Indian|Jamshedpur|Bistupur|https://www.zomato.com/jamshedpur/cook-tek-bistupur/info|12|Quick Bites|9am to 8am(Mon-Sun)|Not rated|-|-
Sunder Kewat Litti Chokha|100|Bihari|Jamshedpur|Bistupur|https://www.zomato.com/jamshedpur/sunder-kewat-litti-chokha-bistupur/info|13|none|12noon to 10pm(Mon-Sun)||NEW|NEW
Food Adda|100|Chinese|Jamshedpur|Bistupur|https://www.zomato.com/jamshedpur/food-adda-bistupur/info|13|none|5pm to 10pm(Mon-Sun)||NEW|NEW
Annapurna South Indian Chinese|100|South Indian,Chinese|Jamshedpur|Sonari|https://www.zomato.com/jamshedpur/annapurna-south-indian-chinese-sonari/info|13|Food Truck|(Mon-Sun)||NEW|NEW
Hotel Taj Raza|200|North Indian|Jamshedpur|Sakchi|https://www.zomato.com/jamshedpur/hotel-taj-raza-sakchi/info|13|Quick Bites|1030am to 10pm(Mon-Sun)|Not rated|-|-
Ghar Ka Khana|150|North Indian|Jamshedpur|Sakchi|https://www.zomato.com/jamshedpur/ghar-ka-khana-sakchi/info|13|Food Truck|930am to 6pm(Mon-Sun)||NEW|NEW
Tripti Fast Food|100|Chinese|Jamshedpur|Sakchi|https://www.zomato.com/jamshedpur/tripti-fast-food-sakchi/info|13|Food Court|5pm to 10pm(Mon-Sun)||NEW|NEW
Maa Annapurna Bhojnalay|400|North Indian,Chinese|Jamshedpur|Gamharia|https://www.zomato.com/jamshedpur/maa-annapurna-bhojnalay-gamharia/info|13|Quick Bites|11am to 10pm(Mon-Sun)|Not rated|-|-
Ambrosia|200|South Indian,Indian,Chinese|Jamshedpur|Gamharia|https://www.zomato.com/jamshedpur/ambrosia-1-gamharia/info|13|Casual Dining|730am to 930pm(Mon-Sun)||NEW|NEW
Raj Sweets|50|Bihari|Jamshedpur|Bistupur|https://www.zomato.com/jamshedpur/raj-sweets-bistupur/info|13|Dhaba|830am to 930pm(Mon-Sun)||NEW|NEW
Nuggets Heart|200|Bakery,Desserts|Jamshedpur|Mango|https://www.zomato.com/jamshedpur/nuggets-heart-mango/info|13|Bakery|10am to 10pm(Mon-Sun)||NEW|NEW
SK Kitchen|200|North Indian|Jamshedpur|Mango|https://www.zomato.com/jamshedpur/sk-kitchen-mango/info|13|none|1230pm to 230pm,730pm to 9pm(Mon-Sun)||NEW|NEW
Aditi crispy corner|100|Italian,Fast Food,Chinese,Beverages,Asian|Jamshedpur|Sakchi|https://www.zomato.com/jamshedpur/aditi-crispy-corner-2-sakchi/info|13|Kiosk|11am to 10pm(Mon-Sun)|Not rated|-|-
Rinku Chinese Fast Food|200|Chinese|Jamshedpur|Bistupur|https://www.zomato.com/jamshedpur/rinku-chinese-fast-food-1-bistupur/info|13|Food Truck|5pm to 10pm(Mon-Sun)||NEW|NEW
Shawarma Point|200|Fast Food|Jamshedpur|Bistupur|https://www.zomato.com/jamshedpur/shawarma-point-bistupur/info|13|none|11am to 10pm(Mon-Sun)||NEW|NEW
Gupshup Family AC Restaurant|400|North Indian,Chinese|Jamshedpur|Sakchi|https://www.zomato.com/jamshedpur/gupshup-family-ac-restaurant-sakchi/info|13|Quick Bites|11am to 1030pm(Mon-Sun)|Average|3.1|28
Spice Zone|1000|North Indian,Chinese|Jamshedpur|Bistupur|https://www.zomato.com/jamshedpur/spice-zone-bistupur/info|14|Casual Dining|7am to 11pm(Mon-Sun)|Average|3.4|14
Kentucky Chicken Hotel|500|North Indian,Chinese|Jamshedpur|Sonari|https://www.zomato.com/jamshedpur/kentucky-chicken-hotel-sonari/info|14|Quick Bites|10am to 1130pm(Mon-Sun)|Good|3.5|47
15 Hours|150|South Indian,Bengali,Fast Food,North Indian,Beverages|Jamshedpur|Sakchi|https://www.zomato.com/jamshedpur/15-hours-sakchi/info|14|Casual Dining|10am to 1030pm(Mon-Sun)|Average|2.8|16
Rollacosta|300|North Indian,Italian|Jamshedpur|Bistupur|https://www.zomato.com/jamshedpur/rollacosta-bistupur/info|14|Food Court|11am to 11pm(Mon-Sun)|Good|3.6|27
The Host|800|Indian,Chinese|Jamshedpur|Bistupur|https://www.zomato.com/jamshedpur/the-host-bistupur/info|14|Casual Dining|11am to 11pm(Mon-Sun)|Good|3.6|29
Goli Vada Pav|200|Street Food|Jamshedpur|Sakchi|https://www.zomato.com/jamshedpur/goli-vada-pav-sakchi/info|14|Quick Bites|11am to 1045pm(Mon-Sun)|Good|3.6|36
Misti Indian & Chinese Fast Food|300|South Indian,North Indian,Chinese|Jamshedpur|Sakchi|https://www.zomato.com/jamshedpur/misti-indian-chinese-fast-food-sakchi/info|14|Quick Bites|5pm to 11pm(Mon-Sun)|Good|3.8|32
Babu Moshai|300|Mughlai,Chinese,Bengali|Jamshedpur|Sonari|https://www.zomato.com/jamshedpur/babu-moshai-sonari/info|14|Casual Dining|1130am to 1030pm(Mon-Sun)|Average|3.4|12
Jampot|1600|Thai,Italian,Cafe,Chinese,Continental,North Indian|Jamshedpur|Bistupur|https://www.zomato.com/jamshedpur/jampot-bistupur/info|14|Café|6am to 530am(Mon-Sun)|Good|3.8|32
Tandoor Family Restaurant|300|Chinese,North Indian|Jamshedpur|Sonari|https://www.zomato.com/jamshedpur/tandoor-family-restaurant-sonari/info|14|Casual Dining|10am to 11pm(Mon-Sun)|Poor|2.4|27
The Basement|500|North Indian,Chinese|Jamshedpur|Sonari|https://www.zomato.com/jamshedpur/the-basement-sonari/info|14|Casual Dining|10am to 11pm(Mon-Sun)|Good|3.6|28
Kolkata Arsalan Biryani|200|Biryani|Jamshedpur|Mango|https://www.zomato.com/jamshedpur/kolkata-arsalan-biryani-mango/info|14|Quick Bites|12noon to 11pm(Mon-Sun)|Average|3.4|33
Dusri Biwi|150|Chinese,Biryani|Jamshedpur|Mango|https://www.zomato.com/jamshedpur/dusri-biwi-mango/info|14|Casual Dining|12noon to 1130pm(Mon-Sun)||NEW|NEW
Blooms Bar|600|North Indian|Jamshedpur|Bistupur|https://www.zomato.com/jamshedpur/blooms-bar-bistupur/info|14|Bar|11am to 11pm(Mon-Sun)|Average|3.3|15
Zaaffran|750|Chinese,Continental,Indian,Mughlai,North Indian,Afghan|Jamshedpur|Sakchi|https://www.zomato.com/jamshedpur/zaaffran-sakchi/info|14|Casual Dining|11am to 11pm(Mon-Sun)|Average|3.3|14
Red Earth|2000|Thai,South Indian,North Indian,Italian,Continental,Chinese|Jamshedpur|Bistupur|https://www.zomato.com/jamshedpur/red-earth-bistupur/info|15|Fine Dining|7pm to 11pm(Mon-Sun)|Average|3.4|21
Hotel LN International|300|North Indian|Jamshedpur|Mango|https://www.zomato.com/jamshedpur/hotel-ln-international-mango/info|15|Casual Dining|9am to 1030pm(Mon,Wed,Thu),10am to 1030pm...|Average|2.9|11
Alishan Biryani|300|Biryani|Jamshedpur|Sakchi|https://www.zomato.com/jamshedpur/alishan-biryani-sakchi/info|15|Quick Bites|11am to 11pm(Mon-Sun)|Good|3.6|23
Anna's Kitchen|500|South Indian,North Indian,Chinese|Jamshedpur|Gamharia|https://www.zomato.com/jamshedpur/annas-kitchen-gamharia/info|15|Casual Dining|11am to 1030pm(Mon-Sun)|Good|3.6|24
Biryani Adda|400|Biryani,Chinese,North Indian|Jamshedpur|Gamharia|https://www.zomato.com/jamshedpur/biryani-adda-gamharia/info|15|Quick Bites|11am to 11pm(Mon-Sun)||NEW|NEW
Zaika Restaurant|600|North Indian|Jamshedpur|Sakchi|https://www.zomato.com/jamshedpur/zaika-restaurant-sakchi/info|15|Casual Dining|930am to 11pm(Mon-Sun)|Good|3.5|25
The Dugout|800|Mexican,Italian,Continental,Chinese|Jamshedpur|Sakchi|https://www.zomato.com/jamshedpur/the-dugout-1-sakchi/info|15|Café|1pm to 11pm(Mon-Sun)|Average|3.3|13
Utsav|800|North Indian|Jamshedpur|Bistupur|https://www.zomato.com/jamshedpur/utsav-2-bistupur/info|15|Casual Dining|12noon to 1030pm(Mon-Sun)||NEW|NEW
Biryani Ki Kasam|500|Biryani|Jamshedpur|Bistupur|https://www.zomato.com/jamshedpur/biryani-ki-kasam-bistupur/info|15|Quick Bites|11am to 11pm(Mon-Sun)|Average|3.2|11
Red Chilli|400|North Indian,Chinese|Jamshedpur|Gamharia|https://www.zomato.com/jamshedpur/red-chilli-gamharia/info|15|Quick Bites|1030am to 11pm(Mon-Sun)|Good|3.5|14
Medieval Meals|500|North Indian|Jamshedpur|Sonari|https://www.zomato.com/jamshedpur/medieval-meals-sonari/info|15|Casual Dining|10am to 1030pm(Mon-Sun)|Average|3.4|16
Silly Chilly|400|North Indian,Chinese|Jamshedpur|Sonari|https://www.zomato.com/jamshedpur/silly-chilly-1-sonari/info|15|Casual Dining|11am to 2pm,630pm to 11pm(Mon-Sun)|Good|3.6|15
The Kannelite|500|North Indian|Jamshedpur|Sakchi|https://www.zomato.com/jamshedpur/the-kannelite-sakchi/info|15|Casual Dining|11am to 1030pm(Mon-Sun)|Average|3.1|7
The Villa|200|South Indian,North Indian,Chinese|Jamshedpur|Sakchi|https://www.zomato.com/jamshedpur/the-villa-sakchi/info|15|Casual Dining|11am to 11pm(Mon-Sun)|Average|3.0|4
Hotel South Park|800|South Indian,North Indian,Chinese|Jamshedpur|Bistupur|https://www.zomato.com/jamshedpur/hotel-south-park-bistupur/info|15|Casual Dining|7am to 11pm(Mon-Sun)|Average|3.2|12
Zaika Junction|100|North Indian,Kebab,Chinese,Roast Chicken,Rolls|Jamshedpur|Bistupur|https://www.zomato.com/jamshedpur/zaika-junction-bistupur/info|16|Food Truck|6pm to 1030pm(Mon-Sun)|Average|3.3|8
Spice & Ice|1000|North Indian|Jamshedpur|Sakchi|https://www.zomato.com/jamshedpur/spice-ice-sakchi/info|16|Casual Dining|11am to 11pm(Mon-Sun)|Average|3.3|11
Sai International Family Restaurant|600|North Indian|Jamshedpur|Gamharia|https://www.zomato.com/jamshedpur/sai-international-family-restaurant-gamharia/info|16|Casual Dining|11am to 11pm(Mon-Sun)|Average|2.7|12
Cocoberry|300|Bakery|Jamshedpur|Bistupur|https://www.zomato.com/jamshedpur/cocoberry-bistupur/info|16|Bakery|11am to 11pm(Mon-Sun)|Average|3.4|4
Balaji Spencer|200|South Indian|Jamshedpur|Sakchi|https://www.zomato.com/jamshedpur/balaji-spencer-sakchi/info|16|Quick Bites|730am to 1030pm(Mon-Sun)|Average|3.1|4
Spicy China Green|80|North Indian,Modern Indian,Chinese|Jamshedpur|Mango|https://www.zomato.com/jamshedpur/spicy-china-green-mango/info|16|Quick Bites|5pm to 1030pm(Mon-Sun)|Average|3.2|7
Hungry Folks|100|Chinese|Jamshedpur|Bistupur|https://www.zomato.com/jamshedpur/hungry-folks-bistupur/info|16|Quick Bites|4pm to 1030pm(Mon-Sun)|Average|3.3|6
Hotel Crystal|400|South Indian,North Indian|Jamshedpur|Mango|https://www.zomato.com/jamshedpur/hotel-crystal-mango/info|16|Casual Dining|7am to 11pm(Mon-Sun)|Average|2.9|12
Mezbaan Restaurant|500|North Indian,Mughlai,Chinese|Jamshedpur|Golmuri|https://www.zomato.com/jamshedpur/mezbaan-restaurant-golmuri/info|16|Quick Bites|11am to 11pm(Mon-Sun)|Average|2.9|9
Balbir Fried Chicken|100|North Indian|Jamshedpur|Sakchi|https://www.zomato.com/jamshedpur/balbir-fried-chicken-sakchi/info|16|Food Court|6pm to 1030pm(Mon-Sun)||NEW|NEW
Biryani Ghar|150|North Indian,Chinese,Biryani|Jamshedpur|Mango|https://www.zomato.com/jamshedpur/biryani-ghar-mango/info|16|Quick Bites|12noon to 11pm(Mon-Sun)||NEW|NEW
Mahi Chinese Momo|100|Tibetan|Jamshedpur|Bistupur|https://www.zomato.com/jamshedpur/mahi-chinese-momo-bistupur/info|16|Food Truck|3pm to 11pm(Mon-Sun)|Average|3.2|6
Status Bar & Kitchen|800|North Indian,Chinese|Jamshedpur|Sakchi|https://www.zomato.com/jamshedpur/status-bar-kitchen-sakchi/info|16|Bar|11am to 1030pm(Mon-Sun)|Average|3.2|7
Wakhra|200|North Indian,Chinese,Biryani,Fast Food|Jamshedpur|Bistupur|https://www.zomato.com/jamshedpur/wakhra-1-bistupur/info|16|Casual Dining|1130am to 1030pm(Mon-Sun)|Not rated|-|-
Flavour of China|250|Chinese|Jamshedpur|Sakchi|https://www.zomato.com/jamshedpur/flavour-of-china-sakchi/info|16|Quick Bites|12noon to 11pm(Mon-Sun)|Average|3.4|9
Gossip Restrobar|1000|North Indian,Italian,Chinese|Jamshedpur|Sakchi|https://www.zomato.com/jamshedpur/gossip-restrobar-sakchi/info|17|Casual Dining|11am to 12midnight(Mon-Sun)|Not rated|-|-
Cafe Green|400|North Indian,Chinese|Jamshedpur|Gamharia|https://www.zomato.com/jamshedpur/cafe-green-gamharia/info|17|Casual Dining|11am to 11pm(Mon-Sun)|Average|3.2|6
Tandoori Hut|250|North Indian|Jamshedpur|Bistupur|https://www.zomato.com/jamshedpur/tandoori-hut-bistupur/info|17|Quick Bites|1130am to 11pm(Mon-Sun)||NEW|NEW
Kolkata Biryani House|200|North Indian,Biryani,Rolls|Jamshedpur|Golmuri|https://www.zomato.com/jamshedpur/kolkata-biryani-house-golmuri/info|17|none|1030am to 11pm(Mon-Sun)||NEW|NEW
Dhadoom|400|Fast Food|Jamshedpur|Bistupur|https://www.zomato.com/jamshedpur/dhadoom-bistupur/info|17|Quick Bites|11am to 11pm(Mon-Sun)|Average|2.9|4
Naivedyam Bhojnalaya|200|North Indian|Jamshedpur|Gamharia|https://www.zomato.com/jamshedpur/naivedyam-bhojnalaya-gamharia/info|17|Bhojanalya|11am to 1030pm(Mon-Sun)|Average|2.8|5
Food City|300|North Indian,Chinese|Jamshedpur|Sakchi|https://www.zomato.com/jamshedpur/food-city-sakchi/info|17|Quick Bites|11am to 11pm(Mon-Sun)|Average|3.2|9
Ganesh Pav Bhaji|100|Fast Food|Jamshedpur|Bistupur|https://www.zomato.com/jamshedpur/ganesh-pav-bhaji-bistupur/info|17|Food Truck|3pm to 11pm(Mon-Sun)|Average|3.0|5
Trishna|1000|North Indian,South Indian,Chinese|Jamshedpur|Gamharia|https://www.zomato.com/jamshedpur/trishna-gamharia/info|17|Casual Dining|730am to 11pm(Mon-Sun)|Not rated|-|-
Aroma Multicuisine|300|South Indian,North Indian,Chinese|Jamshedpur|Sonari|https://www.zomato.com/jamshedpur/aroma-multicuisine-sonari/info|17|Quick Bites|11am to 11pm(Mon-Sun)|Average|3.1|5
China Town|150|Chinese|Jamshedpur|Sonari|https://www.zomato.com/jamshedpur/china-town-sonari/info|17|Quick Bites|5pm to 11pm(Mon-Sun)|Average|3.0|4
BawarchiKhana|200|North Indian,Biryani|Jamshedpur|Mango|https://www.zomato.com/jamshedpur/bawarchikhana-mango/info|17|Food Court|11am to 11pm(Mon-Sun)||NEW|NEW
Urban Tadka|500|South Indian,Modern Indian|Jamshedpur|Mango|https://www.zomato.com/jamshedpur/urban-tadka-mango/info|17|Casual Dining|8am to 1030pm(Mon-Sun)|Not rated|-|-
Foody Hub|200|Chinese|Jamshedpur|Bistupur|https://www.zomato.com/jamshedpur/foody-hub-bistupur/info|17|Quick Bites|4pm to 1030pm(Mon-Sun)||NEW|NEW
Kanchan Egg Roll|250|Chinese,Biryani|Jamshedpur|Sakchi|https://www.zomato.com/jamshedpur/kanchan-egg-roll-sakchi/info|17|Quick Bites|11am to 11pm(Mon-Sun)|Average|3.0|4
Quality Fast Food|200|North Indian,Chinese|Jamshedpur|Sakchi|https://www.zomato.com/jamshedpur/quality-fast-food-4-sakchi/info|18|Quick Bites|11am to 11pm(Mon-Sun)|Not rated|-|-
Zosh Bar|1000|Finger Food|Jamshedpur|Sakchi|https://www.zomato.com/jamshedpur/zosh-bar-sakchi/info|18|Bar|11am to 11pm(Mon-Sun)|Not rated|-|-
Mini Punjab|800|North Indian,Chinese|Jamshedpur|Mango|https://www.zomato.com/jamshedpur/mini-punjab-3-mango/info|18|Casual Dining|11am to 11pm(Mon-Sun)||NEW|NEW
Flavour Multicuisine|300|Indian,Continental,Chinese,Coffee,Desserts,Mithai,Salad,Sandwich|Jamshedpur|Bistupur|https://www.zomato.com/jamshedpur/flavour-multicuisine-bistupur/info|18|Fine Dining|8am to 1030pm(Mon-Sun)|Not rated|-|-
Patiala Grill|600|North Indian,Chinese|Jamshedpur|Mango|https://www.zomato.com/jamshedpur/patiala-grill-mango/info|18|Casual Dining|1230pm to 11pm(Mon-Tue),11am to 11pm...||NEW|NEW
Chatkhori|200|Burger,Fast Food|Jamshedpur|Sakchi|https://www.zomato.com/jamshedpur/chatkhori-sakchi/info|18|Quick Bites|11am to 11pm(Mon-Sun)|Not rated|-|-
Punjabi Tandoor|0|Kebab|Jamshedpur|Bistupur|https://www.zomato.com/jamshedpur/punjabi-tandoor-bistupur/info|18|Food Truck|5pm to 1030pm(Mon-Sun)||NEW|NEW
Spice Affair|800|North Indian,Chinese|Jamshedpur|Bistupur|https://www.zomato.com/jamshedpur/spice-affair-bistupur/info|18|Casual Dining|11am to 1030pm(Mon-Sun)|Not rated|-|-
Food Fusion|400|North Indian,Chinese,Biryani|Jamshedpur|Birsanagar|https://www.zomato.com/jamshedpur/food-fusion-1-birsanagar/info|18|Café|11am to 1030pm(Mon-Sun)||NEW|NEW
Yashoda Chat|100|Fast Food|Jamshedpur|Bistupur|https://www.zomato.com/jamshedpur/yashoda-chat-bistupur/info|18|Kiosk|330pm to 11pm(Mon-Sun)|Not rated|-|-
Siri Balaji Tiffin|100|South Indian|Jamshedpur|Golmuri|https://www.zomato.com/jamshedpur/siri-balaji-tiffin-golmuri/info|18|Quick Bites|5pm to 1030pm(Mon-Sun)|Not rated|-|-
Green Chilli|350|Fast Food|Jamshedpur|Sakchi|https://www.zomato.com/jamshedpur/green-chilli-sakchi/info|18|Quick Bites|5pm to 11pm(Mon-Sun)|Not rated|-|-
Pipal|150|South Indian,North Indian,Chinese|Jamshedpur|Sakchi|https://www.zomato.com/jamshedpur/pipal-1-sakchi/info|18|Casual Dining|11am to 11pm(Mon-Sun)|Not rated|-|-
Gourmet Multicuisine Restaurant|1000|North Indian,Italian,Chinese|Jamshedpur|Sakchi|https://www.zomato.com/jamshedpur/gourmet-multicuisine-restaurant-sakchi/info|18|Casual Dining|11am to 12midnight(Mon-Sun)|Not rated|-|-
Gupshup Family Restuarant|400|North Indian,Chinese,Mughlai|Jamshedpur|Sakchi|https://www.zomato.com/jamshedpur/gupshup-family-restuarant-sakchi/info|18|Casual Dining|11am to 1130pm(Mon-Sun)|Not rated|-|-
Pushpanjali Restaurant|400|North Indian,Chinese|Jamshedpur|Gamharia|https://www.zomato.com/jamshedpur/pushpanjali-restaurant-gamharia/info|19|Quick Bites|7am to 1030pm(Mon-Sun)|Not rated|-|-
Moto Riders|400|North Indian,Chinese|Jamshedpur|Gamharia|https://www.zomato.com/jamshedpur/moto-riders-gamharia/info|19|Casual Dining|11am to 11pm(Mon-Sun)|Not rated|-|-
Paratha Wala|150|North Indian|Jamshedpur|Bistupur|https://www.zomato.com/jamshedpur/paratha-wala-bistupur/info|19|Quick Bites|11am to 1030pm(Mon-Sun)||NEW|NEW
Punjab Chicken Shop|250|North Indian|Jamshedpur|Sonari|https://www.zomato.com/jamshedpur/punjab-chicken-shop-sonari/info|19|Quick Bites|530pm to 1030pm(Mon-Sun)|Not rated|-|-
Zodiac|2000|Continental,North Indian,South Indian,Salad,Burger,Sandwich,Desserts,Asian|Jamshedpur|Bistupur|https://www.zomato.com/jamshedpur/zodiac-1-bistupur/info|19|Fine Dining|12noon to 3pm,7pm to 11pm(Mon-Sun)|Not rated|-|-
Dosa Hub|100|South Indian|Jamshedpur|Gamharia|https://www.zomato.com/jamshedpur/dosa-hub-1-gamharia/info|19|Quick Bites|8am to 1am(Mon-Sun)||NEW|NEW
Dusri Biwi|400|North Indian,Biryani|Jamshedpur|Sonari|https://www.zomato.com/jamshedpur/dusri-biwi-sonari/info|19|Quick Bites|11am to 11pm(Mon-Sun)||NEW|NEW
Jabardast Biryani Corner|300|Biryani,North Indian,Chinese,Mughlai|Jamshedpur|Birsanagar|https://www.zomato.com/jamshedpur/jabardast-biryani-corner-birsanagar/info|19|Quick Bites|9am to 1030pm(Mon-Sun)||NEW|NEW
Kohinoor Darbar|200|North Indian,Chinese|Jamshedpur|Sakchi|https://www.zomato.com/jamshedpur/kohinoor-darbar-sakchi/info|19|Quick Bites|11am to 11pm(Mon-Sun)||NEW|NEW
Multi Veg Restaurant|150|North Indian,Chinese|Jamshedpur|Sonari|https://www.zomato.com/jamshedpur/multi-veg-restaurant-sonari/info|19|Casual Dining|12noon to 1030pm(Mon-Sun)||NEW|NEW
Desi Tadka|250|North Indian,Chinese|Jamshedpur|Bistupur|https://www.zomato.com/jamshedpur/desi-tadka-bistupur/info|19|Quick Bites|11am to 1030pm(Mon-Sun)||NEW|NEW
Chungwah Chinese Fast Food|300|Chinese,Fast Food|Jamshedpur|Birsanagar|https://www.zomato.com/jamshedpur/chungwah-chinese-fast-food-birsanagar/info|19|Quick Bites|530pm to 1030pm(Mon-Sun)||NEW|NEW
Joy Kitchen|250|Chinese,North Indian|Jamshedpur|Sonari|https://www.zomato.com/jamshedpur/joy-kitchen-1-sonari/info|19|Quick Bites|11am to 3pm,6pm to 1030pm(Mon-Sun)||NEW|NEW
Trax Bar Restaurant|400|Chinese,North Indian|Jamshedpur|Sakchi|https://www.zomato.com/jamshedpur/trax-bar-restaurant-sakchi/info|19|Quick Bites|11am to 11pm(Mon-Sun)|Not rated|-|-
The Glass Bites|900|North Indian,Chinese|Jamshedpur|Mango|https://www.zomato.com/jamshedpur/the-glass-bites-mango/info|19|Casual Dining|8am to 10am,11am to 11pm(Mon-Sun)|Not rated|-|-
Pizza Hut|500|Pizza|Jamshedpur|Bistupur|https://www.zomato.com/jamshedpur/pizza-hut-bistupur/info|2|Food Court|11am to 11pm(Mon-Sun)|Good|3.9|147
KFC|200|Burger,Fast Food|Jamshedpur|Bistupur|https://www.zomato.com/jamshedpur/kfc-bistupur/info|2|Food Court|11am to 11pm(Mon-Sun)|Very Good|4.1|162
Domino's Pizza|600|Pizza|Jamshedpur|Bistupur|https://www.zomato.com/jamshedpur/dominos-pizza-1-bistupur/info|2|Casual Dining|11am to 12midnight(Mon-Sun)|Good|3.8|165
Silver Spoon|300|North Indian,Chinese|Jamshedpur|Sakchi|https://www.zomato.com/jamshedpur/silver-spoon-sakchi/info|2|Casual Dining|1030am to 11pm(Mon-Sun)|Very Good|4.0|100
Moti Mahal|700|Biryani,Chinese,Beverages,North Indian,Kebab,Afghan,Mughlai,Desserts|Jamshedpur|Bistupur|https://www.zomato.com/jamshedpur/moti-mahal-bistupur/info|2|Casual Dining|1130am to 330pm,630pm to 1045pm...|Very Good|4.1|136
Rasoi|400|North Indian|Jamshedpur|Sakchi|https://www.zomato.com/jamshedpur/rasoi-1-sakchi/info|2|Quick Bites|9am to 1030am,11am to 1030pm(Mon,Sun),11am...|Good|3.5|91
Biryani House|800|Biryani,North Indian,Chinese|Jamshedpur|Bistupur|https://www.zomato.com/jamshedpur/biryani-house-bistupur/info|2|Casual Dining|11am to 11pm(Mon-Sun)|Good|3.6|148
Charcoal Eats|500|North Indian,Italian,Pizza,Burger,Mughlai,Beverages,Biryani,Fast Food|Jamshedpur|Bistupur|https://www.zomato.com/jamshedpur/charcoal-eats-bistupur/info|2|Quick Bites|1130am to 1055pm(Mon-Sun)|Excellent|4.8|58
Domino's Pizza|500|Pizza|Jamshedpur|Bistupur|https://www.zomato.com/jamshedpur/dominos-pizza-2-bistupur/info|2|Food Court|11am to 11pm(Mon-Sun)|Good|3.8|89
Bemisaal Biryani|450|North Indian,Chinese,Biryani|Jamshedpur|Sakchi|https://www.zomato.com/jamshedpur/bemisaal-biryani-sakchi/info|2|Casual Dining|12noon to 11pm(Mon-Sun)|Good|3.9|87
Junction Restaurant|400|Biryani,North Indian|Jamshedpur|Gamharia|https://www.zomato.com/jamshedpur/junction-restaurant-gamharia/info|2|Casual Dining|11am to 11pm(Mon-Sun)|Good|3.7|68
Paaji Kukad Wale|400|North Indian|Jamshedpur|Bistupur|https://www.zomato.com/jamshedpur/paaji-kukad-wale-bistupur/info|2|Casual Dining|1230pm to 11pm(Mon-Sun)|Good|3.8|74
The Blue Diamond|800|North Indian,Chinese|Jamshedpur|Bistupur|https://www.zomato.com/jamshedpur/the-blue-diamond-bistupur/info|2|Casual Dining|11am to 1030pm(Mon-Sun)|Good|3.9|127
Saffron|500|North Indian,Chinese,Biryani|Jamshedpur|Sakchi|https://www.zomato.com/jamshedpur/saffron-sakchi/info|2|Casual Dining|11am to 11pm(Mon-Sun)|Very Good|4.0|122
Dosa Hut|350|South Indian|Jamshedpur|Sakchi|https://www.zomato.com/jamshedpur/dosa-hut-sakchi/info|2|Casual Dining|1030am to 1030pm(Mon-Sun)|Very Good|4.0|133
Second Wife Taste|200|Chinese,Fast Food|Jamshedpur|Sonari|https://www.zomato.com/jamshedpur/second-wife-taste-sonari/info|20|Quick Bites|5pm to 1030pm(Mon-Sun)||NEW|NEW
GupshupFamily Resturant|800|Chinese,North Indian,Mughlai|Jamshedpur|Bistupur|https://www.zomato.com/jamshedpur/gupshupfamily-resturant-bistupur/info|20|Casual Dining|11am to 1030pm(Mon-Sun)|Not rated|-|-
HeyD Foods|400|South Indian,Rolls,Chinese,North Indian|Jamshedpur|Gamharia|https://www.zomato.com/jamshedpur/heyd-foods-gamharia/info|20|Quick Bites|11am to 1030pm(Mon-Sun)|Not rated|-|-
Dear Mom Tiffin Service|300|North Indian|Jamshedpur|Sakchi|https://www.zomato.com/jamshedpur/dear-mom-tiffin-service-sakchi/info|20|Dhaba|1030am to 1030pm(Mon-Sun)||NEW|NEW
Niharika's Rasoi|200|North Indian|Jamshedpur|Sakchi|https://www.zomato.com/jamshedpur/niharikas-rasoi-sakchi/info|20|none|24||NEW|NEW
The Hungry|200|Chinese|Jamshedpur|Mango|https://www.zomato.com/jamshedpur/the-hungry-mango/info|3|Casual Dining|12noon to 1030pm(Mon-Sun)|Average|3.4|60
Double Down Bar & Pub|1000|North Indian,Continental,Chinese|Jamshedpur|Bistupur|https://www.zomato.com/jamshedpur/double-down-bar-pub-bistupur/info|3|Casual Dining|11am to 12midnight(Mon-Sun)|Excellent|4.6|82
Mithi Mirchi|500|Chinese,South Indian,North Indian|Jamshedpur|Sakchi|https://www.zomato.com/jamshedpur/mithi-mirchi-sakchi/info|3|Casual Dining|11am to 11pm(Mon-Sun)|Average|3.3|71
The White Rose|800|North Indian|Jamshedpur|Sakchi|https://www.zomato.com/jamshedpur/the-white-rose-sakchi/info|3|Casual Dining|11am to 11pm(Mon-Sun)|Good|3.9|73
Dosa Planet|400|Beverages,Armenian,South Indian,Chinese|Jamshedpur|Bistupur|https://www.zomato.com/jamshedpur/dosa-planet-bistupur/info|3|Fine Dining|10am to 1030pm(Mon-Sun)|Good|3.6|20
Delhi Darbar|300|North Indian|Jamshedpur|Bistupur|https://www.zomato.com/jamshedpur/delhi-darbar-bistupur/info|3|Casual Dining|11am to 1030pm(Mon-Sun)|Good|3.7|93
Annapurna Kitchen|100|Roast Chicken,Kebab,Chinese,Awadhi|Jamshedpur|Gamharia|https://www.zomato.com/jamshedpur/annapurna-kitchen-gamharia/info|3|Casual Dining|11am to 11pm(Mon-Sun)|Very Good|4.0|52
Geetanjali Food Hub|400|North Indian,Chinese,Biryani,Rolls,Momos|Jamshedpur|Bistupur|https://www.zomato.com/jamshedpur/geetanjali-food-hub-bistupur/info|3|Quick Bites|11am to 10pm(Mon-Sun)|Good|3.7|138
Desi Handi|200|North Indian,Chinese|Jamshedpur|Sakchi|https://www.zomato.com/jamshedpur/desi-handi-sakchi/info|3|Casual Dining|12noon to 11am(Mon),12noon to 10pm(Tue-Sun)|Average|2.9|65
Chinese Inn|500|North Indian,Chinese|Jamshedpur|Bistupur|https://www.zomato.com/jamshedpur/chinese-inn-bistupur/info|3|Casual Dining|930am to 10pm(Mon-Sun)|Very Good|4.3|259
The Madrasi Hotel|350|Beverages,Coffee,Desserts,South Indian|Jamshedpur|Bistupur|https://www.zomato.com/jamshedpur/the-madrasi-hotel-bistupur/info|3|Casual Dining|11am to 10pm(Mon-Sun)|Excellent|4.5|181
Yahoo Restaurant|200|North Indian|Jamshedpur|Sonari|https://www.zomato.com/jamshedpur/yahoo-restaurant-sonari/info|3|Casual Dining|7am to 11pm(Mon-Sun)|Good|3.6|69
Food Canvas|250|South Indian,North Indian|Jamshedpur|Mango|https://www.zomato.com/jamshedpur/food-canvas-mango/info|3|Quick Bites|11am to 1030pm(Mon-Sun)|Very Good|4.0|55
Urban Rasoi|500|South Indian,North Indian,Chinese|Jamshedpur|Gamharia|https://www.zomato.com/jamshedpur/urban-rasoi-gamharia/info|3|Casual Dining|11am to 11pm(Mon-Sun)|Average|3.4|35
Neelam|500|South Indian,North Indian,Chinese|Jamshedpur|Telco Colony|https://www.zomato.com/jamshedpur/neelam-telco-colony/info|3|Casual Dining|10am to 11pm(Mon-Sun)|Good|3.8|92
The  Treat|300|Salad,Biryani,Chinese,Beverages,Modern Indian,Bihari|Jamshedpur|Mango|https://www.zomato.com/jamshedpur/the-treat-mango/info|4|Quick Bites|11am to 1030pm(Mon,Tue,Thu,Sat,Sun),11am to ...|Good|3.6|28
Dolphin Restaurant|400|North Indian,Chinese|Jamshedpur|Gamharia|https://www.zomato.com/jamshedpur/dolphin-restaurant-gamharia/info|4|Casual Dining|11am to 11pm(Mon-Sun)|Good|3.6|38
Social 75|200|Bar Food,Beverages,Biryani,Burger,Cafe,Chinese,Coffee,Cuisine Varies|Jamshedpur|Bistupur|https://www.zomato.com/jamshedpur/social-75-6-bistupur/info|4|Café|12noon to 11pm(Mon-Sun)||NEW|NEW
Bon Appetit|500|North Indian,Chinese|Jamshedpur|Bistupur|https://www.zomato.com/jamshedpur/bon-appetit-bistupur/info|4|Casual Dining|11am to 11pm(Mon-Sun)|Good|3.9|79
The Kathi Spot|300|North Indian,Indian|Jamshedpur|Bistupur|https://www.zomato.com/jamshedpur/the-kathi-spot-bistupur/info|4|Casual Dining|11am to 1030pm(Mon-Sun)|Good|3.5|46
Take Away Taste Of Tandoor|150|Fast Food|Jamshedpur|Bistupur|https://www.zomato.com/jamshedpur/take-away-taste-of-tandoor-bistupur/info|4|Quick Bites|12noon to 11pm(Mon-Sun)|Good|3.5|64
Time Out|600|Street Food,Biryani,Chinese,Sandwich,Beverages,North Indian,Pizza,South Indian|Jamshedpur|Bistupur|https://www.zomato.com/jamshedpur/time-out-bistupur/info|4|Casual Dining|9am to 10pm(Mon-Sat),830am to 10pm(Sun)|Very Good|4.0|88
Campus Adda|400|North Indian,Chinese|Jamshedpur|Sakchi|https://www.zomato.com/jamshedpur/campus-adda-sakchi/info|4|Quick Bites|11am to 1030pm(Mon-Sun)|Good|3.8|51
Pizza Peddler|400|Burger,Pizza,Sandwich,Beverages|Jamshedpur|Mango|https://www.zomato.com/jamshedpur/pizza-peddler-2-mango/info|4|Quick Bites|1130am to 10pm(Mon-Sun)|Very Good|4.0|90
Brown Bunch Bake|400|Fast Food|Jamshedpur|Bistupur|https://www.zomato.com/jamshedpur/brown-bunch-bake-bistupur/info|4|Bakery|11am to 10pm(Mon-Sun)|Very Good|4.4|160
Dosa King|500|South Indian|Jamshedpur|Bistupur|https://www.zomato.com/jamshedpur/dosa-king-bistupur/info|4|Casual Dining|11am to 11pm(Mon-Sun)|Good|3.8|65
Spicy Adda|300|North Indian,Chinese,Biryani|Jamshedpur|Gamharia|https://www.zomato.com/jamshedpur/spicy-adda-gamharia/info|4|Quick Bites|11am to 1130pm(Mon,Tue,Thu,Fri,Sat,Sun)...|Good|3.9|46
Dalchini|700|North Indian,Chinese|Jamshedpur|Bistupur|https://www.zomato.com/jamshedpur/dalchini-bistupur/info|4|Casual Dining|11am to 10pm(Mon-Sun)|Good|3.6|72
Cafe Regal|500|Cafe,Steak,Sandwich,Italian,Tea,Parsi,Coffee,Pizza|Jamshedpur|Bistupur|https://www.zomato.com/jamshedpur/cafe-regal-bistupur/info|4|Café|10am to 10pm(Mon-Sun)|Very Good|4.3|165
Satkar Hotel-Pure Veg Restaurant|300|South Indian,North Indian|Jamshedpur|Golmuri|https://www.zomato.com/jamshedpur/satkar-hotel-pure-veg-restaurant-golmuri/info|4|Casual Dining|9am to 10pm(Mon-Sun)|Very Good|4.2|135
The Hungry Bird Restaurant|500|Bengali,Biryani,Chinese,Beverages|Jamshedpur|Sonari|https://www.zomato.com/jamshedpur/the-hungry-bird-restaurant-1-sonari/info|5|Casual Dining|11am to 11pm(Mon,Tue,Fri,Sat,Sun),Closed...|Average|3.4|47
Sagar Sweets|100|Mithai|Jamshedpur|Bistupur|https://www.zomato.com/jamshedpur/sagar-sweets-bistupur/info|5|Sweet Shop|9am to 10pm(Mon-Sun)|Good|3.6|82
Gopal Dosa|50|South Indian|Jamshedpur|Sakchi|https://www.zomato.com/jamshedpur/gopal-dosa-sakchi/info|5|Food Truck|11am to 1230pm,430pm to 930pm(Mon-Sun)|Very Good|4.0|54
Sukh Sagar|500|Biryani,Chinese,North Indian|Jamshedpur|Bistupur|https://www.zomato.com/jamshedpur/sukh-sagar-bistupur/info|5|Casual Dining|11am to 10pm(Mon-Sun)|Very Good|4.1|93
Gyani's Restaurant|600|North Indian,Chinese|Jamshedpur|Telco Colony|https://www.zomato.com/jamshedpur/gyanis-restaurant-telco-colony/info|5|Casual Dining|11am to 10pm(Mon-Sun)|Good|3.8|153
79 Restro Bar|500|Chinese,North Indian|Jamshedpur|Sakchi|https://www.zomato.com/jamshedpur/79-restro-bar-sakchi/info|5|Casual Dining|11am to 11pm(Mon-Sun)|Good|3.8|46
Hot & Spycy|200|Mughlai,Chinese|Jamshedpur|Sonari|https://www.zomato.com/jamshedpur/hot-spycy-sonari/info|5|Casual Dining|11am to 10pm(Mon-Sun)|Good|3.7|62
Aahar Veg Family Restaurant|200|South Indian,North Indian,North Eastern,Modern Indian,Italian,Chinese,Andhra,Bengali|Jamshedpur|Sonari|https://www.zomato.com/jamshedpur/aahar-veg-family-restaurant-sonari/info|5|Casual Dining|9am to 1030pm(Mon-Sun)|Good|3.6|30
The Sukh Sagar|300|South Indian,Chinese,North Indian|Jamshedpur|Sakchi|https://www.zomato.com/jamshedpur/the-sukh-sagar-sakchi/info|5|Casual Dining|7am to 10pm(Mon-Sun)|Good|3.8|107
Skylight Restaurant|400|North Indian,Chinese,Biryani|Jamshedpur|Mango|https://www.zomato.com/jamshedpur/skylight-restaurant-mango/info|5|Quick Bites|9am to 9pm(Mon-Sun)|Very Good|4.0|55
Al Karim Fast Food|100|Biryani,Chinese,Fast Food,Hyderabadi,Indian,Kebab|Jamshedpur|Bistupur|https://www.zomato.com/jamshedpur/al-karim-fast-food-1-bistupur/info|5|Food Truck|4pm to 10pm(Mon-Sun)|Very Good|4.0|55
Khalsa Hotel|300|North Indian,Chinese|Jamshedpur|Golmuri|https://www.zomato.com/jamshedpur/khalsa-hotel-golmuri/info|5|Casual Dining|11am to 11pm(Mon-Sun)|Very Good|4.0|75
Bungalow No 7|700|North Indian,Chinese,Continental|Jamshedpur|Sonari|https://www.zomato.com/jamshedpur/bungalow-no-7-sonari/info|5|Quick Bites|11am to 11pm(Mon-Sun)|Average|3.1|32
Original Kolkata Briyani|200|Biryani|Jamshedpur|Bistupur|https://www.zomato.com/jamshedpur/original-kolkata-briyani-bistupur/info|5|Quick Bites|1pm to 10pm(Mon-Sun)|Good|3.9|52
Baking Bond|200|Bakery,Burger,Desserts,Mithai,Pizza,Sandwich,South Indian|Jamshedpur|Sakchi|https://www.zomato.com/jamshedpur/baking-bond-sakchi/info|5|Bakery|9am to 930pm(Mon-Sun)|Average|3.4|9
"Stark  Cafe | Restaurant"|150|North Indian,Mughlai,Continental,Chinese,Biryani|Jamshedpur|Sakchi|https://www.zomato.com/jamshedpur/stark-cafe-restaurant-sakchi/info|6|Café|1130am to 1030pm(Mon-Sun)||NEW|NEW
The Kaveri Restaurant|200|Biryani,Chinese,Hyderabadi,North Indian,Rolls,Mughlai,South Indian|Jamshedpur|Gamharia|https://www.zomato.com/jamshedpur/the-kaveri-restaurant-gamharia/info|6|Casual Dining|8am to 11am(Mon-Sun)|Average|3.4|42
Ganpati Family Restaurant|300|South Indian,Chinese,Indian|Jamshedpur|Bistupur|https://www.zomato.com/jamshedpur/ganpati-family-restaurant-bistupur/info|6|Quick Bites|730am to 330pm,530pm to 1030pm(Mon-Sun)|Good|3.8|41
Bhatia Milkshake|100|Cafe,Coffee,Drinks Only,Ice Cream,Juices,Tea|Jamshedpur|Bistupur|https://www.zomato.com/jamshedpur/bhatia-milkshake-bistupur/info|6|Café|9am to 10pm(Mon-Sun)|Very Good|4.1|40
The First Love|700|North Indian,Chinese|Jamshedpur|Gamharia|https://www.zomato.com/jamshedpur/the-first-love-gamharia/info|6|Casual Dining|11am to 10pm(Mon-Sun)|Average|3.4|38
Zing|750|Cantonese,Biryani,Chinese,Continental,North Indian,Italian,Mexican,Pizza|Jamshedpur|Golmuri|https://www.zomato.com/jamshedpur/zing-golmuri/info|6|Casual Dining|1230pm to 3pm,6pm to 10pm(Mon-Sun)|Good|3.6|44
Same Place Lounge & Restaurant|200|North Indian,Chinese|Jamshedpur|Sonari|https://www.zomato.com/jamshedpur/same-place-lounge-restaurant-sonari/info|6|Quick Bites|11am to 10pm(Mon-Sun)||NEW|NEW
Uttar Dakshin|400|Chinese,North Indian|Jamshedpur|Sakchi|https://www.zomato.com/jamshedpur/uttar-dakshin-sakchi/info|6|Casual Dining|11am to 11pm(Mon-Sun)|Average|3.4|27
Ramesh Kulfi|100|Street Food,North Indian|Jamshedpur|Sakchi|https://www.zomato.com/jamshedpur/ramesh-kulfi-sakchi/info|6|Quick Bites|10am to 10pm(Mon-Sun)|Good|3.6|41
La Gravitea|600|Bakery,Sandwich,Beverages|Jamshedpur|Sonari|https://www.zomato.com/jamshedpur/la-gravitea-sonari/info|6|Café|11am to 10pm(Mon-Sun)|Good|3.6|51
Keventers|400|Desserts,Beverages,Ice Cream|Jamshedpur|Sakchi|https://www.zomato.com/jamshedpur/keventers-sakchi/info|6|Beverage Shop|10am to 10pm(Mon-Sun)|Very Good|4.4|38
The blues|400|Indian,Chinese|Jamshedpur|Sakchi|https://www.zomato.com/jamshedpur/the-blues-sakchi/info|6|Casual Dining|11am to 11pm(Mon-Sun)|Good|3.6|31
Sky 180|1000|Continental|Jamshedpur|Bistupur|https://www.zomato.com/jamshedpur/sky-180-bistupur/info|6|Casual Dining|7pm to 11pm(Mon-Sun)|Good|3.8|22
Antra Restaurant|500|North Indian,Continental,Chinese|Jamshedpur|Mango|https://www.zomato.com/jamshedpur/antra-restaurant-mango/info|6|Casual Dining|(Mon-Sun)|Good|3.7|26
Marwari Bhojnalay|400|Rajasthani,North Indian,Chinese|Jamshedpur|Sakchi|https://www.zomato.com/jamshedpur/marwari-bhojnalay-sakchi/info|6|Casual Dining|11am to 10pm(Mon-Sun)|Good|3.6|23
Blue Sapphire|600|North Indian,Chinese|Jamshedpur|Bistupur|https://www.zomato.com/jamshedpur/blue-sapphire-bistupur/info|7|Casual Dining|10am to 10pm(Mon-Sun)|Good|3.6|48
Kwality|600|North Indian,Chinese|Jamshedpur|Bistupur|https://www.zomato.com/jamshedpur/kwality-bistupur/info|7|Casual Dining|11am to 10pm(Mon-Sun)|Average|2.9|50
Up N Above|500|Armenian,Beverages,Biryani,Burger,Cafe,Charcoal Chicken,Fast Food|Jamshedpur|Sonari|https://www.zomato.com/jamshedpur/up-n-above-sonari/info|7|Bar|(Mon-Sun)|Average|3.4|16
MILANEE'S|0|North Indian,Chinese,Bengali|Jamshedpur|Bistupur|https://www.zomato.com/jamshedpur/milanees-bistupur/info|7|Casual Dining|1130am to 10pm(Mon-Sun)|Good|3.7|51
Jiva Hotel|600|North Indian,Chinese,Bakery|Jamshedpur|Sakchi|https://www.zomato.com/jamshedpur/jiva-hotel-sakchi/info|7|Casual Dining|11am to 11pm(Mon-Sun)|Good|3.7|27
Asian Inn|500|Ice Cream,Biryani,Chinese,Continental,North Indian,Beverages,Mughlai,Desserts|Jamshedpur|Bistupur|https://www.zomato.com/jamshedpur/asian-inn-1-bistupur/info|7|Casual Dining|12noon to 4pm,7pm to 11pm(Mon-Sun)|Good|3.6|23
Brunch Italino|500|Bakery|Jamshedpur|Sakchi|https://www.zomato.com/jamshedpur/brunch-italino-1-sakchi/info|7|Bakery|11am to 10pm(Mon-Sun)|Good|3.5|24
Cakes & Bakes|100|Bakery|Jamshedpur|Golmuri|https://www.zomato.com/jamshedpur/cakes-bakes-golmuri/info|7|Bakery|10am to 10pm(Mon-Sun)|Average|3.1|38
Bhupal Sweets|100|South Indian|Jamshedpur|Bistupur|https://www.zomato.com/jamshedpur/bhupal-sweets-bistupur/info|7|Quick Bites|7am to 10pm(Mon-Sun)|Average|3.4|22
Whatsapp Foods|150|Chinese|Jamshedpur|Bistupur|https://www.zomato.com/jamshedpur/whatsapp-foods-bistupur/info|7|Quick Bites|5pm to 1015pm(Mon-Sun)|Good|3.8|31
Shudh Pure Veg Restaurant|300|Indian,Chinese|Jamshedpur|Sakchi|https://www.zomato.com/jamshedpur/shudh-pure-veg-restaurant-4-sakchi/info|7|Casual Dining|7am to 1045pm(Mon-Sun)|Average|3.0|24
KourtYard|800|Continental,Chinese|Jamshedpur|Sakchi|https://www.zomato.com/jamshedpur/kourtyard-sakchi/info|7|Casual Dining|1030am to 1030pm(Mon-Sun)|Good|3.9|29
Relish|200|Bakery|Jamshedpur|Bistupur|https://www.zomato.com/jamshedpur/relish-bistupur/info|7|Bakery|10am to 10pm(Mon-Sun)|Good|3.5|23
Tag Me The Food Master|300|Charcoal Chicken,Biryani,Chinese,Cuisine Varies,North Indian|Jamshedpur|Sonari|https://www.zomato.com/jamshedpur/tag-me-the-food-master-sonari/info|7|Casual Dining|1130am to 10pm(Mon-Sun)|Good|3.8|30
Cream Bell|150|Ice Cream|Jamshedpur|Golmuri|https://www.zomato.com/jamshedpur/cream-bell-golmuri/info|7|Dessert Parlor|11am to 9pm(Mon-Sat),10am to 10pm(Sun)|Good|3.7|22
Daily Darbar|200|South Indian,Chinese|Jamshedpur|Mango|https://www.zomato.com/jamshedpur/daily-darbar-mango/info|8|Quick Bites|830am to 930pm(Mon-Sun)|Good|3.7|25
Bakery House|200|Bakery|Jamshedpur|Sakchi|https://www.zomato.com/jamshedpur/bakery-house-sakchi/info|8|Bakery|9am to 9pm(Mon-Sun)|Average|3.3|7
National Bakery|150|Bakery,Desserts|Jamshedpur|Sakchi|https://www.zomato.com/jamshedpur/national-bakery-sakchi/info|8|Bakery|10am to 10pm(Mon-Sun)|Average|3.3|13
Veggie Corner|400|South Indian,Continental|Jamshedpur|Bistupur|https://www.zomato.com/jamshedpur/veggie-corner-bistupur/info|8|Casual Dining|11am to 11pm(Mon-Sun)|Good|3.7|34
50 Square Feet|150|Fast Food|Jamshedpur|Bistupur|https://www.zomato.com/jamshedpur/50-square-feet-bistupur/info|8|Quick Bites|12noon to 10pm(Mon-Sun)|Average|3.4|17
Super Taste & Twist|100|Chinese,North Indian|Jamshedpur|Sonari|https://www.zomato.com/jamshedpur/super-taste-twist-sonari/info|8|Casual Dining|11am to 10pm(Mon-Sun)|Average|3.2|6
Shalimar Canteen|100|South Indian,North Indian|Jamshedpur|Gamharia|https://www.zomato.com/jamshedpur/shalimar-canteen-1-gamharia/info|8|Bhojanalya|9am to 7pm(Mon-Sat),9am to 2pm(Sun)|Average|3.3|11
Darpan Restaurant|600|North Indian,Chinese|Jamshedpur|Bistupur|https://www.zomato.com/jamshedpur/darpan-restaurant-bistupur/info|8|Casual Dining|11am to 3pm,630pm to 10pm(Mon-Sun)|Good|3.7|23
Kawri Sweets And Kitchen|100|North Indian|Jamshedpur|Sonari|https://www.zomato.com/jamshedpur/kawri-sweets-and-kitchen-sonari/info|8|Casual Dining|930am to 10pm(Mon-Sun)|Average|3.3|10
Sweet & Salt|150|South Indian,Mughlai,Chinese,Bakery,Cafe,Pizza|Jamshedpur|Bistupur|https://www.zomato.com/jamshedpur/sweet-salt-bistupur/info|8|Bakery|11am to 930pm(Mon-Sat),Closed(Sun)|Average|2.8|16
Vans Pure Veg Restaurant|400|North Indian,Chinese|Jamshedpur|Golmuri|https://www.zomato.com/jamshedpur/vans-pure-veg-restaurant-golmuri/info|8|Casual Dining|9am to 10pm(Mon-Sun)|Good|3.6|22
Frozen Factory|150|Ice Cream,Beverages|Jamshedpur|Sakchi|https://www.zomato.com/jamshedpur/frozen-factory-sakchi/info|8|Dessert Parlor|10am to 10pm(Mon-Sun)|Average|3.4|16
Banarasi Chinese Fast Food|200|Chinese|Jamshedpur|Bistupur|https://www.zomato.com/jamshedpur/banarasi-chinese-fast-food-bistupur/info|8|Quick Bites|11am to 10pm(Mon-Sun)|Good|3.5|18
Aahar Restaurant|300|North Indian|Jamshedpur|Sakchi|https://www.zomato.com/jamshedpur/aahar-restaurant-sakchi/info|8|Quick Bites|11am to 10pm(Mon-Sun)|Average|3.2|20
Geetanjali Bar|500|North Indian|Jamshedpur|Bistupur|https://www.zomato.com/jamshedpur/geetanjali-bar-bistupur/info|8|Bar|11am to 11pm(Mon-Sun)|Average|2.7|38
Hotel Suman|300|North Indian,Chinese,Fast Food|Jamshedpur|Mango|https://www.zomato.com/jamshedpur/hotel-suman-mango/info|9|Quick Bites|7am to 10pm(Mon-Sun)|Average|3.3|17
Brunch Italiano|300|Bakery|Jamshedpur|Bistupur|https://www.zomato.com/jamshedpur/brunch-italiano-bistupur/info|9|Bakery|11am to 10pm(Mon-Sun)|Average|3.3|10
Manohar Maharaj & Sons|200|South Indian|Jamshedpur|Bistupur|https://www.zomato.com/jamshedpur/manohar-maharaj-sons-bistupur/info|9|Quick Bites|9am to 10pm(Mon-Sun)|Good|3.5|12
Lazzat|500|South Indian,North Indian,Chinese,Continental|Jamshedpur|Mango|https://www.zomato.com/jamshedpur/lazzat-mango/info|9|Casual Dining|8am to 10pm(Mon-Sun)|Good|3.5|16
Just Chill|500|Desserts,Chinese,Biryani,Beverages|Jamshedpur|Gamharia|https://www.zomato.com/jamshedpur/just-chill-1-gamharia/info|9|Cocktail Bar|11am to 1030pm(Mon-Sun)|Good|3.7|33
Chopsticks|800|North Indian,Chinese|Jamshedpur|Bistupur|https://www.zomato.com/jamshedpur/chopsticks-bistupur/info|9|Casual Dining|8am to 2pm,6pm to 10pm(Mon-Sun)|Average|3.3|11
Rasoi Jamshedpuri|150|South Indian|Jamshedpur|Sakchi|https://www.zomato.com/jamshedpur/rasoi-jamshedpuri-sakchi/info|9|Quick Bites|6am to 12noon,4pm to 10pm(Mon-Sun)||NEW|NEW
Flavour Furnace|800|North Indian,Chinese|Jamshedpur|Bistupur|https://www.zomato.com/jamshedpur/flavour-furnace-bistupur/info|9|Casual Dining|(Mon-Sun)|Good|3.5|13
Cakes & Bakes|200|Bakery|Jamshedpur|Bistupur|https://www.zomato.com/jamshedpur/cakes-bakes-bistupur/info|9|Bakery|1015am to 10pm(Mon-Tue),1010am to 10pm...|Average|3.2|7
Dream Hut Cafe|150|South Indian,Chinese,Fast Food|Jamshedpur|Sakchi|https://www.zomato.com/jamshedpur/dream-hut-cafe-sakchi/info|9|Café|752am to 10pm(Mon),830am to 1042pm...||NEW|NEW
Jampot Blues Cafe|150|Sandwich,Chinese,Beverages,Cafe,Coffee|Jamshedpur|Bistupur|https://www.zomato.com/jamshedpur/jampot-blues-cafe-bistupur/info|9|Casual Dining|10am to 10pm(Mon-Sun)|Not rated|-|-
Melting Moments|200|Ice Cream,Beverages|Jamshedpur|Bistupur|https://www.zomato.com/jamshedpur/melting-moments-bistupur/info|9|Dessert Parlor|11am to 10pm(Mon-Sun)|Good|3.5|8
Quality Chinese Food|200|North Indian,Chinese|Jamshedpur|Bistupur|https://www.zomato.com/jamshedpur/quality-chinese-food-2-bistupur/info|9|Food Truck|5pm to 1030pm(Mon-Sun)|Average|3.3|19
Nuggets|300|Fast Food|Jamshedpur|Sonari|https://www.zomato.com/jamshedpur/nuggets-sonari/info|9|Quick Bites|11am to 930pm(Mon-Sun)|Average|3.1|7
Puja Sweets|150|Mithai|Jamshedpur|Sakchi|https://www.zomato.com/jamshedpur/puja-sweets-sakchi/info|9|Sweet Shop|11am to 10pm(Mon-Sun)||NEW|NEW
