NAME|PRICE|CUSINE_CATEGORY|CITY|REGION|URL|PAGE NO|CUSINE TYPE|TIMING|RATING_TYPE|RATING|VOTES
Narayan Chaat Bhandar|150|Street Food|Jhansi|Cantt|https://www.zomato.com/jhansi/narayan-chaat-bhandar-cantt/info|1|Quick Bites|3pm to 1030pm(Mon-Sun)|Good|3.8|209
The Silver Spoon|300|Chinese,Rolls,Momos,Beverages,Fast Food,Biryani|Jhansi|Cantt|https://www.zomato.com/jhansi/the-silver-spoon-cantt/info|1|Food Court|2pm to 11pm(Mon-Sun)|Good|3.8|203
The Bakers Factory|800|Asian,Bakery,North Indian,Italian,Lebanese,South Indian|Jhansi|Civil Lines|https://www.zomato.com/jhansi/the-bakers-factory-civil-lines/info|1|Casual Dining|11am to 1030pm(Mon-Sun)|Good|3.7|213
Pizza Hut|500|Pizza,Italian|Jhansi|Civil Lines|https://www.zomato.com/jhansi/pizza-hut-civil-lines/info|1|Quick Bites|11am to 11pm(Mon-Sun)|Average|3.4|287
Domino's Pizza|500|Pizza,Italian,Fast Food|Jhansi|Civil Lines|https://www.zomato.com/jhansi/dominos-pizza-1-civil-lines/info|1|Quick Bites|11am to 12midnight(Mon-Sun)|Average|3.4|231
Jannaks Foods Art|250|North Indian,South Indian,Chinese|Jhansi|Sipri Bazaar|https://www.zomato.com/jhansi/jannaks-foods-art-sipri-bazaar/info|1|Quick Bites|9am to 1030pm(Mon-Sun)|Average|3.4|74
The Imperial Chaat|150|Street Food|Jhansi|Cantt|https://www.zomato.com/jhansi/the-imperial-chaat-2-cantt/info|1|Quick Bites|10am to 1030pm(Mon-Sun)|Good|3.6|108
World Of Pizzeria Bistro|500|Fast Food|Jhansi|Sipri Bazaar|https://www.zomato.com/jhansi/world-of-pizzeria-bistro-sipri-bazaar/info|1|Casual Dining|8am to 1130pm(Mon-Sun)|Average|3.2|82
The Chacha's Biryani|100|Biryani|Jhansi|Civil Lines|https://www.zomato.com/jhansi/the-chachas-biryani-civil-lines/info|1|Food Court|10am to 11pm(Mon,Wed,Thu,Fri,Sat,Sun),Closed...|Good|3.5|142
Black Mud|1000|North Indian,Italian,Continental,Chinese,Cafe,American|Jhansi|Cantt|https://www.zomato.com/jhansi/black-mud-cantt/info|1|Café|10am to 1030pm(Mon-Sun)|Average|3.3|195
Janta Thali|120|North Indian,Biryani|Jhansi|Civil Lines|https://www.zomato.com/jhansi/janta-thali-civil-lines/info|1|Quick Bites|11am to 11pm(Mon-Sun)|Average|3.3|84
Ikram khan's cuisine|400|North Indian,South Indian,Chinese|Jhansi|Civil Lines|https://www.zomato.com/jhansi/ikram-khans-cuisine-civil-lines/info|1|Quick Bites|12noon to 1030pm(Mon-Sun)|Good|3.6|115
Haveli Restaurant|500|North Indian,Fast Food|Jhansi|Civil Lines|https://www.zomato.com/jhansi/haveli-restaurant-civil-lines/info|1|Casual Dining|9am to 1130pm(Mon-Sun)|Average|3.3|100
Sabzi Wala|350|North Indian|Jhansi|Cantt|https://www.zomato.com/jhansi/sabzi-wala-cantt/info|1|Quick Bites|11am to 1030pm(Mon,Tue,Wed,Thu,Sat,Sun)...|Good|3.5|90
Hyderabadi Biryani House|150|North Indian,Biryani|Jhansi|Civil Lines|https://www.zomato.com/jhansi/hyderabadi-biryani-house-civil-lines/info|1|Casual Dining|11am to 11pm(Mon-Sun)|Good|3.6|97
Fast Food Man Veg Biryani|100|North Indian|Jhansi|Purana Sahar|https://www.zomato.com/jhansi/fast-food-man-veg-biryani-purana-sahar/info|10|Quick Bites|12noon to 9pm(Mon-Sun)||NEW|NEW
Sahil Foods|100|Biryani,Fast Food|Jhansi|Nagra|https://www.zomato.com/jhansi/sahil-foods-nagra/info|10|Quick Bites|12noon to 9pm(Mon,Wed,Thu,Fri,Sat,Sun)...||NEW|NEW
The Bawarchi|250|North Indian|Jhansi|Civil Lines|https://www.zomato.com/jhansi/the-bawarchi-civil-lines/info|10|Quick Bites|12noon to 930pm(Mon,Wed,Thu,Fri,Sat,Sun)...|Average|3.2|5
Mobile Fish & Chicken Corner|200|North Indian,Mughlai|Jhansi|Bundelkhand University|https://www.zomato.com/jhansi/mobile-fish-chicken-corner-bundelkhand-university/info|10|Quick Bites|7am to 10pm(Mon-Sun)|Average|3.2|4
Archana Chat Bhandar|100|South Indian,Fast Food|Jhansi|Civil Lines|https://www.zomato.com/jhansi/archana-chat-bhandar-civil-lines/info|10|Quick Bites|130pm to 10pm(Mon,Wed,Thu,Fri,Sat,Sun)...||NEW|NEW
New Roti Boti|150|North Indian|Jhansi|Purana Sahar|https://www.zomato.com/jhansi/new-roti-boti-purana-sahar/info|10|Quick Bites|4pm to 10pm(Mon-Sun)||NEW|NEW
Pradeep Doodh Bhandar|200|Street Food,Mithai|Jhansi|Cantt|https://www.zomato.com/jhansi/pradeep-doodh-bhandar-cantt/info|10|Quick Bites|6am to 930pm(Mon-Sun)|Average|3.2|4
Chaurasiya Chat Bhandar|100|Fast Food|Jhansi|Sipri Bazaar|https://www.zomato.com/jhansi/chaurasiya-chat-bhandar-sipri-bazaar/info|10|Quick Bites|12noon to 10pm(Mon-Sun)||NEW|NEW
Lucknow Haat|100|Biryani,Mughlai|Jhansi|Rajghat Colony|https://www.zomato.com/jhansi/lucknow-haat-rajghat-colony/info|10|Quick Bites|12noon to 10pm(Mon-Sun)|Not rated|-|-
New Delhi Chat Bhandar|100|Street Food,Chinese,South Indian,Fast Food|Jhansi|Bundelkhand University|https://www.zomato.com/jhansi/new-delhi-chat-bhandar-1-bundelkhand-university/info|10|Quick Bites|1pm to 930pm(Mon-Sun)||NEW|NEW
Sweet Valley Ice Cream Parlour|300|Ice Cream,Desserts|Jhansi|Civil Lines|https://www.zomato.com/jhansi/sweet-valley-ice-cream-parlour-civil-lines/info|10|Dessert Parlor|11am to 10pm(Mon-Sun)|Average|3.3|6
Bhatia Namkeen & Bakers|100|Bakery|Jhansi|Jhokan Bagh|https://www.zomato.com/jhansi/bhatia-namkeen-bakers-jhokan-bagh/info|10|Bakery|10am to 9pm(Mon-Sun)|Not rated|-|-
Manpasand Dhabeli Corner|100|Fast Food|Jhansi|Cantt|https://www.zomato.com/jhansi/manpasand-dhabeli-corner-cantt/info|10|Quick Bites|4am to 10pm(Mon-Sun)||NEW|NEW
Kailash Veg Foods|100|North Indian|Jhansi|Ansal Colony|https://www.zomato.com/jhansi/kailash-veg-foods-ansal-colony/info|10|Quick Bites|12noon to 10pm(Mon-Sun)||NEW|NEW
Jhansi Foods|100|Biryani|Jhansi|Purana Sahar|https://www.zomato.com/jhansi/jhansi-foods-purana-sahar/info|10|Quick Bites|11am to 9pm(Mon-Sun)||NEW|NEW
Hot N Spicy|100|Lucknowi,North Indian|Jhansi|Cantt|https://www.zomato.com/jhansi/hot-n-spicy-cantt/info|11|Quick Bites|12noon to 9pm(Mon-Sun)||NEW|NEW
Deeksha Bakery|150|Bakery|Jhansi|Nagra|https://www.zomato.com/jhansi/deeksha-bakery-nagra/info|11|Bakery|8am to 11pm(Mon-Sun)||NEW|NEW
New Guthi Chaat Bhandar|100|Street Food|Jhansi|Nagra|https://www.zomato.com/jhansi/new-guthi-chaat-bhandar-nagra/info|11|Quick Bites|12noon to 9pm(Mon-Sun)||NEW|NEW
Indian Spices|500|Mughlai,North Indian,South Indian|Jhansi|Rajghat Colony|https://www.zomato.com/jhansi/indian-spices-1-rajghat-colony/info|11|Casual Dining|9am to 10pm(Mon-Sun)|Not rated|-|-
The Chicken Hub|300|North Indian|Jhansi|Shivaji Nagar|https://www.zomato.com/jhansi/the-chicken-hub-shivaji-nagar/info|11|Quick Bites|11am to 10pm(Mon-Sun)||NEW|NEW
Rakesh Non Veg Centre|100|North Indian|Jhansi|Civil Lines|https://www.zomato.com/jhansi/rakesh-non-veg-centre-civil-lines/info|11|Quick Bites|5pm to 10pm(Mon,Wed,Thu,Fri,Sat,Sun),Closed...||NEW|NEW
Shri Tripuati Balaji Sahi Namkeen|150|Desserts|Jhansi|Cantt|https://www.zomato.com/jhansi/shri-tripuati-balaji-sahi-namkeen-cantt/info|11|Quick Bites|11am to 10pm(Mon-Sun)|Not rated|-|-
Natraj Ras Bahar|150|North Indian|Jhansi|Purana Sahar|https://www.zomato.com/jhansi/natraj-ras-bahar-purana-sahar/info|11|Quick Bites|11am to 10pm(Mon-Sun)|Not rated|-|-
Dilli 6|600|North Indian,Chinese,Kebab,Pizza,Rolls,Sandwich,Salad,Beverages|Jhansi|Cantt|https://www.zomato.com/jhansi/dilli-6-cantt/info|11|Quick Bites|(Mon-Sun)|Not rated|-|-
Subhash Momos|150|Momos|Jhansi|Cantt|https://www.zomato.com/jhansi/subhash-momos-cantt/info|11|none|6pm to 930pm(Mon-Sun)||NEW|NEW
Mughlai Foods|100|Lucknowi,South Indian,Chinese|Jhansi|Civil Lines|https://www.zomato.com/jhansi/mughlai-foods-civil-lines/info|11|Quick Bites|11am to 930pm(Mon-Sun)|Not rated|-|-
Ramesh Dairy And Sweets|150|Mithai,Desserts|Jhansi|Civil Lines|https://www.zomato.com/jhansi/ramesh-dairy-and-sweets-civil-lines/info|11|Sweet Shop|7am to 10pm(Mon-Sun)|Not rated|-|-
Hot N Spicy|100|Lucknowi,Rolls|Jhansi|Shivaji Nagar|https://www.zomato.com/jhansi/hot-n-spicy-shivaji-nagar/info|11|Quick Bites|12noon to 9pm(Mon-Sun)||NEW|NEW
Ras Bahar Restaurant & Sweets|200|Mithai,North Indian|Jhansi|Sipri Bazaar|https://www.zomato.com/jhansi/ras-bahar-restaurant-sweets-sipri-bazaar/info|11|Sweet Shop|10am to 10pm(Mon-Sun)|Not rated|-|-
Mohan's Chaat Bhandar|100|Fast Food|Jhansi|Sipri Bazaar|https://www.zomato.com/jhansi/mohans-chaat-bhandar-sipri-bazaar/info|11|Quick Bites|2pm to 930pm(Mon-Sun)|Not rated|-|-
Rajasthan Sweets|150|Desserts,Fast Food|Jhansi|Cantt|https://www.zomato.com/jhansi/rajasthan-sweets-cantt/info|12|Quick Bites|7am to 10pm(Mon-Sun)|Not rated|-|-
Bundeli Non Veg|300|North Indian|Jhansi|Cantt|https://www.zomato.com/jhansi/bundeli-non-veg-cantt/info|12|Quick Bites|10am to 10pm(Mon-Sun)|Average|3.2|5
Gangaram Chicken Shop|200|North Indian|Jhansi|Civil Lines|https://www.zomato.com/jhansi/gangaram-chicken-shop-civil-lines/info|12|Quick Bites|1pm to 10pm(Mon-Sun)||NEW|NEW
Sharma Misthan Bhandar|150|Mithai,Street Food|Jhansi|Cantt|https://www.zomato.com/jhansi/sharma-misthan-bhandar-cantt/info|12|Sweet Shop|730am to 10pm(Mon-Sun)||NEW|NEW
Punjabi Hotel|150|North Indian|Jhansi|Sipri Bazaar|https://www.zomato.com/jhansi/punjabi-hotel-sipri-bazaar/info|12|Quick Bites|12noon to 10pm(Mon-Sun)||NEW|NEW
Banwari Dugdh Bhandar|150|Mithai|Jhansi|Civil Lines|https://www.zomato.com/jhansi/banwari-dugdh-bhandar-civil-lines/info|12|Sweet Shop|8am to 10pm(Mon-Sun)||NEW|NEW
Kathi Junction|250|North Indian|Jhansi|Sipri Bazaar|https://www.zomato.com/jhansi/kathi-junction-sipri-bazaar/info|12|Quick Bites|1pm to 10pm(Mon-Sun)|Not rated|-|-
Rajput Snacks And Food|150|North Indian,South Indian,Chinese|Jhansi|Sipri Bazaar|https://www.zomato.com/jhansi/rajput-snacks-and-food-sipri-bazaar/info|12|Quick Bites|9am to 10pm(Mon-Sun)|Not rated|-|-
Kwality|100|Desserts,Bakery|Jhansi|Civil Lines|https://www.zomato.com/jhansi/kwality-civil-lines/info|12|Quick Bites|10am to 10pm(Mon-Sun)||NEW|NEW
Sunny Baba Rosted Chicken & Fish|150|Fast Food,Kebab|Jhansi|Sipri Bazaar|https://www.zomato.com/jhansi/sunny-baba-rosted-chicken-fish-sipri-bazaar/info|12|Quick Bites|6pm to 10pm(Mon-Sun)|Not rated|-|-
Shri Annapurna Sweets|200|Bakery,Mithai|Jhansi|Civil Lines|https://www.zomato.com/jhansi/shri-annapurna-sweets-civil-lines/info|12|Bakery|12noon to 10pm(Mon-Sun)||NEW|NEW
Badri Sweets|150|Street Food,Mithai|Jhansi|Cantt|https://www.zomato.com/jhansi/badri-sweets-cantt/info|12|Quick Bites|9am to 10pm(Mon-Sun)|Average|3.2|4
Zam Zam Chicken Biryani|150|Biryani,North Indian|Jhansi|Nagra|https://www.zomato.com/jhansi/zam-zam-chicken-biryani-nagra/info|12|Quick Bites|1pm to 9pm(Mon-Sun)||NEW|NEW
Amar Bhojnalay|150|North Indian,Fast Food|Jhansi|Cantt|https://www.zomato.com/jhansi/amar-bhojnalay-cantt/info|12|Bhojanalya|10am to 10pm(Mon-Sun)||NEW|NEW
Indore Poha Centre|100|Street Food|Jhansi|Purana Sahar|https://www.zomato.com/jhansi/indore-poha-centre-purana-sahar/info|12|Kiosk|8am to 1pm(Mon-Sun)||NEW|NEW
Gupta Sweets|100|North Indian,Mithai|Jhansi|Purana Sahar|https://www.zomato.com/jhansi/gupta-sweets-purana-sahar/info|13|Sweet Shop|8am to 930pm(Mon-Sun)||NEW|NEW
Happy Treat|200|Bakery,Ice Cream|Jhansi|Sipri Bazaar|https://www.zomato.com/jhansi/happy-treat-sipri-bazaar/info|13|Bakery|10am to 10pm(Mon-Sun)|Not rated|-|-
Angel Restaurant|200|South Indian,Chinese|Jhansi|Sipri Bazaar|https://www.zomato.com/jhansi/angel-restaurant-sipri-bazaar/info|13|Quick Bites|2pm to 10pm(Mon-Sun)|Not rated|-|-
Manpasand Dabeli Centre|100|Street Food|Jhansi|Purana Sahar|https://www.zomato.com/jhansi/manpasand-dabeli-centre-purana-sahar/info|13|Kiosk|6pm to 10pm(Mon-Sun)||NEW|NEW
Om Sai Juice Center|100|Beverages|Jhansi|Shivaji Nagar|https://www.zomato.com/jhansi/om-sai-juice-center-shivaji-nagar/info|13|Beverage Shop|9am to 8pm(Mon-Sun)|Not rated|-|-
Om Bakery|200|Bakery|Jhansi|Purana Sahar|https://www.zomato.com/jhansi/om-bakery-purana-sahar/info|13|Bakery|8am to 10pm(Mon-Sun)|Not rated|-|-
New Kwality Chicken Shop|250|North Indian|Jhansi|Cantt|https://www.zomato.com/jhansi/new-kwality-chicken-shop-cantt/info|13|Quick Bites|7am to 10pm(Mon-Sun)||NEW|NEW
Big Chef By Khana Khazana|200|North Indian|Jhansi|Civil Lines|https://www.zomato.com/jhansi/big-chef-by-khana-khazana-civil-lines/info|13|Quick Bites|9am to 930pm(Mon-Sun)||NEW|NEW
Om Sai Nashta Bhandar|100|Street Food|Jhansi|Civil Lines|https://www.zomato.com/jhansi/om-sai-nashta-bhandar-civil-lines/info|13|Quick Bites|7am to 10pm(Mon-Sun)|Not rated|-|-
Crazy Kitchen|300|North Indian|Jhansi|Purana Sahar|https://www.zomato.com/jhansi/crazy-kitchen-purana-sahar/info|13|none|9am to 10pm(Mon-Sun)||NEW|NEW
The Fresh Express|100|Fast Food|Jhansi|Bundelkhand University|https://www.zomato.com/jhansi/the-fresh-express-bundelkhand-university/info|13|Quick Bites|11am to 9pm(Mon-Sun)|Not rated|-|-
Hotel Anand|400|North Indian,Chinese|Jhansi|Civil Lines|https://www.zomato.com/jhansi/hotel-anand-civil-lines/info|13|Quick Bites|11am to 10pm(Mon-Sun)|Not rated|-|-
Rai Restaurant|200|South Indian,North Indian|Jhansi|Sipri Bazaar|https://www.zomato.com/jhansi/rai-restaurant-sipri-bazaar/info|13|Bhojanalya|9am to 9pm(Mon-Sun)|Not rated|-|-
Parathe Wala|150|North Indian|Jhansi|Indrapuri|https://www.zomato.com/jhansi/parathe-wala-indrapuri/info|13|Quick Bites|10am to 10pm(Mon-Sun)|Not rated|-|-
Non Veg Point|300|North Indian|Jhansi|Cantt|https://www.zomato.com/jhansi/non-veg-point-cantt/info|13|Quick Bites|10am to 10pm(Mon-Sun)|Not rated|-|-
M24 Chandni Chowk Ke Mashoor Paranthe|200|North Indian|Jhansi|Civil Lines|https://www.zomato.com/jhansi/m24-chandni-chowk-ke-mashoor-paranthe-civil-lines/info|14|Quick Bites|10am to 11pm(Mon-Sun)|Average|3.2|12
Rai Foods|100|Lucknowi|Jhansi|Civil Lines|https://www.zomato.com/jhansi/rai-foods-civil-lines/info|14|none|11am to 9pm(Mon-Sun)|Not rated|-|-
Murge Ki Biryani|100|Biryani|Jhansi|Shivaji Nagar|https://www.zomato.com/jhansi/murge-ki-biryani-shivaji-nagar/info|14|none|2pm to 6pm(Mon-Sun)||NEW|NEW
Chhavi Fast Foods Corner|100|Fast Food|Jhansi|Bundelkhand University|https://www.zomato.com/jhansi/chhavi-fast-foods-corner-bundelkhand-university/info|14|Quick Bites|2pm to 9pm(Mon-Sun)|Not rated|-|-
Harsh Restaurant|100|Street Food|Jhansi|Sipri Bazaar|https://www.zomato.com/jhansi/harsh-restaurant-sipri-bazaar/info|14|Quick Bites|830am to 7pm(Mon-Sun)||NEW|NEW
Arif Biryani|300|North Indian,Biryani|Jhansi|Civil Lines|https://www.zomato.com/jhansi/arif-biryani-civil-lines/info|14|Quick Bites|1230pm to 930pm(Mon-Sun)||NEW|NEW
Domac Family Restaurant|200|North Indian,South Indian,Italian,Chinese|Jhansi|Civil Lines|https://www.zomato.com/jhansi/domac-family-restaurant-civil-lines/info|14|Quick Bites|12noon to 9pm(Mon-Sun)||NEW|NEW
Bhardwaj Bhojnalaya|150|North Indian|Jhansi|Civil Lines|https://www.zomato.com/jhansi/bhardwaj-bhojnalaya-civil-lines/info|14|Bhojanalya|10am to 3pm,630pm to 10pm(Mon-Sun)|Not rated|-|-
Natural Juice Bar|100|Juices|Jhansi|Bundelkhand University|https://www.zomato.com/jhansi/natural-juice-bar-bundelkhand-university/info|14|Beverage Shop|930am to 7pm(Mon-Sun)||NEW|NEW
Veere Da Dhaba|150|North Indian|Jhansi|Civil Lines|https://www.zomato.com/jhansi/veere-da-dhaba-civil-lines/info|14|Quick Bites|12noon to 10pm(Mon-Sun)||NEW|NEW
Bhau Chai And Nashta Corner|100|Street Food|Jhansi|Civil Lines|https://www.zomato.com/jhansi/bhau-chai-and-nashta-corner-civil-lines/info|14|Kiosk|9am to 5pm(Mon-Sun)||NEW|NEW
Gautam Bhojnalay|150|North Indian|Jhansi|Cantt|https://www.zomato.com/jhansi/gautam-bhojnalay-cantt/info|14|Bhojanalya|(Mon-Sun)||NEW|NEW
Thakur Non Veg Point|250|North Indian|Jhansi|Sipri Bazaar|https://www.zomato.com/jhansi/thakur-non-veg-point-sipri-bazaar/info|14|Quick Bites|4pm to 930pm(Mon-Sun)||NEW|NEW
Agarwal Chole Bature Centre|100|Fast Food|Jhansi|Civil Lines|https://www.zomato.com/jhansi/agarwal-chole-bature-centre-civil-lines/info|14|none|830am to 4pm(Mon-Sun)||NEW|NEW
Maai Green|100|Biryani,Fast Food|Jhansi|Sipri Bazaar|https://www.zomato.com/jhansi/maai-green-sipri-bazaar/info|14|Quick Bites|10am to 8pm(Mon-Sun)||NEW|NEW
Sahu Bhojnalay|150|North Indian|Jhansi|Cantt|https://www.zomato.com/jhansi/sahu-bhojnalay-cantt/info|15|Quick Bites|10am to 9pm(Mon-Sun)||NEW|NEW
Sher E Punjab Dhaba|400|North Indian|Jhansi|Cantt|https://www.zomato.com/jhansi/sher-e-punjab-dhaba-cantt/info|15|Dhaba|12noon to 10pm(Mon-Sun)||NEW|NEW
Zuban The Kitchen|300|North Indian,Mughlai|Jhansi|Civil Lines|https://www.zomato.com/jhansi/zuban-the-kitchen-civil-lines/info|15|none|8am to 10pm(Mon-Sun)||NEW|NEW
Grab N Go|200|North Indian,Chinese,Fast Food|Jhansi|Sipri Bazaar|https://www.zomato.com/jhansi/grab-n-go-sipri-bazaar/info|15|none|11am to 10pm(Mon-Sun)||NEW|NEW
Narendra Nashta Bhandar|100|Street Food|Jhansi|Purana Sahar|https://www.zomato.com/jhansi/narendra-nashta-bhandar-purana-sahar/info|15|none|8am to 12noon(Mon-Sun)||NEW|NEW
GULKAND The PAANtastic Flavours|100|Paan|Jhansi|Civil Lines|https://www.zomato.com/jhansi/gulkand-the-paantastic-flavours-1-civil-lines/info|15|Paan Shop|2pm to 1030pm(Mon,Wed,Thu,Fri,Sat,Sun)...|Average|3.3|11
Invitation Restaurant Hotel Shrinath Palace|300|North Indian|Jhansi|Civil Lines|https://www.zomato.com/jhansi/invitation-restaurant-hotel-shrinath-palace-civil-lines/info|15|Quick Bites|11am to 11pm(Mon-Sun)|Average|3.3|11
Vrindavan Restaurant|300|North Indian|Jhansi|Sipri Bazaar|https://www.zomato.com/jhansi/vrindavan-restaurant-sipri-bazaar/info|15|Quick Bites|11am to 11pm(Mon-Sun)|Average|3.3|12
Burger's Kingdom|150|Fast Food,Burger|Jhansi|Civil Lines|https://www.zomato.com/jhansi/burgers-kingdom-civil-lines/info|15|Quick Bites|11am to 11pm(Mon-Sun)||NEW|NEW
Traffic Jam|100|Continental,South Indian,Italian,Chinese,Fast Food|Jhansi|Cantt|https://www.zomato.com/jhansi/traffic-jam-cantt/info|15|Quick Bites|11am to 1030pm(Mon-Sun)|Average|3.2|13
Baskin Robbins|200|Ice Cream|Jhansi|Civil Lines|https://www.zomato.com/jhansi/baskin-robbins-civil-lines/info|15|Dessert Parlor|11am to 11pm(Mon-Sun)|Average|3.2|13
Aroma - The Fragrance Of Fine Dine|500|North Indian|Jhansi|Bundelkhand University|https://www.zomato.com/jhansi/aroma-the-fragrance-of-fine-dine-bundelkhand-university/info|15|Casual Dining|730am to 1030pm(Mon-Sun)|Average|3.3|16
Red Tomato Restaurant|500|North Indian|Jhansi|Sipri Bazaar|https://www.zomato.com/jhansi/red-tomato-restaurant-sipri-bazaar/info|15|Casual Dining|11am to 11pm(Mon-Sun)|Average|3.4|17
Hotel Sita|600|North Indian,Chinese,South Indian|Jhansi|Civil Lines|https://www.zomato.com/jhansi/hotel-sita-civil-lines/info|15|Casual Dining|7am to 11pm(Mon-Sun)|Average|3.3|22
Gupta Ji Aloo Bonda|50|Fast Food|Jhansi|Indrapuri|https://www.zomato.com/jhansi/gupta-ji-aloo-bonda-indrapuri/info|15|Quick Bites|9am to 11pm(Mon-Sun)|Average|3.4|9
Burger Point|100|Italian,Fast Food,Burger|Jhansi|Rajghat Colony|https://www.zomato.com/jhansi/burger-point-2-rajghat-colony/info|16|Quick Bites|11am to 11pm(Mon-Sun)||NEW|NEW
Sharma Restaurant|150|North Indian|Jhansi|Shivaji Nagar|https://www.zomato.com/jhansi/sharma-restaurant-shivaji-nagar/info|16|Quick Bites|1030am to 1030pm(Mon-Sun)|Average|3.3|8
Om Sai Family Restaurant|400|North Indian|Jhansi|Cantt|https://www.zomato.com/jhansi/om-sai-family-restaurant-cantt/info|16|Quick Bites|6pm to 11pm(Mon-Sun)|Average|3.2|20
Punjabi Tadka|150|North Indian|Jhansi|Cantt|https://www.zomato.com/jhansi/punjabi-tadka-cantt/info|16|Quick Bites|12noon to 11pm(Mon-Sun)|Average|3.3|13
Hum Tum Family Restaurant|300|North Indian,South Indian,Chinese|Jhansi|Purana Sahar|https://www.zomato.com/jhansi/hum-tum-family-restaurant-purana-sahar/info|16|Quick Bites|11am to 1030pm(Mon-Sun)|Average|3.2|8
Kwality Walls|200|Ice Cream|Jhansi|Cantt|https://www.zomato.com/jhansi/kwality-walls-cantt/info|16|Dessert Parlor|11am to 1030pm(Mon-Sun)|Average|3.2|6
Biryani Vala|150|Biryani|Jhansi|Cantt|https://www.zomato.com/jhansi/biryani-vala-cantt/info|16|Quick Bites|1230pm to 11pm(Mon-Sun)||NEW|NEW
Asha Chowmein Centre|150|Chinese|Jhansi|Sipri Bazaar|https://www.zomato.com/jhansi/asha-chowmein-centre-sipri-bazaar/info|16|Quick Bites|1pm to 1030pm(Mon-Sun)|Average|3.2|11
Thiya Thikhana|150|Italian,Chinese,Fast Food|Jhansi|Sipri Bazaar|https://www.zomato.com/jhansi/thiya-thikhana-sipri-bazaar/info|16|Quick Bites|Closed(Mon),5pm to 1030pm(Tue-Sun)|Average|3.3|14
Cool Hut|200|Desserts,Ice Cream,Beverages|Jhansi|Cantt|https://www.zomato.com/jhansi/cool-hut-cantt/info|16|Beverage Shop|11am to 11pm(Mon-Sun)|Average|3.2|8
Khushi Khana Khajana|300|North Indian,Chinese|Jhansi|Purana Sahar|https://www.zomato.com/jhansi/khushi-khana-khajana-purana-sahar/info|16|Quick Bites|11am to 11pm(Mon-Sun)||NEW|NEW
Upadhyay Dhaba|150|North Indian|Jhansi|Cantt|https://www.zomato.com/jhansi/upadhyay-dhaba-cantt/info|16|Dhaba|1130am to 12midnight(Mon-Sun)|Average|3.3|7
Food Factory|250|North Indian,Chinese|Jhansi|Cantt|https://www.zomato.com/jhansi/food-factory-cantt/info|16|none|10am to 1030pm(Mon-Sun)|Average|3.3|5
Hotel Prakash Regency|600|North Indian,South Indian,Chinese|Jhansi|Civil Lines|https://www.zomato.com/jhansi/hotel-prakash-regency-civil-lines/info|16|Casual Dining|3pm to 12midnight(Mon-Sun)|Average|3.2|6
Enjoy|300|North Indian,Italian,Chinese|Jhansi|Cantt|https://www.zomato.com/jhansi/enjoy-cantt/info|16|Food Court|11am to 1030pm(Mon-Sun)|Average|3.2|10
Siddhi Vinayak Family Restaurant|500|North Indian|Jhansi|Civil Lines|https://www.zomato.com/jhansi/siddhi-vinayak-family-restaurant-civil-lines/info|17|Quick Bites|11am to 11pm(Mon-Sun)|Average|3.2|7
Pindi Soya|400|North Indian,Italian,Fast Food,Chinese|Jhansi|Cantt|https://www.zomato.com/jhansi/pindi-soya-cantt/info|17|Quick Bites|2pm to 11pm(Mon-Sun)|Average|3.2|15
Rama Foods|200|Desserts,Ice Cream|Jhansi|Civil Lines|https://www.zomato.com/jhansi/rama-foods-civil-lines/info|17|Dessert Parlor|1130am to 11pm(Mon-Sun)|Average|3.2|6
New Dileep Biryani|250|Biryani,North Indian|Jhansi|Civil Lines|https://www.zomato.com/jhansi/new-dileep-biryani-civil-lines/info|17|Quick Bites|10am to 11pm(Mon-Sun)||NEW|NEW
Palki Restaurant|150|North Indian,Chinese,South Indian|Jhansi|Civil Lines|https://www.zomato.com/jhansi/palki-restaurant-civil-lines/info|17|Quick Bites|12noon to 12midnight(Mon-Sun)|Average|3.2|7
Geeta Bhojnalaya|150|North Indian|Jhansi|Civil Lines|https://www.zomato.com/jhansi/geeta-bhojnalaya-civil-lines/info|17|Bhojanalya|11am to 11pm(Mon-Sun)||NEW|NEW
Anna-The-Dosa|200|South Indian|Jhansi|Civil Lines|https://www.zomato.com/jhansi/anna-the-dosa-civil-lines/info|17|none|11am to 11pm(Mon-Sun)||NEW|NEW
The Golden Spoon|200|North Indian|Jhansi|Cantt|https://www.zomato.com/jhansi/the-golden-spoon-cantt/info|17|Quick Bites|1230pm to 1030pm(Mon-Sun)||NEW|NEW
Bake & Brew|300|Bakery|Jhansi|Civil Lines|https://www.zomato.com/jhansi/bake-brew-civil-lines/info|17|Bakery|12midnight to 1130pm(Mon-Sun)|Average|3.2|6
Mithun Burger Dosa Center|100|South Indian,Street Food|Jhansi|Civil Lines|https://www.zomato.com/jhansi/mithun-burger-dosa-center-civil-lines/info|17|Quick Bites|430pm to 11pm(Mon-Sun)||NEW|NEW
Veer Non-Veg Restauran|400|North Indian|Jhansi|Civil Lines|https://www.zomato.com/jhansi/veer-non-veg-restauran-civil-lines/info|17|Quick Bites|11am to 1030pm(Mon,Wed,Thu,Fri,Sat,Sun)...|Average|3.2|6
CC2 Family Restaurant|400|North Indian|Jhansi|Civil Lines|https://www.zomato.com/jhansi/cc2-family-restaurant-civil-lines/info|17|Quick Bites|1230pm to 3pm,6pm to 11pm(Mon-Sun)|Average|3.2|6
The Hunger Point|150|North Indian,Chinese,Fast Food|Jhansi|Civil Lines|https://www.zomato.com/jhansi/the-hunger-point-civil-lines/info|17|Quick Bites|11am to 11pm(Mon-Sun)|Average|3.2|6
Kalam Non-Veg|400|North Indian|Jhansi|Civil Lines|https://www.zomato.com/jhansi/kalam-non-veg-1-civil-lines/info|17|Quick Bites|6pm to 11pm(Mon-Sun)|Average|3.2|7
Shere Punjab Dhaba (Shudh Shakhari)|200|North Indian|Jhansi|Cantt|https://www.zomato.com/jhansi/shere-punjab-dhaba-shudh-shakhari-cantt/info|17|Quick Bites|12noon to 12midnight(Mon-Sun)|Average|3.2|4
Flavours|1500|North Indian,Mughlai,Italian,Continental,Chinese|Jhansi|Civil Lines|https://www.zomato.com/jhansi/flavours-civil-lines/info|18|Fine Dining|7am to 11pm(Mon-Sun)|Average|3.2|7
Agarwal Chaat Bhandar|150|South Indian,North Indian,Chinese|Jhansi|Nagra|https://www.zomato.com/jhansi/agarwal-chaat-bhandar-nagra/info|18|Quick Bites|5pm to 1030pm(Mon-Sun)|Average|3.2|5
Shri Savariya Fast Food Corner|150|Street Food,Fast Food|Jhansi|Cantt|https://www.zomato.com/jhansi/shri-savariya-fast-food-corner-cantt/info|18|Kiosk|4pm to 1030pm(Mon-Sun)|Average|3.2|5
Mahveer Mix Icecream|100|Ice Cream|Jhansi|Cantt|https://www.zomato.com/jhansi/mahveer-mix-icecream-cantt/info|18|Dessert Parlor|4pm to 1130pm(Mon-Sun)|Not rated|-|-
Dau-The-Samosa|150|Street Food,North Indian|Jhansi|Civil Lines|https://www.zomato.com/jhansi/dau-the-samosa-civil-lines/info|18|none|11am to 11pm(Mon-Sun)||NEW|NEW
Crazy Craze Vegi Food Reastaurant|200|North Indian,Fast Food|Jhansi|Rajghat Colony|https://www.zomato.com/jhansi/crazy-craze-vegi-food-reastaurant-rajghat-colony/info|18|none|9am to 11pm(Mon-Sun)||NEW|NEW
Foodies Express|250|Chinese,Italian|Jhansi|Cantt|https://www.zomato.com/jhansi/foodies-express-cantt/info|18|Food Truck|6pm to 11pm(Mon-Sun)||NEW|NEW
Mahveer Icecream Center|100|Ice Cream,Desserts|Jhansi|Civil Lines|https://www.zomato.com/jhansi/mahveer-icecream-center-civil-lines/info|18|none|3pm to 11pm(Mon-Sun)||NEW|NEW
Petpuja Kitchen|100|North Indian,South Indian|Jhansi|Purana Sahar|https://www.zomato.com/jhansi/petpuja-kitchen-purana-sahar/info|18|Quick Bites|8am to 11pm(Mon-Sun)||NEW|NEW
Cafe Junk Yard|100|Biryani,Fast Food|Jhansi|Nagra|https://www.zomato.com/jhansi/cafe-junk-yard-nagra/info|18|Quick Bites|12noon to 1030pm(Mon-Sun)||NEW|NEW
Naushad Hotel|150|North Indian|Jhansi|Cantt|https://www.zomato.com/jhansi/naushad-hotel-1-cantt/info|18|Quick Bites|11am to 11pm(Mon-Sun)||NEW|NEW
Spice Cottage|400|North Indian,South Indian|Jhansi|Cantt|https://www.zomato.com/jhansi/spice-cottage-cantt/info|18|Quick Bites|730am to 1030am,12noon to 430pm,730pm to ...|Not rated|-|-
Angel Dabeli And Fast Food|150|South Indian,Chinese,Street Food|Jhansi|Sipri Bazaar|https://www.zomato.com/jhansi/angel-dabeli-and-fast-food-sipri-bazaar/info|18|Quick Bites|12noon to 11pm(Mon-Sun)||NEW|NEW
Tiwari Hotel|100|North Indian|Jhansi|Purana Sahar|https://www.zomato.com/jhansi/tiwari-hotel-purana-sahar/info|18|Quick Bites|8am to 11pm(Mon-Sun)||NEW|NEW
Aditya Food Center|150|North Indian,Rolls|Jhansi|Civil Lines|https://www.zomato.com/jhansi/aditya-food-center-civil-lines/info|18|Quick Bites|9am to 11pm(Mon-Sun)|Not rated|-|-
Dilli Chicken Darbar|200|Lucknowi,Mughlai|Jhansi|Civil Lines|https://www.zomato.com/jhansi/dilli-chicken-darbar-civil-lines/info|19|Quick Bites|10am to 11pm(Mon-Sun)||NEW|NEW
Hotel Shere Punjab|150|North Indian|Jhansi|Civil Lines|https://www.zomato.com/jhansi/hotel-shere-punjab-civil-lines/info|19|Quick Bites|1130am to 1030pm(Mon-Sun)||NEW|NEW
Jai Maa Kali Biryani By Sanjay Khatik|150|Biryani,North Indian,Fast Food|Jhansi|Cantt|https://www.zomato.com/jhansi/jai-maa-kali-biryani-by-sanjay-khatik-cantt/info|19|Quick Bites|4pm to 1030pm(Mon-Sun)||NEW|NEW
Mahalaxmi Mix Ice Cream|100|Ice Cream|Jhansi|Cantt|https://www.zomato.com/jhansi/mahalaxmi-mix-ice-cream-cantt/info|19|Kiosk|4pm to 1130pm(Mon-Sun)|Not rated|-|-
Hotel Shahi Dhaba|400|North Indian|Jhansi|Civil Lines|https://www.zomato.com/jhansi/hotel-shahi-dhaba-civil-lines/info|19|Bhojanalya|10am to 11pm(Mon-Sun)|Not rated|-|-
LA' CHEF By K3 Club Residency|300|North Indian,Chinese,Continental|Jhansi|Civil Lines|https://www.zomato.com/jhansi/la-chef-by-k3-club-residency-civil-lines/info|19|Quick Bites|8am to 11pm(Mon-Sun)||NEW|NEW
Zayka (Pure Veg)|400|Chinese,Fast Food|Jhansi|Cantt|https://www.zomato.com/jhansi/zayka-pure-veg-cantt/info|19|Quick Bites|12noon to 11pm(Mon-Sun)|Not rated|-|-
Mahveer Icecream &  Soup Corner|100|Ice Cream|Jhansi|Cantt|https://www.zomato.com/jhansi/mahveer-icecream-soup-corner-cantt/info|19|Dessert Parlor|4pm to 1130pm(Mon-Sun)|Not rated|-|-
Grill House|300|Italian,Fast Food,Chinese,Beverages|Jhansi|Cantt|https://www.zomato.com/jhansi/grill-house-cantt/info|19|Food Court|6pm to 11pm(Mon-Sun)|Not rated|-|-
Shiv Shankar Chaat Bhandar|150|Street Food|Jhansi|Cantt|https://www.zomato.com/jhansi/shiv-shankar-chaat-bhandar-cantt/info|19|Kiosk|5pm to 11pm(Mon-Sun)||NEW|NEW
Singh Foods- By Hotel Singh Regency|250|North Indian,Chinese|Jhansi|Sipri Bazaar|https://www.zomato.com/jhansi/singh-foods-by-hotel-singh-regency-sipri-bazaar/info|19|Quick Bites|9am to 11pm(Mon-Sun)||NEW|NEW
Melanger Treat Restaurant|350|North Indian,South Indian,Chinese,Fast Food|Jhansi|Sipri Bazaar|https://www.zomato.com/jhansi/melanger-treat-restaurant-sipri-bazaar/info|19|Quick Bites|11am to 11pm(Mon-Sun)|Not rated|-|-
Narayan Food & Provision|200|Bakery,Beverages|Jhansi|Civil Lines|https://www.zomato.com/jhansi/narayan-food-provision-civil-lines/info|19|Bakery|9am to 1030pm(Mon-Sun)|Not rated|-|-
Wraps & Rolls|150|Wraps,Rolls,Beverages|Jhansi|Civil Lines|https://www.zomato.com/jhansi/wraps-rolls-civil-lines/info|19|none|8am to 11pm(Mon-Sun)||NEW|NEW
Sandwiches & Shakes|100|Sandwich,Beverages|Jhansi|Civil Lines|https://www.zomato.com/jhansi/sandwiches-shakes-civil-lines/info|19|Beverage Shop|11am to 11pm(Mon-Sun)||NEW|NEW
Tandoori Khazana|500|North Indian,Fast Food,Chinese|Jhansi|Cantt|https://www.zomato.com/jhansi/tandoori-khazana-cantt/info|2|Quick Bites|11am to 1155pm(Mon),130pm to 11pm(Tue),1230pm...|Good|3.6|178
Monreve Unplugged Cafe|450|Lebanese,Italian,Chinese,Cafe|Jhansi|Bundelkhand University|https://www.zomato.com/jhansi/monreve-unplugged-cafe-bundelkhand-university/info|2|Café|11am to 11pm(Mon-Sun)|Average|3.2|74
Peppi Pizza|400|Pizza,Burger|Jhansi|Cantt|https://www.zomato.com/jhansi/peppi-pizza-cantt/info|2|Quick Bites|1130am to 11pm(Mon-Sun)|Good|3.5|98
Jannaks Restaurant|400|North Indian,Chinese|Jhansi|Civil Lines|https://www.zomato.com/jhansi/jannaks-restaurant-civil-lines/info|2|Quick Bites|10am to 1030pm(Mon-Sun)|Average|3.3|85
The Kathi Rolls Factory|100|BBQ,Rolls,Fast Food|Jhansi|Cantt|https://www.zomato.com/jhansi/the-kathi-rolls-factory-2-cantt/info|2|Quick Bites|12noon to 11pm(Mon-Sun)|Good|3.6|55
Dilip Hotel Veg & Non Veg|200|Biryani,North Indian|Jhansi|Civil Lines|https://www.zomato.com/jhansi/dilip-hotel-veg-non-veg-civil-lines/info|2|Quick Bites|10am to 11pm(Mon-Sun)|Average|3.3|88
Cafe Grid & Godown|400|Cafe|Jhansi|Bundelkhand University|https://www.zomato.com/jhansi/cafe-grid-godown-1-bundelkhand-university/info|2|Café|11am to 1030pm(Mon-Sun)|Average|3.3|94
Petooram's Restaurant & Sweets|400|North Indian,Chinese|Jhansi|Civil Lines|https://www.zomato.com/jhansi/petoorams-restaurant-sweets-civil-lines/info|2|Quick Bites|11am to 11pm(Mon-Sun)|Average|3.2|80
Masala Art Cafe & Restuatant|600|Biryani,Chinese,Cafe,North Indian,Italian|Jhansi|Civil Lines|https://www.zomato.com/jhansi/masala-art-cafe-restuatant-civil-lines/info|2|Café|11am to 11pm(Mon-Sun)|Average|3.4|78
Hotel Yatrik Treat Restaurant|400|North Indian,Biryani,Chinese|Jhansi|Civil Lines|https://www.zomato.com/jhansi/hotel-yatrik-treat-restaurant-civil-lines/info|2|Quick Bites|730am to 11pm(Mon-Sun)|Good|3.5|46
Cafe Tulsi & Chelaram Sweets|250|Chinese,North Indian,Mithai|Jhansi|Sipri Bazaar|https://www.zomato.com/jhansi/cafe-tulsi-chelaram-sweets-sipri-bazaar/info|2|Quick Bites|10am to 1015pm(Mon-Sun)|Good|3.5|45
Mahima Foods|350|North Indian|Jhansi|Cantt|https://www.zomato.com/jhansi/mahima-foods-cantt/info|2|Food Court|6pm to 1030pm(Mon-Sun)|Average|3.4|88
Shrinath Pav Bhaji Pulav Centre|200|Street Food|Jhansi|Cantt|https://www.zomato.com/jhansi/shrinath-pav-bhaji-pulav-centre-cantt/info|2|Quick Bites|4pm to 1030pm(Mon-Sun)|Average|3.4|80
Kushwaha Ji Foods|100|North Indian|Jhansi|Cantt|https://www.zomato.com/jhansi/kushwaha-ji-foods-cantt/info|2|Quick Bites|10am to 10pm(Mon-Sun)|Good|3.7|239
Laziz Pizza|120|Italian,Fast Food|Jhansi|Civil Lines|https://www.zomato.com/jhansi/laziz-pizza-civil-lines/info|2|Quick Bites|11am to 11pm(Mon-Sun)|Average|3.3|30
Jhansi Jugaad Nights|150|Fast Food|Jhansi|Civil Lines|https://www.zomato.com/jhansi/jhansi-jugaad-nights-civil-lines/info|20|none|11am to 1130pm(Mon-Sun)||NEW|NEW
Rai Bhojnalay|200|North Indian|Jhansi|Sipri Bazaar|https://www.zomato.com/jhansi/rai-bhojnalay-sipri-bazaar/info|20|Quick Bites|8am to 1030pm(Mon-Sun)||NEW|NEW
Mac-Delicious|300|North Indian|Jhansi|Civil Lines|https://www.zomato.com/jhansi/mac-delicious-civil-lines/info|20|none|11am to 11pm(Mon-Sun)||NEW|NEW
Amantaran By Hotel The Marvellous|800|North Indian,Continental,Italian|Jhansi|Civil Lines|https://www.zomato.com/jhansi/amantaran-by-hotel-the-marvellous-civil-lines/info|20|Casual Dining|8am to 11pm(Mon-Sun)||NEW|NEW
Bundely-Dosa|200|South Indian|Jhansi|Civil Lines|https://www.zomato.com/jhansi/bundely-dosa-civil-lines/info|20|none|11am to 11pm(Mon-Sun)||NEW|NEW
Bombey Special Pav Bhaji|150|Fast Food|Jhansi|Cantt|https://www.zomato.com/jhansi/bombey-special-pav-bhaji-cantt/info|20|Quick Bites|9am to 11pm(Mon-Sun)||NEW|NEW
Jai Maa Vaishno Chaat Bhandar|100|Street Food|Jhansi|Cantt|https://www.zomato.com/jhansi/jai-maa-vaishno-chaat-bhandar-cantt/info|20|Quick Bites|6pm to 1030pm(Mon-Sun)|Not rated|-|-
UBQ by Barbeque Nation|1000|North Indian|Jhansi|Cantt|https://www.zomato.com/jhansi/ubq-by-barbeque-nation-cantt/info|20|none|12noon to 330pm,630pm to 11pm(Mon-Sun)|Not rated|-|-
Jamjam Foods Hotel|200|North Indian|Jhansi|Purana Sahar|https://www.zomato.com/jhansi/jamjam-foods-hotel-purana-sahar/info|20|Quick Bites|11am to 1130pm(Mon-Sun)||NEW|NEW
Shri Annapoorna Thali|150|North Indian|Jhansi|Cantt|https://www.zomato.com/jhansi/shri-annapoorna-thali-cantt/info|20|Quick Bites|11am to 11pm(Mon-Sun)||NEW|NEW
Haryanvi-Tau|200|North Indian|Jhansi|Civil Lines|https://www.zomato.com/jhansi/haryanvi-tau-civil-lines/info|20|none|11am to 11pm(Mon-Sun)||NEW|NEW
Shaan-E-Taj|300|North Indian|Jhansi|Civil Lines|https://www.zomato.com/jhansi/shaan-e-taj-civil-lines/info|20|none|11am to 11pm(Mon-Sun)||NEW|NEW
Hotel Rishabh|200|North Indian,South Indian,Chinese|Jhansi|Civil Lines|https://www.zomato.com/jhansi/hotel-rishabh-civil-lines/info|20|Quick Bites|8am to 11pm(Mon-Sun)||NEW|NEW
Shahi Thali|150|North Indian|Jhansi|Purana Sahar|https://www.zomato.com/jhansi/shahi-thali-purana-sahar/info|20|Quick Bites|11am to 11pm(Mon-Sun)||NEW|NEW
Wood And Alea Restaurant & Cafe|300|North Indian|Jhansi|Cantt|https://www.zomato.com/jhansi/wood-and-alea-restaurant-cafe-cantt/info|20|Quick Bites|11am to 11pm(Mon-Sun)|Not rated|-|-
Food Affairs|200|North Indian|Jhansi|Civil Lines|https://www.zomato.com/jhansi/food-affairs-civil-lines/info|21|Quick Bites|1030am to 1030pm(Mon-Sun)||NEW|NEW
A1 Chowmein & Burger|150|Fast Food|Jhansi|Cantt|https://www.zomato.com/jhansi/a1-chowmein-burger-cantt/info|21|none|4pm to 1030pm(Mon-Sun)||NEW|NEW
Shri Ram Prasadam|400|South Indian,Fast Food|Jhansi|Jhansi Rly Settlement|https://www.zomato.com/jhansi/shri-ram-prasadam-jhansi-rly-settlement/info|21|none|8am to 12midnight(Mon-Sun)||NEW|NEW
Pizza Station|300|Pizza|Jhansi|Cantt|https://www.zomato.com/jhansi/pizza-station-cantt/info|3|Food Court|12noon to 11pm(Mon-Sun)|Average|3.4|63
New Star Bakery|100|Fast Food,Bakery|Jhansi|Sipri Bazaar|https://www.zomato.com/jhansi/new-star-bakery-sipri-bazaar/info|3|Bakery|8am to 1030pm(Mon-Sun)|Average|3.4|37
Taste of Jhansi|400|North Indian,Chinese|Jhansi|Civil Lines|https://www.zomato.com/jhansi/taste-of-jhansi-civil-lines/info|3|Quick Bites|11am to 11pm(Mon-Sun)|Average|3.4|66
Burger Point|250|Burger|Jhansi|Civil Lines|https://www.zomato.com/jhansi/burger-point-1-civil-lines/info|3|Quick Bites|11am to 10pm(Mon-Sun)|Good|3.7|130
Bake My Cake|150|Bakery|Jhansi|Nagra|https://www.zomato.com/jhansi/bake-my-cake-nagra/info|3|Bakery|10am to 11pm(Mon-Sun)||NEW|NEW
Burger Point|450|Burger,Wraps,Beverages,Street Food,Sandwich|Jhansi|Bundelkhand University|https://www.zomato.com/jhansi/burger-point-1-bundelkhand-university/info|3|Quick Bites|10am to 10pm(Mon-Sun)|Good|3.7|87
Shilpi Hotel|300|North Indian|Jhansi|Civil Lines|https://www.zomato.com/jhansi/shilpi-hotel-civil-lines/info|3|Quick Bites|1130am to 4pm,7pm to 930pm(Mon-Sun)|Good|3.5|95
Avadh Foods|150|Street Food,North Indian|Jhansi|Civil Lines|https://www.zomato.com/jhansi/avadh-foods-civil-lines/info|3|Quick Bites|(Mon-Sun)|Average|3.3|288
Lajawab Hyderabadi Veg Foods|100|Biryani,Fast Food|Jhansi|Cantt|https://www.zomato.com/jhansi/lajawab-hyderabadi-veg-foods-cantt/info|3|Quick Bites|10am to 11pm(Mon-Sun)|Good|3.5|28
Vegetarian Express & Tasty Junction|150|North Indian|Jhansi|Sipri Bazaar|https://www.zomato.com/jhansi/vegetarian-express-tasty-junction-sipri-bazaar/info|3|Quick Bites|24|Average|3.4|40
Avadh Foods|150|Street Food,North Indian|Jhansi|Cantt|https://www.zomato.com/jhansi/avadh-foods-cantt/info|3|Quick Bites|10am to 9pm(Mon-Sun)|Average|3.4|78
Meat Ka Badshah|300|North Indian,Biryani|Jhansi|Civil Lines|https://www.zomato.com/jhansi/meat-ka-badshah-civil-lines/info|3|Quick Bites|930am to 10pm(Mon-Sun)|Good|3.6|79
Nandi Butter Counter|150|South Indian|Jhansi|Civil Lines|https://www.zomato.com/jhansi/nandi-butter-counter-civil-lines/info|3|Quick Bites|12noon to 11pm(Mon-Sun)|Average|3.4|35
Lazeez Restaurant|400|Indian,Chinese,Continental|Jhansi|Cantt|https://www.zomato.com/jhansi/lazeez-restaurant-cantt/info|3|Casual Dining|730am to 1030pm(Mon-Sun)|Average|3.3|28
Kabab And Curries Kitchen|300|North Indian|Jhansi|Civil Lines|https://www.zomato.com/jhansi/kabab-and-curries-kitchen-civil-lines/info|3|Quick Bites|1pm to 1030pm(Mon,Wed),Closed(Tue),1pm to ...||NEW|NEW
Vandana Sweets|200|Mithai|Jhansi|Civil Lines|https://www.zomato.com/jhansi/vandana-sweets-civil-lines/info|4|Sweet Shop|10am to 10pm(Mon-Sun)|Average|3.4|126
Opium|800|Continental,Coffee,Fast Food|Jhansi|Cantt|https://www.zomato.com/jhansi/opium-cantt/info|4|Casual Dining|11am to 1030pm(Mon-Sun)|Average|3.3|45
Bundeli Sweets And Food|500|North Indian|Jhansi|Cantt|https://www.zomato.com/jhansi/bundeli-sweets-and-food-cantt/info|4|Casual Dining|11am to 11pm(Mon-Sun)|Average|3.4|19
China Town|200|Fast Food,Chinese|Jhansi|Cantt|https://www.zomato.com/jhansi/china-town-cantt/info|4|Quick Bites|10am to 10pm(Mon-Sun)|Average|3.3|33
Piz Food|150|Italian,South Indian,Chinese,Fast Food|Jhansi|Civil Lines|https://www.zomato.com/jhansi/piz-food-civil-lines/info|4|Quick Bites|12noon to 9pm(Mon-Sun)|Average|3.4|33
Hotel Tulsi Restaurant|500|North Indian,Mughlai,Chinese|Jhansi|Sipri Bazaar|https://www.zomato.com/jhansi/hotel-tulsi-restaurant-sipri-bazaar/info|4|Casual Dining|7am to 10pm(Mon-Sun)|Average|3.3|74
Neelam Chaat & Fast Food|150|Street Food,Fast Food|Jhansi|Civil Lines|https://www.zomato.com/jhansi/neelam-chaat-fast-food-civil-lines/info|4|Quick Bites|10am to 10pm(Mon-Sun)|Average|3.4|68
Dau Samosa|50|Street Food|Jhansi|Civil Lines|https://www.zomato.com/jhansi/dau-samosa-civil-lines/info|4|none|730am to 5pm(Mon-Sun)|Average|3.3|37
UP93 Restro And Lounge|400|Fast Food|Jhansi|Shivaji Nagar|https://www.zomato.com/jhansi/up93-restro-and-lounge-shivaji-nagar/info|4|Casual Dining|12noon to 10pm(Mon-Sun)|Average|3.3|40
Dilip Biryani|100|Biryani|Jhansi|Civil Lines|https://www.zomato.com/jhansi/dilip-biryani-civil-lines/info|4|Quick Bites|10am to 10pm(Mon-Sun)|Average|3.2|52
Shankar Ras Bahar|150|North Indian,Chinese,South Indian|Jhansi|Purana Sahar|https://www.zomato.com/jhansi/shankar-ras-bahar-purana-sahar/info|4|Quick Bites|9am to 10pm(Mon-Sun)||NEW|NEW
Fire & Grill|350|North Indian|Jhansi|Indrapuri|https://www.zomato.com/jhansi/fire-grill-indrapuri/info|4|Casual Dining|10am to 11pm(Mon-Sun)|Average|3.2|15
Lajawab Restaurant|200|South Indian,Fast Food|Jhansi|Cantt|https://www.zomato.com/jhansi/lajawab-restaurant-cantt/info|4|Quick Bites|10am to 10pm(Mon-Sun)|Average|3.3|42
Shiv Fast Food|150|Fast Food,Chinese,North Indian,South Indian,Italian,Beverages,Ice Cream|Jhansi|Nagra|https://www.zomato.com/jhansi/shiv-fast-food-nagra/info|4|Quick Bites|10am to 10pm(Mon-Sun)|Average|3.4|29
Mehfil Foods|200|Street Food,Fast Food,Burger,Momos,Sandwich|Jhansi|Cantt|https://www.zomato.com/jhansi/mehfil-foods-1-cantt/info|4|Quick Bites|2pm to 11pm(Mon,Tue,Sun),3pm to 11pm(Wed-Sat)|Average|3.4|16
Sarwariya Sweets|200|Mithai|Jhansi|Civil Lines|https://www.zomato.com/jhansi/sarwariya-sweets-civil-lines/info|5|Sweet Shop|10am to 10pm(Mon-Sun)|Average|3.4|39
Khana Khazana's Sabrang|200|North Indian,Chinese,Fast Food|Jhansi|Civil Lines|https://www.zomato.com/jhansi/khana-khazanas-sabrang-civil-lines/info|5|none|11am to 930pm(Mon-Sun)|Good|3.5|23
A. Razzaq Sweet House|100|Desserts|Jhansi|Civil Lines|https://www.zomato.com/jhansi/a-razzaq-sweet-house-civil-lines/info|5|Sweet Shop|11am to 11pm(Mon-Sun)||NEW|NEW
Chelaram Fastfood|100|Fast Food|Jhansi|Sipri Bazaar|https://www.zomato.com/jhansi/chelaram-fastfood-sipri-bazaar/info|5|Quick Bites|12noon to 9pm(Mon),10am to 9pm(Tue-Sun)|Average|3.3|25
Siddhi Vinayak Restaurant|400|North Indian|Jhansi|Civil Lines|https://www.zomato.com/jhansi/siddhi-vinayak-restaurant-civil-lines/info|5|Bhojanalya|9am to 10pm(Mon-Sun)|Average|3.3|39
Kwality Kabab & Chicken Centre|300|North Indian,Kebab|Jhansi|Cantt|https://www.zomato.com/jhansi/kwality-kabab-chicken-centre-cantt/info|5|Quick Bites|5pm to 10pm(Mon,Wed,Thu,Fri,Sat,Sun),Closed...|Average|3.4|43
Shree Kothariji Hasty Tasty|250|Fast Food,Chinese|Jhansi|Cantt|https://www.zomato.com/jhansi/shree-kothariji-hasty-tasty-cantt/info|5|Quick Bites|1030am to 1030pm(Mon-Sun)|Average|3.3|34
A1 Muradabadi Chicken Biryani Point|100|Biryani|Jhansi|Civil Lines|https://www.zomato.com/jhansi/a1-muradabadi-chicken-biryani-point-civil-lines/info|5|Quick Bites|11am to 10pm(Mon-Sun)|Average|3.4|31
New Suresh Hotel|200|North Indian,Chinese|Jhansi|Shivaji Nagar|https://www.zomato.com/jhansi/new-suresh-hotel-shivaji-nagar/info|5|Casual Dining|930am to 10pm(Mon-Sun)|Average|3.3|55
UB's Restaurant - Sunrise Hotel|850|North Indian,Mughlai,Chinese|Jhansi|Civil Lines|https://www.zomato.com/jhansi/ubs-restaurant-sunrise-hotel-civil-lines/info|5|Casual Dining|8am to 11pm(Mon-Sun)|Average|3.3|30
F3 Cafe & Lounge|600|Cafe|Jhansi|Civil Lines|https://www.zomato.com/jhansi/f3-cafe-lounge-civil-lines/info|5|Café|1130am to 1030pm(Mon-Sun)|Average|3.3|30
Saanchi Hotel|250|North Indian|Jhansi|Sipri Bazaar|https://www.zomato.com/jhansi/saanchi-hotel-sipri-bazaar/info|5|Quick Bites|11am to 11pm(Mon-Sun)|Good|3.7|14
The Crust|400|Pizza,Bakery|Jhansi|Cantt|https://www.zomato.com/jhansi/the-crust-cantt/info|5|Casual Dining|10am to 10pm(Mon-Sun)|Average|3.2|25
New Kushwahaji Ki Veg Biryani|200|Biryani,Chinese|Jhansi|Shivaji Nagar|https://www.zomato.com/jhansi/new-kushwahaji-ki-veg-biryani-shivaji-nagar/info|5|Quick Bites|11am to 9pm(Mon-Sun)|Average|3.2|18
Subhash Jain Dabeli|150|Street Food|Jhansi|Cantt|https://www.zomato.com/jhansi/subhash-jain-dabeli-cantt/info|5|Food Court|10am to 10pm(Mon-Sun)|Average|3.3|23
Kheer Khazana|150|Desserts,Mithai|Jhansi|Civil Lines|https://www.zomato.com/jhansi/kheer-khazana-1-civil-lines/info|6|Dessert Parlor|8am to 1130am(Mon-Sun)||NEW|NEW
Pizza Corner|250|Pizza|Jhansi|Nagra|https://www.zomato.com/jhansi/pizza-corner-nagra/info|6|Quick Bites|9am to 10pm(Mon-Sun)||NEW|NEW
Amma Ji Ki Rasoi|200|North Indian|Jhansi|Cantt|https://www.zomato.com/jhansi/amma-ji-ki-rasoi-cantt/info|6|Quick Bites|11am to 11pm(Mon-Sun)|Average|3.3|24
Murge Ki Biryani|100|Fast Food,Biryani|Jhansi|Civil Lines|https://www.zomato.com/jhansi/murge-ki-biryani-civil-lines/info|6|Quick Bites|10am to 10pm(Mon-Sun)|Average|3.4|32
New Famous Chicken Center|350|North Indian|Jhansi|Bundelkhand University|https://www.zomato.com/jhansi/new-famous-chicken-center-bundelkhand-university/info|6|none|10am to 11pm(Mon-Sun)||NEW|NEW
Kings Of The Wings|150|Fast Food|Jhansi|Civil Lines|https://www.zomato.com/jhansi/kings-of-the-wings-civil-lines/info|6|Quick Bites|(Mon-Sun)|Average|3.4|24
Anil Namkeen Bhandar|200|Mithai|Jhansi|Sipri Bazaar|https://www.zomato.com/jhansi/anil-namkeen-bhandar-sipri-bazaar/info|6|Sweet Shop|9am to 9pm(Mon-Sun)||NEW|NEW
Cafe 1857|1000|Chinese,North Indian,Italian|Jhansi|Cantt|https://www.zomato.com/jhansi/cafe-1857-cantt/info|6|Lounge|12noon to 10pm(Mon-Sun)|Average|3.3|26
The Chacha's Biryani|100|Biryani|Jhansi|Bundelkhand University|https://www.zomato.com/jhansi/the-chachas-biryani-bundelkhand-university/info|6|Kiosk|10am to 10pm(Mon-Sun)|Average|3.3|22
New National Bakery|400|Fast Food,Pizza,Chinese|Jhansi|Civil Lines|https://www.zomato.com/jhansi/new-national-bakery-civil-lines/info|6|Quick Bites|9am to 10pm(Mon-Sun)|Average|3.3|25
The Vintage Kitchen|200|Continental,Chinese,Beverages|Jhansi|Shivaji Nagar|https://www.zomato.com/jhansi/the-vintage-kitchen-shivaji-nagar/info|6|none|11am to 11pm(Mon-Sun)|Not rated|-|-
Swaad Restaurant|1000|North Indian,Fast Food,Continental,Chinese,South Indian|Jhansi|Civil Lines|https://www.zomato.com/jhansi/swaad-restaurant-civil-lines/info|6|Casual Dining|7am to 11am,7pm to 1030pm,12noon to 330pm...|Average|3.4|36
Mathura Madhuram|200|Street Food,Mithai|Jhansi|Cantt|https://www.zomato.com/jhansi/mathura-madhuram-cantt/info|6|Quick Bites|6am to 10pm(Mon-Sun)|Average|3.3|23
Nav Bharat Bakery and Restaurant|250|North Indian,Bakery|Jhansi|Cantt|https://www.zomato.com/jhansi/nav-bharat-bakery-and-restaurant-cantt/info|6|Casual Dining|10am to 10pm(Mon-Sun)|Average|3.3|21
Agarwal Chaat Corner|150|Street Food|Jhansi|Purana Sahar|https://www.zomato.com/jhansi/agarwal-chaat-corner-purana-sahar/info|6|Quick Bites|2pm to 9pm(Mon-Sun)||NEW|NEW
The Mad Kitchen|200|North Indian|Jhansi|Sipri Bazaar|https://www.zomato.com/jhansi/the-mad-kitchen-sipri-bazaar/info|7|Quick Bites|1pm to 10pm(Mon-Sun)||NEW|NEW
The E11ven|300|Juices,Beverages,Ice Cream,Fast Food|Jhansi|Cantt|https://www.zomato.com/jhansi/the-e11ven-cantt/info|7|Quick Bites|12noon to 10pm(Mon-Sun)|Average|3.4|14
Vidhata Shudh Shakahari Hotel|300|North Indian|Jhansi|Civil Lines|https://www.zomato.com/jhansi/vidhata-shudh-shakahari-hotel-civil-lines/info|7|Quick Bites|11am to 10pm(Mon-Sun)|Average|3.3|23
Finger Foods|300|South Indian,North Indian,Italian,Fast Food,Continental,Chinese|Jhansi|Cantt|https://www.zomato.com/jhansi/finger-foods-cantt/info|7|Food Court|6pm to 10pm(Mon-Sun)|Average|3.3|26
New Famous Chicken Fry Centre|100|Biryani,Indian,Fast Food,North Indian,Kebab,Afghan|Jhansi|Civil Lines|https://www.zomato.com/jhansi/new-famous-chicken-fry-centre-civil-lines/info|7|none|10am to 930pm(Mon-Sun)|Average|3.3|10
Pizza Kitchen|200|North Indian,Pizza|Jhansi|Purana Sahar|https://www.zomato.com/jhansi/pizza-kitchen-purana-sahar/info|7|Quick Bites|9am to 10pm(Mon-Sun)||NEW|NEW
Pangat Restaurant|600|North Indian|Jhansi|Civil Lines|https://www.zomato.com/jhansi/pangat-restaurant-civil-lines/info|7|Casual Dining|(Mon-Sun)|Average|3.2|7
Cheena Samosa|100|Fast Food|Jhansi|Cantt|https://www.zomato.com/jhansi/cheena-samosa-cantt/info|7|Quick Bites|(Mon-Sun)|Average|3.2|13
Shri Siddhi Vinayak Bakers & Snacks|100|Bakery,Beverages|Jhansi|Jhansi Rly Settlement|https://www.zomato.com/jhansi/shri-siddhi-vinayak-bakers-snacks-jhansi-rly-settlement/info|7|none|11am to 130pm,430pm to 10pm(Mon-Sun)|Average|3.2|7
The Veggies Delight|400|North Indian|Jhansi|Shivaji Nagar|https://www.zomato.com/jhansi/the-veggies-delight-shivaji-nagar/info|7|Quick Bites|11am to 10pm(Mon-Sun)|Average|3.2|16
Lucknow Veg Food|150|North Indian,Biryani|Jhansi|Sipri Bazaar|https://www.zomato.com/jhansi/lucknow-veg-food-sipri-bazaar/info|7|Quick Bites|11am to 10pm(Mon-Sun)|Average|3.4|10
7th Heaven|300|Bakery|Jhansi|Civil Lines|https://www.zomato.com/jhansi/7th-heaven-civil-lines/info|7|Bakery|10am to 10pm(Mon-Sun)|Average|3.2|15
Kheer Khazana|0|Desserts,Mithai|Jhansi|Civil Lines|https://www.zomato.com/jhansi/kheer-khazana-civil-lines/info|7|Dessert Parlor|8am to 1130am(Mon-Sun)||NEW|NEW
Food Xpress|250|North Indian|Jhansi|Bundelkhand University|https://www.zomato.com/jhansi/food-xpress-bundelkhand-university/info|7|Quick Bites|730am to 1030pm(Mon-Sun)|Average|3.4|22
Sahu Ji Veg Biryani|100|Biryani|Jhansi|Sipri Bazaar|https://www.zomato.com/jhansi/sahu-ji-veg-biryani-sipri-bazaar/info|7|Kiosk|8am to 4pm(Mon-Sun)||NEW|NEW
New Delhi Chat Bhandar|100|Street Food|Jhansi|Indrapuri|https://www.zomato.com/jhansi/new-delhi-chat-bhandar-indrapuri/info|8|Quick Bites|9am to 930pm(Mon-Sun)|Average|3.2|13
Tasty Restaurant|250|North Indian|Jhansi|Cantt|https://www.zomato.com/jhansi/tasty-restaurant-cantt/info|8|Quick Bites|5pm to 1030pm(Mon-Sun)|Average|3.3|34
Pitambra Fast Food|150|South Indian,Chinese|Jhansi|Cantt|https://www.zomato.com/jhansi/pitambra-fast-food-cantt/info|8|Quick Bites|1pm to 10pm(Mon-Sun)|Average|3.4|10
THE BRAJ BAKERS|250|North Indian|Jhansi|Shivaji Nagar|https://www.zomato.com/jhansi/the-braj-bakers-shivaji-nagar/info|8|Quick Bites|10am to 10pm(Mon-Sun)|Average|3.4|8
Mughlai Foods|150|North Indian,Mughlai,Kebab,Chinese|Jhansi|Nagra|https://www.zomato.com/jhansi/mughlai-foods-nagra/info|8|none|11am to 930pm(Mon-Sun)|Average|3.2|8
Brijwasi Misthan Bhandar & Snacks|150|Mithai|Jhansi|Sipri Bazaar|https://www.zomato.com/jhansi/brijwasi-misthan-bhandar-snacks-sipri-bazaar/info|8|Sweet Shop|8am to 10pm(Mon-Sun)|Average|3.2|9
Puri Bhojnalaya|150|North Indian|Jhansi|Cantt|https://www.zomato.com/jhansi/puri-bhojnalaya-cantt/info|8|Quick Bites|12noon to 4pm,6pm to 10pm(Mon-Sun)|Not rated|-|-
Kajal Sweet & Fast Food|150|Fast Food,North Indian|Jhansi|Purana Sahar|https://www.zomato.com/jhansi/kajal-sweet-fast-food-purana-sahar/info|8|Quick Bites|12noon to 10pm(Mon-Sun)|Average|3.2|7
The Frozen Spoon|150|Ice Cream,Beverages|Jhansi|Rajghat Colony|https://www.zomato.com/jhansi/the-frozen-spoon-rajghat-colony/info|8|Dessert Parlor|12noon to 9pm(Mon-Sun)||NEW|NEW
Bansi Sahu Veg Biryani|100|Biryani|Jhansi|Civil Lines|https://www.zomato.com/jhansi/bansi-sahu-veg-biryani-civil-lines/info|8|none|11am to 11pm(Mon-Sun)|Average|3.3|12
Birthare Restaurant|100|Street Food|Jhansi|Civil Lines|https://www.zomato.com/jhansi/birthare-restaurant-civil-lines/info|8|Quick Bites|10am to 10pm(Mon-Sun)|Average|3.2|5
Shiv Hotel|100|North Indian|Jhansi|Sipri Bazaar|https://www.zomato.com/jhansi/shiv-hotel-sipri-bazaar/info|8|Quick Bites|12noon to 10pm(Mon-Sun)||NEW|NEW
Shubham Narial Pani|100|Beverages,Juices|Jhansi|Cantt|https://www.zomato.com/jhansi/shubham-narial-pani-cantt/info|8|none|9am to 10pm(Mon-Sun)||NEW|NEW
Chilllii  Chaat|150|South Indian,North Indian,Chinese|Jhansi|Purana Sahar|https://www.zomato.com/jhansi/chilllii-chaat-purana-sahar/info|8|Quick Bites|11am to 930pm(Mon-Sun)|Not rated|-|-
ND Juice Center|100|Juices|Jhansi|Sipri Bazaar|https://www.zomato.com/jhansi/nd-juice-center-sipri-bazaar/info|8|Beverage Shop|9am to 8pm(Mon-Sun)|Average|3.3|4
The Green's Cafe 69 & Lounge|350|Cafe,Italian,Chinese,North Indian|Jhansi|Bundelkhand University|https://www.zomato.com/jhansi/the-greens-cafe-69-lounge-bundelkhand-university/info|9|Lounge|11am to 10pm(Mon-Sun)|Average|3.2|7
Yash Tiffin Centre|100|North Indian,South Indian|Jhansi|Sipri Bazaar|https://www.zomato.com/jhansi/yash-tiffin-centre-sipri-bazaar/info|9|Quick Bites|1pm to 8pm(Mon-Sun)||NEW|NEW
Shalimar Biryani|150|Biryani|Jhansi|Civil Lines|https://www.zomato.com/jhansi/shalimar-biryani-civil-lines/info|9|none|10am to 10pm(Mon-Sun)|Average|3.2|5
Lucknow Veg Food|200|Lucknowi,Fast Food|Jhansi|Civil Lines|https://www.zomato.com/jhansi/lucknow-veg-food-civil-lines/info|9|Quick Bites|10am to 10pm(Mon-Sun)|Average|3.2|9
Shri Siddhivinayak Fast Food Corner|100|North Indian,Biryani|Jhansi|Purana Sahar|https://www.zomato.com/jhansi/shri-siddhivinayak-fast-food-corner-purana-sahar/info|9|Quick Bites|11am to 9pm(Mon-Sun)|Not rated|-|-
Rajasthan Sweets|150|Desserts,Fast Food|Jhansi|Sipri Bazaar|https://www.zomato.com/jhansi/rajasthan-sweets-sipri-bazaar/info|9|Quick Bites|7am to 10pm(Mon-Sun)|Not rated|-|-
Avadh Foods By Mughlai Darbar|100|Biryani,Lucknowi|Jhansi|Sipri Bazaar|https://www.zomato.com/jhansi/avadh-foods-by-mughlai-darbar-sipri-bazaar/info|9|Quick Bites|11am to 8pm(Mon-Sun)||NEW|NEW
Yug Food Point|200|South Indian,Chinese,North Indian|Jhansi|Sipri Bazaar|https://www.zomato.com/jhansi/yug-food-point-sipri-bazaar/info|9|Quick Bites|4pm to 10pm(Mon-Sun)|Average|3.2|4
Pizza Circle|400|Italian|Jhansi|Civil Lines|https://www.zomato.com/jhansi/pizza-circle-1-civil-lines/info|9|none|8am to 10pm(Mon-Sun)||NEW|NEW
Star Bakery & Stores|100|Bakery,Ice Cream|Jhansi|Civil Lines|https://www.zomato.com/jhansi/star-bakery-stores-civil-lines/info|9|Bakery|10am to 10pm(Mon-Sun)||NEW|NEW
Black Beans Cafe And Restaurant|500|North Indian,Chinese|Jhansi|Sipri Bazaar|https://www.zomato.com/jhansi/black-beans-cafe-and-restaurant-sipri-bazaar/info|9|Quick Bites|11am to 10pm(Mon-Sun)|Not rated|-|-
Yappie|250|Fast Food|Jhansi|Civil Lines|https://www.zomato.com/jhansi/yappie-civil-lines/info|9|Quick Bites|10am to 10pm(Mon-Sun)|Average|3.2|5
The Taste Factory|150|Chinese,North Indian,South Indian|Jhansi|Nagra|https://www.zomato.com/jhansi/the-taste-factory-nagra/info|9|Quick Bites|4pm to 10pm(Mon-Sun)|Average|3.2|4
Mukul Chat Corner|100|Fast Food,Street Food|Jhansi|Sipri Bazaar|https://www.zomato.com/jhansi/mukul-chat-corner-sipri-bazaar/info|9|Quick Bites|2pm to 9pm(Mon-Sun)|Average|3.2|4
Samar Khana Khazana|100|Street Food|Jhansi|Nagra|https://www.zomato.com/jhansi/samar-khana-khazana-nagra/info|9|Quick Bites|10am to 1pm,5pm to 10pm(Mon-Sun)||NEW|NEW
