NAME|PRICE|CUSINE_CATEGORY|CITY|REGION|URL|PAGE NO|CUSINE TYPE|TIMING|RATING_TYPE|RATING|VOTES
New Raja Chicken Corner|500|Mughlai,North Indian|Jodhpur|Station Road|https://www.zomato.com/jodhpur/new-raja-chicken-corner-station-road/info|1|Quick Bites|1130am to 11pm(Mon-Sun)|Very Good|4.2|505
Naveen Juice And Ice Cream Parlour|400|Beverages,Fast Food|Jodhpur|Shastri Nagar|https://www.zomato.com/jodhpur/naveen-juice-and-ice-cream-parlour-shastri-nagar/info|1|Beverage Shop|9am to 11pm(Mon-Sun)|Very Good|4.0|316
Gurunanak Lassi Bhandar|100|Beverages|Jodhpur|Sardarpura|https://www.zomato.com/jodhpur/gurunanak-lassi-bhandar-sardarpura/info|1|Beverage Shop|7am to 1130pm(Mon-Sun)|Very Good|4.3|448
Gypsy Dining Hall|600|Rajasthani|Jodhpur|Sardarpura|https://www.zomato.com/jodhpur/gypsy-dining-hall-sardarpura/info|1|Casual Dining|12noon to 330pm,7pm to 11pm(Mon-Sun)|Excellent|4.5|301
Jantawala Sweets & Restaurant|400|North Indian,Mithai|Jodhpur|Sardarpura|https://www.zomato.com/jodhpur/jantawala-sweets-restaurant-sardarpura/info|1|Casual Dining|7am to 1030pm(Mon-Sun)|Very Good|4.0|250
Punjabi Chic Inn|400|North Indian,Fast Food,Chinese|Jodhpur|Shastri Nagar|https://www.zomato.com/jodhpur/punjabi-chic-inn-shastri-nagar/info|1|Quick Bites|6pm to 12midnight(Mon-Sun)|Excellent|4.6|386
Cafe 651|900|Cafe,Continental,Coffee,Beverages,Desserts|Jodhpur|Sardarpura|https://www.zomato.com/jodhpur/cafe--sardarpura/info|1|Café|11am to 11pm(Mon-Sun)|Excellent|4.9|313
Mosaic Eatery|800|Cafe,Continental,Italian,Chinese,Thai|Jodhpur|Basni|https://www.zomato.com/jodhpur/mosaic-eatery-basni/info|1|Café|11am to 11pm(Mon-Sun)|Very Good|4.2|280
Gypsy|400|Fast Food,North Indian,South Indian|Jodhpur|Sardarpura|https://www.zomato.com/jodhpur/gypsy-sardarpura/info|1|Quick Bites|10am to 11pm(Mon-Sun)|Very Good|4.4|373
Laxmi Cold Drinks|350|Beverages,Fast Food,Sandwich,Pizza,South Indian|Jodhpur|Shastri Nagar|https://www.zomato.com/jodhpur/laxmi-cold-drinks-shastri-nagar/info|1|Café|10am to 11pm(Mon-Sun)|Very Good|4.0|196
Aunty's Pizza|200|Fast Food,Burger,Sandwich,Beverages,Pizza|Jodhpur|Shastri Nagar|https://www.zomato.com/jodhpur/auntys-pizza-shastri-nagar/info|1|Quick Bites|11am to 1130pm(Mon-Sun)|Very Good|4.1|230
Bawarchi Fast Food|150|Fast Food,North Indian,South Indian|Jodhpur|Sardarpura|https://www.zomato.com/jodhpur/bawarchi-fast-food-sardarpura/info|1|Quick Bites|10am to 1030pm(Mon-Sun)|Very Good|4.1|261
The Filos Cafe & Restaurant|500|Cafe,Continental|Jodhpur|Air Force Area|https://www.zomato.com/jodhpur/the-filos-cafe-restaurant-air-force-area/info|1|Café|8am to 11pm(Mon-Sun)|Very Good|4.3|178
Domino's Pizza|500|Pizza,Fast Food|Jodhpur|Rawaton ka bass|https://www.zomato.com/jodhpur/dominos-pizza-rawaton-ka-bass/info|1|Quick Bites|11am to 11pm(Mon-Sun)|Good|3.6|386
The Daily Grinds|700|Cafe,Continental,North Indian,Chinese,Mexican|Jodhpur|Cantt Area|https://www.zomato.com/jodhpur/the-daily-grinds-cantt-area/info|1|Café|12noon to 12midnight(Mon-Sun)|Excellent|4.5|227
The 29 Bakers|200|Bakery|Jodhpur|Cantt Area|https://www.zomato.com/jodhpur/the-29-bakers-cantt-area/info|10|Bakery|9am to 11pm(Mon-Sun)|Average|3.4|50
The Breeze|600|North Indian,South Indian,Continental,Mughlai|Jodhpur|Ratanada|https://www.zomato.com/jodhpur/the-breeze-ratanada/info|10|Casual Dining|(Mon-Sun)|Average|3.3|8
Sip N Slurp|300|South Indian,Italian,Fast Food,Desserts|Jodhpur|Paota|https://www.zomato.com/jodhpur/sip-n-slurp-paota/info|10|Quick Bites|10am to 10pm(Mon-Sun)|Average|3.2|13
Keventers|400|Desserts,Beverages,Ice Cream|Jodhpur|Sardarpura|https://www.zomato.com/jodhpur/keventers-sardarpura/info|10|Beverage Shop|10am to 12midnight(Mon-Sun)|Good|3.8|39
Caffixo|250|Cafe,Continental,Fast Food|Jodhpur|Shastri Nagar|https://www.zomato.com/jodhpur/caffixo-shastri-nagar/info|10|Casual Dining|10am to 9pm(Mon-Sun)||NEW|NEW
Maa Bhawani Dal Bati Churma|100|North Indian|Jodhpur|1st Pulia|https://www.zomato.com/jodhpur/maa-bhawani-dal-bati-churma-1st-pulia/info|10|Quick Bites|11am to 10pm(Mon-Sun)|Average|3.0|5
Chai Ki Chuski|350|Cafe|Jodhpur|Ratanada|https://www.zomato.com/jodhpur/chai-ki-chuski-ratanada/info|10|Café|10am to 11pm(Mon-Sun)|Good|3.5|64
Navdurga Sweet Corner|500|Mithai,Street Food|Jodhpur|Chopasni Housing Board|https://www.zomato.com/jodhpur/navdurga-sweet-corner-1-chopasni-housing-board/info|10|Sweet Shop|10am to 10pm(Mon-Sun)|Average|3.2|8
Punjabi Eats|250|North Indian,Chinese|Jodhpur|Chopasni Housing Board|https://www.zomato.com/jodhpur/punjabi-eats-chopasni-housing-board/info|10|Quick Bites|10am to 10pm(Mon-Sun)|Not rated|-|-
The Kitchen|400|North Indian,Fast Food|Jodhpur|Sardarpura|https://www.zomato.com/jodhpur/the-kitchen-sardarpura/info|10|none|12noon to 11pm(Mon-Sun)|Good|3.8|44
Shri Tiffin Service|150|North Indian|Jodhpur|Basni|https://www.zomato.com/jodhpur/shri-tiffin-service-basni/info|10|Quick Bites|11am to 2pm,6pm to 9pm(Mon-Sun)||NEW|NEW
Bhagwati Fast Food Cafe|200|Fast Food,Chinese,Sandwich|Jodhpur|Paota|https://www.zomato.com/jodhpur/bhagwati-fast-food-cafe-paota/info|10|Quick Bites|10am to 10pm(Mon-Sun)|Average|3.2|6
Bablu Fast Food Restaurant|150|Chinese|Jodhpur|Basni|https://www.zomato.com/jodhpur/bablu-fast-food-restaurant-basni/info|10|Quick Bites|11am to 10pm(Mon-Sun)||NEW|NEW
Rasraj Sweet Corner|200|Mithai,Bakery|Jodhpur|Pal Gaon|https://www.zomato.com/jodhpur/rasraj-sweet-corner-pal-gaon/info|10|Sweet Shop|7am to 10pm(Mon-Sun)|Average|3.1|4
KKB Bakers|300|Bakery|Jodhpur|Chopasni Housing Board|https://www.zomato.com/jodhpur/kkb-bakers-chopasni-housing-board/info|10|Bakery|9am to 10pm(Mon-Sun)||NEW|NEW
Pooja Sweets|250|Desserts,Mithai,Bakery|Jodhpur|Air Force Area|https://www.zomato.com/jodhpur/pooja-sweets-air-force-area/info|11|Bakery|11am to 10pm(Mon-Sun)|Average|3.1|8
Alpahar|100|Fast Food|Jodhpur|Sardarpura|https://www.zomato.com/jodhpur/alpahar-sardarpura/info|11|none|11am to 9pm(Mon-Sun)|Average|3.1|5
Jeeman|400|North Indian|Jodhpur|Ratanada|https://www.zomato.com/jodhpur/jeeman-ratanada/info|11|Casual Dining|10am to 10pm(Mon-Sun)|Average|2.8|6
FOOD CORNER|250|Fast Food|Jodhpur|Maderana Colony|https://www.zomato.com/jodhpur/food-corner-maderana-colony/info|11|Food Court|10am to 10pm(Mon-Sun)||NEW|NEW
Food Adda|500|North Indian,Fast Food,Chinese|Jodhpur|Basni|https://www.zomato.com/jodhpur/food-adda-1-basni/info|11|Casual Dining|11am to 10pm(Mon-Sun)|Not rated|-|-
Friends Cafe|300|Cafe,Fast Food|Jodhpur|Ratanada|https://www.zomato.com/jodhpur/friends-cafe-ratanada/info|11|Café|10am to 10pm(Mon-Sun)|Not rated|-|-
Charbhuja Provision & Juice|100|Beverages|Jodhpur|Basni|https://www.zomato.com/jodhpur/charbhuja-provision-juice-basni/info|11|Beverage Shop|11am to 10pm(Mon-Sun)||NEW|NEW
Shree Arora Namkeen and Sweets|50|Mithai,Desserts|Jodhpur|Chopasni Housing Board|https://www.zomato.com/jodhpur/shree-arora-namkeen-and-sweets-chopasni-housing-board/info|11|Dessert Parlor|9am to 8pm(Mon-Sun)||NEW|NEW
Black & White Cafe Lounge|200|Cafe,Chinese|Jodhpur|Basni|https://www.zomato.com/jodhpur/black-white-cafe-lounge-basni/info|11|Café|11am to 10pm(Mon-Sun)||NEW|NEW
Goli|150|Street Food|Jodhpur|Sardarpura|https://www.zomato.com/jodhpur/goli-sardarpura/info|11|Quick Bites|11am to 10pm(Mon-Sun)|Average|3.3|9
Vinayak Sandwich|0|Sandwich|Jodhpur|Rawaton ka bass|https://www.zomato.com/jodhpur/vinayak-sandwich-rawaton-ka-bass/info|11|Casual Dining|4pm to 10pm(Mon-Sun)||NEW|NEW
Fresh N Green|300|Desserts,Bakery|Jodhpur|Sardarpura|https://www.zomato.com/jodhpur/fresh-n-green-sardarpura/info|11|Bakery|9am to 10pm(Mon-Sun)|Average|3.0|4
khana@99|200|Indian|Jodhpur|Ratanada|https://www.zomato.com/jodhpur/khana@99-ratanada/info|11|Casual Dining|9am to 10pm(Mon-Sun)||NEW|NEW
Bhadu Mawa Bhandar|200|Desserts,Mithai|Jodhpur|Sardarpura|https://www.zomato.com/jodhpur/bhadu-mawa-bhandar-sardarpura/info|11|Sweet Shop|9am to 10pm(Mon-Sun)|Not rated|-|-
Cafe Royale At ClockTower|350|Cafe|Jodhpur|Kabir Nagar|https://www.zomato.com/jodhpur/cafe-royale-at-clocktower-kabir-nagar/info|11|Café|9am to 9pm(Mon-Sun)|Average|3.4|7
The Olive Court|300|Cafe,Chinese,Continental,Fast Food,North Indian|Jodhpur|Cantt Area|https://www.zomato.com/jodhpur/the-olive-court-cantt-area/info|12|Casual Dining|(Mon-Sun)||NEW|NEW
Arora Chat Bhandar|100|Street Food|Jodhpur|Sardarpura|https://www.zomato.com/jodhpur/arora-chat-bhandar-sardarpura/info|12|Quick Bites|6pm to 9pm(Mon-Sun)||NEW|NEW
Pal Palace|600|North Indian|Jodhpur|Paota|https://www.zomato.com/jodhpur/pal-palace-paota/info|12|Casual Dining|(Mon-Sun)||NEW|NEW
Arora Restaurant|100|Street Food,Bakery|Jodhpur|Paota|https://www.zomato.com/jodhpur/arora-restaurant-paota/info|12|Quick Bites|9am to 8pm(Mon-Sun)|Not rated|-|-
Om Juice Corner|100|Healthy Food,Juices|Jodhpur|Kabir Nagar|https://www.zomato.com/jodhpur/om-juice-corner-kabir-nagar/info|12|Beverage Shop|8am to 10pm(Mon-Sun)||NEW|NEW
Dhani Google Re|300|North Indian|Jodhpur|Air Force Area|https://www.zomato.com/jodhpur/dhani-google-re-air-force-area/info|12|Casual Dining|11am to 10pm(Mon-Sun)|Average|3.0|4
Kashmiri Soda Copner|100|Beverages|Jodhpur|Sardarpura|https://www.zomato.com/jodhpur/kashmiri-soda-copner-sardarpura/info|12|Beverage Shop|5pm to 10pm(Mon-Sun)||NEW|NEW
Amigos Cafe|400|Cafe,Italian,Chinese,Brazilian,Beverages|Jodhpur|Air Force Area|https://www.zomato.com/jodhpur/amigos-cafe-air-force-area/info|12|Café|10am to 1am(Mon-Sun)|Average|2.9|41
House of Feel|250|North Indian,Chinese,Continental,Italian|Jodhpur|Cantt Area|https://www.zomato.com/jodhpur/house-of-feel-cantt-area/info|12|Quick Bites|11am to 10pm(Mon-Sun)||NEW|NEW
M Pizza Town|250|Chinese,North Indian|Jodhpur|Paota|https://www.zomato.com/jodhpur/m-pizza-town-paota/info|12|Casual Dining|11am to 10pm(Mon-Sun)||NEW|NEW
Coko Moka Cafe (CMC)|150|Tea,Coffee,Cafe|Jodhpur|Sardarpura|https://www.zomato.com/jodhpur/coko-moka-cafe-cmc-sardarpura/info|12|Café|9am to 930pm(Mon-Sun)||NEW|NEW
Om Pan And Juice Corner|100|Juices|Jodhpur|Cantt Area|https://www.zomato.com/jodhpur/om-pan-and-juice-corner-cantt-area/info|12|Beverage Shop|11am to 10pm(Mon-Sun)|Not rated|-|-
Chopking|400|Fast Food,Chinese|Jodhpur|Chopasni Housing Board|https://www.zomato.com/jodhpur/chopking-chopasni-housing-board/info|12|Quick Bites|12noon to 10pm(Mon-Sun)|Not rated|-|-
Sagar Fruit Cream|200|Ice Cream,Desserts|Jodhpur|Sardarpura|https://www.zomato.com/jodhpur/sagar-fruit-cream-sardarpura/info|12|Dessert Parlor|5pm to 830pm(Mon-Sun)|Not rated|-|-
Dessert Coffee Cafe|350|Cafe|Jodhpur|Ratanada|https://www.zomato.com/jodhpur/dessert-coffee-cafe-ratanada/info|12|Café|9am to 9pm(Mon-Sun)|Not rated|-|-
Krishna Juice|100|Juices,Beverages|Jodhpur|Paota|https://www.zomato.com/jodhpur/krishna-juice-paota/info|13|Beverage Shop|10am to 10pm(Mon-Sun)|Not rated|-|-
Marwari Restaurant|300|North Indian,Chinese,Italian|Jodhpur|Chopasni Housing Board|https://www.zomato.com/jodhpur/marwari-restaurant-chopasni-housing-board/info|13|Quick Bites|10am to 9pm(Mon-Sun)|Not rated|-|-
Bombay Lodge|200|Indian|Jodhpur|Station Road|https://www.zomato.com/jodhpur/bombay-lodge-station-road/info|13|Casual Dining|9am to 12noon,8pm to 10pm,3pm to 6pm(Mon-Sun)||NEW|NEW
Prajapat Namkeen|150|Desserts,Fast Food|Jodhpur|Station Road|https://www.zomato.com/jodhpur/prajapat-namkeen-station-road/info|13|Quick Bites|10am to 10pm(Mon-Sun)|Not rated|-|-
Kushal Amul Parlour|150|Desserts,Ice Cream|Jodhpur|Ratanada|https://www.zomato.com/jodhpur/kushal-amul-parlour-ratanada/info|13|Dessert Parlor|11am to 10pm(Mon-Sun)|Not rated|-|-
Bunker's Cafe And Lounge|500|Cafe,Fast Food|Jodhpur|Chopasni Housing Board|https://www.zomato.com/jodhpur/bunkers-cafe-and-lounge-chopasni-housing-board/info|13|Café|12noon to 10pm(Mon-Sun)|Not rated|-|-
Shri Bhomiya Ji Namkeen|50|Indian|Jodhpur|Station Road|https://www.zomato.com/jodhpur/shri-bhomiya-ji-namkeen-station-road/info|13|Casual Dining|8am to 730pm(Mon-Sun)||NEW|NEW
Deepsi|150|South Indian,Beverages|Jodhpur|Paota|https://www.zomato.com/jodhpur/deepsi-paota/info|13|none|10am to 10pm(Mon-Sun)|Not rated|-|-
Prasidh Khatri Shahi Namkeen And Sweets|100|Desserts,Mithai|Jodhpur|Shastri Nagar|https://www.zomato.com/jodhpur/prasidh-khatri-shahi-namkeen-and-sweets-shastri-nagar/info|13|Quick Bites|9am to 930pm(Mon-Sun)||NEW|NEW
Jagdamba Sweet Home|100|Mithai,Rajasthani|Jodhpur|Paota|https://www.zomato.com/jodhpur/jagdamba-sweet-home-paota/info|13|Sweet Shop|8am to 8pm(Mon-Sun)||NEW|NEW
Koyla cafe & lounge|350|Chinese,North Indian|Jodhpur|Paota|https://www.zomato.com/jodhpur/koyla-cafe-lounge-paota/info|13|Quick Bites|11am to 10pm(Mon-Sun)|Not rated|-|-
Bhagvati Arora Namkin|150|Mithai,Street Food|Jodhpur|Paota|https://www.zomato.com/jodhpur/bhagvati-arora-namkin-paota/info|13|Sweet Shop|11am to 10pm(Mon-Sun)||NEW|NEW
Balaji Halwa|200|Mithai|Jodhpur|Mandore|https://www.zomato.com/jodhpur/balaji-halwa-mandore/info|13|Sweet Shop|9am to 10pm(Mon-Sun)||NEW|NEW
Food Republic|400|Fast Food|Jodhpur|Shastri Nagar|https://www.zomato.com/jodhpur/food-republic-shastri-nagar/info|13|Quick Bites|10am to 10pm(Mon-Sun)|Not rated|-|-
Balaji Misthan Bhandar|300|Mithai,Desserts|Jodhpur|Paota|https://www.zomato.com/jodhpur/balaji-misthan-bhandar-paota/info|13|Sweet Shop|10am to 10pm(Mon-Sun)|Not rated|-|-
Jodhpur Dabbawala|400|North Indian|Jodhpur|Rawat Nagar|https://www.zomato.com/jodhpur/jodhpur-dabbawala-rawat-nagar/info|14|none|6am to 10pm(Mon-Sun)|Not rated|-|-
S.N Juice|200|Juices|Jodhpur|Sardarpura|https://www.zomato.com/jodhpur/s-n-juice-sardarpura/info|14|Beverage Shop|9am to 9pm(Mon-Sun)|Not rated|-|-
Yaara Da Cafe|200|Street Food|Jodhpur|Basni|https://www.zomato.com/jodhpur/yaara-da-cafe-basni/info|14|Quick Bites|11am to 10pm(Mon-Sun)|Not rated|-|-
Daawat Restaurant|400|North Indian,Chinese|Jodhpur|Pal Gaon|https://www.zomato.com/jodhpur/daawat-restaurant-pal-gaon/info|14|Casual Dining|11am to 10pm(Mon-Sun)|Not rated|-|-
Paras Hotel|150|North Indian,Fast Food|Jodhpur|Ratanada|https://www.zomato.com/jodhpur/paras-hotel-ratanada/info|14|Quick Bites|12noon to 930pm(Mon-Sun)|Not rated|-|-
Krishna Ice Cream Parlour And Food Court|400|Fast Food|Jodhpur|Sardarpura|https://www.zomato.com/jodhpur/krishna-ice-cream-parlour-and-food-court-sardarpura/info|14|Quick Bites|10am to 10pm(Mon-Sun)|Not rated|-|-
MOMOS CENTER|0|Momos|Jodhpur|Pal Gaon|https://www.zomato.com/jodhpur/momos-center-pal-gaon/info|14|Casual Dining|4pm to 10pm(Mon-Sun)||NEW|NEW
Maa Riddhi Siddhi Tasty Bites|250|North Indian|Jodhpur|Shastri Nagar|https://www.zomato.com/jodhpur/maa-riddhi-siddhi-tasty-bites-shastri-nagar/info|14|Quick Bites|11am to 10pm(Mon-Sun)||NEW|NEW
Kitchen 64|0|North Indian|Jodhpur|Basni|https://www.zomato.com/jodhpur/kitchen-64-basni/info|14|Casual Dining|11am to 10pm(Mon-Sun)||NEW|NEW
Mahadev Shree Arora Fruit Juice|0|Juices|Jodhpur|Ratanada|https://www.zomato.com/jodhpur/mahadev-shree-arora-fruit-juice-ratanada/info|14|Beverage Shop|9am to 930pm(Mon-Sun)||NEW|NEW
9 3/4 Cafe|450|Cafe,Fast Food,North Indian|Jodhpur|Sardarpura|https://www.zomato.com/jodhpur/9-3-4-cafe-1-sardarpura/info|14|Café|10am to 10pm(Mon-Sun)||NEW|NEW
Doctors Cafe|250|Fast Food|Jodhpur|Basni|https://www.zomato.com/jodhpur/doctors-cafe-basni/info|14|Food Truck|11am to 10pm(Mon-Sun)||NEW|NEW
Kesariya Softy And Softy|150|Fast Food|Jodhpur|Ratanada|https://www.zomato.com/jodhpur/kesariya-softy-and-softy-ratanada/info|14|Quick Bites|9am to 11pm(Mon-Sun)|Average|2.6|49
The Roll 'A' Wrap|200|Rolls|Jodhpur|Sardarpura|https://www.zomato.com/jodhpur/the-roll-a-wrap-1-sardarpura/info|14|Quick Bites|12noon to 12midnight(Mon-Sun)|Good|3.7|63
Doner And Gyros|600|Fast Food,German|Jodhpur|Sardarpura|https://www.zomato.com/jodhpur/doner-and-gyros-sardarpura/info|14|Quick Bites|11am to 11pm(Mon-Sun)|Good|3.8|18
The Liquor Industry|1000|Cafe,North Indian,Continental,Mexican,Italian,Chinese,Burger,Sandwich|Jodhpur|Paota|https://www.zomato.com/jodhpur/the-liquor-industry-paota/info|15|Casual Dining|11am to 11pm(Mon-Sun)|Good|3.8|55
Roadster Meal|100|Fast Food|Jodhpur|Sardarpura|https://www.zomato.com/jodhpur/roadster-meal-1-sardarpura/info|15|Quick Bites|11am to 1130pm(Mon-Sun)|Good|3.9|48
RJ 19 Restaurant|400|North Indian,South Indian,Burger,Pizza,Sandwich,Chinese|Jodhpur|Sardarpura|https://www.zomato.com/jodhpur/rj-19-restaurant-sardarpura/info|15|Casual Dining|9am to 11pm(Mon-Sun)|Good|3.5|40
Shri Ram Bhojanalaya|350|North Indian|Jodhpur|Station Road|https://www.zomato.com/jodhpur/shri-ram-bhojanalaya-station-road/info|15|Casual Dining|9am to 11pm(Mon-Sun)|Good|3.6|39
Arora's Delicious|200|Fast Food,Chinese,Continental,Italian,Beverages|Jodhpur|Sardarpura|https://www.zomato.com/jodhpur/aroras-delicious-sardarpura/info|15|Quick Bites|11am to 1045pm(Mon-Thu),11am to 1030pm(Fri-Sun)|Good|3.9|62
The Book Cafe|600|Cafe|Jodhpur|Sardarpura|https://www.zomato.com/jodhpur/the-book-cafe-sardarpura/info|15|Café|12midnight to 1130pm(Mon-Sun)|Average|3.4|47
Jalapeno The Eatery|150|South Indian,Fast Food,Pizza|Jodhpur|Chopasni Housing Board|https://www.zomato.com/jodhpur/jalapeno-the-eatery-chopasni-housing-board/info|15|Quick Bites|11am to 11pm(Mon-Sun)|Good|3.9|45
2Nine Restaurant|300|Rajasthani|Jodhpur|Chopasni Housing Board|https://www.zomato.com/jodhpur/2nine-restaurant-chopasni-housing-board/info|15|Quick Bites|11am to 1115pm(Mon,Tue,Wed,Thu,Sat,Sun)...|Good|3.5|29
Krishna Softy & Softy|400|Fast Food,North Indian|Jodhpur|Sardarpura|https://www.zomato.com/jodhpur/krishna-softy-softy-sardarpura/info|15|Casual Dining|9am to 12midnight(Mon-Sun)|Average|3.4|22
Thalis - The Fern Residency|500|North Indian|Jodhpur|The Fern Residency-- Ratanada|https://www.zomato.com/jodhpur/thalis-the-fern-residency-ratanada/info|15|Casual Dining|10am to 11pm(Mon-Sun)|Average|3.3|38
Rudraksh- Chase the Flavours|400|North Indian,Chinese,Sandwich,South Indian,Italian,Burger,Beverages|Jodhpur|Chopasni Housing Board|https://www.zomato.com/jodhpur/rudraksh-chase-the-flavours-chopasni-housing-board/info|15|Quick Bites|830am to 11pm(Mon-Sun)|Average|3.3|36
Mughals|150|Mughlai|Jodhpur|Sardarpura|https://www.zomato.com/jodhpur/mughals-sardarpura/info|15|Quick Bites|6pm to 1115pm(Mon-Sun)|Good|3.7|56
Rajasthan Bhojnalya|150|North Indian,Chinese,Rajasthani|Jodhpur|Ratanada|https://www.zomato.com/jodhpur/rajasthan-bhojnalya-ratanada/info|15|Bhojanalya|8am to 11pm(Mon-Sun)|Average|2.7|9
American Fried Chicken|250|Fast Food|Jodhpur|Sardarpura|https://www.zomato.com/jodhpur/american-fried-chicken-sardarpura/info|15|Quick Bites|11am to 11pm(Mon-Sun)|Good|3.7|67
Meyhigh|600|Cafe,North Indian,Chinese,Mexican,Pizza,Sandwich|Jodhpur|Ratanada|https://www.zomato.com/jodhpur/meyhigh-ratanada/info|15|Café|12noon to 1030pm(Mon-Sun)|Good|3.8|34
The Rockyard|500|Chinese,Continental,North Indian|Jodhpur|Air Force Area|https://www.zomato.com/jodhpur/the-rockyard-air-force-area/info|16|Casual Dining|11am to 11pm(Mon-Sun)|Good|3.5|51
F.R.I.E.N.D.S Central Perk Nineteen|300|North Indian,Chinese|Jodhpur|Sardarpura|https://www.zomato.com/jodhpur/f-r-i-e-n-d-s-central-perk-nineteen-sardarpura/info|16|Quick Bites|11am to 1030pm(Mon-Sun)|Good|3.8|38
Hari Om Dosa Corner|150|North Indian,Chinese|Jodhpur|Paota|https://www.zomato.com/jodhpur/hari-om-dosa-corner-paota/info|16|Quick Bites|11am to 11pm(Mon-Sun)|Good|3.6|26
The Jodhpur Coffee House|200|South Indian,North Indian,Beverages,Chinese|Jodhpur|Rawaton ka bass|https://www.zomato.com/jodhpur/the-jodhpur-coffee-house-rawaton-ka-bass/info|16|Quick Bites|11am to 11pm(Mon-Sun)|Average|3.4|55
Pavitras|600|North Indian,South Indian,Pizza,Fast Food|Jodhpur|Sardarpura|https://www.zomato.com/jodhpur/pavitras-sardarpura/info|16|Casual Dining|11am to 11pm(Mon-Sun)|Good|3.7|44
The Royal Taste of Sasural|350|North Indian,Mughlai|Jodhpur|Shastri Nagar|https://www.zomato.com/jodhpur/the-royal-taste-of-sasural-shastri-nagar/info|16|Quick Bites|6pm to 11pm(Mon-Sun)|Good|3.9|47
Marwar Excellency|600|North Indian|Jodhpur|Pal Gaon|https://www.zomato.com/jodhpur/marwar-excellency-pal-gaon/info|16|Casual Dining|9am to 11pm(Mon-Sun)|Average|3.3|7
Eatonn|250|North Indian,Chinese|Jodhpur|Sardarpura|https://www.zomato.com/jodhpur/eatonn-sardarpura/info|16|none|11am to 11pm(Mon-Sun)|Good|3.9|31
Choudhary Sweet Home|150|Fast Food|Jodhpur|Sardarpura|https://www.zomato.com/jodhpur/choudhary-sweet-home-sardarpura/info|16|Casual Dining|830am to 1030pm(Mon-Sun)||NEW|NEW
One Airport|500|North Indian,Beverages,Rajasthani|Jodhpur|Ratanada|https://www.zomato.com/jodhpur/one-airport-ratanada/info|16|Quick Bites|12noon to 4pm,6pm to 11pm(Mon-Sun)|Good|3.9|22
Patiyala Chicken Corner|300|North Indian,Mughlai|Jodhpur|Paota|https://www.zomato.com/jodhpur/patiyala-chicken-corner-1-paota/info|16|Quick Bites|11am to 11pm(Mon-Sun)|Good|3.7|32
Spicy Kitchen Restaurant|600|North Indian,South Indian,Chinese|Jodhpur|Pal Gaon|https://www.zomato.com/jodhpur/spicy-kitchen-restaurant-pal-gaon/info|16|Casual Dining|11am to 11pm(Mon-Sun)|Good|3.7|35
Kashmiri Spicy|600|North Indian,Fast Food|Jodhpur|Station Road|https://www.zomato.com/jodhpur/kashmiri-spicy-station-road/info|16|Casual Dining|10am to 6pm,7pm to 11pm(Mon-Sun)|Good|3.6|36
Sukh Sagar Hotel|150|North Indian|Jodhpur|Station Road|https://www.zomato.com/jodhpur/sukh-sagar-hotel-station-road/info|16|Quick Bites|10am to 12midnight(Mon-Sun)|Good|3.5|31
Food Court By Shri Ram Empire|500|North Indian,Sandwich,Burger,South Indian,Chinese|Jodhpur|Sardarpura|https://www.zomato.com/jodhpur/food-court-by-shri-ram-empire-sardarpura/info|16|Casual Dining|7am to 11pm(Mon-Sun)|Good|3.5|28
Nihari's Restaurant|400|North Indian,Chinese,Fast Food,South Indian,Sandwich|Jodhpur|Kabir Nagar|https://www.zomato.com/jodhpur/niharis-restaurant-kabir-nagar/info|17|Quick Bites|9am to 11pm(Mon-Sun)|Good|3.7|38
Radhey Krishna Foods|400|North Indian,Chinese,Italian,Burger,Sandwich|Jodhpur|Paota|https://www.zomato.com/jodhpur/radhey-krishna-foods-paota/info|17|Quick Bites|8am to 11pm(Mon-Sun)|Good|3.6|29
Sam's Pizza|400|Italian|Jodhpur|Ratanada|https://www.zomato.com/jodhpur/sams-pizza-ratanada/info|17|Casual Dining|11am to 11pm(Mon-Sun)|Average|3.3|51
Step Up Cafe & Bistro|300|Desserts,Italian,Cafe|Jodhpur|Basni|https://www.zomato.com/jodhpur/step-up-cafe-bistro-basni/info|17|Quick Bites|11am to 11pm(Mon-Sun)|Good|3.5|7
Red Chilli|500|North Indian,Mexican,Italian,South Indian,Chinese,Burger,Sandwich|Jodhpur|Air Force Area|https://www.zomato.com/jodhpur/red-chilli-air-force-area/info|17|Quick Bites|9am to 11pm(Mon-Sun)|Good|3.5|31
Innings Restaurant|600|Desserts,Fast Food,Beverages,Cafe|Jodhpur|Sardarpura|https://www.zomato.com/jodhpur/innings-restaurant-sardarpura/info|17|Bakery|9am to 1130pm(Mon-Sun)|Good|3.9|36
New Gujrat Dabeli Vada Pav And Fast Food|150|Gujarati,South Indian,Chinese|Jodhpur|Chopasni Housing Board|https://www.zomato.com/jodhpur/new-gujrat-dabeli-vada-pav-and-fast-food-chopasni-housing-board/info|17|Quick Bites|10am to 11pm(Mon-Sun)|Good|3.7|18
Chaifeteria|250|Cafe,Beverages|Jodhpur|Ratanada|https://www.zomato.com/jodhpur/chaifeteria-ratanada/info|17|Café|11am to 11pm(Mon-Sun)|Good|3.9|32
The Food Zone|300|Fast Food|Jodhpur|Ratanada|https://www.zomato.com/jodhpur/the-food-zone-ratanada/info|17|Quick Bites|12noon to 1030pm(Mon-Sun)|Good|3.6|29
Sukh Sagar Restaurant|400|North Indian,Rajasthani,South Indian|Jodhpur|Ratanada|https://www.zomato.com/jodhpur/sukh-sagar-restaurant-ratanada/info|17|Casual Dining|10am to 11pm(Mon-Sun)|Poor|2.4|52
Arora's Soda Hub & Fast Food|150|Fast Food,Beverages|Jodhpur|Sardarpura|https://www.zomato.com/jodhpur/aroras-soda-hub-fast-food-sardarpura/info|17|Quick Bites|11am to 11pm(Mon-Sun)|Good|3.7|27
The Nerdy Beans|400|Mexican,Italian,Beverages|Jodhpur|Sardarpura|https://www.zomato.com/jodhpur/the-nerdy-beans-sardarpura/info|17|Café|11am to 11pm(Mon-Sun)|Average|2.7|49
Food Planet|250|North Indian,Chinese|Jodhpur|Paota|https://www.zomato.com/jodhpur/food-planet-paota/info|17|none|11am to 11pm(Mon-Sun)|Good|3.5|21
Brain Freeze Ice Cream & Desserts|200|Ice Cream,Desserts|Jodhpur|Sardarpura|https://www.zomato.com/jodhpur/brain-freeze-ice-cream-desserts-sardarpura/info|17|Dessert Parlor|12noon to 12midnight(Mon-Sun)|Good|3.8|28
Jeeman - Nirali Dhani|1500|Continental,Italian,Chinese,Mexican,North Indian|Jodhpur|Chopasni Housing Board|https://www.zomato.com/jodhpur/jeeman-nirali-dhani-chopasni-housing-board/info|17|Fine Dining|24|Good|3.5|41
Where Is The Food?|400|Cafe,North Indian,Fast Food,Chinese,Beverages|Jodhpur|Sardarpura|https://www.zomato.com/jodhpur/where-is-the-food-sardarpura/info|18|Quick Bites|6pm to 6am(Mon-Sun)|Good|3.6|36
Mokaaz Cafe|700|Cafe|Jodhpur|Pal Gaon|https://www.zomato.com/jodhpur/mokaaz-cafe-pal-gaon/info|18|Café|11am to 3am(Mon-Sun)|Good|3.9|32
The Crown Plaza Restaurant|500|North Indian,Chinese,South Indian,Pizza,Sandwich,Burger,Beverages|Jodhpur|Paota|https://www.zomato.com/jodhpur/the-crown-plaza-restaurant-paota/info|18|Quick Bites|11am to 11pm(Mon-Sun)|Average|2.8|35
Grill's|200|Fast Food|Jodhpur|Sardarpura|https://www.zomato.com/jodhpur/grills-sardarpura/info|18|Quick Bites|10am to 1030pm(Mon-Sun)|Good|3.5|14
World Cuisine Cafe - Barnella|500|Cafe,North Indian,Continental,Pizza,Fast Food,Beverages|Jodhpur|Ratanada|https://www.zomato.com/jodhpur/world-cuisine-cafe-barnella-ratanada/info|18|Café|1030am to 1030pm(Mon-Sun)|Good|3.5|27
Mr & Mrs Idly|450|South Indian|Jodhpur|Sardarpura|https://www.zomato.com/jodhpur/mr-mrs-idly-sardarpura/info|18|Casual Dining|11am to 11pm(Mon-Sun)|Average|3.4|31
Goru Misthan Bhandar|250|Desserts,Mithai|Jodhpur|Chopasni Housing Board|https://www.zomato.com/jodhpur/goru-misthan-bhandar-1-chopasni-housing-board/info|18|Dessert Parlor|8am to 1130pm(Mon-Sun)|Average|3.4|14
Jodhpur Veg Non Veg Restaurant|300|Mughlai|Jodhpur|Basni|https://www.zomato.com/jodhpur/jodhpur-veg-non-veg-restaurant-basni/info|18|Quick Bites|11am to 11pm(Mon-Sun)||NEW|NEW
Shri Ram Ras Bhandar|100|Beverages,Ice Cream|Jodhpur|Chopasni Housing Board|https://www.zomato.com/jodhpur/shri-ram-ras-bhandar-chopasni-housing-board/info|18|Beverage Shop|10am to 11pm(Mon-Sun)|Good|3.5|16
Kissan Baker|200|Desserts|Jodhpur|Chopasni Housing Board|https://www.zomato.com/jodhpur/kissan-baker-1-chopasni-housing-board/info|18|Quick Bites|9am to 1030pm(Mon-Sun)|Average|3.4|15
Jai Maa Bhawani Dal Bati|300|North Indian|Jodhpur|Sardarpura|https://www.zomato.com/jodhpur/jai-maa-bhawani-dal-bati-sardarpura/info|18|Quick Bites|11am to 11pm(Mon-Sun)|Good|3.5|22
Solanki Bhojnalaya|150|North Indian|Jodhpur|Pal Gaon|https://www.zomato.com/jodhpur/solanki-bhojnalaya-pal-gaon/info|18|Bhojanalya|10am to 11pm(Mon-Sun)|Good|3.6|19
Jai Shree Jodhpur Sweets|150|Mithai|Jodhpur|Paota|https://www.zomato.com/jodhpur/jai-shree-jodhpur-sweets-paota/info|18|Sweet Shop|9am to 11pm(Mon-Sun)|Good|3.5|19
Jiya's Fast Food|250|Chinese,Fast Food,Italian|Jodhpur|Paota|https://www.zomato.com/jodhpur/jiyas-fast-food-paota/info|18|Quick Bites|11am to 11pm(Mon-Sun)||NEW|NEW
Shree Kissan Bhojnalay|400|North Indian|Jodhpur|Sardarpura|https://www.zomato.com/jodhpur/shree-kissan-bhojnalay-sardarpura/info|18|Quick Bites|9am to 11pm(Mon-Sun)|Good|3.6|27
Plan B|950|North Indian|Jodhpur|Ratanada|https://www.zomato.com/jodhpur/plan-b-ratanada/info|19|Lounge|11am to 11pm(Mon-Sun)|Good|3.9|25
Maggi Wala|150|Fast Food|Jodhpur|Bhagat Ki Kothi|https://www.zomato.com/jodhpur/maggi-wala-bhagat-ki-kothi/info|19|Quick Bites|11am to 11pm(Mon-Sun)|Good|3.5|20
Cafe Blue|400|Cafe,Sandwich,Chinese,Fast Food|Jodhpur|Lawaran|https://www.zomato.com/jodhpur/cafe-blue-lawaran/info|19|Café|11am to 11pm(Mon-Sun)|Average|3.2|9
Spasiba Bakers|150|Bakery|Jodhpur|Shastri Nagar|https://www.zomato.com/jodhpur/spasiba-bakers-shastri-nagar/info|19|Bakery|9am to 11pm(Mon-Sun)|Good|3.5|22
De Mithaiwala|200|Mithai|Jodhpur|Sardarpura|https://www.zomato.com/jodhpur/de-mithaiwala-1-sardarpura/info|19|Sweet Shop|10am to 11pm(Mon-Sun)|Good|3.7|27
The Chocolate Room|300|Desserts,Beverages,Fast Food|Jodhpur|Paota|https://www.zomato.com/jodhpur/the-chocolate-room-paota/info|19|Dessert Parlor|11am to 11pm(Mon-Sun)|Average|3.4|13
Bansi Dairy and Provision Store|200|Mithai,Rajasthani|Jodhpur|Pal Gaon|https://www.zomato.com/jodhpur/bansi-dairy-and-provision-store-pal-gaon/info|19|Sweet Shop|8am to 11pm(Mon-Sun)||NEW|NEW
D Cafe|200|Beverages,Fast Food|Jodhpur|Ratanada|https://www.zomato.com/jodhpur/d-cafe-ratanada/info|19|Quick Bites|10am to 11pm(Mon-Sun)|Good|3.5|13
Raj Alphar|500|North Indian,Rajasthani|Jodhpur|Sardarpura|https://www.zomato.com/jodhpur/raj-alphar-sardarpura/info|19|Quick Bites|9am to 11pm(Mon-Sun)|Good|3.6|23
Bombay  Chocolate Sandwich|150|Sandwich|Jodhpur|Sardarpura|https://www.zomato.com/jodhpur/bombay-chocolate-sandwich-sardarpura/info|19|Quick Bites|5pm to 11pm(Mon-Sun)|Good|3.6|16
Punjabi Sharbat & More|100|Fast Food,Juices,Beverages|Jodhpur|Shastri Nagar|https://www.zomato.com/jodhpur/punjabi-sharbat-more-shastri-nagar/info|19|Beverage Shop|11am to 11pm(Mon-Sun)|Average|3.3|14
Parwati Cafe & Restaurant|350|North Indian,Chinese|Jodhpur|Basni|https://www.zomato.com/jodhpur/parwati-cafe-restaurant-basni/info|19|Quick Bites|10am to 1030pm(Mon-Sun)||NEW|NEW
The London Shakes|300|Beverages|Jodhpur|Sardarpura|https://www.zomato.com/jodhpur/the-london-shakes-sardarpura/info|19|Beverage Shop|11am to 1130pm(Mon-Sun)|Good|3.5|19
Madhu Dairy|100|Desserts|Jodhpur|Chopasni Housing Board|https://www.zomato.com/jodhpur/madhu-dairy-1-chopasni-housing-board/info|19|Sweet Shop|11am to 11pm(Mon-Sun)|Average|3.4|15
Krishna Dabeli Point|100|Fast Food,South Indian,Gujarati|Jodhpur|Bhadu Market|https://www.zomato.com/jodhpur/krishna-dabeli-point-bhadu-market/info|19|Quick Bites|10am to 11pm(Mon-Sun)|Good|3.8|28
Shakewallah|250|Beverages|Jodhpur|Shastri Nagar|https://www.zomato.com/jodhpur/shakewallah-shastri-nagar/info|2|Beverage Shop|11am to 1030pm(Mon-Sun)|Excellent|4.5|183
The Rolling Stove|500|Italian,Mexican,Beverages,Pizza|Jodhpur|Sardarpura|https://www.zomato.com/jodhpur/the-rolling-stove-sardarpura/info|2|Food Truck|6pm to 11pm(Mon-Sun)|Very Good|4.1|124
Fun N Food Fast Food|500|Fast Food,North Indian,South Indian|Jodhpur|Sardarpura|https://www.zomato.com/jodhpur/fun-n-food-fast-food-sardarpura/info|2|Casual Dining|11am to 11pm(Mon-Sun)|Very Good|4.1|246
Dilip Fast Food|150|Sandwich,Burger,Pizza,Fast Food,Chinese,Beverages|Jodhpur|Chopasni Housing Board|https://www.zomato.com/jodhpur/dilip-fast-food-chopasni-housing-board/info|2|Quick Bites|11am to 11pm(Mon-Sun)|Very Good|4.0|136
The Burger Joint|150|Burger,Fast Food|Jodhpur|Air Force Area|https://www.zomato.com/jodhpur/the-burger-joint-1-air-force-area/info|2|Quick Bites|11am to 11pm(Mon-Thu),11am to 12midnight(Fri-Sun)|Very Good|4.0|46
Al Baik Candle Light|300|North Indian|Jodhpur|Chopasni Housing Board|https://www.zomato.com/jodhpur/al-baik-candle-light-chopasni-housing-board/info|2|Quick Bites|11am to 11pm(Mon-Sun)|Very Good|4.2|137
Pokar Sweets And Restaurant|350|North Indian,South Indian,Fast Food,Burger,Sandwich|Jodhpur|Kabir Nagar|https://www.zomato.com/jodhpur/pokar-sweets-and-restaurant-kabir-nagar/info|2|Quick Bites|6am to 2am(Mon-Sun)|Very Good|4.0|114
Hotel Priya|300|North Indian|Jodhpur|Rawaton ka bass|https://www.zomato.com/jodhpur/hotel-priya-rawaton-ka-bass/info|2|Quick Bites|7am to 12midnight(Mon-Sun)|Very Good|4.0|97
Jodhpuri Darbar|500|North Indian,Mughlai|Jodhpur|Sardarpura|https://www.zomato.com/jodhpur/jodhpuri-darbar-sardarpura/info|2|Quick Bites|6pm to 11pm(Mon-Sun)|Very Good|4.2|204
The Book Cafe|400|Cafe,Fast Food,Chinese,Continental,Mexican|Jodhpur|Basni|https://www.zomato.com/jodhpur/the-book-cafe-basni/info|2|Café|11am to 3am(Mon-Sun)|Very Good|4.0|175
Kalinga Restaurant|500|North Indian|Jodhpur|Sardarpura|https://www.zomato.com/jodhpur/kalinga-restaurant-sardarpura/info|2|Casual Dining|12noon to 11pm(Mon-Sun)|Very Good|4.2|124
Khaas Bagh|1500|North Indian,Rajasthani|Jodhpur|Ratanada|https://www.zomato.com/jodhpur/khaas-bagh-ratanada/info|2|Fine Dining|12noon to 11pm(Mon-Sun)|Excellent|4.8|141
Pizza Hut|500|Pizza|Jodhpur|Sardarpura|https://www.zomato.com/jodhpur/pizza-hut-sardarpura/info|2|Quick Bites|11am to 11pm(Mon-Sun)|Good|3.9|176
The Kaps Pizza|200|Fast Food,Pizza|Jodhpur|Sardarpura|https://www.zomato.com/jodhpur/the-kaps-pizza-sardarpura/info|2|Quick Bites|1045am to 1045pm(Mon-Sun)|Very Good|4.1|127
The Belgian Waffle Co.|250|Desserts|Jodhpur|Sardarpura|https://www.zomato.com/jodhpur/the-belgian-waffle-co-sardarpura/info|2|Dessert Parlor|10am to 12midnight(Mon-Sun)|Very Good|4.1|98
Big Bite|150|Fast Food|Jodhpur|Paota|https://www.zomato.com/jodhpur/big-bite-paota/info|20|Quick Bites|11am to 11pm(Mon-Sun)|Good|3.5|13
Guru Nanak Vaishnav Hotel|400|North Indian|Jodhpur|Paota|https://www.zomato.com/jodhpur/guru-nanak-vaishnav-hotel-paota/info|20|Quick Bites|9am to 11pm(Mon-Sun)|Good|3.6|26
The Creamy Culture|250|Desserts,Fast Food|Jodhpur|Sardarpura|https://www.zomato.com/jodhpur/the-creamy-culture-sardarpura/info|20|Dessert Parlor|10am to 11pm(Mon-Sun)|Average|2.6|17
Kajoo Katlee Wala|200|Mithai|Jodhpur|Rawaton ka bass|https://www.zomato.com/jodhpur/kajoo-katlee-wala-rawaton-ka-bass/info|20|Sweet Shop|11am to 11pm(Mon-Sun)|Average|3.0|17
Moustachef|200|Fast Food,Desserts|Jodhpur|Sardarpura|https://www.zomato.com/jodhpur/moustachef-sardarpura/info|20|Quick Bites|12noon to 11pm(Mon-Sun)|Average|3.4|11
Al Baik Star|500|Mughlai,North Indian|Jodhpur|Paota|https://www.zomato.com/jodhpur/al-baik-star-paota/info|20|Quick Bites|11am to 11pm(Mon-Sun)|Average|3.3|22
Supreme Restaurant|200|North Indian|Jodhpur|Chopasni Housing Board|https://www.zomato.com/jodhpur/supreme-restaurant-chopasni-housing-board/info|20|Quick Bites|3pm to 1am(Mon-Sun)|Good|3.5|13
Tiffin Boys|200|North Indian|Jodhpur|Paota|https://www.zomato.com/jodhpur/tiffin-boys-paota/info|20|Quick Bites|8am to 11pm(Mon-Sun)|Good|3.5|15
Royal Softy N Softy|250|Beverages,Fast Food|Jodhpur|Paota|https://www.zomato.com/jodhpur/royal-softy-n-softy-paota/info|20|Beverage Shop|11am to 11pm(Mon-Sun)|Average|3.4|18
Bhati Sweets and Namkeen (Gulab Halwa )|250|Desserts,Mithai|Jodhpur|Sardarpura|https://www.zomato.com/jodhpur/bhati-sweets-and-namkeen-gulab-halwa-sardarpura/info|20|Sweet Shop|11am to 11pm(Mon-Sun)||NEW|NEW
Rasraj|1000|North Indian,South Indian,Street Food|Jodhpur|Air Force Area|https://www.zomato.com/jodhpur/rasraj-1-air-force-area/info|20|Casual Dining|10am to 11pm(Mon-Sun)|Good|3.5|30
Shri Mangalam Restaurant|250|Cafe,Italian,North Indian,Chinese,South Indian,Fast Food|Jodhpur|Basni|https://www.zomato.com/jodhpur/shri-mangalam-restaurant-basni/info|20|Quick Bites|10am to 11pm(Mon-Sun)|Average|3.3|14
Jungle Bhookh|1000|North Indian|Jodhpur|Sardarpura|https://www.zomato.com/jodhpur/jungle-bhookh-sardarpura/info|20|Casual Dining|11am to 11pm(Mon-Sun)|Average|3.3|26
Chandu Thali Wala|150|North Indian|Jodhpur|Chopasni Housing Board|https://www.zomato.com/jodhpur/chandu-thali-wala-chopasni-housing-board/info|20|Casual Dining|1030am to 12midnight(Mon-Sun)||NEW|NEW
99 Bakers|300|Bakery|Jodhpur|Shastri Nagar|https://www.zomato.com/jodhpur/99-bakers-shastri-nagar/info|20|Bakery|10am to 11pm(Mon-Sun)|Good|3.5|17
Hotel Jain Excellency|500|North Indian,Chinese,South Indian,Mexican,Fast Food|Jodhpur|Sardarpura|https://www.zomato.com/jodhpur/hotel-jain-excellency-sardarpura/info|21|Casual Dining|730am to 1045pm(Mon-Sat),745am to 1045pm(Sun)|Good|3.5|16
Umar Bhai Tikkiya Wale|250|North Indian|Jodhpur|Paota|https://www.zomato.com/jodhpur/umar-bhai-tikkiya-wale-paota/info|21|Quick Bites|11am to 11pm(Mon-Sun)|Average|3.3|12
Shri Parashwanath Cold Drinks|150|Beverages|Jodhpur|Sardarpura|https://www.zomato.com/jodhpur/shri-parashwanath-cold-drinks-sardarpura/info|21|Beverage Shop|10am to 11pm(Mon-Sun)|Average|3.3|12
Dana Pani Restaurant|200|North Indian,Mughlai,Chinese|Jodhpur|Ratanada|https://www.zomato.com/jodhpur/dana-pani-restaurant-ratanada/info|21|Quick Bites|7pm to 11pm(Mon-Sun)|Good|3.6|23
Bhawani Fast Food|150|Fast Food|Jodhpur|Basni|https://www.zomato.com/jodhpur/bhawani-fast-food-basni/info|21|Quick Bites|11am to 1030pm(Mon-Sun)|Average|2.9|7
Spicy Bites Fast Food|100|Fast Food|Jodhpur|Sardarpura|https://www.zomato.com/jodhpur/spicy-bites-fast-food-sardarpura/info|21|Casual Dining|8am to 11pm(Mon-Sun)||NEW|NEW
Hamza Ahmedabad Chicken Chinese|300|North Indian|Jodhpur|Paota|https://www.zomato.com/jodhpur/hamza-ahmedabad-chicken-chinese-paota/info|21|Quick Bites|6pm to 12midnight(Mon-Sun)|Average|3.4|13
Pachranga- Ranbanka Palace|2000|North Indian,Fast Food|Jodhpur|Ranbanka Palace-- Cantt Area|https://www.zomato.com/jodhpur/pachranga-ranbanka-palace-ratanada/info|21|Fine Dining|7am to 11pm(Mon-Sun)|Good|3.7|28
Pavitras Food Court|100|Beverages,North Indian|Jodhpur|Paota|https://www.zomato.com/jodhpur/pavitras-food-court-paota/info|21|Quick Bites|6pm to 11pm(Mon-Sun)|Good|3.5|15
Tamarind Restaurant|550|North Indian|Jodhpur|Sardarpura|https://www.zomato.com/jodhpur/tamarind-restaurant-sardarpura/info|21|Casual Dining|11am to 11pm(Mon-Sun)|Good|3.6|21
New Al Baik|350|Mughlai|Jodhpur|Paota|https://www.zomato.com/jodhpur/new-al-baik-paota/info|21|Quick Bites|6pm to 12midnight(Mon-Sun)|Good|3.5|18
Happiness Ice Cream Parlour|200|Beverages,Ice Cream|Jodhpur|Sardarpura|https://www.zomato.com/jodhpur/happiness-ice-cream-parlour-sardarpura/info|21|Beverage Shop|9am to 12midnight(Mon-Sun)|Average|3.4|10
Vishnu Dosa & Restaurant|250|Seafood,North Indian|Jodhpur|Paota|https://www.zomato.com/jodhpur/vishnu-dosa-restaurant-paota/info|21|Quick Bites|10am to 11pm(Mon-Sun)|Average|3.4|14
Shyam Restaurant|200|North Indian,Chinese,Pizza|Jodhpur|Pal Gaon|https://www.zomato.com/jodhpur/shyam-restaurant-1-pal-gaon/info|21|Quick Bites|10am to 11pm(Mon-Sun)|Average|2.9|9
Punjabi Dhaba|250|North Indian,Fast Food|Jodhpur|Air Force Area|https://www.zomato.com/jodhpur/punjabi-dhaba-air-force-area/info|21|Quick Bites|11am to 4pm,6pm to 11pm(Mon-Sun)|Average|3.3|14
Mr Bakers|300|Pizza,Burger,Bakery,Desserts|Jodhpur|Pal Gaon|https://www.zomato.com/jodhpur/mr-bakers-pal-gaon/info|22|Bakery|1030am to 11pm(Mon-Sun)|Average|3.2|6
Chicken Hub|150|Fast Food|Jodhpur|Basni|https://www.zomato.com/jodhpur/chicken-hub-basni/info|22|Quick Bites|6pm to 11pm(Mon-Sun)|Average|3.0|16
Midtown Restaurant|750|North Indian,Rajasthani|Jodhpur|Station Road|https://www.zomato.com/jodhpur/midtown-restaurant-station-road/info|22|Casual Dining|8am to 1030pm(Mon-Sun)|Average|3.4|22
Fulka|500|Chinese,North Indian|Jodhpur|Basni|https://www.zomato.com/jodhpur/fulka-basni/info|22|Casual Dining|11am to 11pm(Mon-Sun)|Average|3.3|21
Baari Restaurant & Lounge|800|North Indian,Chinese,Pizza,Sandwich,Beverages|Jodhpur|Paota|https://www.zomato.com/jodhpur/baari-restaurant-lounge-paota/info|22|Casual Dining|11am to 11pm(Mon-Sun)|Average|3.2|14
8 pack momos|100|Momos|Jodhpur|Shastri Nagar|https://www.zomato.com/jodhpur/8-pack-momos-shastri-nagar/info|22|none|6pm to 11pm(Mon-Sun)|Average|2.6|14
Marudhar Jalpan Grah And Bhojnalaya|250|North Indian|Jodhpur|Basni|https://www.zomato.com/jodhpur/marudhar-jalpan-grah-and-bhojnalaya-basni/info|22|Bhojanalya|11am to 415pm,630pm to 11pm(Mon-Sun)|Average|3.1|5
Geoffrey's|1200|Finger Food|Jodhpur|Air Force Area|https://www.zomato.com/jodhpur/geoffreys-air-force-area/info|22|Pub|11am to 11pm(Mon-Sun)|Good|3.7|22
Parashwanath Cold Drinks House|150|Beverages|Jodhpur|Sardarpura|https://www.zomato.com/jodhpur/parashwanath-cold-drinks-house-sardarpura/info|22|Beverage Shop|930am to 12midnight(Mon-Sun)|Good|3.6|11
K R Chicken|300|North Indian|Jodhpur|Sardarpura|https://www.zomato.com/jodhpur/k-r-chicken-sardarpura/info|22|Quick Bites|6pm to 1145pm(Mon-Sun)|Average|3.4|11
Maggie Man|150|Fast Food|Jodhpur|Sardarpura|https://www.zomato.com/jodhpur/maggie-man-sardarpura/info|22|Quick Bites|11am to 11pm(Mon-Sun)|Good|3.5|16
Habitz|200|Ice Cream,Desserts|Jodhpur|Sardarpura|https://www.zomato.com/jodhpur/habitz-sardarpura/info|22|Dessert Parlor|11am to 11pm(Mon-Sun)|Average|3.3|11
Shri Pokar Sweet|200|North Indian,Rajasthani,Mithai|Jodhpur|Basni|https://www.zomato.com/jodhpur/shri-pokar-sweet-basni/info|22|Quick Bites|11am to 11pm(Mon-Sun)||NEW|NEW
Coasters- The Coffee Club|300|Cafe|Jodhpur|Shastri Nagar|https://www.zomato.com/jodhpur/coasters-the-coffee-club-shastri-nagar/info|22|Café|11am to 11pm(Mon-Sun)|Good|3.5|12
Blu19 Sports Grill|350|Fast Food,Pizza|Jodhpur|Sardarpura|https://www.zomato.com/jodhpur/blu19-sports-grill-sardarpura/info|22|Café|11am to 11pm(Mon-Sun)|Average|3.3|10
Ice Cream Works|300|Desserts|Jodhpur|Basni|https://www.zomato.com/jodhpur/ice-cream-works-basni/info|23|Dessert Parlor|10am to 12midnight(Mon-Sun)|Average|3.2|18
The Food Chain|350|North Indian,Chinese,Fast Food,Beverages|Jodhpur|Paota|https://www.zomato.com/jodhpur/the-food-chain-paota/info|23|Quick Bites|9am to 11pm(Mon-Sun)|Average|3.3|16
Kusum Agencies|200|Cafe,Beverages|Jodhpur|Chopasni Housing Board|https://www.zomato.com/jodhpur/kusum-agencies-chopasni-housing-board/info|23|Beverage Shop|10am to 1030pm(Mon-Sun)||NEW|NEW
Cherry On Top|200|Bakery,Desserts|Jodhpur|Ratanada|https://www.zomato.com/jodhpur/cherry-on-top-ratanada/info|23|Bakery|11am to 11pm(Mon-Sun)|Average|3.0|5
Mandap Restaurant|250|North Indian,South Indian|Jodhpur|Chopasni Housing Board|https://www.zomato.com/jodhpur/mandap-restaurant-chopasni-housing-board/info|23|Quick Bites|1030am to 1030pm(Mon-Sun)|Average|3.4|16
Mani Dhaba|400|North Indian|Jodhpur|Sardarpura|https://www.zomato.com/jodhpur/mani-dhaba-sardarpura/info|23|Quick Bites|11am to 11pm(Mon-Sun)|Average|3.0|8
Somika Fast Food|200|Fast Food,North Indian|Jodhpur|Basni|https://www.zomato.com/jodhpur/somika-fast-food-basni/info|23|Quick Bites|1130am to 1030pm(Mon-Sun)||NEW|NEW
Infinity Cafe|300|Fast Food|Jodhpur|Chopasni Housing Board|https://www.zomato.com/jodhpur/infinity-cafe-chopasni-housing-board/info|23|Quick Bites|11am to 11pm(Mon-Sun)|Not rated|-|-
Curry House|800|North Indian,South Indian,Chinese,Continental|Jodhpur|Chopasni Housing Board|https://www.zomato.com/jodhpur/curry-house-chopasni-housing-board/info|23|Casual Dining|7am to 11pm(Mon-Sun)|Average|3.2|9
Jammu Kashmir Hotel|400|Indian,Mughlai,North Indian|Jodhpur|Kabir Nagar|https://www.zomato.com/jodhpur/jammu-kashmir-hotel-kabir-nagar/info|23|Quick Bites|11am to 11pm(Mon-Sun)|Average|3.4|16
Pawan Sagar - Chandra Inn|800|North Indian,Continental,South Indian,Chinese,Burger,Sandwich,Ice Cream,Beverages|Jodhpur|Ratanada|https://www.zomato.com/jodhpur/pawan-sagar-chandra-inn-ratanada/info|23|Casual Dining|710am to 11pm(Mon-Sun)|Average|3.2|7
Dagley|400|North Indian|Jodhpur|Kabir Nagar|https://www.zomato.com/jodhpur/dagley-kabir-nagar/info|23|Quick Bites|8am to 11pm(Mon-Sun)|Average|3.2|9
Hotel Monarch Restaurant|250|North Indian,Chinese|Jodhpur|Basni|https://www.zomato.com/jodhpur/hotel-monarch-restaurant-basni/info|23|Quick Bites|11am to 1130pm(Mon-Sun)||NEW|NEW
Namaste Cafe|300|Cafe,North Indian,Chinese,Beverages|Jodhpur|Kabir Nagar|https://www.zomato.com/jodhpur/namaste-cafe-kabir-nagar/info|23|Café|10am to 11pm(Mon-Sun)|Average|3.3|10
Silver Turtle|200|Fast Food|Jodhpur|Sardarpura|https://www.zomato.com/jodhpur/silver-turtle-sardarpura/info|23|Quick Bites|1115am to 1030pm(Mon-Sun)|Good|3.5|17
Spicy Bites|500|North Indian,South Indian|Jodhpur|Sardarpura|https://www.zomato.com/jodhpur/spicy-bites-sardarpura/info|24|Casual Dining|7am to 11pm(Mon-Sun)|Average|3.2|6
Solanki Dal Bati and Restaurant|150|North Indian|Jodhpur|Pal Gaon|https://www.zomato.com/jodhpur/solanki-dal-bati-and-restaurant-pal-gaon/info|24|Food Court|9am to 1130pm(Mon-Sun)||NEW|NEW
Shyam Fast Food Shahi Sabji and Chapati Centre|100|North Indian,Fast Food|Jodhpur|Bhadu Market|https://www.zomato.com/jodhpur/shyam-fast-food-shahi-sabji-and-chapati-centre-bhadu-market/info|24|Food Court|8am to 11pm(Mon-Sun)||NEW|NEW
Samarth Eatery|150|North Indian|Jodhpur|Air Force Area|https://www.zomato.com/jodhpur/samarth-eatery-air-force-area/info|24|Quick Bites|10am to 11pm(Mon-Sun)|Good|3.5|16
Ashok Vatika Restaurant|100|North Indian|Jodhpur|Air Force Area|https://www.zomato.com/jodhpur/ashok-vatika-restaurant-air-force-area/info|24|Quick Bites|10am to 11pm(Mon-Sun)|Average|3.2|9
Rasoi Tadka|350|North Indian|Jodhpur|Paota|https://www.zomato.com/jodhpur/rasoi-tadka-paota/info|24|Quick Bites|10am to 1030pm(Mon-Sun)|Average|2.8|11
Paratha House|200|North Indian|Jodhpur|Shastri Nagar|https://www.zomato.com/jodhpur/paratha-house-shastri-nagar/info|24|Quick Bites|11am to 11pm(Mon-Sun)|Average|2.8|11
Balaji makhan Dosa|100|South Indian|Jodhpur|Shastri Nagar|https://www.zomato.com/jodhpur/balaji-makhan-dosa-shastri-nagar/info|24|Quick Bites|830am to 1030pm(Mon-Sun)|Average|3.3|9
Giani|200|Ice Cream,Beverages|Jodhpur|Shastri Nagar|https://www.zomato.com/jodhpur/giani-shastri-nagar/info|24|Dessert Parlor|11am to 11pm(Mon-Sun)||NEW|NEW
Bikaji Retail Outlet|400|Fast Food,Desserts|Jodhpur|Sardarpura|https://www.zomato.com/jodhpur/bikaji-retail-outlet-sardarpura/info|24|Casual Dining|11am to 11pm(Mon-Sun)|Average|3.3|11
Shri Ramwala|150|North Indian,Chinese,Fast Food|Jodhpur|Sardarpura|https://www.zomato.com/jodhpur/shri-ramwala-sardarpura/info|24|Quick Bites|11am to 11pm(Mon-Sun)||NEW|NEW
The Jeeman Restaurant|300|North Indian|Jodhpur|Sardarpura|https://www.zomato.com/jodhpur/the-jeeman-restaurant-sardarpura/info|24|Casual Dining|11am to 11pm(Mon-Sun)|Average|3.4|20
Foodie Box|400|Fast Food,Beverages|Jodhpur|Sardarpura|https://www.zomato.com/jodhpur/foodie-box-sardarpura/info|24|none|12noon to 1030pm(Mon-Sun)|Good|3.7|13
Panjabi Tandoori Paratha|150|Fast Food|Jodhpur|Sardarpura|https://www.zomato.com/jodhpur/panjabi-tandoori-paratha-sardarpura/info|24|Quick Bites|5pm to 11pm(Mon-Sun)|Average|3.4|14
Shree Vatika Restaurant|200|North Indian|Jodhpur|Basni|https://www.zomato.com/jodhpur/shree-vatika-restaurant-basni/info|24|Quick Bites|9am to 11pm(Mon-Sun)|Average|3.2|6
Ice Cream Works|300|Desserts,Ice Cream|Jodhpur|Sardarpura|https://www.zomato.com/jodhpur/ice-cream-works-sardarpura/info|25|Dessert Parlor|10am to 12midnight(Mon-Sun)|Average|3.4|12
D-Lazeez Chic Inn|300|Mughlai,North Indian|Jodhpur|Basni|https://www.zomato.com/jodhpur/d-lazeez-chic-inn-basni/info|25|Quick Bites|11am to 1030pm(Mon-Sun)||NEW|NEW
21 Love Garib Bakery|250|Bakery,Sandwich,Burger|Jodhpur|Sardarpura|https://www.zomato.com/jodhpur/21-love-garib-bakery-sardarpura/info|25|Bakery|11am to 11pm(Mon-Sun)|Average|3.2|12
Havmor Ice Cream|300|Desserts|Jodhpur|Sardarpura|https://www.zomato.com/jodhpur/havmor-ice-cream-1-sardarpura/info|25|Dessert Parlor|10am to 12midnight(Mon-Sun)|Average|2.9|7
The Blue River Club|500|Cafe,Healthy Food|Jodhpur|Sardarpura|https://www.zomato.com/jodhpur/the-blue-river-club-1-sardarpura/info|25|Café|11am to 11pm(Mon-Sun)||NEW|NEW
The Fitoor Cafe|200|North Indian,Fast Food|Jodhpur|Ratanada|https://www.zomato.com/jodhpur/the-fitoor-cafe-ratanada/info|25|Quick Bites|10am to 11pm(Mon-Sun)|Average|3.4|12
RS Tasty Bites|300|North Indian|Jodhpur|Basni|https://www.zomato.com/jodhpur/rs-tasty-bites-basni/info|25|Quick Bites|10am to 11pm(Mon-Sun)|Good|3.5|20
Ark by The Mihir|400|North Indian,Fast Food|Jodhpur|Bhagat Ki Kothi|https://www.zomato.com/jodhpur/ark-by-the-mihir-bhagat-ki-kothi/info|25|Quick Bites|11am to 11pm(Mon-Sun)|Average|2.7|9
New Lucky Namkeen|100|Fast Food|Jodhpur|Sardarpura|https://www.zomato.com/jodhpur/new-lucky-namkeen-sardarpura/info|25|none|11am to 11pm(Mon-Sun)|Good|3.5|4
ROCK STAR D J CAFE AND LOUNGE|300|Cafe|Jodhpur|Chopasni Housing Board|https://www.zomato.com/jodhpur/rock-star-d-j-cafe-and-lounge-chopasni-housing-board/info|25|Lounge|10am to 11pm(Mon-Sun)||NEW|NEW
Yash Juice|150|Juices|Jodhpur|Sardarpura|https://www.zomato.com/jodhpur/yash-juice-sardarpura/info|25|Beverage Shop|10am to 11pm(Mon-Sun)|Average|3.2|7
Barnella Express|500|North Indian,Chinese,Fast Food|Jodhpur|Ratanada|https://www.zomato.com/jodhpur/barnella-express-ratanada/info|25|Quick Bites|11am to 11pm(Mon-Sun)|Average|3.0|6
Area 51 Cafe & Lounge|600|Cafe|Jodhpur|Shastri Nagar|https://www.zomato.com/jodhpur/area-51-cafe-lounge-shastri-nagar/info|25|Café|11am to 11pm(Mon-Sun)|Average|3.3|11
Blue Coriander|1000|North Indian|Jodhpur|Sardarpura|https://www.zomato.com/jodhpur/blue-coriander-sardarpura/info|25|Casual Dining|7am to 1030am,7pm to 11pm,12noon to 3pm(Mon-Sun)|Good|3.5|11
Spicy Bites Lassi Special|100|Beverages|Jodhpur|Sardarpura|https://www.zomato.com/jodhpur/spicy-bites-lassi-special-sardarpura/info|25|Casual Dining|8am to 11pm(Mon-Sun)||NEW|NEW
Ramji Food Plaza|200|North Indian,South Indian,Chinese|Jodhpur|Paota|https://www.zomato.com/jodhpur/ramji-food-plaza-paota/info|26|Quick Bites|10am to 11pm(Mon-Sun)|Average|3.2|6
Mumal Ras|500|North Indian|Jodhpur|Chopasni Housing Board|https://www.zomato.com/jodhpur/mumal-ras-chopasni-housing-board/info|26|none|11am to 11pm(Mon-Sun)|Average|3.2|8
The Checkers|500|Finger Food|Jodhpur|Ratanada|https://www.zomato.com/jodhpur/the-checkers-ratanada/info|26|Bar|11am to 11pm(Mon-Sun)|Average|3.3|8
Escape Cafe|550|Cafe|Jodhpur|Cantt Area|https://www.zomato.com/jodhpur/escape-cafe-cantt-area/info|26|Café|1030am to 1030pm(Mon-Sun)|Average|3.0|8
Shree Subhadra Restaurant|250|North Indian,Chinese|Jodhpur|Basni|https://www.zomato.com/jodhpur/shree-subhadra-restaurant-basni/info|26|Quick Bites|11am to 1030pm(Mon-Sun)||NEW|NEW
The Green Chilli|300|Beverages,Fast Food|Jodhpur|Shastri Nagar|https://www.zomato.com/jodhpur/the-green-chilli-shastri-nagar/info|26|Quick Bites|11am to 1130pm(Mon-Sun)|Average|3.1|18
Puffz N Piez Bakers|400|Bakery,Desserts|Jodhpur|Chopasni Housing Board|https://www.zomato.com/jodhpur/puffz-n-piez-bakers-chopasni-housing-board/info|26|Bakery|11am to 11pm(Mon-Sun)||NEW|NEW
KSD Shakes & Snacks|250|Beverages,Fast Food|Jodhpur|Sardarpura|https://www.zomato.com/jodhpur/ksd-shakes-snacks-1-sardarpura/info|26|Quick Bites|11am to 11pm(Mon-Sun)|Average|3.1|4
Fresh Juice Bar|200|Juices|Jodhpur|Shastri Nagar|https://www.zomato.com/jodhpur/fresh-juice-bar-shastri-nagar/info|26|Beverage Shop|11am to 11pm(Mon-Sun)|Average|2.9|4
Spicy Bites Paratha Special|100|North Indian|Jodhpur|Sardarpura|https://www.zomato.com/jodhpur/spicy-bites-paratha-special-sardarpura/info|26|Casual Dining|8am to 11pm(Mon-Sun)||NEW|NEW
Paprika Cafe & Restaurant|600|Fast Food,North Indian,Rajasthani,Desserts|Jodhpur|Cantt Area|https://www.zomato.com/jodhpur/paprika-cafe-restaurant-cantt-area/info|26|Casual Dining|7am to 11pm(Mon-Sun)|Average|3.2|5
Seven Eleven|200|Fast Food|Jodhpur|Shastri Nagar|https://www.zomato.com/jodhpur/seven-eleven-1-shastri-nagar/info|26|Food Truck|11am to 11pm(Mon-Sun)|Not rated|-|-
Shree krishana Fast Food|250|Fast Food|Jodhpur|Sardarpura|https://www.zomato.com/jodhpur/shree-krishana-fast-food-sardarpura/info|26|Food Court|12noon to 11pm(Mon-Sun)||NEW|NEW
Laxmi Misthan Bhandar|200|Desserts|Jodhpur|Chopasni Housing Board|https://www.zomato.com/jodhpur/laxmi-misthan-bhandar-chopasni-housing-board/info|26|Quick Bites|11am to 11pm(Mon-Sun)|Not rated|-|-
Jai Vilas Namkeen & Bakers|150|Mithai,Desserts|Jodhpur|Chopasni Housing Board|https://www.zomato.com/jodhpur/jai-vilas-namkeen-bakers-chopasni-housing-board/info|26|Sweet Shop|11am to 11pm(Mon-Sun)|Average|3.1|6
Cafe Frespresso|350|Cafe|Jodhpur|Cantt Area|https://www.zomato.com/jodhpur/cafe-frespresso-cantt-area/info|27|Café|11am to 11pm(Mon-Sun)|Average|3.2|9
Diya 3 Chicken Corner|250|Mughlai|Jodhpur|Maderana Colony|https://www.zomato.com/jodhpur/diya-3-chicken-corner-maderana-colony/info|27|Food Court|1pm to 11pm(Mon-Sun)||NEW|NEW
Apni Rasoi|250|North Indian,Fast Food|Jodhpur|Sardarpura|https://www.zomato.com/jodhpur/apni-rasoi-sardarpura/info|27|none|6pm to 1030pm(Mon-Sun)|Average|3.1|4
Khane Mai Kya Hai|300|North Indian|Jodhpur|Shastri Nagar|https://www.zomato.com/jodhpur/khane-mai-kya-hai-shastri-nagar/info|27|Casual Dining|11am to 11pm(Mon-Sun)||NEW|NEW
The Spice Route|500|North Indian,Chinese|Jodhpur|Paota|https://www.zomato.com/jodhpur/the-spice-route-paota/info|27|Quick Bites|11am to 11pm(Mon-Sun)|Average|3.2|8
Arora's Restaurant|600|North Indian,Chinese|Jodhpur|Pal Gaon|https://www.zomato.com/jodhpur/aroras-restaurant-pal-gaon/info|27|Casual Dining|9am to 11pm(Mon-Sun)|Average|2.9|9
Chandra Chaat Corner|100|Street Food|Jodhpur|Chopasni Housing Board|https://www.zomato.com/jodhpur/chandra-chaat-corner-1-chopasni-housing-board/info|27|none|11am to 11pm(Mon-Sun)|Average|3.0|4
FOOD ADDA - Stoo C|200|North Indian,Chinese|Jodhpur|Ratanada|https://www.zomato.com/jodhpur/food-adda-stoo-c-ratanada/info|27|Quick Bites|12noon to 1030pm(Mon-Sun)|Average|3.1|6
Shanu's Rolling Kitchen|200|Fast Food|Jodhpur|Basni|https://www.zomato.com/jodhpur/shanus-rolling-kitchen-basni/info|27|Quick Bites|430pm to 1130pm(Mon-Sun)|Average|3.1|6
Hariom Fastfood|100|Fast Food|Jodhpur|Shastri Nagar|https://www.zomato.com/jodhpur/hariom-fastfood-shastri-nagar/info|27|none|Closed(Mon-Tue),4pm to 11pm(Wed-Sun)|Not rated|-|-
Fun And Frolic|200|North Indian|Jodhpur|Basni|https://www.zomato.com/jodhpur/fun-and-frolic-basni/info|27|Quick Bites|11am to 1030pm(Mon-Sun)||NEW|NEW
Vyanjan - Hotel Raj|450|North Indian|Jodhpur|Chopasni Housing Board|https://www.zomato.com/jodhpur/vyanjan-hotel-raj-chopasni-housing-board/info|27|Quick Bites|11am to 11pm(Mon-Sun)|Average|3.2|6
Bhavy Arora Restaurant|250|North Indian,Rajasthani|Jodhpur|Sardarpura|https://www.zomato.com/jodhpur/bhavy-arora-restaurant-sardarpura/info|27|Quick Bites|11am to 11pm(Mon-Sun)|Average|3.1|6
Jai Sai Bakers|200|Bakery,Desserts|Jodhpur|Chopasni Housing Board|https://www.zomato.com/jodhpur/jai-sai-bakers-chopasni-housing-board/info|27|Bakery|11am to 11pm(Mon-Sun)|Average|3.2|6
Chef's Treat|600|North Indian,South Indian,Chinese,Sandwich|Jodhpur|Ratanada|https://www.zomato.com/jodhpur/chefs-treat-ratanada/info|27|Casual Dining|12noon to 12midnight(Mon-Sun)|Average|3.3|10
Hotel Niky  International - Noon To Moon.|1200|North Indian,Italian,Continental,Chinese|Jodhpur|Niky International Hotel-- Airforce Area|https://www.zomato.com/jodhpur/hotel-niky-international-noon-to-moon-air-force-area/info|28|Casual Dining|3pm to 11pm(Mon-Sun)|Average|3.3|8
Hard Roar Cafe & Lounge|350|Cafe,Pizza,Fast Food,Chinese,Beverages|Jodhpur|Sardarpura|https://www.zomato.com/jodhpur/hard-roar-cafe-lounge-sardarpura/info|28|Café|11am to 11pm(Mon-Sun)|Average|3.3|11
MUMBAI KE PRASHIDD VADA PAV|0|Street Food|Jodhpur|Shastri Nagar|https://www.zomato.com/jodhpur/mumbai-ke-prashidd-vada-pav-shastri-nagar/info|28|Casual Dining|10am to 11pm(Mon-Sun)||NEW|NEW
Garib Nawaz Dhaba|200|North Indian,Mughlai|Jodhpur|Shastri Nagar|https://www.zomato.com/jodhpur/garib-nawaz-dhaba-shastri-nagar/info|28|Dhaba|6pm to 11pm(Mon-Sun)|Average|3.2|6
Chandra Radhe Sweet Home|250|Mithai|Jodhpur|Shastri Nagar|https://www.zomato.com/jodhpur/chandra-radhe-sweet-home-shastri-nagar/info|28|Sweet Shop|11am to 11pm(Mon-Sun)|Not rated|-|-
Pearl Cafe|150|North Indian|Jodhpur|Pal Gaon|https://www.zomato.com/jodhpur/pearl-cafe-pal-gaon/info|28|Quick Bites|10am to 11pm(Mon-Sun)|Average|3.1|5
Kalpadrum Multi Cuisine Family Restaurant|700|North Indian|Jodhpur|Shastri Nagar|https://www.zomato.com/jodhpur/kalpadrum-multi-cuisine-family-restaurant-shastri-nagar/info|28|Casual Dining|12noon to 11pm(Mon-Sun)|Average|3.3|9
Marvel Umed|400|North Indian,Chinese,Sandwich,Beverages|Jodhpur|Paota|https://www.zomato.com/jodhpur/marvel-umed-paota/info|28|Casual Dining|11am to 11pm(Mon-Sun)|Average|3.1|9
Sai Bakery|150|Bakery|Jodhpur|Basni|https://www.zomato.com/jodhpur/sai-bakery-basni/info|28|Bakery|11am to 11pm(Mon-Sun)||NEW|NEW
Shri Shri Ram Bhojanalaya|200|North Indian|Jodhpur|Paota|https://www.zomato.com/jodhpur/shri-shri-ram-bhojanalaya-paota/info|28|none|11am to 11pm(Mon-Sun)|Not rated|-|-
Shekhawati Ice Cream Corner|100|Ice Cream|Jodhpur|Pal Gaon|https://www.zomato.com/jodhpur/shekhawati-ice-cream-corner-pal-gaon/info|28|none|5pm to 11pm(Mon-Sun)||NEW|NEW
Saddle & Bites|300|North Indian,Fast Food|Jodhpur|Paota|https://www.zomato.com/jodhpur/saddle-bites-paota/info|28|Quick Bites|11am to 12midnight(Mon-Sun)|Average|3.1|4
Hotel City Palace|600|North Indian,Chinese,Fast Food,Beverages,Italian,South Indian|Jodhpur|Kabir Nagar|https://www.zomato.com/jodhpur/hotel-city-palace-kabir-nagar/info|28|Casual Dining|11am to 11pm(Mon-Sun)|Average|3.1|8
Nakoda Bhairav Restaurant|250|North Indian|Jodhpur|Sardarpura|https://www.zomato.com/jodhpur/nakoda-bhairav-restaurant-sardarpura/info|28|Quick Bites|11am to 11pm(Mon-Sun)|Average|3.0|5
Shahi Modern Chicken Corner|250|Mughlai|Jodhpur|1st Pulia|https://www.zomato.com/jodhpur/shahi-modern-chicken-corner-1st-pulia/info|28|Quick Bites|3pm to 11pm(Mon-Sun)|Average|3.0|4
Meghesh Fast Food and Bakery|200|Bakery,Fast Food|Jodhpur|Maderana Colony|https://www.zomato.com/jodhpur/meghesh-fast-food-and-bakery-maderana-colony/info|29|Bakery|11am to 1030pm(Mon-Sun)||NEW|NEW
Rajasthan Sweets|400|Mithai|Jodhpur|Mandore|https://www.zomato.com/jodhpur/rajasthan-sweets-mandore/info|29|Sweet Shop|10am to 11pm(Mon-Sun)|Average|3.1|6
Asian Bakers|250|Desserts,Bakery|Jodhpur|Sardarpura|https://www.zomato.com/jodhpur/asian-bakers-sardarpura/info|29|Bakery|11am to 11pm(Mon-Sun)||NEW|NEW
Tandoor Restaurant|400|North Indian|Jodhpur|Air Force Area|https://www.zomato.com/jodhpur/tandoor-restaurant-air-force-area/info|29|Quick Bites|11am to 11pm(Mon-Sun)|Average|3.1|9
Arora Vilas Namkeen|200|Street Food|Jodhpur|Sardarpura|https://www.zomato.com/jodhpur/arora-vilas-namkeen-sardarpura/info|29|none|10am to 11pm(Mon-Sun)|Not rated|-|-
Shri Laxmi Juice & Fast Food|150|Fast Food,Juices|Jodhpur|Bhadu Market|https://www.zomato.com/jodhpur/shri-laxmi-juice-fast-food-bhadu-market/info|29|Quick Bites|10am to 11pm(Mon-Sun)|Not rated|-|-
Hotel Shivam Restaurant|400|North Indian,Chinese|Jodhpur|Paota|https://www.zomato.com/jodhpur/hotel-shivam-restaurant-paota/info|29|Quick Bites|11am to 1030pm(Mon-Sun)|Average|3.1|4
Hot N Cool|150|Beverages|Jodhpur|Paota|https://www.zomato.com/jodhpur/hot-n-cool-paota/info|29|Beverage Shop|11am to 11pm(Mon-Sun)|Average|3.2|7
Rangoli Celebration Restaurant|200|North Indian,Chinese|Jodhpur|Basni|https://www.zomato.com/jodhpur/rangoli-celebration-restaurant-basni/info|29|Quick Bites|11am to 1030pm(Mon-Sun)||NEW|NEW
Shef Mickey Food Court|250|Street Food,North Indian|Jodhpur|Shastri Nagar|https://www.zomato.com/jodhpur/shef-mickey-food-court-shastri-nagar/info|29|Quick Bites|11am to 11pm(Mon-Sun)|Average|3.1|7
Guavaz|200|Desserts,Ice Cream|Jodhpur|Sardarpura|https://www.zomato.com/jodhpur/guavaz-sardarpura/info|29|Dessert Parlor|11am to 11pm(Mon-Sun)|Not rated|-|-
Tilawat Sweets|150|Mithai|Jodhpur|Chopasni Housing Board|https://www.zomato.com/jodhpur/tilawat-sweets-chopasni-housing-board/info|29|Sweet Shop|11am to 11pm(Mon-Sun)|Not rated|-|-
A Solomon Lok|400|North Indian,Chinese|Jodhpur|Air Force Area|https://www.zomato.com/jodhpur/a-solomon-lok-air-force-area/info|29|Casual Dining|12noon to 11pm(Mon-Sun)|Average|3.4|7
MoXa Restaurant|700|North Indian,Chinese,Mexican,Italian,Beverages|Jodhpur|Ratanada|https://www.zomato.com/jodhpur/moxa-restaurant-ratanada/info|29|Casual Dining|730am to 1030am,730pm to 1030pm,1230pm to ...|Average|3.3|5
Baba Ramdev Restaurant|200|North Indian|Jodhpur|Paota|https://www.zomato.com/jodhpur/baba-ramdev-restaurant-paota/info|29|Casual Dining|11am to 11pm(Mon-Sun)||NEW|NEW
The Laughing B|1100|Thai,Asian,Chinese|Jodhpur|Cantt Area|https://www.zomato.com/jodhpur/the-laughing-b-cantt-area/info|3|Bar|1230pm to 12midnight(Mon-Sun)|Very Good|4.2|175
Rawat Misthan Bhandar|100|Mithai,Street Food|Jodhpur|Paota|https://www.zomato.com/jodhpur/rawat-misthan-bhandar-paota/info|3|Sweet Shop|6am to 11pm(Mon-Sun)|Very Good|4.0|107
Bake & Bite|500|Bakery,Desserts,Fast Food|Jodhpur|Sardarpura|https://www.zomato.com/jodhpur/bake-bite-sardarpura/info|3|Bakery|11am to 11pm(Mon-Sun)|Good|3.9|68
Usman Chicken Corner|350|North Indian|Jodhpur|Station Road|https://www.zomato.com/jodhpur/usman-chicken-corner-station-road/info|3|none|11am to 11pm(Mon-Sun)|Good|3.7|52
Goru Sweet Home|200|Desserts,Mithai|Jodhpur|Sardarpura|https://www.zomato.com/jodhpur/goru-sweet-home-sardarpura/info|3|Sweet Shop|11am to 11pm(Mon-Sun)|Very Good|4.0|85
Sparrow's Pizzeria|600|Italian|Jodhpur|Cantt Area|https://www.zomato.com/jodhpur/sparrows-pizzeria-cantt-area/info|3|Casual Dining|12noon to 11pm(Mon-Sun)|Very Good|4.2|78
Mauryan|500|North Indian,Rajasthani|Jodhpur|Sardarpura|https://www.zomato.com/jodhpur/mauryan-sardarpura/info|3|Casual Dining|11am to 11pm(Mon-Sun)|Good|3.9|94
Purple Saffron|500|North Indian,Continental|Jodhpur|Ratanada|https://www.zomato.com/jodhpur/purple-saffron-ratanada/info|3|Casual Dining|1pm to 1130pm(Mon,Wed,Thu,Fri,Sat,Sun)...|Very Good|4.1|166
Sufi Darbaan|550|North Indian,Mughlai,Chinese|Jodhpur|Chopasni Housing Board|https://www.zomato.com/jodhpur/sufi-darbaan-chopasni-housing-board/info|3|Quick Bites|1pm to 11pm(Mon,Tue,Wed,Thu,Sat,Sun),1pm to ...|Very Good|4.0|73
Mishri Lal Mishtan Bhandar|300|Mithai,Street Food|Jodhpur|Kabir Nagar|https://www.zomato.com/jodhpur/mishri-lal-mishtan-bhandar-kabir-nagar/info|3|Sweet Shop|9am to 1030pm(Mon-Sun)|Good|3.9|81
Six Sense|600|North Indian|Jodhpur|Sardarpura|https://www.zomato.com/jodhpur/six-sense-sardarpura/info|3|Casual Dining|11am to 11pm(Mon-Sun)|Very Good|4.2|159
Shri Ram Excellency - The Recipe|700|North Indian,South Indian,Mexican,Chinese,Pizza,Fast Food,Sandwich,Beverages|Jodhpur|Sardarpura|https://www.zomato.com/jodhpur/shri-ram-excellency-the-recipe-sardarpura/info|3|Casual Dining|7am to 11pm(Mon-Sun)|Good|3.7|85
The Chicks And Kabs|450|North Indian,Kebab,Fast Food|Jodhpur|Shastri Nagar|https://www.zomato.com/jodhpur/the-chicks-and-kabs-shastri-nagar/info|3|Quick Bites|15pm to 11pm(Mon),6pm to 1030pm(Tue),1pm to ...|Good|3.9|91
Thali@9|300|North Indian,Chinese|Jodhpur|Sardarpura|https://www.zomato.com/jodhpur/thali@9-sardarpura/info|3|none|11am to 11pm(Mon-Sun)|Good|3.9|85
The Moji's Cafe|500|Indian,Chinese,Burger,Sandwich,Pizza,Beverages|Jodhpur|Sardarpura|https://www.zomato.com/jodhpur/the-mojis-cafe-sardarpura/info|3|Casual Dining|11am to 11pm(Mon-Sun)|Good|3.8|34
Shivam Restaurant|500|Cafe,North Indian,Chinese,Beverages|Jodhpur|Kabir Nagar|https://www.zomato.com/jodhpur/shivam-restaurant-kabir-nagar/info|30|Café|7am to 1130pm(Mon-Sun)|Average|2.8|4
Club Hukam Villa|400|Fast Food|Jodhpur|Ratanada|https://www.zomato.com/jodhpur/club-hukam-villa-ratanada/info|30|Quick Bites|11am to 11pm(Mon-Sun)|Not rated|-|-
Laxmi Bhojanalaya|150|Rajasthani|Jodhpur|Ratanada|https://www.zomato.com/jodhpur/laxmi-bhojanalaya-ratanada/info|30|Bhojanalya|11am to 11pm(Mon-Sun)|Not rated|-|-
Eva Chicken House|300|Mughlai|Jodhpur|Chopasni Housing Board|https://www.zomato.com/jodhpur/eva-chicken-house-chopasni-housing-board/info|30|Meat Shop|12noon to 1130pm(Mon-Sun)||NEW|NEW
Friends Fast Food|150|Chinese,Fast Food|Jodhpur|Sardarpura|https://www.zomato.com/jodhpur/friends-fast-food-1-sardarpura/info|30|Quick Bites|11am to 11pm(Mon-Sun)|Average|2.8|5
Seven God's Own|500|Chinese,North Indian,Mexican|Jodhpur|Shastri Nagar|https://www.zomato.com/jodhpur/seven-gods-own-shastri-nagar/info|30|Casual Dining|11am to 11pm(Mon-Sun)||NEW|NEW
Hotel Bhudh Ji Ri Dhani|300|North Indian|Jodhpur|Chopasni Housing Board|https://www.zomato.com/jodhpur/hotel-bhudh-ji-ri-dhani-chopasni-housing-board/info|30|Casual Dining|11am to 11pm(Mon-Sun)||NEW|NEW
Nishika Restaurant & Fast Food|250|Chinese,North Indian|Jodhpur|Basni|https://www.zomato.com/jodhpur/nishika-restaurant-fast-food-basni/info|30|Quick Bites|11am to 11pm(Mon-Sun)|Average|2.9|4
Mumbai Spicy|700|North Indian|Jodhpur|Chopasni Housing Board|https://www.zomato.com/jodhpur/mumbai-spicy-chopasni-housing-board/info|30|Casual Dining|11am to 11pm(Mon-Sun)|Not rated|-|-
Royal Chicken Corner|300|Mughlai|Jodhpur|Basni|https://www.zomato.com/jodhpur/royal-chicken-corner-basni/info|30|Quick Bites|11am to 11pm(Mon-Sun)||NEW|NEW
Hotel Shri Nakshatra Excellency|600|North Indian,Chinese,South Indian|Jodhpur|Bhagat Ki Kothi|https://www.zomato.com/jodhpur/hotel-shri-nakshatra-excellency-bhagat-ki-kothi/info|30|Casual Dining|10am to 11pm(Mon-Sun)|Average|3.0|4
TC Royal Restaurant|250|North Indian,Mughlai|Jodhpur|Basni|https://www.zomato.com/jodhpur/tc-royal-restaurant-1-basni/info|30|Quick Bites|11am to 11pm(Mon-Sun)||NEW|NEW
Rhythm|500|Fast Food,North Indian|Jodhpur|Air Force Area|https://www.zomato.com/jodhpur/rhythm-air-force-area/info|30|Casual Dining|7am to 11pm(Mon-Sun)|Average|2.9|7
Hangout Dosa factory|150|South Indian,Fast Food|Jodhpur|Sardarpura|https://www.zomato.com/jodhpur/hangout-dosa-factory-sardarpura/info|30|Quick Bites|10am to 11pm(Mon-Sun)|Not rated|-|-
Anjali Ice Cream Parlour|150|Ice Cream|Jodhpur|Basni|https://www.zomato.com/jodhpur/anjali-ice-cream-parlour-1-basni/info|30|Dessert Parlor|10am to 11pm(Mon-Sun)||NEW|NEW
Ghani Panchayati|0|Salad,Chinese|Jodhpur|Kabir Nagar|https://www.zomato.com/jodhpur/ghani-panchayati-1-kabir-nagar/info|31|Café|10am to 1130pm(Mon-Sun)||NEW|NEW
Bawa Foods Takeaway|250|Fast Food|Jodhpur|Shastri Nagar|https://www.zomato.com/jodhpur/bawa-foods-takeaway-shastri-nagar/info|31|Quick Bites|6pm to 11pm(Mon-Sun)|Average|3.2|5
Kings Spoon|400|Fast Food|Jodhpur|Sardarpura|https://www.zomato.com/jodhpur/kings-spoon-sardarpura/info|31|Quick Bites|11am to 11pm(Mon-Sun)|Average|2.9|6
City Food Restaurant|600|North Indian,Chinese,South Indian|Jodhpur|Paota|https://www.zomato.com/jodhpur/city-food-restaurant-paota/info|31|Casual Dining|11am to 11pm(Mon-Sun)|Not rated|-|-
Somani Pav Bhaji|150|Fast Food|Jodhpur|Shastri Nagar|https://www.zomato.com/jodhpur/somani-pav-bhaji-shastri-nagar/info|31|Quick Bites|6pm to 11pm(Mon-Sun)|Not rated|-|-
The Palash|250|North Indian,Fast Food|Jodhpur|Air Force Area|https://www.zomato.com/jodhpur/the-palash-air-force-area/info|31|Quick Bites|11am to 11pm(Mon-Sun)|Average|3.2|6
Krishna Restaurant|200|North Indian,Fast Food|Jodhpur|1st Pulia|https://www.zomato.com/jodhpur/krishna-restaurant-1st-pulia/info|31|Quick Bites|11am to 11pm(Mon-Sun)|Not rated|-|-
Sarangi -Chandra Imperial|800|North Indian,Chinese,Continental|Jodhpur|Ratanada|https://www.zomato.com/jodhpur/sarangi-chandra-imperial-ratanada/info|31|Casual Dining|8am to 11pm(Mon-Sun)|Not rated|-|-
Yash Enterprises|150|North Indian|Jodhpur|Chopasni Housing Board|https://www.zomato.com/jodhpur/yash-enterprises-chopasni-housing-board/info|31|Food Court|10am to 11pm(Mon-Sun)||NEW|NEW
Taishty Fast Food & Shakes|200|Fast Food,Beverages|Jodhpur|Ratanada|https://www.zomato.com/jodhpur/taishty-fast-food-shakes-ratanada/info|31|Quick Bites|12noon to 1030pm(Mon-Sun)|Not rated|-|-
Ghani Panchayati|250|Chinese,North Indian|Jodhpur|Kabir Nagar|https://www.zomato.com/jodhpur/ghani-panchayati-kabir-nagar/info|31|Quick Bites|9am to 1150pm,12midnight to 1am(Mon-Sun)|Not rated|-|-
Havmor Ice Cream|250|Desserts|Jodhpur|Sardarpura|https://www.zomato.com/jodhpur/havmor-ice-cream-sardarpura/info|31|Dessert Parlor|11am to 12midnight(Mon-Sun)|Not rated|-|-
New Sigdi Restaurant|350|North Indian,Fast Food|Jodhpur|Shastri Nagar|https://www.zomato.com/jodhpur/new-sigdi-restaurant-shastri-nagar/info|31|Quick Bites|12noon to 12midnight(Mon-Sun)|Average|2.7|6
Hotel Shyam Excellency|200|North Indian|Jodhpur|Sardarpura|https://www.zomato.com/jodhpur/hotel-shyam-excellency-sardarpura/info|31|Casual Dining|10am to 11pm(Mon-Sun)||NEW|NEW
Turban Tadka|250|North Indian,Fast Food|Jodhpur|Shastri Nagar|https://www.zomato.com/jodhpur/turban-tadka-shastri-nagar/info|31|Quick Bites|11am to 11pm(Mon-Sun)|Average|3.1|4
New Bawarchi Fast Food|100|Fast Food|Jodhpur|Sardarpura|https://www.zomato.com/jodhpur/new-bawarchi-fast-food-sardarpura/info|32|Quick Bites|11am to 11pm(Mon-Sun)|Not rated|-|-
Xcite - Mango Hotels|1000|North Indian,Chinese|Jodhpur|Ratanada|https://www.zomato.com/jodhpur/xcite-mango-hotels-ratanada/info|32|Lounge|11am to 11pm(Mon-Sun)|Not rated|-|-
Royal Tadka|400|Chinese,Fast Food,Sandwich,North Indian|Jodhpur|Mandore|https://www.zomato.com/jodhpur/royal-tadka-mandore/info|32|Casual Dining|8am to 1045pm(Mon-Sun)|Average|2.8|4
Priya Bakers|100|Bakery|Jodhpur|Chopasni Housing Board|https://www.zomato.com/jodhpur/priya-bakers-1-chopasni-housing-board/info|32|Bakery|8am to 12midnight(Mon-Sun)||NEW|NEW
SHEETAL GANNE KA RAS BHANDAR|50|Juices,Beverages|Jodhpur|Ratanada|https://www.zomato.com/jodhpur/sheetal-ganne-ka-ras-bhandar-ratanada/info|32|Beverage Shop|8am to 1030pm(Mon-Sun)||NEW|NEW
Ramdev Fastfood|200|Fast Food,Juices|Jodhpur|Paota|https://www.zomato.com/jodhpur/ramdev-fastfood-paota/info|32|Quick Bites|11am to 11pm(Mon-Sun)|Not rated|-|-
Padharo Chatokada|150|Fast Food|Jodhpur|Paota|https://www.zomato.com/jodhpur/padharo-chatokada-paota/info|32|Food Court|1030am to 1030pm(Mon-Sun)||NEW|NEW
Shri Mahalaxmi Bhojanalay|250|North Indian,Rajasthani|Jodhpur|Chopasni Housing Board|https://www.zomato.com/jodhpur/shri-mahalaxmi-bhojanalay-chopasni-housing-board/info|32|Bhojanalya|11am to 11pm(Mon-Sun)|Not rated|-|-
Gayatri Food Zone|200|Chinese,Fast Food|Jodhpur|Shastri Nagar|https://www.zomato.com/jodhpur/gayatri-food-zone-shastri-nagar/info|32|Quick Bites|11am to 1030pm(Mon-Sun)||NEW|NEW
Knight Shack Restaurant And Cafe|250|Fast Food|Jodhpur|Sardarpura|https://www.zomato.com/jodhpur/knight-shack-restaurant-and-cafe-sardarpura/info|32|Quick Bites|11am to 11pm(Mon-Sun)||NEW|NEW
Cafe Blu Sky|800|Cafe,Finger Food|Jodhpur|Air Force Area|https://www.zomato.com/jodhpur/cafe-blu-sky-air-force-area/info|32|Lounge|10am to 12midnight(Mon-Sun)|Not rated|-|-
Suryanagri Fast Food Point|150|North Indian,Chinese,Fast Food|Jodhpur|Mandore|https://www.zomato.com/jodhpur/suryanagri-fast-food-point-mandore/info|32|Quick Bites|10am to 11pm(Mon-Sun)|Not rated|-|-
Tandoori Nights|0||Jodhpur|Cantt Area|https://www.zomato.com/jodhpur/tandoori-nights-cantt-area/info|32|Casual Dining|7pm to 12midnight(Mon-Sun)|Average|3.0|4
Food Court|200|Fast Food|Jodhpur|Basni|https://www.zomato.com/jodhpur/food-court-1-basni/info|32|Quick Bites|11am to 1030pm(Mon-Sun)||NEW|NEW
Laxmi Salladevi Fast Food|400|Chinese|Jodhpur|Bhagat Ki Kothi|https://www.zomato.com/jodhpur/laxmi-salladevi-fast-food-bhagat-ki-kothi/info|32|Quick Bites|11am to 11pm(Mon-Sun)|Not rated|-|-
Somras|800|North Indian,Street Food,Beverages|Jodhpur|Air Force Area|https://www.zomato.com/jodhpur/somras-3-air-force-area/info|33|Casual Dining|11am to 11pm(Mon-Sun)|Not rated|-|-
Akanksha Ice Cream|200|Ice Cream|Jodhpur|Ratanada|https://www.zomato.com/jodhpur/akanksha-ice-cream-ratanada/info|33|Dessert Parlor|11am to 11pm(Mon-Sun)|Not rated|-|-
Mox Vox The Restro|300|Cafe,Chinese,Continental,European,Italian|Jodhpur|Shastri Nagar|https://www.zomato.com/jodhpur/mox-vox-the-restro-shastri-nagar/info|33|Casual Dining|11am to 1130pm(Mon-Sun)||NEW|NEW
Punjabi Grill|0|Chinese|Jodhpur|Sardarpura|https://www.zomato.com/jodhpur/punjabi-grill-sardarpura/info|33|Casual Dining|6pm to 1130pm(Mon-Sun)||NEW|NEW
Johnny's Fast Food|150|Fast Food|Jodhpur|1st Pulia|https://www.zomato.com/jodhpur/johnnys-fast-food-1st-pulia/info|33|Quick Bites|6pm to 11pm(Mon-Sun)|Not rated|-|-
Vaishnav Vilas Namkin|150|Fast Food|Jodhpur|Paota|https://www.zomato.com/jodhpur/vaishnav-vilas-namkin-paota/info|33|Quick Bites|8am to 11pm(Mon-Sun)||NEW|NEW
The Umed Hotel|500|North Indian,Chinese,Rajasthani,Continental,Burger,Pizza,Beverages|Jodhpur|Sardarpura|https://www.zomato.com/jodhpur/the-umed-hotel-sardarpura/info|33|Casual Dining|11am to 11pm(Mon-Sun)|Not rated|-|-
Rukmani Bakery General and Juice Corner|0|Desserts|Jodhpur|Chopasni Housing Board|https://www.zomato.com/jodhpur/rukmani-bakery-general-and-juice-corner-chopasni-housing-board/info|33|Bakery|10am to 1030pm(Mon-Sun)||NEW|NEW
Spicy Bites Breakfast Special|100|North Indian|Jodhpur|Sardarpura|https://www.zomato.com/jodhpur/spicy-bites-breakfast-special-sardarpura/info|33|Casual Dining|8am to 11pm(Mon-Sun)||NEW|NEW
Rawat Misthan Bhandar|250|Desserts,Mithai|Jodhpur|Kabir Nagar|https://www.zomato.com/jodhpur/rawat-misthan-bhandar-kabir-nagar/info|33|Sweet Shop|8am to 12midnight(Mon-Sun)||NEW|NEW
Jai Shree Bhawani Restaurant Dhaba|200|North Indian|Jodhpur|Pal Gaon|https://www.zomato.com/jodhpur/jai-shree-bhawani-restaurant-dhaba-pal-gaon/info|33|Food Court|7am to 2am(Mon-Sun)||NEW|NEW
Jodhana Charcoal Zyka|300|Chinese|Jodhpur|Sardarpura|https://www.zomato.com/jodhpur/jodhana-charcoal-zyka-sardarpura/info|33|Quick Bites|10am to 1am(Mon-Sun)|Not rated|-|-
Panchmewa|150|Beverages|Jodhpur|Kabir Nagar|https://www.zomato.com/jodhpur/panchmewa-kabir-nagar/info|33|Beverage Shop|10am to 130am(Mon-Sun)|Not rated|-|-
Meals On Wheels|150|Chinese,Continental|Jodhpur|Paota|https://www.zomato.com/jodhpur/meals-on-wheels-paota/info|33|Quick Bites|11am to 11pm(Mon-Sun)|Not rated|-|-
Jalsa|1000|North Indian,Chinese,Fast Food,Beverages|Jodhpur|Ratanada|https://www.zomato.com/jodhpur/jalsa-ratanada/info|33|Casual Dining|730am to 1030am,730pm to 1030pm,1230pm to ...|Not rated|-|-
Hotel Niky International - Zayaka|600|North Indian,South Indian|Jodhpur|Niky International Hotel-- Airforce Area|https://www.zomato.com/jodhpur/hotel-niky-international-zayaka-air-force-area/info|34|Casual Dining|7am to 11pm(Mon-Sun)|Not rated|-|-
Vishambar Lodge|200|Indian|Jodhpur|Station Road|https://www.zomato.com/jodhpur/vishambar-lodge-station-road/info|34|Casual Dining|9am to 330pm,630pm to 1130pm(Mon-Sun)||NEW|NEW
Midtown Restaurant|600|North Indian|Jodhpur|Ratanada|https://www.zomato.com/jodhpur/midtown-restaurant-ratanada/info|34|Casual Dining|11am to 11pm(Mon-Sun)|Not rated|-|-
Suhani Arora Namkeen & Sweets|150|Mithai,Fast Food|Jodhpur|1st Pulia|https://www.zomato.com/jodhpur/suhani-arora-namkeen-sweets-1st-pulia/info|34|Sweet Shop|11am to 11pm(Mon-Sun)|Not rated|-|-
L.M.K. Restaurant|350|North Indian,Chinese|Jodhpur|Basni|https://www.zomato.com/jodhpur/l-m-k-restaurant-basni/info|34|Quick Bites|11am to 1030pm(Mon-Sun)||NEW|NEW
The Merci Cafe & Restro|350|Chinese|Jodhpur|Air Force Area|https://www.zomato.com/jodhpur/the-merci-cafe-restro-air-force-area/info|34|Quick Bites|11am to 11pm(Mon-Sun)|Not rated|-|-
Nakoda Restaurant|300|North Indian|Jodhpur|Sardarpura|https://www.zomato.com/jodhpur/nakoda-restaurant-sardarpura/info|34|Quick Bites|7am to 1am(Mon-Sun)|Not rated|-|-
Shree Arora Namkeen And Sweets|400|Mithai,Desserts,Fast Food,Beverages|Jodhpur|Shastri Nagar|https://www.zomato.com/jodhpur/shree-arora-namkeen-and-sweets-shastri-nagar/info|34|Quick Bites|10am to 11pm(Mon-Sun)|Not rated|-|-
Little Indian|1400|North Indian|Jodhpur|Sardarpura|https://www.zomato.com/jodhpur/little-indian-sardarpura/info|34|Casual Dining|12noon to 330pm,7pm to 1130pm(Mon-Sun)|Not rated|-|-
Toran|600|North Indian,Chinese,Fast Food|Jodhpur|Air Force Area|https://www.zomato.com/jodhpur/toran-air-force-area/info|34|Casual Dining|11am to 11pm(Mon-Sun)|Not rated|-|-
Distil|500|Finger Food|Jodhpur|Ratanada|https://www.zomato.com/jodhpur/distil-ratanada/info|34|Bar|11am to 11pm(Mon-Sun)|Not rated|-|-
Khalsa Food Court|350|Chinese,Fast Food,Mughlai,North Indian|Jodhpur|Cantt Area|https://www.zomato.com/jodhpur/khalsa-food-court-cantt-area/info|34|Casual Dining|11am to 11pm(Mon-Sun)||NEW|NEW
KSG Italian Cafe|200|Indian|Jodhpur|Ratanada|https://www.zomato.com/jodhpur/ksg-italian-cafe-ratanada/info|34|Café|930am to 1030pm(Mon-Sun)||NEW|NEW
Nakoda Palace|300|North Indian,Chinese,Rajasthani,South Indian|Jodhpur|Station Road|https://www.zomato.com/jodhpur/nakoda-palace-station-road/info|34|Quick Bites|11am to 11pm(Mon-Sun)|Not rated|-|-
Kanheiya Chat Bhandar|0|Indian,Street Food|Jodhpur|Shastri Nagar|https://www.zomato.com/jodhpur/kanheiya-chat-bhandar-shastri-nagar/info|34|Food Truck|4pm to 11pm(Mon-Sun)||NEW|NEW
Jazz Cafe & Restaurant|400|Cafe,North Indian,Fast Food,Beverages|Jodhpur|Rawaton ka bass|https://www.zomato.com/jodhpur/jazz-cafe-restaurant-rawaton-ka-bass/info|35|Café|11am to 11pm(Mon-Sun)|Not rated|-|-
The Cake Hut|500|Bakery|Jodhpur|Chopasni Housing Board|https://www.zomato.com/jodhpur/the-cake-hut-chopasni-housing-board/info|35|Confectionery|11am to 11pm(Mon-Sun)|Not rated|-|-
Kalpavrixa Vegetarian - Mango Hotels|1200|Chinese,Continental,Indian,Italian|Jodhpur|Basni|https://www.zomato.com/jodhpur/kalpavrixa-vegetarian-mango-hotels-basni/info|35|Fine Dining|8am to 12midnight(Mon-Sun)|Not rated|-|-
Cup & Cone Scoop Shop|100|Desserts|Jodhpur|Paota|https://www.zomato.com/jodhpur/cup-cone-scoop-shop-paota/info|35|Dessert Parlor|11am to 11pm(Mon-Sun)|Not rated|-|-
Kajal Restaurant And Chaat Bhandar|150|Fast Food|Jodhpur|Paota|https://www.zomato.com/jodhpur/kajal-restaurant-and-chaat-bhandar-paota/info|35|Quick Bites|11am to 11pm(Mon-Sun)|Not rated|-|-
New Puffz N Piez Bakers|300|Bakery,Desserts|Jodhpur|Chopasni Housing Board|https://www.zomato.com/jodhpur/new-puffz-n-piez-bakers-chopasni-housing-board/info|35|none|9am to 11pm(Mon-Sun)|Not rated|-|-
rOS Bar- The Fern Residency|600|Finger Food|Jodhpur|Ratanada|https://www.zomato.com/jodhpur/ros-bar-the-fern-residency-ratanada/info|35|Bar|12noon to 11pm(Mon-Sun)|Not rated|-|-
Sharma Hotel|200|Indian|Jodhpur|Station Road|https://www.zomato.com/jodhpur/sharma-hotel-station-road/info|35|Casual Dining|9am to 12noon,8pm to 1030pm,3pm to 6pm(Mon-Sun)||NEW|NEW
Full Tunn Bar & Lounge|700|Finger Food,North Indian,Chinese,Italian|Jodhpur|Air Force Area|https://www.zomato.com/jodhpur/full-tunn-bar-lounge-air-force-area/info|35|Bar|1130am to 1030pm(Mon-Sun)|Not rated|-|-
The Night Owl Cafe|400|North Indian,Chinese,Cafe|Jodhpur|Bhagat Ki Kothi|https://www.zomato.com/jodhpur/the-night-owl-cafe-bhagat-ki-kothi/info|35|Café|11am to 11pm(Mon-Sun)||NEW|NEW
Tandoori Corner|600|Mughlai,North Indian|Jodhpur|Ratanada|https://www.zomato.com/jodhpur/tandoori-corner-ratanada/info|35|Quick Bites|7pm to 12midnight(Mon-Sun)|Not rated|-|-
Sahgari Fruit Chaat|200|Street Food|Jodhpur|Rawaton ka bass|https://www.zomato.com/jodhpur/sahgari-fruit-chaat-rawaton-ka-bass/info|35|none|12noon to 12midnight(Mon-Sun)|Not rated|-|-
Dholamaru Heritage Foods|200|Desserts|Jodhpur|Ratanada|https://www.zomato.com/jodhpur/dholamaru-heritage-foods-ratanada/info|35|Dessert Parlor|10am to 11pm(Mon-Sun)||NEW|NEW
Ramdev Fast Food|100|Fast Food,South Indian|Jodhpur|Sardarpura|https://www.zomato.com/jodhpur/ramdev-fast-food-sardarpura/info|35|Quick Bites|9am to 11pm(Mon-Sun)|Not rated|-|-
The Cake Hut|300|Bakery|Jodhpur|Sangriya|https://www.zomato.com/jodhpur/the-cake-hut-sangriya/info|35|Confectionery|11am to 11pm(Mon-Sun)|Not rated|-|-
Friend's Cafe|100|Fast Food|Jodhpur|Sardarpura|https://www.zomato.com/jodhpur/friends-cafe-sardarpura/info|36|Quick Bites|11am to 11pm(Mon-Sun)|Not rated|-|-
Kabab Family Restaurent|400|North Indian,Mughlai|Jodhpur|Chopasni Housing Board|https://www.zomato.com/jodhpur/kabab-family-restaurent-chopasni-housing-board/info|36|Meat Shop|1230pm to 12midnight(Mon-Sun)||NEW|NEW
The Royal Rajwara|300|Mughlai|Jodhpur|Chopasni Housing Board|https://www.zomato.com/jodhpur/the-royal-rajwara-chopasni-housing-board/info|36|Casual Dining|6pm to 11pm(Mon-Sun)||NEW|NEW
Marwar Tadka|300|Chinese,Continental,Fast Food,Mughlai,North Indian|Jodhpur|Cantt Area|https://www.zomato.com/jodhpur/marwar-tadka-1-cantt-area/info|36|Casual Dining|11am to 1030pm(Mon-Sun)||NEW|NEW
Final Option|500|Indian,Chinese|Jodhpur|Basni|https://www.zomato.com/jodhpur/final-option-basni/info|36|Casual Dining|11am to 11pm(Mon-Sun)|Not rated|-|-
Jodhpur Multifunctional Complex Private|2000|North Indian,Chinese|Jodhpur|Rawaton ka bass|https://www.zomato.com/jodhpur/jodhpur-multifunctional-complex-private-rawaton-ka-bass/info|36|Fine Dining|730am to 1030am,730pm to 1030pm,1230pm to ...||NEW|NEW
Magic Shakers & Tango Eateria|400|North Indian,Fast Food|Jodhpur|Paota|https://www.zomato.com/jodhpur/magic-shakers-tango-eateria-paota/info|36|Quick Bites|9am to 1130pm(Mon-Sun)||NEW|NEW
AMRATAM FAST FOOD|0|Chinese|Jodhpur|Sardarpura|https://www.zomato.com/jodhpur/amratam-fast-food-sardarpura/info|36|Casual Dining|530pm to 1030pm(Mon-Sun)||NEW|NEW
Hotel Durga Silverline|400|North Indian,Chinese|Jodhpur|Sardarpura|https://www.zomato.com/jodhpur/hotel-durga-silverline-sardarpura/info|36|none|10am to 11pm(Mon-Sun)|Not rated|-|-
Dosa On wheel|400|South Indian|Jodhpur|Shastri Nagar|https://www.zomato.com/jodhpur/dosa-on-wheel-shastri-nagar/info|36|Quick Bites|5pm to 11pm(Mon-Sun)||NEW|NEW
Chakna|200|Street Food|Jodhpur|Kabir Nagar|https://www.zomato.com/jodhpur/chakna-kabir-nagar/info|36|none|11am to 11pm(Mon-Sun)|Not rated|-|-
Roof Top On Wheels|300|Fast Food,Chinese|Jodhpur|Shastri Nagar|https://www.zomato.com/jodhpur/roof-top-on-wheels-shastri-nagar/info|36|Food Truck|6pm to 12midnight(Mon-Sun)||NEW|NEW
Naveen Juice And General Store|400|Beverages,Fast Food|Jodhpur|Shastri Nagar|https://www.zomato.com/jodhpur/naveen-juice-and-general-store-shastri-nagar/info|4|Quick Bites|10am to 11pm(Mon-Sun)|Good|3.8|115
Kailash Bhojanalya|150|North Indian|Jodhpur|Sardarpura|https://www.zomato.com/jodhpur/kailash-bhojanalya-sardarpura/info|4|Quick Bites|12noon to 1130am(Mon-Sun)|Good|3.8|50
Food Junction|100|Fast Food,South Indian,Chinese,North Indian,Pizza|Jodhpur|Sardarpura|https://www.zomato.com/jodhpur/food-junction-sardarpura/info|4|Quick Bites|10am to 1030pm(Mon-Sun)|Good|3.9|88
Subway|500|Healthy Food,Salad,Sandwich|Jodhpur|Cantt Area|https://www.zomato.com/jodhpur/subway-cantt-area/info|4|Quick Bites|11am to 11pm(Mon-Sun)|Good|3.9|105
Wah Ji Wah|400|North Indian|Jodhpur|Sardarpura|https://www.zomato.com/jodhpur/wah-ji-wah-sardarpura/info|4|Quick Bites|1130am to 1130pm(Mon-Sun)|Very Good|4.0|79
Kalpvriksha|700|North Indian,Chinese,Pizza,Beverages,Mexican|Jodhpur|Paota|https://www.zomato.com/jodhpur/kalpvriksha-paota/info|4|Casual Dining|11am to 11pm(Mon-Sun)|Very Good|4.1|123
Al Nabi Tasty House|400|North Indian,Mughlai,Chinese,Fast Food|Jodhpur|Chopasni Housing Board|https://www.zomato.com/jodhpur/al-nabi-tasty-house-chopasni-housing-board/info|4|Quick Bites|3pm to 11pm(Mon-Sun)|Good|3.9|79
Maa Gaajan Fast Food|150|North Indian,Fast Food|Jodhpur|Basni|https://www.zomato.com/jodhpur/maa-gaajan-fast-food-basni/info|4|Quick Bites|11am to 11pm(Mon-Sun)||NEW|NEW
Arabica Cafe Club|500|Cafe|Jodhpur|Basni|https://www.zomato.com/jodhpur/arabica-cafe-club-basni/info|4|Café|9am to 11pm(Mon-Sun)|Good|3.9|77
Chandra Vilas Namkeen|200|Street Food|Jodhpur|Paota|https://www.zomato.com/jodhpur/chandra-vilas-namkeen-paota/info|4|Quick Bites|9am to 930pm(Mon),9am to 10pm(Tue-Sun)|Very Good|4.1|151
Pizza Da Dhaba|200|Pizza|Jodhpur|Sardarpura|https://www.zomato.com/jodhpur/pizza-da-dhaba-sardarpura/info|4|Quick Bites|11am to 1130pm(Mon-Sun)|Good|3.8|79
Crossroads|600|North Indian,Thai,Chinese|Jodhpur|Air Force Area|https://www.zomato.com/jodhpur/crossroads-air-force-area/info|4|Casual Dining|11am to 11pm(Mon-Sun)|Very Good|4.1|64
Laziz Pizza|400|Fast Food,Pizza|Jodhpur|Sardarpura|https://www.zomato.com/jodhpur/laziz-pizza-sardarpura/info|4|Quick Bites|1145am to 1045am(Mon-Sun)|Very Good|4.1|82
Al-Haq Laziz|400|Mughlai,North Indian|Jodhpur|Kabir Nagar|https://www.zomato.com/jodhpur/al-haq-laziz-kabir-nagar/info|4|Quick Bites|11am to 11pm(Mon-Sun)|Average|3.4|72
Shri Multan Ji Sweets And Restaurant|300|Fast Food,Mithai,North Indian|Jodhpur|Paota|https://www.zomato.com/jodhpur/shri-multan-ji-sweets-and-restaurant-1-paota/info|4|Sweet Shop|10am to 1130pm(Mon-Sun)|Average|2.9|68
Bricks Restaurant|250|North Indian|Jodhpur|Maderana Colony|https://www.zomato.com/jodhpur/bricks-restaurant-maderana-colony/info|5|Quick Bites|1130am to 11pm(Mon-Sun)|Good|3.7|18
Sankalp|500|South Indian|Jodhpur|Sardarpura|https://www.zomato.com/jodhpur/sankalp-sardarpura/info|5|Casual Dining|11am to 11pm(Mon-Sun)|Very Good|4.0|102
Bricks Bakery|100|Bakery|Jodhpur|Paota|https://www.zomato.com/jodhpur/bricks-bakery-paota/info|5|Bakery|11am to 11pm(Mon-Sun)|Not rated|-|-
Bakeology|200|Bakery|Jodhpur|Ratanada|https://www.zomato.com/jodhpur/bakeology-ratanada/info|5|Bakery|930am to 930pm(Mon-Sun)|Good|3.6|80
Choudhary Mishtan Bhandar|300|Mithai|Jodhpur|Sardarpura|https://www.zomato.com/jodhpur/choudhary-mishtan-bhandar-sardarpura/info|5|Sweet Shop|7am to 10pm(Mon-Sun)|Good|3.9|78
Fun N Food Dinning|900|North Indian,South Indian|Jodhpur|Sardarpura|https://www.zomato.com/jodhpur/fun-n-food-dinning-sardarpura/info|5|Casual Dining|11am to 11pm(Mon-Sun)|Good|3.8|53
Mulla Ji Ka Dhaba|300|North Indian,Mughlai|Jodhpur|Station Road|https://www.zomato.com/jodhpur/mulla-ji-ka-dhaba-station-road/info|5|Quick Bites|10am to 11pm(Mon-Sun)|Very Good|4.0|75
Shahi Samosa|100|Fast Food|Jodhpur|Kabir Nagar|https://www.zomato.com/jodhpur/shahi-samosa-kabir-nagar/info|5|Quick Bites|8am to 8pm(Mon-Sun)|Very Good|4.0|86
Parihaar Bhojnalay|300|North Indian|Jodhpur|Sardarpura|https://www.zomato.com/jodhpur/parihaar-bhojnalay-sardarpura/info|5|Quick Bites|9am to 11pm(Mon-Sun)|Good|3.7|72
Barnella Fine Dinning Restaurant|800|North Indian,Salad|Jodhpur|Ratanada|https://www.zomato.com/jodhpur/barnella-fine-dinning-restaurant-ratanada/info|5|Casual Dining|1030am to 1030pm(Mon-Sun)|Very Good|4.1|73
Raj Arora Juice & Fast Food|200|Fast Food,Juices|Jodhpur|Chopasni Housing Board|https://www.zomato.com/jodhpur/raj-arora-juice-fast-food-chopasni-housing-board/info|5|Quick Bites|11am to 11pm(Mon-Sun)|Good|3.8|58
Rawat Misthan Bhandar|100|North Indian,Desserts,Street Food,Bakery|Jodhpur|Shastri Nagar|https://www.zomato.com/jodhpur/rawat-misthan-bhandar-shastri-nagar/info|5|Sweet Shop|11am to 11pm(Mon-Sun)|Good|3.5|37
Dipti Fast Food|200|Fast Food,Burger,Sandwich,Pizza|Jodhpur|Sardarpura|https://www.zomato.com/jodhpur/dipti-fast-food-sardarpura/info|5|Quick Bites|9am to 11pm(Mon-Sun)|Average|3.0|35
Chandra Shahi Samosa|100|Fast Food|Jodhpur|Cantt Area|https://www.zomato.com/jodhpur/chandra-shahi-samosa-cantt-area/info|5|Quick Bites|830am to 830pm(Mon-Sun)|Very Good|4.0|46
Al Kaif|400|Mughlai,Chinese,North Indian|Jodhpur|Sardarpura|https://www.zomato.com/jodhpur/al-kaif-sardarpura/info|5|Quick Bites|11am to 11pm(Mon-Sun)|Good|3.9|59
Skyzz|700|Chinese,Fast Food,North Indian,Italian,Mexican|Jodhpur|Cantt Area|https://www.zomato.com/jodhpur/skyzz-cantt-area/info|6|Casual Dining|11am to 11pm(Mon-Sun)|Good|3.6|77
Evening Point|100|Fast Food|Jodhpur|Sardarpura|https://www.zomato.com/jodhpur/evening-point-sardarpura/info|6|Quick Bites|4pm to 10pm(Mon-Sun)|Good|3.8|48
Guru Nanak Lassi and Fast Food|0|Fast Food,Beverages|Jodhpur|Chopasni Housing Board|https://www.zomato.com/jodhpur/guru-nanak-lassi-and-fast-food-chopasni-housing-board/info|6|Casual Dining|10am to 10pm(Mon-Sun)||NEW|NEW
The Secret Recipe|500|North Indian,Italian,Chinese,South Indian,Rajasthani|Jodhpur|Sardarpura|https://www.zomato.com/jodhpur/the-secret-recipe-sardarpura/info|6|Quick Bites|11am to 11pm(Mon-Sun)|Good|3.7|52
Fredy Foods|400|Pizza,Chinese,Ice Cream|Jodhpur|Chopasni Housing Board|https://www.zomato.com/jodhpur/fredy-foods-chopasni-housing-board/info|6|Quick Bites|11am to 11pm(Mon-Sun)|Very Good|4.0|44
Arora Namkeen|100|Mithai|Jodhpur|Paota|https://www.zomato.com/jodhpur/arora-namkeen-paota/info|6|none|9am to 730pm(Mon-Sun)|Good|3.5|11
Chandu Restaurant|250|North Indian|Jodhpur|Chopasni Housing Board|https://www.zomato.com/jodhpur/chandu-restaurant-chopasni-housing-board/info|6|none|10am to 11pm(Mon-Sun)|Good|3.9|45
Mughal Darbar Chinese Chicken Corner|400|Mughlai|Jodhpur|Kabir Nagar|https://www.zomato.com/jodhpur/mughal-darbar-chinese-chicken-corner-kabir-nagar/info|6|Quick Bites|1pm to 1am(Mon-Sun)|Good|3.8|59
Swagat Ice Cream Parlour and Juice Corner|200|Desserts,Juices|Jodhpur|Ratanada|https://www.zomato.com/jodhpur/swagat-ice-cream-parlour-and-juice-corner-ratanada/info|6|Dessert Parlor|945am to 1015pm(Mon-Sun)|Average|3.4|22
Kikis Cafe|500|Burger,Sandwich,Pizza,Rolls,Chinese,Fast Food|Jodhpur|Paota|https://www.zomato.com/jodhpur/kikis-cafe-2-paota/info|6|Quick Bites|230pm to 10pm(Mon,Tue,Wed,Fri,Sat,Sun)...|Good|3.7|35
Kothari juice & Ice Cream|200|Juices,Ice Cream|Jodhpur|Paota|https://www.zomato.com/jodhpur/kothari-juice-ice-cream-paota/info|6|Beverage Shop|11am to 11pm(Mon-Sun)|Good|3.6|44
Dabbawala Thali House|400|North Indian|Jodhpur|Basni|https://www.zomato.com/jodhpur/dabbawala-thali-house-basni/info|6|Quick Bites|11am to 10pm(Mon-Sun)|Good|3.7|23
Goli|150|Street Food|Jodhpur|Sardarpura|https://www.zomato.com/jodhpur/goli-1-sardarpura/info|6|Quick Bites|10am to 10pm(Mon-Sun)|Good|3.7|35
Jaljog Khatri Namkeen|100|Street Food|Jodhpur|Shastri Nagar|https://www.zomato.com/jodhpur/jaljog-khatri-namkeen-shastri-nagar/info|6|Quick Bites|7am to 9pm(Mon-Sun)|Good|3.8|24
Suman Vilas Namkeen and Sweets|100|Mithai,Fast Food|Jodhpur|Paota|https://www.zomato.com/jodhpur/suman-vilas-namkeen-and-sweets-paota/info|6|Sweet Shop|8am to 10pm(Mon-Sun)||NEW|NEW
21st Fast Food|100|Fast Food|Jodhpur|Shastri Nagar|https://www.zomato.com/jodhpur/21st-fast-food-shastri-nagar/info|7|Quick Bites|10am to 6pm(Mon-Sun)|Good|3.7|25
Jodhpur Dabbawala|400|North Indian|Jodhpur|Paota|https://www.zomato.com/jodhpur/jodhpur-dabbawala-paota/info|7|none|6am to 10pm(Mon-Sun)|Good|3.5|26
Grill And Chill Restaurant|250|North Indian,Chinese|Jodhpur|Basni|https://www.zomato.com/jodhpur/grill-and-chill-restaurant-basni/info|7|Quick Bites|11am to 10pm(Mon-Sun)||NEW|NEW
Shyama Sweets|300|Mithai|Jodhpur|Shastri Nagar|https://www.zomato.com/jodhpur/shyama-sweets-shastri-nagar/info|7|Sweet Shop|10am to 10pm(Mon-Sun)|Average|3.4|13
JN - Jodhpur Sweets and Namkeen|100|Desserts,Mithai|Jodhpur|Ratanada|https://www.zomato.com/jodhpur/jn-jodhpur-sweets-and-namkeen-ratanada/info|7|Sweet Shop|8am to 9pm(Mon-Sun)|Average|3.4|17
Dosa Plaza|400|South Indian|Jodhpur|Chopasni Housing Board|https://www.zomato.com/jodhpur/dosa-plaza-chopasni-housing-board/info|7|Quick Bites|12noon to 10pm(Mon-Sun)|Average|3.2|23
Rinku's Fast Food|150|Fast Food|Jodhpur|Air Force Area|https://www.zomato.com/jodhpur/rinkus-fast-food-air-force-area/info|7|Quick Bites|10am to 10pm(Mon-Sun)|Good|3.7|41
Food Adda - Fine Dining|500|North Indian|Jodhpur|Ratanada|https://www.zomato.com/jodhpur/food-adda-fine-dining-ratanada/info|7|Casual Dining|10am to 10pm(Mon-Sun)|Good|3.7|41
Arora Chat & Fast Food|100|Fast Food,Pizza|Jodhpur|Sardarpura|https://www.zomato.com/jodhpur/arora-chat-fast-food-sardarpura/info|7|Quick Bites|530pm to 930pm(Mon-Sun)|Good|3.7|36
New Arora Sweets and Namkeen|200|Mithai|Jodhpur|Pal Gaon|https://www.zomato.com/jodhpur/new-arora-sweets-and-namkeen-pal-gaon/info|7|Sweet Shop|7am to 10pm(Mon-Sun)|Good|3.5|20
Bombay A1 Sandwich|100|Sandwich,Burger|Jodhpur|Pal Gaon|https://www.zomato.com/jodhpur/bombay-a1-sandwich-pal-gaon/info|7|Quick Bites|12noon to 10pm(Mon-Sun)|Good|3.7|23
Guru Nanak Lassi Corner|0|Beverages|Jodhpur|Sardarpura|https://www.zomato.com/jodhpur/guru-nanak-lassi-corner-sardarpura/info|7|Food Truck|10am to 7pm(Mon-Sun)||NEW|NEW
Haveli Cafe & Lounge|300|Cafe|Jodhpur|Ratanada|https://www.zomato.com/jodhpur/haveli-cafe-lounge-ratanada/info|7|Café|10am to 10pm(Mon-Sun)|Average|3.3|14
Ice Cream Works|300|Desserts|Jodhpur|Cantt Area|https://www.zomato.com/jodhpur/ice-cream-works-cantt-area/info|7|Dessert Parlor|(Mon-Sun)|Average|3.2|15
Jail Khana|600|Cafe|Jodhpur|Sardarpura|https://www.zomato.com/jodhpur/jail-khana-sardarpura/info|7|Café|10am to 10pm(Mon-Sun)|Good|3.6|34
Jodhpuri Tadka Restaurant|500|North Indian|Jodhpur|Sardarpura|https://www.zomato.com/jodhpur/jodhpuri-tadka-restaurant-sardarpura/info|8|Casual Dining|11am to 10pm(Mon-Sun)|Average|3.3|26
The Beard Bistro|150|Indian|Jodhpur|Sardarpura|https://www.zomato.com/jodhpur/the-beard-bistro-sardarpura/info|8|Quick Bites|10am to 10pm(Mon-Sun)|Average|3.3|10
Pizza Break|150|Fast Food,Beverages|Jodhpur|Bhagat Ki Kothi|https://www.zomato.com/jodhpur/pizza-break-2-bhagat-ki-kothi/info|8|Food Court|10am to 10pm(Mon-Sun)|Good|3.6|20
MD Vada Pav|40|Fast Food|Jodhpur|Sardarpura|https://www.zomato.com/jodhpur/md-vada-pav-sardarpura/info|8|Quick Bites|11am to 10pm(Mon-Sun)|Good|3.5|14
Masala Kitchen|650|North Indian,Chinese,Fast Food,Continental|Jodhpur|Paota|https://www.zomato.com/jodhpur/masala-kitchen-paota/info|8|Casual Dining|24|Good|3.6|85
Bakeology|200|Bakery,Desserts|Jodhpur|Air Force Area|https://www.zomato.com/jodhpur/bakeology-air-force-area/info|8|Bakery|9am to 10pm(Mon-Sun)|Average|3.2|14
The Top Roast|600|Cafe,North Indian,Chinese,Burger,Sandwich,Beverages|Jodhpur|Sardarpura|https://www.zomato.com/jodhpur/the-top-roast-sardarpura/info|8|Casual Dining|11am to 11pm(Mon-Sun)|Good|3.8|66
RDZ 1983|400|Bakery|Jodhpur|Sardarpura|https://www.zomato.com/jodhpur/rdz-1983-sardarpura/info|8|Confectionery|11am to 11pm(Mon-Sun)|Good|3.5|19
Rigveda Ice Creams And Smoothies|150|Ice Cream|Jodhpur|Basni|https://www.zomato.com/jodhpur/rigveda-ice-creams-and-smoothies-basni/info|8|Dessert Parlor|11am to 10pm(Mon-Sun)||NEW|NEW
7 Scope Restaurant|300|North Indian,South Indian,Chinese|Jodhpur|Basni|https://www.zomato.com/jodhpur/7-scope-restaurant-basni/info|8|Quick Bites|11am to 10pm(Mon-Sun)||NEW|NEW
Rameshweri Paan and Cold Drinks|100|Paan|Jodhpur|Chopasni Housing Board|https://www.zomato.com/jodhpur/rameshweri-paan-and-cold-drinks-chopasni-housing-board/info|8|Paan Shop|(Mon-Sun)|Average|3.4|11
Cafe Freedom|250|Cafe,Chinese|Jodhpur|Basni|https://www.zomato.com/jodhpur/cafe-freedom-basni/info|8|Café|11am to 10pm(Mon-Sun)||NEW|NEW
Top 12 Food Point|300|Fast Food|Jodhpur|Sardarpura|https://www.zomato.com/jodhpur/top-12-food-point-sardarpura/info|8|Quick Bites|11am to 10pm(Mon-Sun)|Average|3.4|15
MK Ice & Fast Food|100|North Indian|Jodhpur|Sardarpura|https://www.zomato.com/jodhpur/mk-ice-fast-food-sardarpura/info|8|Quick Bites|7am to 8pm(Mon-Sun)|Average|3.1|10
The Jeeman Restaurant|150|North Indian|Jodhpur|Ratanada|https://www.zomato.com/jodhpur/the-jeeman-restaurant-ratanada/info|8|Quick Bites|10am to 4pm,6pm to 10pm(Mon-Sun)|Good|3.5|21
Call 4 Biryani|400|Biryani,Roast Chicken,North Indian|Jodhpur|Basni|https://www.zomato.com/jodhpur/call-4-biryani-basni/info|9|none|11am to 10pm(Mon,Wed,Thu,Fri,Sat,Sun),Closed...|Good|3.6|14
Khushi Fast Food|100|Fast Food,Chinese|Jodhpur|Sardarpura|https://www.zomato.com/jodhpur/khushi-fast-food-sardarpura/info|9|Quick Bites|10am to 10pm(Mon-Sun)|Average|3.4|14
Marwar Sweets|150|Desserts|Jodhpur|Basni|https://www.zomato.com/jodhpur/marwar-sweets-basni/info|9|Sweet Shop|11am to 10pm(Mon-Sun)||NEW|NEW
Kathri Shahi Namkeen|100|Street Food|Jodhpur|Bhagat Ki Kothi|https://www.zomato.com/jodhpur/kathri-shahi-namkeen-bhagat-ki-kothi/info|9|Quick Bites|7am to 10pm(Mon-Sun)|Average|3.2|9
Rus_teak|250|Burger,Cafe,Chinese|Jodhpur|Sardarpura|https://www.zomato.com/jodhpur/rus-teak-sardarpura/info|9|Café|10am to 10pm(Mon-Sun)||NEW|NEW
Cafe Coffee Break|400|Beverages|Jodhpur|Cantt Area|https://www.zomato.com/jodhpur/cafe-coffee-break-cantt-area/info|9|Beverage Shop|8am to 10pm(Mon-Sun)|Average|3.4|13
Shree Arihant Bakers|300|Desserts,Beverages|Jodhpur|Paota|https://www.zomato.com/jodhpur/shree-arihant-bakers-paota/info|9|Bakery|10am to 10pm(Mon-Sun)|Average|3.0|4
Balaji Pan Bhandar|100|Paan|Jodhpur|Chopasni Housing Board|https://www.zomato.com/jodhpur/balaji-pan-bhandar-chopasni-housing-board/info|9|Paan Shop|8am to 2pm,5pm to 10pm(Mon-Sun)||NEW|NEW
Blue Ridge Cafe & Fast Food|300|Fast Food|Jodhpur|Paota|https://www.zomato.com/jodhpur/blue-ridge-cafe-fast-food-paota/info|9|Quick Bites|11am to 930pm(Mon-Sun)|Average|2.7|5
Pirates The Du Matin|200|North Indian,Continental,Chinese|Jodhpur|Shastri Nagar|https://www.zomato.com/jodhpur/pirates-the-du-matin-shastri-nagar/info|9|Quick Bites|10am to 10pm(Mon-Sun)|Good|3.5|16
Krishna Arora Shahi Namkeen|100|Street Food,Mithai|Jodhpur|Paota|https://www.zomato.com/jodhpur/krishna-arora-shahi-namkeen-paota/info|9|Quick Bites|10am to 10pm(Mon-Sun)|Average|2.9|4
Hungry Fast Food & Restaurant|250|Fast Food,North Indian|Jodhpur|Chopasni Housing Board|https://www.zomato.com/jodhpur/hungry-fast-food-restaurant-chopasni-housing-board/info|9|Quick Bites|11am to 11pm(Mon-Sun)|Good|3.8|42
Vaishnav Fast Food|100|Fast Food|Jodhpur|Shastri Nagar|https://www.zomato.com/jodhpur/vaishnav-fast-food-shastri-nagar/info|9|none|11am to 10pm(Mon-Sun)|Average|3.1|6
K.B. Restaurant|400|North Indian|Jodhpur|Sardarpura|https://www.zomato.com/jodhpur/k-b-restaurant-sardarpura/info|9|Casual Dining|11am to 10pm(Mon-Sun)|Average|3.2|7
MANU'S KITCHEN|200|North Indian,Rajasthani|Jodhpur|Paota|https://www.zomato.com/jodhpur/manus-kitchen-paota/info|9|Quick Bites|10am to 8pm(Mon-Sun)|Average|3.2|7
