NAME|PRICE|CUSINE_CATEGORY|CITY|REGION|URL|PAGE NO|CUSINE TYPE|TIMING|RATING_TYPE|RATING|VOTES
Dehaati|800|Maharashtrian|Kolhapur|Shahupuri|https://www.zomato.com/kolhapur/dehaati-shahupuri/info|1|Casual Dining|1230pm to 330pm,730pm to 1030pm(Mon-Sun)|Excellent|4.8|37
Chittu's Rasoi|200|North Indian,Maharashtrian|Kolhapur|Tarabhai Park|https://www.zomato.com/kolhapur/chittus-rasoi-tarabhai-park/info|1|Casual Dining|12noon to 4pm,7pm to 11pm(Mon-Sun)|Good|3.8|22
McDonald's|500|Burger,Fast Food|Kolhapur|Shahupuri|https://www.zomato.com/kolhapur/mcdonalds-shahupuri/info|1|Quick Bites|8am to 1am(Mon-Sun)|Very Good|4.0|32
UFO Fries & Corn|300|Burger,Fast Food,Beverages|Kolhapur|Rajarampuri|https://www.zomato.com/kolhapur/ufo-fries-corn-rajarampuri/info|1|Quick Bites|11am to 11pm(Mon-Sun)|Very Good|4.1|20
Kababiya Restaurant|800|Mughlai,Kebab|Kolhapur|Rajarampuri|https://www.zomato.com/kolhapur/kababiya-restaurant-rajarampuri/info|1|Casual Dining|12noon to 3pm,7pm to 11pm(Mon-Sun)|Good|3.8|17
Shamsuman Pure Veg Restaurant|600|North Indian|Kolhapur|Kasaba Bawada|https://www.zomato.com/kolhapur/shamsuman-pure-veg-restaurant-kasaba-bawada/info|1|Casual Dining|11am to 4pm,7pm to 11pm(Mon-Sun)|Good|3.6|15
Tanatan|1000|Indian|Kolhapur|Shahupuri|https://www.zomato.com/kolhapur/tanatan-shahupuri/info|1|Casual Dining|1230pm to 330pm,730pm to 1130pm(Mon-Sun)|Excellent|4.5|20
Hotel See Tara|700|North Indian,Mughlai,Chinese|Kolhapur|Rajarampuri|https://www.zomato.com/kolhapur/hotel-see-tara-rajarampuri/info|1|Casual Dining|11am to 3pm,7pm to 11pm(Mon-Sun)|Good|3.7|18
Niyaaz Restaurant|400|Biryani|Kolhapur|Rajarampuri|https://www.zomato.com/kolhapur/niyaaz-restaurant-rajarampuri/info|1|Casual Dining|11am to 11pm(Mon-Sun)|Good|3.8|7
Pappe Da Tashan|800|North Indian|Kolhapur|Tarabhai Park|https://www.zomato.com/kolhapur/pappe-da-tashan-tarabhai-park/info|1|Casual Dining|11am to 330pm,7pm to 1115pm(Mon-Sun)|Very Good|4.2|33
Double Dhekar|100|Beverages,Burger,Desserts,Ice Cream,Sandwich|Kolhapur|Rajarampuri|https://www.zomato.com/kolhapur/double-dhekar-rajarampuri/info|1|Café|10am to 11pm(Mon-Sun)|Not rated|-|-
Hotel Alisha|800|North Indian,Mughlai|Kolhapur|Tarabhai Park|https://www.zomato.com/kolhapur/hotel-alisha-tarabhai-park/info|1|Casual Dining|1230pm to 1030am(Mon-Sun)|Very Good|4.0|36
Natural Ice Cream|150|Ice Cream|Kolhapur|Rajarampuri|https://www.zomato.com/kolhapur/natural-ice-cream-rajarampuri/info|1|Dessert Parlor|11am to 12midnight(Mon-Sun)|Very Good|4.1|7
Subway|300|Sandwich,Healthy Food,Salad|Kolhapur|Ruikar Colony|https://www.zomato.com/kolhapur/subway-ruikar-colony/info|1|Casual Dining|11am to 11pm(Mon-Sun)|Very Good|4.3|12
Tandoor|1000|North Indian,BBQ|Kolhapur|Shahupuri|https://www.zomato.com/kolhapur/tandoor-shahupuri/info|1|Casual Dining|1130am to 3pm,7pm to 11pm(Mon-Sun)|Good|3.7|18
AK S kitchen|150|Maharashtrian,Beverages|Kolhapur|Mangalwar Peth|https://www.zomato.com/kolhapur/ak-s-kitchen-mangalwar-peth/info|10|Quick Bites|12noon to 4pm(Mon-Sun)||NEW|NEW
Maratha Nashta Center|100|North Indian,Maharashtrian|Kolhapur|Mangalwar Peth|https://www.zomato.com/kolhapur/maratha-nashta-center-mangalwar-peth/info|10|Quick Bites|7am to 11am(Mon-Sun)||NEW|NEW
Hotel Bavada misal|100|Maharashtrian|Kolhapur|Kasaba Bawada|https://www.zomato.com/kolhapur/hotel-bavada-misal-kasaba-bawada/info|10|Quick Bites|830am to 5pm(Mon-Sun)|Not rated|-|-
Rajpurohit Sweets|100|Mithai,Bakery|Kolhapur|Shahupuri|https://www.zomato.com/kolhapur/rajpurohit-sweets-shahupuri/info|10|Bakery|8am to 10pm(Mon-Sun)|Not rated|-|-
Milano's|800|Continental,Italian,Mexican|Kolhapur|Rajarampuri|https://www.zomato.com/kolhapur/milanos-rajarampuri/info|10|Casual Dining|9am to 930pm(Mon-Sun)|Not rated|-|-
Food Mood|300|Bakery|Kolhapur|Tarabhai Park|https://www.zomato.com/kolhapur/food-mood-2-tarabhai-park/info|10|Bakery|11am to 9pm(Mon-Sun)|Not rated|-|-
Shree Ganesh Dabheli Center|150|Maharashtrian,Sandwich|Kolhapur|Deokar Panand|https://www.zomato.com/kolhapur/shree-ganesh-dabheli-center-deokar-panand/info|10|Quick Bites|4pm to 10pm(Mon-Sun)|Not rated|-|-
Cafe Idli|100|South Indian|Kolhapur|Mangalwar Peth|https://www.zomato.com/kolhapur/cafe-idli-mangalwar-peth/info|10|Café|8am to 7pm(Mon-Sun)|Not rated|-|-
Laziz Pizza|200|Pizza|Kolhapur|Kasaba Bawada|https://www.zomato.com/kolhapur/laziz-pizza-1-kasaba-bawada/info|10|Quick Bites|10am to 10pm(Mon-Sun)|Not rated|-|-
Cafe Creme|200|North Indian|Kolhapur|Rajarampuri|https://www.zomato.com/kolhapur/cafe-creme-rajarampuri/info|10|Quick Bites|10am to 10pm(Mon-Sun)|Not rated|-|-
Masala Pot|500|North Indian|Kolhapur|Tarabhai Park|https://www.zomato.com/kolhapur/masala-pot-tarabhai-park/info|10|Casual Dining|11am to 3pm,7pm to 1045pm(Mon-Sun)|Average|3.2|4
The London Shakes|300|Italian,Sandwich,Beverages|Kolhapur|Rajarampuri|https://www.zomato.com/kolhapur/the-london-shakes-rajarampuri/info|10|Quick Bites|12noon to 1130pm(Mon-Sun)|Good|3.7|8
Food Mood Sandwiches|300|Fast Food|Kolhapur|Shahupuri|https://www.zomato.com/kolhapur/food-mood-sandwiches-shahupuri/info|10|Quick Bites|5pm to 11pm(Mon-Sun)|Good|3.8|4
Dum - Rice N More|400|Maharashtrian,North Indian|Kolhapur|Shahupuri|https://www.zomato.com/kolhapur/dum-rice-n-more-shahupuri/info|10|none|12noon to 330pm,7pm to 11pm(Mon-Sun)|Good|3.5|9
Bagicha|800|North Indian|Kolhapur|Tarabhai Park|https://www.zomato.com/kolhapur/bagicha-tarabhai-park/info|10|Casual Dining|1230pm to 330pm,730pm to 1130pm(Mon-Sun)|Not rated|-|-
Padma Guest House|500|Maharashtrian|Kolhapur|Shahupuri|https://www.zomato.com/kolhapur/padma-guest-house-shahupuri/info|11|Quick Bites|1130am to 430pm,7pm to 1145pm(Mon-Sun)|Average|3.2|4
Chatar Patar|200|Fast Food|Kolhapur|Rajarampuri|https://www.zomato.com/kolhapur/chatar-patar-rajarampuri/info|11|Café|10am to 1030pm(Mon-Sun)|Not rated|-|-
Sarthi Pure Veg.|800|North Indian,Maharashtrian|Kolhapur|Mangalwar Peth|https://www.zomato.com/kolhapur/sarthi-pure-veg-mangalwar-peth/info|11|Casual Dining|11am to 1130pm(Mon-Sun)|Average|2.8|9
Pappe Da Tashan|400||Kolhapur|Kasaba Bawada|https://www.zomato.com/kolhapur/pappe-da-tashan-kasaba-bawada/info|11|Casual Dining|11am to 330pm,7pm to 11pm(Mon-Sun)|Average|3.4|5
Zorba Restaurant|400|North Indian,South Indian|Kolhapur|Shahupuri|https://www.zomato.com/kolhapur/zorba-restaurant-shahupuri/info|11|Casual Dining|11am to 3pm,7pm to 11pm(Mon-Sun)|Good|3.6|10
Arabian Chicken Shawarma Roll In Olive Oil|300|Lebanese|Kolhapur|Tarabhai Park|https://www.zomato.com/kolhapur/arabian-chicken-shawarma-roll-in-olive-oil-tarabhai-park/info|11|Quick Bites|530pm to 11pm(Mon-Sun)|Not rated|-|-
Frozen Bottle|400|Ice Cream,Desserts,Beverages|Kolhapur|Shahupuri|https://www.zomato.com/kolhapur/frozen-bottle-shahupuri/info|11|Beverage Shop|10am to 11pm(Mon-Sun)|Not rated|-|-
The Yellow Chilli|700|Chinese,North Indian|Kolhapur|Tarabhai Park|https://www.zomato.com/kolhapur/the-yellow-chilli-tarabhai-park/info|11|Casual Dining|12noon to 3pm,7pm to 11pm(Mon-Sun)|Average|3.2|6
Suroday Food Point|80|Fast Food,Indian,Maharashtrian|Kolhapur|Shahupuri|https://www.zomato.com/kolhapur/suroday-food-point-shahupuri/info|11|Casual Dining|9am to 1130pm(Mon-Sun)|Not rated|-|-
Barbeque Nation|1000|North Indian,Kebab,BBQ,Chinese|Kolhapur|Shahupuri|https://www.zomato.com/kolhapur/barbeque-nation-shahupuri/info|11|Casual Dining|7pm to 11pm(Mon-Fri),1230pm to 330pm,7pm to ...|Good|3.7|10
MFC - Mr. Fried Chicken|300|Fast Food,American,Burger|Kolhapur|Shahupuri|https://www.zomato.com/kolhapur/mfc-mr-fried-chicken-shahupuri/info|11|Quick Bites|11am to 11pm(Mon-Sun)|Average|3.0|6
Littil Chinese & Roll|100|Chinese|Kolhapur|Shahu Market Yard|https://www.zomato.com/kolhapur/littil-chinese-roll-shahu-market-yard/info|11|none|5pm to 11pm(Mon-Sun)||NEW|NEW
Chinu's Chinese Restaurant|700|Chinese|Kolhapur|Tarabhai Park|https://www.zomato.com/kolhapur/chinus-chinese-restaurant-tarabhai-park/info|11|Casual Dining|11am to 1130pm(Mon-Sun)|Average|3.1|5
A Silverr Oak|250|Beverages,Biryani,Chinese,Coffee,Desserts,Maharashtrian|Kolhapur|Mangalwar Peth|https://www.zomato.com/kolhapur/a-silverr-oak-mangalwar-peth/info|11|Bhojanalya|7am to 1030pm(Mon-Sun)|Not rated|-|-
Jai Ambe Multi Fusion Food and Shakes|200|Juices,Fast Food|Kolhapur|Pratibha Nagar|https://www.zomato.com/kolhapur/jai-ambe-multi-fusion-food-and-shakes-pratibha-nagar/info|11|Quick Bites|11am to 11pm(Mon-Sun)|Not rated|-|-
Food Plaza|200|Burger,Cafe,Chinese,Coffee,Continental,Fast Food|Kolhapur|Kasaba Bawada|https://www.zomato.com/kolhapur/food-plaza-kasaba-bawada/info|12|Café|7am to 11pm(Mon-Sun)|Average|3.4|6
Hotel Zaika|600|North Indian,Maharashtrian|Kolhapur|Shivaji Udyam Nagar|https://www.zomato.com/kolhapur/hotel-zaika-shivaji-udyam-nagar/info|12|Casual Dining|11am to 3pm,7pm to 11pm(Mon-Sun)|Average|2.9|6
My Marathi|700|Maharashtrian,North Indian|Kolhapur|Shahupuri|https://www.zomato.com/kolhapur/my-marathi-shahupuri/info|12|Casual Dining|8am to 11pm(Mon-Sun)|Not rated|-|-
Meals Off Road By Food Saga|300|North Indian|Kolhapur|Phulewadi|https://www.zomato.com/kolhapur/meals-off-road-by-food-saga-phulewadi/info|12|none|6pm to 11pm(Mon-Sun)||NEW|NEW
Hotel Nilesh|450|Indian|Kolhapur|Mangalwar Peth|https://www.zomato.com/kolhapur/hotel-nilesh-mangalwar-peth/info|12|Casual Dining|6pm to 11pm(Mon-Sun)|Not rated|-|-
QUEEN'S FAMILY RESTAURANT|300|Biryani,Chinese,Coffee,Kebab|Kolhapur|Mangalwar Peth|https://www.zomato.com/kolhapur/queens-family-restaurant-mangalwar-peth/info|12|Fine Dining|11am to 3pm,7pm to 11pm(Mon-Sun)|Not rated|-|-
The Momoking|100|Momos|Kolhapur|Tarabhai Park|https://www.zomato.com/kolhapur/the-momoking-tarabhai-park/info|12|Food Truck|6pm to 1030pm(Mon-Sun)|Not rated|-|-
Audumbar Pure Veg|500|North Indian|Kolhapur|Mangalwar Peth|https://www.zomato.com/kolhapur/audumbar-pure-veg-mangalwar-peth/info|12|Quick Bites|11am to 11pm(Mon-Sun)|Average|3.0|4
Hotel Saiba|600|North Indian,Chinese|Kolhapur|Tarabhai Park|https://www.zomato.com/kolhapur/hotel-saiba-tarabhai-park/info|12|Casual Dining|11am to 3pm,7pm to 11pm(Mon-Sun)|Average|2.9|5
RAJWADI|200|Beverages,Burger,Coffee,Gujarati,Pizza,Sandwich,South Indian,Tea|Kolhapur|Ruikar Colony|https://www.zomato.com/kolhapur/rajwadi-ruikar-colony/info|12|Quick Bites|11am to 11pm(Mon-Sun)|Not rated|-|-
Trushashanti Ice Cream and Cold drinks|100||Kolhapur|Shivaji Udyam Nagar|https://www.zomato.com/kolhapur/trushashanti-ice-cream-and-cold-drinks-shivaji-udyam-nagar/info|12|Dessert Parlor|10am to 11pm(Mon-Sun)|Not rated|-|-
Pahunchar|800|Maharashtrian|Kolhapur|Rajarampuri|https://www.zomato.com/kolhapur/pahunchar-rajarampuri/info|12|Casual Dining|11am to 3pm,7pm to 11pm(Mon-Sun)|Not rated|-|-
Hotel Nitya|500|North Indian,Maharashtrian,Chinese|Kolhapur|Shahupuri|https://www.zomato.com/kolhapur/hotel-nitya-shahupuri/info|12|Casual Dining|10am to 1130pm(Mon-Sun)|Not rated|-|-
The Thalis Kolhapuri Thali & Biryani|500|Maharashtrian,Biryani|Kolhapur|Rajarampuri|https://www.zomato.com/kolhapur/the-thalis-kolhapuri-thali-biryani-rajarampuri/info|12|Casual Dining|730pm to 11pm(Mon-Sun)|Not rated|-|-
Hotel Fishking|400|Indian,Maharashtrian,Malwani|Kolhapur|Shahupuri|https://www.zomato.com/kolhapur/hotel-fishking-shahupuri/info|12|Fine Dining|12noon to 330pm,7pm to 11pm(Mon-Sun)|Not rated|-|-
Jay Maharashtra Chicken 65 Center|100|Chinese|Kolhapur|Rajarampuri|https://www.zomato.com/kolhapur/jay-maharashtra-chicken-65-center-rajarampuri/info|13|none|7pm to 11pm(Mon-Sun)||NEW|NEW
Hotel Shetkari|700|North Indian|Kolhapur|Phulewadi|https://www.zomato.com/kolhapur/hotel-shetkari-phulewadi/info|13|Casual Dining|11am to 3pm,7pm to 11pm(Mon-Sun)|Average|3.1|5
Tic Tac kababs|700|North Indian,Chinese|Kolhapur|Tarabhai Park|https://www.zomato.com/kolhapur/tic-tac-kababs-tarabhai-park/info|13|Casual Dining|12noon to 3pm,7pm to 11pm(Mon-Sun)|Average|3.2|4
lazeezo shawarna|200|Kebab,Turkish|Kolhapur|Rajarampuri|https://www.zomato.com/kolhapur/lazeezo-shawarna-rajarampuri/info|13|Café|5pm to 11pm(Mon-Sun)|Not rated|-|-
Sakoli|400|Maharashtrian|Kolhapur|Mangalwar Peth|https://www.zomato.com/kolhapur/sakoli-mangalwar-peth/info|13|Quick Bites|7am to 11pm(Mon-Sun)|Not rated|-|-
India Curry's|500|Maharashtrian|Kolhapur|Mangalwar Peth|https://www.zomato.com/kolhapur/india-currys-mangalwar-peth/info|13|Fine Dining|11am to 11pm(Mon-Sun)|Not rated|-|-
Galaxy Scoop Baskin Robbins|200|Ice Cream|Kolhapur|Hari Om Nagar|https://www.zomato.com/kolhapur/galaxy-scoop-baskin-robbins-hari-om-nagar/info|13|Quick Bites|11am to 11pm(Mon-Sun)||NEW|NEW
Smokin Joe's|400|Fast Food,Pizza|Kolhapur|Ruikar Colony|https://www.zomato.com/kolhapur/smokin-joes-ruikar-colony/info|13|Quick Bites|11am to 11pm(Mon-Sun)|Not rated|-|-
Hotel K Tree|300|North Indian|Kolhapur|Shahupuri|https://www.zomato.com/kolhapur/hotel-k-tree-shahupuri/info|13|Quick Bites|12noon to 3pm,7pm to 11pm(Mon-Sun)|Not rated|-|-
Prem Pizza Corner & Snack point|200|Sandwich,Pizza,Burger,Beverages|Kolhapur|Rajarampuri|https://www.zomato.com/kolhapur/prem-pizza-corner-snack-point-rajarampuri/info|13|Café|1030am to 1030pm(Mon-Sun)|Not rated|-|-
Hotel Shriraj|400|Maharashtrian|Kolhapur|Hari Om Nagar|https://www.zomato.com/kolhapur/hotel-shriraj-hari-om-nagar/info|13|Fine Dining|11am to 330pm,7pm to 1130pm(Mon-Sun)|Not rated|-|-
WOK veg-non veg|350|Chinese,Thai|Kolhapur|Shahupuri|https://www.zomato.com/kolhapur/wok-veg-non-veg-shahupuri/info|13|Quick Bites|11am to 11pm(Mon-Sun)|Not rated|-|-
Mhavra|600|Malwani,Maharashtrian,Chinese|Kolhapur|Tarabhai Park|https://www.zomato.com/kolhapur/mhavra-tarabhai-park/info|13|Casual Dining|11am to 3pm,7pm to 11pm(Mon-Sun)|Average|3.3|4
Gajali Sea Food Restaurant|1200|North Indian,Seafood|Kolhapur|Rajarampuri|https://www.zomato.com/kolhapur/gajali-sea-food-restaurant-rajarampuri/info|13|Casual Dining|1130am to 11pm(Mon-Sun)|Average|3.1|4
Hotel Fuloara|450|Maharashtrian|Kolhapur|Rajarampuri|https://www.zomato.com/kolhapur/hotel-fuloara-rajarampuri/info|13|Fine Dining|1130am to 3pm,730pm to 11pm(Mon-Sun)|Not rated|-|-
Mhavra-the malvani fish house|600|Indian|Kolhapur|Tarabhai Park|https://www.zomato.com/kolhapur/mhavra-the-malvani-fish-house-tarabhai-park/info|14|Casual Dining|12noon to 3pm,7pm to 11pm(Mon-Sun)|Not rated|-|-
Rajabal Pan Mandir|50|Paan|Kolhapur|Rajarampuri|https://www.zomato.com/kolhapur/rajabal-pan-mandir-1-rajarampuri/info|14|Paan Shop|9am to 11pm(Mon-Sun)||NEW|NEW
Hotel Ramkrishna corner|300|Indian,Kebab,Maharashtrian|Kolhapur|Shahupuri|https://www.zomato.com/kolhapur/hotel-ramkrishna-corner-shahupuri/info|14|Fine Dining|11am to 330pm,7pm to 11pm(Mon-Sun)|Not rated|-|-
Cake and Bake|100|Sandwich,Pizza,Burger,Beverages,Desserts|Kolhapur|Mangalwar Peth|https://www.zomato.com/kolhapur/cake-and-bake-mangalwar-peth/info|14|Bakery|8am to 12midnight(Mon-Sun)|Not rated|-|-
Khana Peena|350|Fast Food|Kolhapur|Mangalwar Peth|https://www.zomato.com/kolhapur/khana-peena-mangalwar-peth/info|14|Quick Bites|6pm to 11pm(Mon-Sun)|Not rated|-|-
Panchvati Gaurav|800|North Indian,Rajasthani|Kolhapur|Ruikar Colony|https://www.zomato.com/kolhapur/panchvati-gaurav-ruikar-colony/info|14|Casual Dining|11am to 330pm,730pm to 11pm(Mon-Sun)|Not rated|-|-
The China Kitchen|100|Chinese|Kolhapur|Kasaba Bawada|https://www.zomato.com/kolhapur/the-china-kitchen-kasaba-bawada/info|14|Casual Dining|11am to 11pm(Mon-Sun)|Not rated|-|-
Next Bite|200|Sandwich,Pizza,Ice Cream,Burger,Beverages|Kolhapur|Mangalwar Peth|https://www.zomato.com/kolhapur/next-bite-mangalwar-peth/info|14|Café|11am to 1030pm(Mon-Sun)||NEW|NEW
Rolls Maina|200|Wraps|Kolhapur|Hari Om Nagar|https://www.zomato.com/kolhapur/rolls-maina-hari-om-nagar/info|14|Food Court|12noon to 1030pm(Mon-Sun)||NEW|NEW
Biryani Pot|200|Maharashtrian|Kolhapur|Hari Om Nagar|https://www.zomato.com/kolhapur/biryani-pot-hari-om-nagar/info|14|Fine Dining|12noon to 4pm,7pm to 11pm(Mon-Sun)|Not rated|-|-
A Ccream Corner|150|Ice Cream|Kolhapur|Tarabhai Park|https://www.zomato.com/kolhapur/a-ccream-corner-tarabhai-park/info|14|Dessert Parlor|11am to 11pm(Mon-Sun)|Not rated|-|-
Hotel Silver Oak|400|Chinese,Indian,Maharashtrian|Kolhapur|Shahupuri|https://www.zomato.com/kolhapur/hotel-silver-oak-shahupuri/info|14|Café|11am to 4pm,6pm to 11pm(Mon-Sun)|Not rated|-|-
The Fox Cafe|350|Beverages,Cafe,Continental,Ice Cream,Salad,Sandwich|Kolhapur|Tarabhai Park|https://www.zomato.com/kolhapur/the-fox-cafe-tarabhai-park/info|14|Café|1030am to 11pm(Mon-Sun)|Not rated|-|-
Cafe  Takkari Ya|100|Beverages|Kolhapur|Pratibha Nagar|https://www.zomato.com/kolhapur/cafe-takkari-ya-pratibha-nagar/info|14|Café|12noon to 11pm(Mon-Sun)|Not rated|-|-
Solanki cold drink house|100|Desserts,Beverages,Ice Cream,Juices|Kolhapur|Mangalwar Peth|https://www.zomato.com/kolhapur/solanki-cold-drink-house-mangalwar-peth/info|14|Beverage Shop|1030am to 12midnight(Mon-Sun)|Not rated|-|-
China DIne|400|Chinese|Kolhapur|Rajarampuri|https://www.zomato.com/kolhapur/china-dine-rajarampuri/info|15|Quick Bites|11am to 11pm(Mon-Sun)|Not rated|-|-
Hotel Gajali|800|Maharashtrian,Seafood|Kolhapur|Shivaji Udyam Nagar|https://www.zomato.com/kolhapur/hotel-gajali-shivaji-udyam-nagar/info|15|Casual Dining|1130am to 11pm(Mon-Sun)|Not rated|-|-
Flavours|800|North Indian,Chinese|Kolhapur|Tarabhai Park|https://www.zomato.com/kolhapur/flavours-tarabhai-park/info|15|Casual Dining|11am to 1030pm(Mon-Sun)|Not rated|-|-
Gimlet|800|North Indian,Mughlai,Chinese|Kolhapur|Tarabhai Park|https://www.zomato.com/kolhapur/gimlet-tarabhai-park/info|15|Casual Dining|11am to 11pm(Mon-Sun)|Not rated|-|-
Maruti Wadakombda|500|Maharashtrian,North Indian,Chinese|Kolhapur|Tarabhai Park|https://www.zomato.com/kolhapur/maruti-wadakombda-tarabhai-park/info|15|Quick Bites|11am to 3pm,7pm to 11pm(Mon-Sun)|Not rated|-|-
KISAN DHABA|250|Maharashtrian|Kolhapur|Kasaba Bawada|https://www.zomato.com/kolhapur/kisan-dhaba-1-kasaba-bawada/info|15|Dhaba|12noon to 3pm,730pm to 11pm(Mon-Sun)|Not rated|-|-
Shree Sai Amboli Center|400|North Indian|Kolhapur|Kasaba Bawada|https://www.zomato.com/kolhapur/shree-sai-amboli-center-kasaba-bawada/info|15|Casual Dining|11am to 11pm(Mon-Sun)|Not rated|-|-
Kapils Take Away|400|Fast Food,Biryani|Kolhapur|Line Bazaar|https://www.zomato.com/kolhapur/kapils-take-away-line-bazaar/info|15|Casual Dining|11am to 11pm(Mon-Sun)||NEW|NEW
Shuchi Namkeen & Sweets|200|Ice Cream|Kolhapur|Mangalwar Peth|https://www.zomato.com/kolhapur/shuchi-namkeen-sweets-mangalwar-peth/info|15|Sweet Shop|10am to 11pm(Mon-Sun)|Not rated|-|-
Solanki Ice cream and Cold drinks.|150|Desserts|Kolhapur|Tarabhai Park|https://www.zomato.com/kolhapur/solanki-ice-cream-and-cold-drinks-tarabhai-park/info|15|Dessert Parlor|11am to 11pm(Mon-Sun)|Not rated|-|-
Hotel Marathi Khasiyat|100|Indian|Kolhapur|Ruikar Colony|https://www.zomato.com/kolhapur/hotel-marathi-khasiyat-ruikar-colony/info|15|Bhojanalya|12noon to 330pm,7pm to 11pm(Mon-Sun)|Not rated|-|-
Hot and Tasty Rolls|150|Wraps|Kolhapur|Mangalwar Peth|https://www.zomato.com/kolhapur/hot-and-tasty-rolls-mangalwar-peth/info|15|Food Court|4pm to 1030pm(Mon-Sun)||NEW|NEW
Chattar Patter|100|North Indian|Kolhapur|Line Bazaar|https://www.zomato.com/kolhapur/chattar-patter-line-bazaar/info|15|Quick Bites|10am to 11pm(Mon-Sun)||NEW|NEW
New Test Briyani And Nashta Center|150|North Indian,Biryani|Kolhapur|Shahupuri|https://www.zomato.com/kolhapur/new-test-briyani-and-nashta-center-shahupuri/info|15|Quick Bites|6pm to 11pm(Mon-Sun)||NEW|NEW
Solanki Ice Cream|150|Ice Cream,Beverages|Kolhapur|Mangalwar Peth|https://www.zomato.com/kolhapur/solanki-ice-cream-mangalwar-peth/info|15|none|11am to 11pm(Mon-Sun)||NEW|NEW
Arabian Knights|1000|North Indian|Kolhapur|Line Bazaar|https://www.zomato.com/kolhapur/arabian-knights-line-bazaar/info|16|Casual Dining|1130am to 3pm,7pm to 11pm(Mon,Tue,Wed,Fri...|Not rated|-|-
Dragon Gold|300|Maharashtrian,Chinese,Biryani|Kolhapur|Hari Om Nagar|https://www.zomato.com/kolhapur/dragon-gold-hari-om-nagar/info|16|Fine Dining|11am to 3pm,7pm to 11pm(Mon-Sun)||NEW|NEW
Hotel Murali|500|North Indian,Maharashtrian|Kolhapur|Mangalwar Peth|https://www.zomato.com/kolhapur/hotel-murali-mangalwar-peth/info|16|Casual Dining|11am to 3pm,7pm to 11pm(Mon-Sun)|Not rated|-|-
Hotel Rajdhani|500|Maharashtrian|Kolhapur|Tarabhai Park|https://www.zomato.com/kolhapur/hotel-rajdhani-tarabhai-park/info|16|Quick Bites|11am to 3pm,7pm to 11pm(Mon-Sun)|Not rated|-|-
Rolls Mania|200|Rolls|Kolhapur|Rajarampuri|https://www.zomato.com/kolhapur/rolls-mania-rajarampuri/info|16|Quick Bites|10am to 11pm(Mon-Sun)|Not rated|-|-
Hotel Sai Garden|800|North Indian,Chinese|Kolhapur|Vidya Nagar|https://www.zomato.com/kolhapur/hotel-sai-garden-vidya-nagar/info|16|Casual Dining|11am to 3pm,7pm to 11pm(Mon-Sun)|Not rated|-|-
Hyderabadi Biryani|300|Biryani|Kolhapur|Kasaba Bawada|https://www.zomato.com/kolhapur/hyderabadi-biryani-kasaba-bawada/info|16|Casual Dining|11am to 11pm(Mon-Sun)|Not rated|-|-
Rolls Mania|300|Fast Food|Kolhapur|Tarabhai Park|https://www.zomato.com/kolhapur/rolls-mania-tarabhai-park/info|16|Quick Bites|12noon to 11pm(Mon-Sun)|Not rated|-|-
Manora|500|North Indian,Mughlai,Chinese|Kolhapur|Shivaji Udyam Nagar|https://www.zomato.com/kolhapur/manora-shivaji-udyam-nagar/info|16|Quick Bites|11am to 3pm,7pm to 11pm(Mon-Sun)|Not rated|-|-
Preetham Restaurant & Bar|600|North Indian,Chinese,Maharashtrian|Kolhapur|Shivaji Udyam Nagar|https://www.zomato.com/kolhapur/preetham-restaurant-bar-shivaji-udyam-nagar/info|16|Casual Dining|1130am to 3pm,630pm to 1130pm(Mon-Sun)|Not rated|-|-
Hotel Panver|800|North Indian,Chinese|Kolhapur|Shahupuri|https://www.zomato.com/kolhapur/hotel-panver-shahupuri/info|16|Casual Dining|7am to 11pm(Mon-Sun)|Not rated|-|-
Hotel Pahunchar|500|North Indian|Kolhapur|Rajarampuri|https://www.zomato.com/kolhapur/hotel-pahunchar-rajarampuri/info|16|Casual Dining|11am to 11pm(Mon-Sun)|Not rated|-|-
Masala Grills|600|Chinese,North Indian,Maharashtrian|Kolhapur|Tarabhai Park|https://www.zomato.com/kolhapur/masala-grills-tarabhai-park/info|16|Casual Dining|11am to 3pm,7pm to 1130pm(Mon-Sun)|Not rated|-|-
Hotel Ruchi Sangam|300|Maharashtrian,Konkan|Kolhapur|Shahupuri|https://www.zomato.com/kolhapur/hotel-ruchi-sangam-shahupuri/info|16|none|11am to 3pm,5pm to 11pm(Mon-Sun)||NEW|NEW
BBQ Ride India|200|BBQ|Kolhapur|Vidya Nagar|https://www.zomato.com/kolhapur/bbq-ride-india-vidya-nagar/info|16|Quick Bites|11am to 11pm(Mon-Sun)|Not rated|-|-
Mahalaxmi Nasta Centre|100|Maharashtrian|Kolhapur|Mangalwar Peth|https://www.zomato.com/kolhapur/mahalaxmi-nasta-centre-mangalwar-peth/info|17|Food Truck|11am to 1030pm(Mon-Sun)||NEW|NEW
Vampires Cafe|200|Sandwich,Kebab,Beverages|Kolhapur|Hari Om Nagar|https://www.zomato.com/kolhapur/vampires-cafe-hari-om-nagar/info|17|Café|6pm to 11pm(Mon-Sun)|Not rated|-|-
Hotel Prarthana Deluxe|200|Tea,Chinese,Burger,Juices,Maharashtrian,North Indian,Pizza,South Indian|Kolhapur|Shahupuri|https://www.zomato.com/kolhapur/hotel-prarthana-deluxe-shahupuri/info|17|Fine Dining|7am to 11pm(Mon-Sun)|Not rated|-|-
Hotel Sanskriti|300|Burger,Chinese,Indian,Maharashtrian|Kolhapur|Shahupuri|https://www.zomato.com/kolhapur/hotel-sanskriti-shahupuri/info|17|Casual Dining|8am to 11pm(Mon-Sun)|Not rated|-|-
mahalaxmi Ice cream and colddrink house|300|Burger,Cafe,Desserts|Kolhapur|Mangalwar Peth|https://www.zomato.com/kolhapur/mahalaxmi-ice-cream-and-colddrink-house-mangalwar-peth/info|17|Café|10am to 1030pm(Mon-Sun)|Not rated|-|-
DELUXE BAKERY|250|Bakery|Kolhapur|Rajarampuri|https://www.zomato.com/kolhapur/deluxe-bakery-rajarampuri/info|17|Bakery|10am to 11pm(Mon-Sun)|Not rated|-|-
Deepakrao - The Multi Non veg Foods|200|Modern Indian|Kolhapur|Shahupuri|https://www.zomato.com/kolhapur/deepakrao-the-multi-non-veg-foods-1-shahupuri/info|17|Food Truck|1230pm to 1030pm(Mon-Sun)||NEW|NEW
Hotel Tara|350|Hyderabadi,Ice Cream,Indian,Konkan,Seafood|Kolhapur|Tapowan|https://www.zomato.com/kolhapur/hotel-tara-tapowan/info|17|Casual Dining|1130am to 1pm,7pm to 11pm(Mon-Sun)|Not rated|-|-
Karveer Kitchen|200|Maharashtrian|Kolhapur|Shahupuri|https://www.zomato.com/kolhapur/karveer-kitchen-shahupuri/info|17|Casual Dining|11am to 4pm,430pm to 630pm,7pm to 1130pm...||NEW|NEW
Hotel Manish|500|Maharashtrian|Kolhapur|Shahupuri|https://www.zomato.com/kolhapur/hotel-manish-shahupuri/info|17|Fine Dining|11am to 230pm,7pm to 1030pm(Mon-Sun)||NEW|NEW
HOTEL KOLHAPURI CHARRKA|170|Maharashtrian|Kolhapur|Tarabhai Park|https://www.zomato.com/kolhapur/hotel-kolhapuri-charrka-tarabhai-park/info|17|Quick Bites|8am to 4pm,7pm to 1030pm(Mon-Sun)|Not rated|-|-
Mr. Tacos|200|Mexican|Kolhapur|Tarabhai Park|https://www.zomato.com/kolhapur/mr-tacos-tarabhai-park/info|17|Food Truck|630pm to 1030pm(Mon-Sun)|Not rated|-|-
Shri Mahalaxmi Rolls Delight|100|Rolls|Kolhapur|Hari Om Nagar|https://www.zomato.com/kolhapur/shri-mahalaxmi-rolls-delight-hari-om-nagar/info|17|Food Truck|1230pm to 11pm(Mon-Sun)|Not rated|-|-
Hotel Aryan|400|Maharashtrian|Kolhapur|Ratnappa Kumbhar Nagar|https://www.zomato.com/kolhapur/hotel-aryan-ratnappa-kumbhar-nagar/info|17|Quick Bites|7pm to 1130pm(Mon-Sun)|Not rated|-|-
Rolls Mania|300|Fast Food|Kolhapur|Ratnappa Kumbhar Nagar|https://www.zomato.com/kolhapur/rolls-mania-ratnappa-kumbhar-nagar/info|17|Quick Bites|12noon to 11pm(Mon-Sun)||NEW|NEW
Riz restaurant|300|Fast Food|Kolhapur|Mangalwar Peth|https://www.zomato.com/kolhapur/riz-restaurant-mangalwar-peth/info|18|Casual Dining|10am to 1030pm(Mon-Sun)||NEW|NEW
Bengali Cold Drink House|300|Drinks Only|Kolhapur|Line Bazaar|https://www.zomato.com/kolhapur/bengali-cold-drink-house-line-bazaar/info|18|Beverage Shop|11am to 12midnight(Mon-Sun)|Not rated|-|-
Natural Ice Cream|150|Ice Cream,Desserts|Kolhapur|Shahupuri|https://www.zomato.com/kolhapur/natural-ice-cream-shahupuri/info|18|Dessert Parlor|1130am to 1130pm(Mon-Sun)|Not rated|-|-
Thaska|800|Maharashtrian|Kolhapur|Hari Om Nagar|https://www.zomato.com/kolhapur/thaska-hari-om-nagar/info|18|Casual Dining|11am to 11pm(Mon-Sun)|Not rated|-|-
Chaat Bazaar|300|North Indian,Chinese|Kolhapur|Ruikar Colony|https://www.zomato.com/kolhapur/chaat-bazaar-ruikar-colony/info|18|Quick Bites|11am to 11pm(Mon-Sun)|Not rated|-|-
Vyankteshwara Hotel|200|North Indian,Chinese|Kolhapur|Rajarampuri|https://www.zomato.com/kolhapur/vyankteshwara-hotel-rajarampuri/info|18|Fine Dining|1130am to 1030pm(Mon-Sun)||NEW|NEW
Cake Mania|300|Desserts|Kolhapur|Tapowan|https://www.zomato.com/kolhapur/cake-mania-tapowan/info|18|Dessert Parlor|10am to 11pm(Mon-Sun)|Not rated|-|-
Bake My Day|400|Bakery,Fast Food,Pizza|Kolhapur|Rajarampuri|https://www.zomato.com/kolhapur/bake-my-day-rajarampuri/info|18|Bakery|11am to 11pm(Mon-Sun)|Not rated|-|-
Srushti Family Restaurant|300|South Indian,North Indian,Maharashtrian|Kolhapur|Shivaji Udyam Nagar|https://www.zomato.com/kolhapur/srushti-family-restaurant-shivaji-udyam-nagar/info|18|Quick Bites|7am to 3pm,4pm to 7pm,10pm to 11pm(Mon-Sun)||NEW|NEW
Darshan Restaurant|800|North Indian,Maharashtrian|Kolhapur|Shahupuri|https://www.zomato.com/kolhapur/darshan-restaurant-shahupuri/info|18|Casual Dining|7am to 1030pm(Mon-Sun)|Not rated|-|-
Sayba Sea Food and More|1000|Seafood,North Indian|Kolhapur|Rajarampuri|https://www.zomato.com/kolhapur/sayba-sea-food-and-more-rajarampuri/info|18|Casual Dining|11am to 3pm,7pm to 11pm(Mon-Sun)|Not rated|-|-
Raandhan|450|Maharashtrian|Kolhapur|Tarabhai Park|https://www.zomato.com/kolhapur/raandhan-tarabhai-park/info|18|Fine Dining|11am to 3pm,7pm to 11pm(Mon-Sun)||NEW|NEW
Resto|800|North Indian,Continental|Kolhapur|Tarabhai Park|https://www.zomato.com/kolhapur/resto-tarabhai-park/info|18|Casual Dining|11am to 11pm(Mon-Sun)|Not rated|-|-
Hotel Swami|500|Maharashtrian,North Indian|Kolhapur|Shahupuri|https://www.zomato.com/kolhapur/hotel-swami-shahupuri/info|18|Casual Dining|11am to 3pm,7pm to 1030pm(Mon-Sun)|Not rated|-|-
Naik A Kolhapuri|500|South Indian,Maharashtrian|Kolhapur|Shahupuri|https://www.zomato.com/kolhapur/naik-a-kolhapuri-shahupuri/info|18|Casual Dining|7am to 11pm(Mon-Sun)|Not rated|-|-
Velchi|700|North Indian,Chinese,Fast Food|Kolhapur|Tarabhai Park|https://www.zomato.com/kolhapur/velchi-tarabhai-park/info|19|Casual Dining|11am to 11pm(Mon-Sun)|Not rated|-|-
Hotel Varad|300|North Indian|Kolhapur|Shahupuri|https://www.zomato.com/kolhapur/hotel-varad-shahupuri/info|19|Casual Dining|11am to 11pm(Mon-Sun)|Not rated|-|-
Hotel Little Hut|300|North Indian,Chinese|Kolhapur|Rajarampuri|https://www.zomato.com/kolhapur/hotel-little-hut-rajarampuri/info|19|none|7am to 1030pm(Mon-Sun)||NEW|NEW
Harvest Pure Veg Restaurant|1000|South Indian,Chinese,Maharashtrian|Kolhapur|Shahupuri|https://www.zomato.com/kolhapur/harvest-pure-veg-restaurant-shahupuri/info|19|Casual Dining|12noon to 1139pm(Mon-Sun)|Not rated|-|-
McDonalds|0|Burger|Kolhapur|Shahupuri|https://www.zomato.com/kolhapur/mcdonalds-1-shahupuri/info|19|Quick Bites|7am to 11pm(Mon-Sun)|Not rated|-|-
Hotel Venus|400|Maharashtrian,North Indian|Kolhapur|Shahupuri|https://www.zomato.com/kolhapur/hotel-venus-shahupuri/info|19|Casual Dining|11am to 11pm(Mon-Sun)|Not rated|-|-
Shiva's Restaurant|400|North Indian,Maharashtrian|Kolhapur|Line Bazaar|https://www.zomato.com/kolhapur/shivas-restaurant-line-bazaar/info|19|Casual Dining|11am to 330pm,7pm to 11pm(Mon-Sun)|Not rated|-|-
Hotel 24k|700|North Indian,Maharashtrian|Kolhapur|Tarabhai Park|https://www.zomato.com/kolhapur/hotel-24k-tarabhai-park/info|2|Casual Dining|10am to 12midnight(Mon-Sun)|Good|3.7|13
Akkis Bistro|300|Fast Food|Kolhapur|Kasaba Bawada|https://www.zomato.com/kolhapur/akkis-bistro-kasaba-bawada/info|2|Casual Dining|11am to 10pm(Mon-Sun)|Very Good|4.3|38
Laziz Pizza|400|Pizza|Kolhapur|Rajarampuri|https://www.zomato.com/kolhapur/laziz-pizza-rajarampuri/info|2|Casual Dining|1045am to 10pm(Mon-Sun)|Very Good|4.1|22
Freaky Fries & More|400|Cafe,American,Beverages|Kolhapur|Tarabhai Park|https://www.zomato.com/kolhapur/freaky-fries-more-1-tarabhai-park/info|2|Café|10am to 10pm(Mon-Sun)|Very Good|4.1|47
Kks Biryani Cafe|600|North Indian,Biryani,Maharashtrian|Kolhapur|Kasaba Bawada|https://www.zomato.com/kolhapur/kks-biryani-cafe-kasaba-bawada/info|2|Casual Dining|7pm to 1030pm(Mon-Sun)|Good|3.8|8
Rolls D Light|200|Fast Food|Kolhapur|Shahupuri|https://www.zomato.com/kolhapur/rolls-d-light-shahupuri/info|2|Café|12noon to 1030pm(Mon-Sun)|Very Good|4.0|11
Biryani House|300|Biryani|Kolhapur|Rajarampuri|https://www.zomato.com/kolhapur/biryani-house-rajarampuri/info|2|Quick Bites|6pm to 1030pm(Mon-Sun)|Good|3.8|8
Bansuri Pure Veg Restaurant|500|North Indian,Maharashtrian|Kolhapur|Shahupuri|https://www.zomato.com/kolhapur/bansuri-pure-veg-restaurant-shahupuri/info|2|Quick Bites|11am to 330pm,7pm to 11pm(Mon-Sun)|Good|3.7|11
PannaKotta - Sugar & Spice|400|Continental,Desserts|Kolhapur|Rajarampuri|https://www.zomato.com/kolhapur/pannakotta-sugar-spice-rajarampuri/info|2|Casual Dining|10am to 10pm(Mon-Sun)|Good|3.9|14
Hotel Avis Biryani house|200|Biryani|Kolhapur|Phulewadi|https://www.zomato.com/kolhapur/hotel-avis-biryani-house-phulewadi/info|2|Casual Dining|11am to 1030pm(Mon-Sun)||NEW|NEW
Hotel Gold Coin|800|North Indian,Mughlai,Chinese|Kolhapur|Tarabhai Park|https://www.zomato.com/kolhapur/hotel-gold-coin-tarabhai-park/info|2|Casual Dining|11am to 11pm(Mon-Sun)|Good|3.7|11
Cream Stone|300|Desserts,Ice Cream|Kolhapur|Shahupuri|https://www.zomato.com/kolhapur/cream-stone-shahupuri/info|2|Dessert Parlor|10am to 1am(Mon-Sun)|Good|3.8|13
The Belgian Waffle Co|400|Ice Cream,Desserts|Kolhapur|Shahupuri|https://www.zomato.com/kolhapur/the-belgian-waffle-co-shahupuri/info|2|Dessert Parlor|11am to 11pm(Mon-Sun)|Very Good|4.1|12
Laxmi Misal|250|Maharashtrian|Kolhapur|Shivaji Udyam Nagar|https://www.zomato.com/kolhapur/laxmi-misal-shivaji-udyam-nagar/info|2|Quick Bites|8am to 4pm(Mon-Sun)|Good|3.8|15
Mohak Lassi and Snacks|200|Fast Food|Kolhapur|Line Bazaar|https://www.zomato.com/kolhapur/mohak-lassi-and-snacks-line-bazaar/info|2|Quick Bites|730am to 9pm(Mon-Sun)|Very Good|4.4|10
Biryani Hub|500|Fast Food,Biryani|Kolhapur|Kasaba Bawada|https://www.zomato.com/kolhapur/biryani-hub-kasaba-bawada/info|3|Casual Dining|11am to 11pm(Mon-Sun)|Good|3.5|5
The London Shakes|200|Beverages,Fast Food,Italian|Kolhapur|Kasaba Bawada|https://www.zomato.com/kolhapur/the-london-shakes-kasaba-bawada/info|3|Food Court|10am to 10pm(Mon-Sun)|Average|3.3|4
Davangiri Loni Dosa Centre|60|South Indian|Kolhapur|Mangalwar Peth|https://www.zomato.com/kolhapur/davangiri-loni-dosa-centre-mangalwar-peth/info|3|Food Court|830am to 1pm,430pm to 10pm(Mon-Sun)|Good|3.8|12
GAVRAN MISAL|100|Maharashtrian|Kolhapur|Rajarampuri|https://www.zomato.com/kolhapur/gavran-misal-rajarampuri/info|3|Casual Dining|830am to 2pm(Mon-Sun)|Not rated|-|-
Hindustan Bakery|300|Bakery,Fast Food|Kolhapur|Rajarampuri|https://www.zomato.com/kolhapur/hindustan-bakery-rajarampuri/info|3|Bakery|11am to 9pm(Mon-Sun)|Good|3.8|10
Cafe Milano|400|Pizza,Sandwich,Burger,Beverages,Fast Food|Kolhapur|Rajarampuri|https://www.zomato.com/kolhapur/cafe-milano-rajarampuri/info|3|Quick Bites|10am to 930pm(Mon-Sun)|Good|3.7|12
Wow cafe|100|Cafe,Coffee,Ice Cream,Pizza,Sandwich|Kolhapur|Tarabhai Park|https://www.zomato.com/kolhapur/wow-cafe-tarabhai-park/info|3|Beverage Shop|1030am to 1030pm(Mon-Sat),1pm to 10pm(Sun)|Average|3.1|8
Mahalaxmi Sandwich Centre|100|Fast Food|Kolhapur|Shahupuri|https://www.zomato.com/kolhapur/mahalaxmi-sandwich-centre-shahupuri/info|3|Café|11am to 9pm(Mon-Sun)|Good|3.7|10
Buns N Coffees|500|Cafe|Kolhapur|Shahupuri|https://www.zomato.com/kolhapur/buns-n-coffees-shahupuri/info|3|Café|9am to 11pm(Mon-Sun)|Good|3.7|12
Hotel Gokul|850|North Indian|Kolhapur|Shahupuri|https://www.zomato.com/kolhapur/hotel-gokul-shahupuri/info|3|Casual Dining|7am to 11pm(Mon-Sun)|Good|3.8|14
Bombay Grills|200|Fast Food|Kolhapur|Mangalwar Peth|https://www.zomato.com/kolhapur/bombay-grills-mangalwar-peth/info|3|Café|10am to 10pm(Mon-Sun)|Good|3.6|6
HOTEL DAULAT|400|Maharashtrian|Kolhapur|Mangalwar Peth|https://www.zomato.com/kolhapur/hotel-daulat-mangalwar-peth/info|3|Casual Dining|7pm to 10pm(Mon-Sun)|Average|3.2|6
Khatri's Mr. Cake|400|Bakery|Kolhapur|Tarabhai Park|https://www.zomato.com/kolhapur/khatris-mr-cake-tarabhai-park/info|3|Bakery|9am to 11pm(Mon-Sun)|Not rated|-|-
Bombay Kulfi|100|Ice Cream|Kolhapur|Tarabhai Park|https://www.zomato.com/kolhapur/bombay-kulfi-1-tarabhai-park/info|3|Dessert Parlor|(Mon-Sun)|Average|3.4|4
Domino's Pizza|600|Pizza,Fast Food|Kolhapur|Rajarampuri|https://www.zomato.com/kolhapur/dominos-pizza-rajarampuri/info|3|Quick Bites|11am to 11pm(Mon-Sun)|Good|3.5|7
Rajat Restaurant|800|Maharashtrian,North Indian,Chinese|Kolhapur|Kasaba Bawada|https://www.zomato.com/kolhapur/rajat-restaurant-kasaba-bawada/info|4|Casual Dining|930am to 630pm(Mon-Sun)|Good|3.6|10
Food Garage|400|Fast Food,Beverages|Kolhapur|Tarabhai Park|https://www.zomato.com/kolhapur/food-garage-tarabhai-park/info|4|Quick Bites|11am to 10pm(Mon-Sat),11am to 1030pm(Sun)|Average|3.3|6
Pizza Hut|700|Pizza,Fast Food|Kolhapur|Shahupuri|https://www.zomato.com/kolhapur/pizza-hut-shahupuri/info|4|Casual Dining|11am to 11pm(Mon-Sun)|Average|2.6|10
Ice and spicy|200|Cafe|Kolhapur|Tarabhai Park|https://www.zomato.com/kolhapur/ice-and-spicy-tarabhai-park/info|4|Café|1030am to 930pm(Mon-Sun)|Not rated|-|-
Paradise Juices and Snacks|200|Juices,Fast Food|Kolhapur|Rajarampuri|https://www.zomato.com/kolhapur/paradise-juices-and-snacks-rajarampuri/info|4|Quick Bites|10am to 10pm(Mon-Sun)|Average|3.0|6
HOTEL FAIZ|250|Biryani,Maharashtrian|Kolhapur|Mangalwar Peth|https://www.zomato.com/kolhapur/hotel-faiz-mangalwar-peth/info|4|Casual Dining|11am to 430pm,7pm to 11pm(Mon-Sun)|Not rated|-|-
Frostee Icecream Parlour|200|Ice Cream,Fast Food|Kolhapur|Rajarampuri|https://www.zomato.com/kolhapur/frostee-icecream-parlour-rajarampuri/info|4|Dessert Parlor|10am to 10pm(Mon-Sun)|Good|3.8|5
Just Bake|350|Bakery|Kolhapur|Tarabhai Park|https://www.zomato.com/kolhapur/just-bake-tarabhai-park/info|4|Bakery|11am to 10pm(Mon-Sun)|Good|3.5|8
Rajmandir milk and milk products.|100|Ice Cream|Kolhapur|Rajarampuri|https://www.zomato.com/kolhapur/rajmandir-milk-and-milk-products-1-rajarampuri/info|4|Dessert Parlor|10am to 1130pm(Mon-Sun)|Not rated|-|-
Kolhapur Dining|800|North Indian,Maharashtrian|Kolhapur|Rajarampuri|https://www.zomato.com/kolhapur/kolhapur-dining-rajarampuri/info|4|Casual Dining|11am to 3pm,7pm to 1030pm(Mon-Sun)|Average|3.4|10
WOOD FIRE OVEN|100|Biryani,Burger,Coffee,Kebab,Rolls,Salad,Sandwich,Wraps|Kolhapur|Rajarampuri|https://www.zomato.com/kolhapur/wood-fire-oven-rajarampuri/info|4|Café|12noon to 10pm(Mon-Sat),5pm to 10pm(Sun)|Not rated|-|-
CAFE IDLI|45|Beverages,Biryani,Cafe,Coffee,Desserts,Fast Food,Ice Cream,South Indian|Kolhapur|Kasaba Bawada|https://www.zomato.com/kolhapur/cafe-idli-kasaba-bawada/info|4|Fine Dining|8am to 8pm(Mon-Sun)|Not rated|-|-
The Bite House|300|Fast Food,Street Food,Maharashtrian|Kolhapur|Rajarampuri|https://www.zomato.com/kolhapur/the-bite-house-rajarampuri/info|4|Quick Bites|9am to 2pm,6pm to 930pm(Mon-Sun)|Not rated|-|-
Hotel Golden spoon|300|Indian|Kolhapur|Kasaba Bawada|https://www.zomato.com/kolhapur/hotel-golden-spoon-kasaba-bawada/info|4|Casual Dining|1130am to 130pm,7pm to 10pm(Mon-Sun)|Not rated|-|-
Parag Hotel|300|Chinese,Continental|Kolhapur|Ruikar Colony|https://www.zomato.com/kolhapur/parag-hotel-ruikar-colony/info|4|Quick Bites|830am to 10pm(Mon-Sun)|Not rated|-|-
Diet Club and Cafe|500|Sandwich,Salad,Healthy Food,Coffee,Cafe,Burger,BBQ,Juices|Kolhapur|Tarabhai Park|https://www.zomato.com/kolhapur/diet-club-and-cafe-tarabhai-park/info|5|Café|10am to 10pm(Mon-Sun)|Not rated|-|-
Cafe Vivo|400|Fast Food|Kolhapur|Tarabhai Park|https://www.zomato.com/kolhapur/cafe-vivo-tarabhai-park/info|5|Quick Bites|8am to 12midnight(Mon-Sun)|Good|3.6|9
My Marathi Shri Mahalaxmi Mahila Gruh Udyog|300|Maharashtrian|Kolhapur|Kasaba Bawada|https://www.zomato.com/kolhapur/my-marathi-shri-mahalaxmi-mahila-gruh-udyog-kasaba-bawada/info|5|Casual Dining|8am to 10pm(Mon-Sun)|Average|3.4|6
MH-09|200|Indian|Kolhapur|Shahupuri|https://www.zomato.com/kolhapur/mh-09-shahupuri/info|5|Bhojanalya|11am to 330pm,7pm to 1130pm(Mon-Sun)|Average|3.4|7
Hotel Scores|700|North Indian,Maharashtrian|Kolhapur|Shahupuri|https://www.zomato.com/kolhapur/hotel-scores-shahupuri/info|5|Casual Dining|1130am to 330pm,7pm to 1130pm(Mon-Sun)|Good|3.6|5
China Dine Hotel|350|Chinese|Kolhapur|Kasaba Bawada|https://www.zomato.com/kolhapur/china-dine-hotel-kasaba-bawada/info|5|Casual Dining|11am to 11pm(Mon-Sun)|Good|3.5|7
Pokket Cafe|300|Beverages,Fast Food|Kolhapur|Rajarampuri|https://www.zomato.com/kolhapur/pokket-cafe-rajarampuri/info|5|Café|10am to 10pm(Mon-Sun)|Not rated|-|-
Aabacha Dhaba|400|Maharashtrian|Kolhapur|Kasaba Bawada|https://www.zomato.com/kolhapur/aabacha-dhaba-kasaba-bawada/info|5|Casual Dining|11am to 11pm(Mon-Sun)|Good|3.8|7
Baskin Robbins|350|Ice Cream|Kolhapur|Shahupuri|https://www.zomato.com/kolhapur/baskin-robbins-shahupuri/info|5|Dessert Parlor|11am to 10pm(Mon-Sun)|Not rated|-|-
Hotel Royal Treat|500|Maharashtrian,North Indian|Kolhapur|Tarabhai Park|https://www.zomato.com/kolhapur/hotel-royal-treat-tarabhai-park/info|5|Casual Dining|11am to 11pm(Mon-Sun)|Average|3.2|5
Hotel Swad|100|Maharashtrian|Kolhapur|Shahupuri|https://www.zomato.com/kolhapur/hotel-swad-shahupuri/info|5|Casual Dining|(Mon-Sun)|Not rated|-|-
Anna's Dosa's N More|100|South Indian|Kolhapur|Shivaji Udyam Nagar|https://www.zomato.com/kolhapur/annas-dosas-n-more-shivaji-udyam-nagar/info|5|Casual Dining|8am to 2pm,6pm to 830pm(Mon-Sun)|Not rated|-|-
Khatri Sweet Mart|250|Bakery,Fast Food|Kolhapur|Shivaji Udyam Nagar|https://www.zomato.com/kolhapur/khatri-sweet-mart-shivaji-udyam-nagar/info|5|Bakery|8am to 10pm(Mon-Sun)|Not rated|-|-
VYANJAN DINING AND RESTAURANT|150|Indian,Maharashtrian,North Indian|Kolhapur|Mangalwar Peth|https://www.zomato.com/kolhapur/vyanjan-dining-and-restaurant-mangalwar-peth/info|5|Fine Dining|(Mon-Sun)|Not rated|-|-
AB'Z Cafe|200|Sandwich,Pizza,Momos,Cafe,Burger,Beverages|Kolhapur|Shahupuri|https://www.zomato.com/kolhapur/abz-cafe-shahupuri/info|5|Café|1130am to 10pm(Mon-Sun)|Not rated|-|-
Shree Mahalaxmi Rolls Delight|150|Rolls|Kolhapur|Mangalwar Peth|https://www.zomato.com/kolhapur/shree-mahalaxmi-rolls-delight-mangalwar-peth/info|6|Food Truck|(Mon-Sun)|Not rated|-|-
Khandoli Nitin's Canteen|200|Sandwich,Maharashtrian,Beverages|Kolhapur|Tarabhai Park|https://www.zomato.com/kolhapur/khandoli-nitins-canteen-tarabhai-park/info|6|Fine Dining|9am to 8pm(Mon-Sat),8am to 8pm(Sun)||NEW|NEW
The Food Space|150|Maharashtrian,Bakery,Bengali,Beverages,Burger,Cafe|Kolhapur|Mangalwar Peth|https://www.zomato.com/kolhapur/the-food-space-mangalwar-peth/info|6|Bakery|10am to 10pm(Mon-Sun)|Not rated|-|-
Hotel Carnival|500|Seafood,North Indian,Maharashtrian,Chinese,Kebab|Kolhapur|Ruikar Colony|https://www.zomato.com/kolhapur/hotel-carnival-1-ruikar-colony/info|6|Fine Dining|1130am to 330pm,630pm to 1130pm(Mon-Sun)|Not rated|-|-
CAFE ANU'S|200|Beverages,Burger,Cafe,Coffee,Ice Cream,Rolls,Sandwich,Tea|Kolhapur|Tarabhai Park|https://www.zomato.com/kolhapur/cafe-anus-tarabhai-park/info|6|Café|9am to 10pm(Mon-Sat),12noon to 9pm(Sun)|Not rated|-|-
Patlancha Wada|500|North Indian,Maharashtrian,Chinese|Kolhapur|Tarabhai Park|https://www.zomato.com/kolhapur/patlancha-wada-tarabhai-park/info|6|Casual Dining|11am to 11pm(Mon-Sun)|Not rated|-|-
Aram Dining|200|North Indian|Kolhapur|Rajarampuri|https://www.zomato.com/kolhapur/aram-dining-rajarampuri/info|6|Quick Bites|11am to 3pm,7pm to 10pm(Mon-Sun)|Not rated|-|-
Swad Kolhapuri|200|North Indian|Kolhapur|Kasaba Bawada|https://www.zomato.com/kolhapur/swad-kolhapuri-kasaba-bawada/info|6|Quick Bites|1130am to 4pm,7pm to 11pm(Mon-Sun)||NEW|NEW
Cafe XD|200|Sandwich,Pizza,Burger,Beverages,Cafe|Kolhapur|Tarabhai Park|https://www.zomato.com/kolhapur/cafe-xd-tarabhai-park/info|6|Café|10am to 930pm(Mon-Sun)|Not rated|-|-
R.D's Bombay Sandwich Center|100|Fast Food|Kolhapur|Rajarampuri|https://www.zomato.com/kolhapur/r-ds-bombay-sandwich-center-rajarampuri/info|6|Quick Bites|12noon to 930pm(Mon-Sun)|Not rated|-|-
Pot Biryani House|300|Biryani|Kolhapur|Rajarampuri|https://www.zomato.com/kolhapur/pot-biryani-house-rajarampuri/info|6|Fine Dining|7pm to 10pm(Mon-Sun)|Not rated|-|-
The Kerala Cafe|200|Kerala,Indian|Kolhapur|Line Bazaar|https://www.zomato.com/kolhapur/the-kerala-cafe-line-bazaar/info|6|Café|830am to 330pm,630pm to 930pm(Mon-Sun)|Not rated|-|-
Mango Masala|100|Ice Cream|Kolhapur|Shahupuri|https://www.zomato.com/kolhapur/mango-masala-shahupuri/info|6|Dessert Parlor|(Mon-Sun)|Not rated|-|-
Akki's Bistro|150|Burger,Cafe,Coffee|Kolhapur|Shahupuri|https://www.zomato.com/kolhapur/akkis-bistro-shahupuri/info|6|Café|(Mon-Sun)||NEW|NEW
Krushna fast food|250|Cafe,Fast Food,Maharashtrian|Kolhapur|Tarabhai Park|https://www.zomato.com/kolhapur/krushna-fast-food-tarabhai-park/info|6|Casual Dining|10am to 11pm(Mon-Sun)|Average|3.1|4
Krushna fast food|250|Cafe,Fast Food,Maharashtrian|Kolhapur|Tarabhai Park|https://www.zomato.com/kolhapur/krushna-fast-food-tarabhai-park/info|7|Casual Dining|10am to 11pm(Mon-Sun)|Average|3.1|4
Akki's Bistro|150|Burger,Cafe,Coffee|Kolhapur|Shahupuri|https://www.zomato.com/kolhapur/akkis-bistro-shahupuri/info|7|Café|(Mon-Sun)||NEW|NEW
Dosaz N More|300|South Indian|Kolhapur|Rajarampuri|https://www.zomato.com/kolhapur/dosaz-n-more-rajarampuri/info|7|Quick Bites|9am to 9pm(Mon-Sun)|Average|3.3|4
V.M.S FOODS|30|Fast Food|Kolhapur|Mangalwar Peth|https://www.zomato.com/kolhapur/v-m-s-foods-mangalwar-peth/info|7|Quick Bites|3pm to 9pm(Mon-Sun)|Not rated|-|-
Vikrant Pavbhaji|200|Fast Food|Kolhapur|Shivaji Udyam Nagar|https://www.zomato.com/kolhapur/vikrant-pavbhaji-shivaji-udyam-nagar/info|7|none|4pm to 1030pm(Mon-Sun)|Not rated|-|-
Alims Biryani And Caterers|300|North Indian,Biryani|Kolhapur|Rajarampuri|https://www.zomato.com/kolhapur/alims-biryani-and-caterers-rajarampuri/info|7|Quick Bites|12noon to 9pm(Mon-Sun)||NEW|NEW
Hotel Darshini|100||Kolhapur|Rajarampuri|https://www.zomato.com/kolhapur/hotel-darshini-rajarampuri/info|7|none|9am to 7pm(Mon-Sun)|Not rated|-|-
Bharat Bakers|200|Bakery|Kolhapur|Shivaji Udyam Nagar|https://www.zomato.com/kolhapur/bharat-bakers-shivaji-udyam-nagar/info|7|Bakery|730am to 10pm(Mon-Sun)|Not rated|-|-
Food Mood|200|Bakery,Cafe|Kolhapur|Rajarampuri|https://www.zomato.com/kolhapur/food-mood-rajarampuri/info|7|Bakery|Closed(Mon),11am to 9pm(Tue-Sun)|Not rated|-|-
Cake 4 U|200|Bakery|Kolhapur|Kasaba Bawada|https://www.zomato.com/kolhapur/cake-4-u-kasaba-bawada/info|7|Bakery|830am to 130pm,3pm to 10pm(Mon-Sun)|Not rated|-|-
Mother India cafe|150||Kolhapur|Tarabhai Park|https://www.zomato.com/kolhapur/mother-india-cafe-tarabhai-park/info|7|Café|1030am to 10pm(Mon-Sun)|Not rated|-|-
Bengali Cold Drink|100|Ice Cream,Juices|Kolhapur|Mangalwar Peth|https://www.zomato.com/kolhapur/bengali-cold-drink-mangalwar-peth/info|7|Dessert Parlor|11am to 10pm(Mon-Sun)|Not rated|-|-
Mr Idli|400|South Indian|Kolhapur|Mangalwar Peth|https://www.zomato.com/kolhapur/mr-idli-mangalwar-peth/info|7|Quick Bites|8am to 930pm(Mon-Sun)|Not rated|-|-
Salgar Amruttulya Chaha|50|Beverages|Kolhapur|Shivaji Udyam Nagar|https://www.zomato.com/kolhapur/salgar-amruttulya-chaha-shivaji-udyam-nagar/info|7|Beverage Shop|8am to 8pm(Mon-Sun)||NEW|NEW
Hotel Nad khula|100|Maharashtrian|Kolhapur|Mangalwar Peth|https://www.zomato.com/kolhapur/hotel-nad-khula-mangalwar-peth/info|7|Café|9am to 3pm(Mon-Sun)|Not rated|-|-
Cafe park inn Restaurant|300|Indian|Kolhapur|Tarabhai Park|https://www.zomato.com/kolhapur/cafe-park-inn-restaurant-tarabhai-park/info|8|Café|10am to 10pm(Mon-Sun)|Not rated|-|-
Adi Nasta Centre|100|South Indian,Maharashtrian,Beverages|Kolhapur|Shivaji Udyam Nagar|https://www.zomato.com/kolhapur/adi-nasta-centre-shivaji-udyam-nagar/info|8|Quick Bites|8am to 5pm(Mon-Sun)||NEW|NEW
Blueberry|250|Cafe,Kebab,Maharashtrian|Kolhapur|Rajarampuri|https://www.zomato.com/kolhapur/blueberry-rajarampuri/info|8|Café|10am to 930pm(Mon-Sun)|Not rated|-|-
The Riches Cafe|200|Beverages|Kolhapur|Rajarampuri|https://www.zomato.com/kolhapur/the-riches-cafe-rajarampuri/info|8|Café|10am to 10pm(Mon-Sun)|Not rated|-|-
Shri Mahalaxmi Sandwich And Pizza Centre|250|Fast Food|Kolhapur|Ruikar Colony|https://www.zomato.com/kolhapur/shri-mahalaxmi-sandwich-and-pizza-centre-ruikar-colony/info|8|Quick Bites|5pm to 10pm(Mon-Sat),Closed(Sun)|Not rated|-|-
The 7's cafe|150|Indian|Kolhapur|Rajarampuri|https://www.zomato.com/kolhapur/the-7s-cafe-rajarampuri/info|8|Quick Bites|830am to 230pm,430pm to 9pm(Mon-Sun)|Not rated|-|-
Hotel Viraj Garden Akkha Masoor|200|Indian|Kolhapur|Kasaba Bawada|https://www.zomato.com/kolhapur/hotel-viraj-garden-akkha-masoor-kasaba-bawada/info|8|Casual Dining|11am to 10pm(Mon-Sun)|Not rated|-|-
K K's Biryani House|400|Biryani|Kolhapur|Rajarampuri|https://www.zomato.com/kolhapur/k-ks-biryani-house-rajarampuri/info|8|Quick Bites|11am to 7pm(Mon-Sun)|Not rated|-|-
Hindustan Foods|300|Fast Food|Kolhapur|Y.P Powar Nagar|https://www.zomato.com/kolhapur/hindustan-foods-y-p-powar-nagar/info|8|Quick Bites|10am to 10pm(Mon-Sun)|Not rated|-|-
Corner Chicken 65 Center|200|Chinese|Kolhapur|Shahupuri|https://www.zomato.com/kolhapur/corner-chicken-65-center-shahupuri/info|8|Quick Bites|5pm to 930pm(Mon-Sun)||NEW|NEW
Janata Restaurant|200|Maharashtrian,Tea|Kolhapur|Kasaba Bawada|https://www.zomato.com/kolhapur/janata-restaurant-1-kasaba-bawada/info|8|Quick Bites|730am to 1pm,530pm to 730pm(Mon-Sun)|Not rated|-|-
Foodizm Resto & Cafè|100|Sandwich,Pizza,Maharashtrian,Burger,Beverages|Kolhapur|Mangalwar Peth|https://www.zomato.com/kolhapur/foodizm-resto-cafè-mangalwar-peth/info|8|Café|8am to 9pm(Mon-Sun)||NEW|NEW
Khatri's Mr Cake|300|Bakery|Kolhapur|Ratnappa Kumbhar Nagar|https://www.zomato.com/kolhapur/khatris-mr-cake-ratnappa-kumbhar-nagar/info|8|Bakery|10am to 10pm(Mon-Sun)|Not rated|-|-
kababiya Thali's and More|350|North Indian,Kebab,Biryani|Kolhapur|Tarabhai Park|https://www.zomato.com/kolhapur/kababiya-thalis-and-more-tarabhai-park/info|8|Quick Bites|(Mon-Sun)|Not rated|-|-
Celebration bakery and confectionary|200|Bakery|Kolhapur|Tarabhai Park|https://www.zomato.com/kolhapur/celebration-bakery-and-confectionary-tarabhai-park/info|8|Bakery|8am to 9pm(Mon-Sat),Closed(Sun)|Not rated|-|-
Snowberry cafe|150|Cafe|Kolhapur|Rajarampuri|https://www.zomato.com/kolhapur/snowberry-cafe-1-rajarampuri/info|9|Café|9am to 8pm(Mon-Sun)|Not rated|-|-
Shri Mahalaxmi Dosa Centre|100|Fast Food|Kolhapur|Tarabhai Park|https://www.zomato.com/kolhapur/shri-mahalaxmi-dosa-centre-tarabhai-park/info|9|Food Truck|930am to 5pm(Mon-Sun)|Not rated|-|-
Irish Cake N Cafe|400|Bakery,Fast Food|Kolhapur|Tarabhai Park|https://www.zomato.com/kolhapur/irish-cake-n-cafe-tarabhai-park/info|9|Bakery|10am to 9pm(Mon-Sun)|Not rated|-|-
Prakash Special Bhel|200|Fast Food|Kolhapur|Shahupuri|https://www.zomato.com/kolhapur/prakash-special-bhel-shahupuri/info|9|Food Truck|(Mon-Sun)||NEW|NEW
Janata Cafe|60|Maharashtrian,South Indian|Kolhapur|Kasaba Bawada|https://www.zomato.com/kolhapur/janata-cafe-1-kasaba-bawada/info|9|Café|8am to 12noon(Mon-Sun)|Not rated|-|-
HOTEL BAWADA MISAL|80|Maharashtrian|Kolhapur|Phulewadi|https://www.zomato.com/kolhapur/hotel-bawada-misal-phulewadi/info|9|Quick Bites|7am to 7pm(Mon-Sun)|Not rated|-|-
Rajmandir ice cream|200|Ice Cream|Kolhapur|Phulewadi|https://www.zomato.com/kolhapur/rajmandir-ice-cream-phulewadi/info|9|Café|11am to 10pm(Mon-Sun)||NEW|NEW
Happy Rolls Point|150|Fast Food|Kolhapur|Kasaba Bawada|https://www.zomato.com/kolhapur/happy-rolls-point-kasaba-bawada/info|9|Food Truck|11am to 9pm(Mon-Sun)|Not rated|-|-
Shri Ganesh Sandwich|100||Kolhapur|Rajarampuri|https://www.zomato.com/kolhapur/shri-ganesh-sandwich-rajarampuri/info|9|Food Truck|5pm to 930pm(Mon-Sun)|Not rated|-|-
Shree Ram Bhojanalaya|200|North Indian|Kolhapur|Kasaba Bawada|https://www.zomato.com/kolhapur/shree-ram-bhojanalaya-kasaba-bawada/info|9|Bhojanalya|10am to 10pm(Mon-Sun)|Not rated|-|-
Paushtik Foods Center|200|Maharashtrian|Kolhapur|Rajarampuri|https://www.zomato.com/kolhapur/paushtik-foods-center-rajarampuri/info|9|Casual Dining|730am to 10pm(Mon-Sun)|Not rated|-|-
Samart Chinese|100|Chinese|Kolhapur|Tapowan|https://www.zomato.com/kolhapur/samart-chinese-tapowan/info|9|Casual Dining|2pm to 10pm(Mon-Sun)|Not rated|-|-
Shrish Akka Masoor Point|100|Maharashtrian|Kolhapur|Shivaji Udyam Nagar|https://www.zomato.com/kolhapur/shrish-akka-masoor-point-shivaji-udyam-nagar/info|9|Dhaba|10am to 8pm(Mon-Sun)|Not rated|-|-
Sandy's Bistro|150|Cafe,Bakery|Kolhapur|Phulewadi|https://www.zomato.com/kolhapur/sandys-bistro-phulewadi/info|9|Bakery|11am to 10pm(Mon-Sun)||NEW|NEW
Dosa Point|200|South Indian|Kolhapur|Rajarampuri|https://www.zomato.com/kolhapur/dosa-point-rajarampuri/info|9|Quick Bites|(Mon-Sun)||NEW|NEW
