NAME|PRICE|CUSINE_CATEGORY|CITY|REGION|URL|PAGE NO|CUSINE TYPE|TIMING|RATING_TYPE|RATING|VOTES
Amar Punjabi Foods|250|North Indian|Kota|Talwandi|https://www.zomato.com/kota/amar-punjabi-foods-talwandi/info|1|Casual Dining|11am to 1030pm(Mon-Sun)|Excellent|4.8|2051
Anand Shekhawati Dhaba|150|North Indian|Kota|Talwandi|https://www.zomato.com/kota/anand-shekhawati-dhaba-talwandi/info|1|Quick Bites|11am to 1030pm(Mon-Sun)|Excellent|4.5|461
Gouri Hotel|500|North Indian,Mughlai|Kota|Ladpura|https://www.zomato.com/kota/gouri-hotel-ladpura/info|1|Casual Dining|11am to 11pm(Mon-Sun)|Excellent|4.6|652
Firdous|350|Biryani,Chinese,North Indian,Mughlai|Kota|Rangbari|https://www.zomato.com/kota/firdous-rangbari/info|1|Quick Bites|11am to 11pm(Mon-Sun)|Very Good|4.1|463
Pathak Restaurant|350|Fast Food|Kota|Dadabari|https://www.zomato.com/kota/pathak-restaurant-dadabari/info|1|Quick Bites|11am to 1030pm(Mon),11am to 11pm(Tue-Sun)|Very Good|4.4|421
Gau Dairy & More|200|Mithai|Kota|Talwandi|https://www.zomato.com/kota/gau-dairy-more-talwandi/info|1|Sweet Shop|11am to 11pm(Mon-Sun)|Very Good|4.3|263
Street 69|300|North Indian,Rolls|Kota|Rangbari|https://www.zomato.com/kota/street-69-rangbari/info|1|Quick Bites|12noon to 11pm(Mon-Sun)|Very Good|4.2|548
Firdous Since 1979|500|Mughlai,North Indian|Kota|Dhanmandi|https://www.zomato.com/kota/firdous-since-1979-dhanmandi/info|1|Casual Dining|11am to 11pm(Mon-Sun)|Very Good|4.1|233
Firdous Since 1979 Aerodrome Circle|500|North Indian|Kota|Dhanmandi|https://www.zomato.com/kota/firdous-since-1979-aerodrome-circle-dhanmandi/info|1|Casual Dining|11am to 11pm(Mon-Sun)|Very Good|4.4|541
The Urban Cafe Bistro|450|Chinese,Continental,Indian,Italian,Mexican|Kota|Talwandi|https://www.zomato.com/kota/the-urban-cafe-bistro-talwandi/info|1|Café|11am to 11pm(Mon-Sun)|Very Good|4.4|208
Treat Fast Food Restaurant|250|Fast Food|Kota|Talwandi|https://www.zomato.com/kota/treat-fast-food-restaurant-talwandi/info|1|Quick Bites|12noon to 11pm(Mon-Sun)|Very Good|4.2|259
Pizza Hut|450|Fast Food,Pizza|Kota|RPS Colony|https://www.zomato.com/kota/pizza-hut-rps-colony/info|1|Casual Dining|11am to 11pm(Mon-Sun)|Good|3.9|161
Big Bite|400|North Indian|Kota|Kota Industrial Area|https://www.zomato.com/kota/big-bite-kota-industrial-area/info|1|Casual Dining|11am to 3am(Mon,Tue,Wed,Thu,Sat,Sun),11am...|Very Good|4.0|333
Domino's Pizza|500|Pizza|Kota|Indraprastha Industrial Area|https://www.zomato.com/kota/dominos-pizza-indraprastha-industrial-area/info|1|Quick Bites|11am to 11pm(Mon-Sun)|Very Good|4.0|511
Biryani 100|250|North Indian,Biryani|Kota|Rangbari|https://www.zomato.com/kota/biryani-100-1-rangbari/info|1|Quick Bites|12midnight to 122AM,842am to 12midnight...|Very Good|4.2|306
Fahim Bhai Biryani Wale|200|Biryani|Kota|Chawani|https://www.zomato.com/kota/fahim-bhai-biryani-wale-1-chawani/info|10|Quick Bites|8am to 4pm(Mon-Sun)||NEW|NEW
Ratlami Namkeens|100|Fast Food|Kota|RPS Colony|https://www.zomato.com/kota/ratlami-namkeens-rps-colony/info|10|Quick Bites|9am to 10pm(Mon-Sun)||NEW|NEW
Shree Krishna Bakers|200|Bakery,Juices|Kota|Talwandi|https://www.zomato.com/kota/shree-krishna-bakers-talwandi/info|10|Bakery|11am to 10pm(Mon-Sun)|Good|3.5|20
S S Shopee|150|Fast Food|Kota|Talwandi|https://www.zomato.com/kota/s-s-shopee-talwandi/info|10|Quick Bites|11am to 10pm(Mon-Sun)||NEW|NEW
Chicken City|250|North Indian|Kota|Civil Lines|https://www.zomato.com/kota/chicken-city-civil-lines/info|10|Quick Bites|4pm to 11pm(Mon-Sun)|Good|3.7|61
Namaste India Fast food|250|Fast Food|Kota|Talwandi|https://www.zomato.com/kota/namaste-india-fast-food-talwandi/info|10|Kiosk|11am to 10pm(Mon-Sun)|Average|3.3|19
Shreenath Pav Bhaji & Fast Food|150|Fast Food|Kota|Rangbari|https://www.zomato.com/kota/shreenath-pav-bhaji-fast-food-rangbari/info|10|Quick Bites|11am to 10pm(Mon-Sun)|Good|3.6|16
Moms Magic Full on Paratha Corner|200|Fast Food|Kota|RK Puram - E|https://www.zomato.com/kota/moms-magic-full-on-paratha-corner-rk-puram-e/info|10|Kiosk|12noon to 10pm(Mon-Sun)||NEW|NEW
Jai Jinendra Cafe|200|Fast Food|Kota|Chawani|https://www.zomato.com/kota/jai-jinendra-cafe-chawani/info|10|Quick Bites|11am to 10pm(Mon-Sun)|Average|3.4|12
Gurukripa Juice Point|100|Beverages|Kota|Rangbari|https://www.zomato.com/kota/gurukripa-juice-point-rangbari/info|10|Beverage Shop|10am to 10pm(Mon-Sun)||NEW|NEW
Moti Mahal Deluxe|500|North Indian,Chinese,Mughlai,Modern Indian|Kota|Dadabari|https://www.zomato.com/kota/moti-mahal-deluxe-dadabari/info|10|Casual Dining|11am to 11pm(Mon-Sun)|Good|3.7|66
Patties & Namkeen Corner|100|Fast Food|Kota|Rangbari|https://www.zomato.com/kota/patties-namkeen-corner-rangbari/info|10|Quick Bites|11am to 10pm(Mon-Sun)|Not rated|-|-
Cakey 'N' Bakey|200|Bakery|Kota|Rangbari|https://www.zomato.com/kota/cakey-n-bakey-rangbari/info|10|Bakery|12noon to 10pm(Mon-Sun)|Average|3.4|16
Jain Foods|100|Fast Food|Kota|Chawani|https://www.zomato.com/kota/jain-foods-1-chawani/info|10|Quick Bites|8am to 7pm(Mon-Sat),8am to 3pm(Sun)|Average|3.1|5
Mumbai Street Food|100|Street Food|Kota|Talwandi|https://www.zomato.com/kota/mumbai-street-food-talwandi/info|10|Kiosk|11am to 10pm(Mon-Sun)|Good|3.5|14
Baba Kripa Dhaba|200|North Indian,Fast Food|Kota|Talwandi|https://www.zomato.com/kota/baba-kripa-dhaba-talwandi/info|11|Quick Bites|11am to 10pm(Mon-Sun)|Average|3.4|15
Brunchiz|200|Cafe|Kota|Ladpura|https://www.zomato.com/kota/brunchiz-ladpura/info|11|Café||Average|3.3|14
New Spoon|100|Street Food|Kota|Rangbari|https://www.zomato.com/kota/new-spoon-rangbari/info|11|Quick Bites|4pm to 10pm(Mon-Sun)|Average|3.4|15
Sai Burger|50|Burger|Kota|Civil Lines|https://www.zomato.com/kota/sai-burger-civil-lines/info|11|Kiosk|5pm to 10pm(Mon-Sun)||NEW|NEW
Gautam Sweets & Namkeens|300|Mithai,Fast Food|Kota|Talwandi|https://www.zomato.com/kota/gautam-sweets-namkeens-talwandi/info|11|Sweet Shop|7am to 930pm(Mon-Sun)|Average|3.1|16
Shri Ram Namkeen & Sweets|50|Fast Food,Mithai|Kota|Civil Lines|https://www.zomato.com/kota/shri-ram-namkeen-sweets-civil-lines/info|11|Quick Bites|10am to 9pm(Mon-Sun)|Average|3.3|10
Bean Der|200|Cafe|Kota|Ladpura|https://www.zomato.com/kota/bean-der-ladpura/info|11|Café|11am to 11pm(Mon-Sun)|Good|3.6|47
New Bikaneri Rasgulla Bhandar|300|Desserts|Kota|Chawani|https://www.zomato.com/kota/new-bikaneri-rasgulla-bhandar-chawani/info|11|Sweet Shop|11am to 9pm(Mon-Sun)||NEW|NEW
Shambhu Mishtan Bhandar|100|Desserts|Kota|Talwandi|https://www.zomato.com/kota/shambhu-mishtan-bhandar-talwandi/info|11|Sweet Shop|11am to 9pm(Mon-Sun)|Average|3.3|10
Chatkar Snacks|150|Indian|Kota|Rangbari|https://www.zomato.com/kota/chatkar-snacks-rangbari/info|11|Kiosk|1pm to 10pm(Mon-Sun)||NEW|NEW
Paakiza Biryani|100|Mughlai|Kota|Talwandi|https://www.zomato.com/kota/paakiza-biryani-talwandi/info|11|Kiosk|11am to 10pm(Mon-Sun)|Average|3.2|6
Ravi fruit juice & shake corner|150|Juices|Kota|Talwandi|https://www.zomato.com/kota/ravi-fruit-juice-shake-corner-talwandi/info|11|Beverage Shop|830am to 10pm(Mon-Sun)||NEW|NEW
Celebration's|300|Fast Food|Kota|Rangbari|https://www.zomato.com/kota/celebrations-rangbari/info|11|Quick Bites|11am to 10pm(Mon-Sun)|Average|3.2|14
The Street Fast Food|250|Fast Food|Kota|Chawani|https://www.zomato.com/kota/the-street-fast-food-chawani/info|11|Kiosk|11am to 10pm(Mon-Sun)||NEW|NEW
Agrawal Misthan Bhandar|200|Desserts|Kota|Ladpura|https://www.zomato.com/kota/agrawal-misthan-bhandar-ladpura/info|11|Dessert Parlor|11am to 10pm(Mon-Sun)|Average|3.1|5
Amul Kota Junction Milk Parlour|250|Ice Cream,Fast Food|Kota|Chawani|https://www.zomato.com/kota/amul-kota-junction-milk-parlour-chawani/info|12|Quick Bites|12noon to 10pm(Mon-Sun)||NEW|NEW
Punjabi Mathri|250|Mithai|Kota|Talwandi|https://www.zomato.com/kota/punjabi-mathri-talwandi/info|12|Quick Bites|10am to 10pm(Mon-Sun)|Average|3.3|10
Agarwal Patha Bhandar|200|Desserts|Kota|Dadabari|https://www.zomato.com/kota/agarwal-patha-bhandar-dadabari/info|12|Quick Bites|11am to 10pm(Mon-Sun)|Average|3.2|7
Radhe Radhe Pure Veg Point|100|Fast Food|Kota|Indraprastha Industrial Area|https://www.zomato.com/kota/radhe-radhe-pure-veg-point-indraprastha-industrial-area/info|12|Kiosk|4pm to 10pm(Mon-Sun)|Not rated|-|-
Patna Mess|150|Indian|Kota|Rangbari|https://www.zomato.com/kota/patna-mess-1-rangbari/info|12|Mess|11am to 10pm(Mon-Sun)|Average|3.0|4
Daily Needs Fast Food|300|Fast Food|Kota|Talwandi|https://www.zomato.com/kota/daily-needs-fast-food-talwandi/info|12|Quick Bites|11am to 10pm(Mon-Sun)|Average|3.2|8
Grab-N-Eat|150|North Indian,Chinese|Kota|Rangbari|https://www.zomato.com/kota/grab-n-eat-2-rangbari/info|12|Quick Bites|12noon to 10pm(Mon-Sun)|Average|3.1|6
Fun Food|200|Fast Food|Kota|Indraprastha Industrial Area|https://www.zomato.com/kota/fun-food-indraprastha-industrial-area/info|12|Quick Bites|12noon to 10pm(Mon-Sun)|Average|3.2|12
Rajasthan Fast Food|100|Fast Food|Kota|Ladpura|https://www.zomato.com/kota/rajasthan-fast-food-ladpura/info|12|none|11am to 9pm(Mon-Sun)|Not rated|-|-
Maheshwari Mirch Masala|250|North Indian|Kota|Rangbari|https://www.zomato.com/kota/maheshwari-mirch-masala-rangbari/info|12|Quick Bites|11am to 10pm(Mon-Sun)|Average|3.4|4
Sai Juice Center|200|Juices,Fast Food|Kota|Talwandi|https://www.zomato.com/kota/sai-juice-center-talwandi/info|12|Quick Bites|11am to 8pm(Mon-Sun)|Average|3.2|7
Gopal Bakery|500|Bakery|Kota|RK Puram - E|https://www.zomato.com/kota/gopal-bakery-rk-puram-e/info|12|Bakery|11am to 10pm(Mon-Sun)|Average|3.0|6
Siddhi Vinayak Bakery & Juice Centre|100|Bakery,Juices|Kota|Rangbari|https://www.zomato.com/kota/siddhi-vinayak-bakery-juice-centre-rangbari/info|12|none|1130am to 10pm(Mon-Sun)|Average|3.1|5
Shree Nath Fast Food|250|Fast Food|Kota|Talwandi|https://www.zomato.com/kota/shree-nath-fast-food-talwandi/info|12|Quick Bites|11am to 10pm(Mon-Sun)||NEW|NEW
Star Bakery|250|Bakery|Kota|Rangbari|https://www.zomato.com/kota/star-bakery-rangbari/info|12|Bakery|9am to 10pm(Mon-Sun)|Average|3.1|5
Swad Rajasthan Ka|300|Fast Food|Kota|Rangbari|https://www.zomato.com/kota/swad-rajasthan-ka-rangbari/info|13|Quick Bites|11am to 10pm(Mon-Sun)|Not rated|-|-
Street Packing Point|250|North Indian|Kota|Rangbari|https://www.zomato.com/kota/street-packing-point-rangbari/info|13|Quick Bites|11am to 10pm(Mon-Sun)|Average|3.1|8
Bhagwati Sweets & Namkeen|200|Desserts|Kota|Ladpura|https://www.zomato.com/kota/bhagwati-sweets-namkeen-ladpura/info|13|Sweet Shop|830am to 10pm(Mon-Sun)||NEW|NEW
Hotel Tanishq And Restaurant|200|North Indian,Fast Food|Kota|Ladpura|https://www.zomato.com/kota/hotel-tanishq-and-restaurant-ladpura/info|13|Quick Bites|11am to 10pm(Mon-Sun)|Not rated|-|-
KGN Rolls|150|Fast Food|Kota|Rangbari|https://www.zomato.com/kota/kgn-rolls-rangbari/info|13|Quick Bites|2pm to 10pm(Mon-Sun)|Average|2.8|6
Yummy Burger|300|Fast Food|Kota|Talwandi|https://www.zomato.com/kota/yummy-burger-talwandi/info|13|Quick Bites|11am to 11pm(Mon-Sun)|Average|3.4|30
Pasta Street|200|Chinese|Kota|Ladpura|https://www.zomato.com/kota/pasta-street-ladpura/info|13|Café|9am to 9pm(Mon-Sun)|Average|3.0|4
Pratap Nonveg Point|250|Fast Food|Kota|Talwandi|https://www.zomato.com/kota/pratap-nonveg-point-talwandi/info|13|Kiosk|6pm to 10pm(Mon-Sun)||NEW|NEW
Panchhi Petha Store|300|Desserts|Kota|Rangbari|https://www.zomato.com/kota/panchhi-petha-store-rangbari/info|13|Sweet Shop|11am to 10pm(Mon-Sun)|Average|3.0|4
Sana NonVeg Point|150|North Indian|Kota|Rangbari|https://www.zomato.com/kota/sana-nonveg-point-rangbari/info|13|none|6pm to 10pm(Mon-Sun)|Average|3.1|6
Didi's Restaurant And Fast Food|150|North Indian,Fast Food|Kota|RK Puram - E|https://www.zomato.com/kota/didis-restaurant-and-fast-food-rk-puram-e/info|13|Quick Bites|11am to 10pm(Mon-Sun)||NEW|NEW
Wake Up Cafe|150|Cafe,Chinese,Continental|Kota|Ladpura|https://www.zomato.com/kota/wake-up-cafe-ladpura/info|13|Quick Bites|1pm to 10pm(Mon-Sun)|Average|3.0|4
Caliber Food's|200|North Indian|Kota|Rangbari|https://www.zomato.com/kota/caliber-foods-rangbari/info|13|Mess|12noon to 230pm,730pm to 10pm(Mon-Sun)|Not rated|-|-
Panchhi Petha Store|300|Mithai|Kota|Chawani|https://www.zomato.com/kota/panchhi-petha-store-chawani/info|13|Sweet Shop|11am to 10pm(Mon-Sun)|Not rated|-|-
Village View Cafe|250|Fast Food|Kota|Ladpura|https://www.zomato.com/kota/village-view-cafe-ladpura/info|13|Quick Bites|11am to 10pm(Mon-Sun)|Average|3.0|6
Sanskar Juice And Fast Food Point|200|Juices,Fast Food|Kota|Talwandi|https://www.zomato.com/kota/sanskar-juice-and-fast-food-point-talwandi/info|14|Quick Bites|11am to 10pm(Mon-Sun)|Average|3.0|5
Meet & Treat Cafe|100|Fast Food|Kota|Talwandi|https://www.zomato.com/kota/meet-treat-cafe-talwandi/info|14|none|1pm to 10pm(Mon-Sun)|Not rated|-|-
The Steam Tub|200|Fast Food|Kota|Talwandi|https://www.zomato.com/kota/the-steam-tub-talwandi/info|14|Kiosk|11am to 10pm(Mon-Sun)|Average|3.1|5
Rasoi Ghar|200|North Indian|Kota|Rangbari|https://www.zomato.com/kota/rasoi-ghar-rangbari/info|14|Mess|11am to 3pm,730pm to 930pm(Mon-Sun)|Average|2.8|5
Freak Out|250|Chinese,Fast Food|Kota|Talwandi|https://www.zomato.com/kota/freak-out-talwandi/info|14|Quick Bites|10am to 11pm(Mon-Sun)|Good|3.8|76
KhaPK Cafe|150|Fast Food,Chinese,Momos,Beverages,Tea|Kota|Indraprastha Industrial Area|https://www.zomato.com/kota/khapk-cafe-indraprastha-industrial-area/info|14|Quick Bites|930am to 830pm(Mon-Sat),2pm to 830pm(Sun)||NEW|NEW
Porwal Restaurant|250|North Indian|Kota|Ladpura|https://www.zomato.com/kota/porwal-restaurant-ladpura/info|14|none|(Mon-Sun)||NEW|NEW
Urban Tadka|200|North Indian|Kota|Rangbari|https://www.zomato.com/kota/urban-tadka-rangbari/info|14|Kiosk|(Mon-Sun)|Not rated|-|-
S Birla Foods|300|North Indian|Kota|Indraprastha Industrial Area|https://www.zomato.com/kota/s-birla-foods-indraprastha-industrial-area/info|14|Casual Dining|1230pm to 230pm,7pm to 10pm(Mon-Sun)|Average|3.2|6
Cafe Culture|400|Fast Food|Kota|Ladpura|https://www.zomato.com/kota/cafe-culture-ladpura/info|14|Quick Bites|10am to 9pm(Mon-Sun)|Average|3.1|5
Sana Biryani & Chicken Fry|100|Biryani|Kota|Rangbari|https://www.zomato.com/kota/sana-biryani-chicken-fry-rangbari/info|14|Kiosk|5pm to 9pm(Mon-Sun)||NEW|NEW
Rajwadi|200|North Indian|Kota|Rangbari|https://www.zomato.com/kota/rajwadi-rangbari/info|14|Casual Dining|1pm to 10pm(Mon-Sun)|Not rated|-|-
The Hide Out Cafe|150|Fast Food|Kota|Talwandi|https://www.zomato.com/kota/the-hide-out-cafe-talwandi/info|14|Quick Bites|1pm to 10pm(Mon-Sun)|Not rated|-|-
Deepshree Bakery|100|Desserts|Kota|Ladpura|https://www.zomato.com/kota/deepshree-bakery-ladpura/info|14|Bakery|11am to 10pm(Mon-Sun)||NEW|NEW
Zam Zam Nonveg Restaurant|250|Mughlai|Kota|Dadabari|https://www.zomato.com/kota/zam-zam-nonveg-restaurant-dadabari/info|14|Kiosk|3pm to 10pm(Mon-Sun)||NEW|NEW
Daily Dose Cafe|200|Fast Food,Chinese|Kota|Ladpura|https://www.zomato.com/kota/daily-dose-cafe-ladpura/info|15|Café|2pm to 10pm(Mon-Sun)||NEW|NEW
The Haveli Cafe|250|Cafe,Chinese|Kota|RK Puram - E|https://www.zomato.com/kota/the-haveli-cafe-rk-puram-e/info|15|Café|11am to 10pm(Mon-Sun)|Not rated|-|-
Crazzy 4|150|Fast Food,North Indian|Kota|Talwandi|https://www.zomato.com/kota/crazzy-4-talwandi/info|15|Food Court|11am to 10pm(Mon-Sun)|Not rated|-|-
Annpurna Mess And Restro|200|North Indian|Kota|Dadabari|https://www.zomato.com/kota/annpurna-mess-and-restro-dadabari/info|15|Quick Bites|11am to 2pm,6pm to 10pm(Mon-Sun)|Not rated|-|-
Yummy Fast Food|200|North Indian,Fast Food|Kota|Chawani|https://www.zomato.com/kota/yummy-fast-food-chawani/info|15|Kiosk|(Mon-Sun)|Not rated|-|-
Kris Bite|250|Fast Food|Kota|Talwandi|https://www.zomato.com/kota/kris-bite-talwandi/info|15|Kiosk|11am to 10pm(Mon-Sun)||NEW|NEW
Sip N Byte|150|Pizza,Sandwich,Momos|Kota|Talwandi|https://www.zomato.com/kota/sip-n-byte-talwandi/info|15|Quick Bites|2pm to 10pm(Mon-Sun)|Not rated|-|-
Let's Eat|200|Fast Food|Kota|Ladpura|https://www.zomato.com/kota/lets-eat-ladpura/info|15|Quick Bites|11am to 10pm(Mon-Sun)|Not rated|-|-
Aalishaan Restaurant|150|Fast Food|Kota|Talwandi|https://www.zomato.com/kota/aalishaan-restaurant-talwandi/info|15|Bhojanalya|11am to 10pm(Mon-Sun)|Not rated|-|-
Agarwal Kachora Bhandar|50|Mithai,Street Food|Kota|Chawani|https://www.zomato.com/kota/agarwal-kachora-bhandar-chawani/info|15|Sweet Shop|11am to 9pm(Mon-Sun)|Not rated|-|-
Sanskar Cool Corner|100|Beverages|Kota|Talwandi|https://www.zomato.com/kota/sanskar-cool-corner-talwandi/info|15|Kiosk|12noon to 930pm(Mon-Sun)|Not rated|-|-
Silver Spoon Mess And Tiffins|150|North Indian|Kota|Rangbari|https://www.zomato.com/kota/silver-spoon-mess-and-tiffins-rangbari/info|15|Mess|12noon to 230pm(Mon-Sun)|Not rated|-|-
Amy's Creamery|400|Fast Food|Kota|Ladpura|https://www.zomato.com/kota/amys-creamery-ladpura/info|15|Quick Bites|12noon to 11pm(Mon-Sun)|Good|3.8|25
Milap Dhaba And Juice Center|100|Juices|Kota|Ladpura|https://www.zomato.com/kota/milap-dhaba-and-juice-center-ladpura/info|15|Beverage Shop|11am to 10pm(Mon-Sun)||NEW|NEW
Mr. Food king Packing Point|250|North Indian|Kota|Talwandi|https://www.zomato.com/kota/mr-food-king-packing-point-talwandi/info|15|Kiosk|11am to 10pm(Mon-Sun)|Not rated|-|-
Shree Confectionery|100|Fast Food,Desserts|Kota|Talwandi|https://www.zomato.com/kota/shree-confectionery-talwandi/info|16|Bakery|11am to 930pm(Mon-Sun)|Not rated|-|-
Punjabi Foods|200|North Indian|Kota|Rangbari|https://www.zomato.com/kota/punjabi-foods-rangbari/info|16|Mess|1130am to 3pm,730pm to 10pm(Mon-Sun)|Not rated|-|-
Shree Laxmi Mess|250|North Indian|Kota|Rangbari|https://www.zomato.com/kota/shree-laxmi-mess-rangbari/info|16|Mess|11am to 10pm(Mon-Sun)|Not rated|-|-
Punjabi Zaika|200|North Indian|Kota|Rangbari|https://www.zomato.com/kota/punjabi-zaika-rangbari/info|16|Mess|7am to 10am,6pm to 10pm,1130am to 3pm(Mon-Sun)|Not rated|-|-
Bollywood Cafe|250|Fast Food,Beverages|Kota|Indraprastha Industrial Area|https://www.zomato.com/kota/bollywood-cafe-indraprastha-industrial-area/info|16|Quick Bites|11am to 10pm(Mon-Sun)|Not rated|-|-
Chitra Fast Food & Restaurant|100|Fast Food|Kota|Indraprastha Industrial Area|https://www.zomato.com/kota/chitra-fast-food-restaurant-indraprastha-industrial-area/info|16|Quick Bites|12noon to 10pm(Mon-Sun)|Not rated|-|-
True Love Cafe|400|Fast Food|Kota|Talwandi|https://www.zomato.com/kota/true-love-cafe-talwandi/info|16|Quick Bites|12noon to 10pm(Mon-Sun)|Not rated|-|-
Salasar Juice And Shakes|100|Juices|Kota|RK Puram - E|https://www.zomato.com/kota/salasar-juice-and-shakes-rk-puram-e/info|16|Beverage Shop|11am to 10pm(Mon-Sun)||NEW|NEW
Lovely Bhojanalaya|150|North Indian|Kota|Talwandi|https://www.zomato.com/kota/lovely-bhojanalaya-talwandi/info|16|Quick Bites|1pm to 10pm(Mon-Sun)|Not rated|-|-
Swachh Fast Food & Juice Center|100|Juices,Fast Food|Kota|Ladpura|https://www.zomato.com/kota/swachh-fast-food-juice-center-ladpura/info|16|Quick Bites|(Mon-Sun)||NEW|NEW
Madhuram Restaurant|150|Cafe,Indian|Kota|Rangbari|https://www.zomato.com/kota/madhuram-restaurant-rangbari/info|16|Café|12noon to 10pm(Mon-Sun)|Not rated|-|-
Global Foods|200|North Indian|Kota|Rangbari|https://www.zomato.com/kota/global-foods-rangbari/info|16|Mess|1130am to 230pm,730pm to 930pm(Mon-Sun)|Not rated|-|-
Jain Tiffin Center|300|Gujarati|Kota|RPS Colony|https://www.zomato.com/kota/jain-tiffin-center-rps-colony/info|16|Quick Bites|10am to 9pm(Mon-Sun)||NEW|NEW
Koyla Meat Bones Veg Restaurant|300|North Indian|Kota|Ladpura|https://www.zomato.com/kota/koyla-meat-bones-veg-restaurant-ladpura/info|16|Fine Dining|12noon to 10pm(Mon-Sun)||NEW|NEW
Mac Foods|200|North Indian|Kota|Rangbari|https://www.zomato.com/kota/mac-foods-rangbari/info|16|Mess|11am to 330pm,730pm to 930pm(Mon-Sun)|Not rated|-|-
Hotel Bharat Plaza|300|North Indian|Kota|Dhanmandi|https://www.zomato.com/kota/hotel-bharat-plaza-dhanmandi/info|17|Quick Bites|(Mon-Sun)||NEW|NEW
Natkhat FastFood And Confectionery|150|Fast Food|Kota|RK Puram - E|https://www.zomato.com/kota/natkhat-fastfood-and-confectionery-rk-puram-e/info|17|Confectionery|10am to 10pm(Mon-Sun)||NEW|NEW
Nut Bolt|500|North Indian|Kota|Talwandi|https://www.zomato.com/kota/nut-bolt-talwandi/info|17|Quick Bites|11am to 10pm(Mon-Sun)|Not rated|-|-
Shree Madhav Restaurant|200|North Indian|Kota|Ladpura|https://www.zomato.com/kota/shree-madhav-restaurant-ladpura/info|17|Fine Dining|(Mon-Sun)||NEW|NEW
Perfect Mess|200|North Indian|Kota|Rangbari|https://www.zomato.com/kota/perfect-mess-rangbari/info|17|Mess|7am to 10pm(Mon-Sun)|Not rated|-|-
Lunch Box|300|North Indian|Kota|Chawani|https://www.zomato.com/kota/lunch-box-chawani/info|17|none|12noon to 3pm(Mon-Sun)|Not rated|-|-
Sonal Fast Food & Mess|150|Fast Food|Kota|Rangbari|https://www.zomato.com/kota/sonal-fast-food-mess-rangbari/info|17|Kiosk|4pm to 10pm(Mon-Sun)|Not rated|-|-
Pizza Fun|300|Pizza|Kota|Cinemall-- Indraprastha Industrial Area|https://www.zomato.com/kota/pizza-fun-indraprastha-industrial-area/info|17|Quick Bites|11am to 11pm(Mon-Sun)|Good|3.8|70
Hot Chicken|200|Mughlai|Kota|Kota Industrial Area|https://www.zomato.com/kota/hot-chicken-kota-industrial-area/info|17|Quick Bites|9am to 3am(Mon-Sun)|Good|3.5|74
The Khurana's Kitchen|300|North Indian,Mughlai|Kota|Talwandi|https://www.zomato.com/kota/the-khuranas-kitchen-1-talwandi/info|17|Quick Bites|630pm to 1030pm(Mon,Wed,Thu,Fri,Sat,Sun)...|Very Good|4.0|101
New Jai Shankar Dhaba|200|North Indian|Kota|Rangbari|https://www.zomato.com/kota/new-jai-shankar-dhaba-rangbari/info|17|none|11am to 11pm(Mon-Sun)|Good|3.8|51
Tott Kota|200|Mughlai|Kota|Talwandi|https://www.zomato.com/kota/tott-kota-talwandi/info|17|Quick Bites|1130am to 11pm(Mon-Sun)|Good|3.8|83
Kundanam|500|North Indian,Fast Food|Kota|Chawani|https://www.zomato.com/kota/kundanam-chawani/info|17|Casual Dining|11am to 11pm(Mon-Sun)|Good|3.6|70
Maheshwari Restaurant|400|North Indian|Kota|RPS Colony|https://www.zomato.com/kota/maheshwari-restaurant-rps-colony/info|17|Casual Dining|11am to 11pm(Mon-Sun)|Good|3.8|101
Burger Garage|200|Burger,Fast Food|Kota|Talwandi|https://www.zomato.com/kota/burger-garage-talwandi/info|17|Quick Bites|1130am to 11pm(Mon-Sun)|Good|3.8|67
Tawa King Cafe Restro|600|North Indian|Kota|Talwandi|https://www.zomato.com/kota/tawa-king-cafe-restro-talwandi/info|18|Casual Dining|11am to 11pm(Mon-Sun)|Good|3.5|65
Shri Ji Foods|250|Fast Food,Street Food|Kota|Rangbari|https://www.zomato.com/kota/shri-ji-foods-rangbari/info|18|Quick Bites|11am to 11pm(Mon-Sun)|Good|3.5|57
Jodhpur Restaurant|300|North Indian|Kota|Chawani|https://www.zomato.com/kota/jodhpur-restaurant-chawani/info|18|Quick Bites|11am to 11pm(Mon-Sun)|Good|3.7|49
JSK Food Zone|150|Fast Food|Kota|Ladpura|https://www.zomato.com/kota/jsk-food-zone-ladpura/info|18|Quick Bites|12noon to 11pm(Mon-Sun)|Good|3.8|46
Eat xD Kota|300|Fast Food,Rolls|Kota|Talwandi|https://www.zomato.com/kota/eat-xd-kota-talwandi/info|18|none|1pm to 1059pm(Mon-Sun)|Average|3.4|51
Tummy Chinese Food Corner|300|North Indian,Fast Food|Kota|Talwandi|https://www.zomato.com/kota/tummy-chinese-food-corner-talwandi/info|18|Quick Bites|11am to 11pm(Mon-Sun)|Good|3.6|49
Troika Lounge|400|Chinese,North Indian|Kota|Chawani|https://www.zomato.com/kota/troika-lounge-chawani/info|18|Casual Dining|11am to 11pm(Mon-Thu),11am to 1130pm(Fri-Sun)|Good|3.8|64
Delicious|250|Fast Food|Kota|Rangbari|https://www.zomato.com/kota/delicious-rangbari/info|18|Quick Bites|11am to 11pm(Mon-Sun)|Good|3.7|72
Purple Vok|450|Chinese|Kota|Rangbari|https://www.zomato.com/kota/purple-vok-rangbari/info|18|Fine Dining|11am to 11pm(Mon-Sun)||NEW|NEW
Al Hayat Food Corner|250|Mughlai,North Indian|Kota|Talwandi|https://www.zomato.com/kota/al-hayat-food-corner-talwandi/info|18|Quick Bites|11am to 11pm(Mon-Sun)|Good|3.6|44
De Italian Pizza Bakker's|450|Italian|Kota|Talwandi|https://www.zomato.com/kota/de-italian-pizza-bakkers-1-talwandi/info|18|Quick Bites|12noon to 1030pm(Mon-Sun)|Good|3.7|42
Al-Faiz Zaika Food Corner|400|Mughlai,North Indian|Kota|Talwandi|https://www.zomato.com/kota/al-faiz-zaika-food-corner-talwandi/info|18|Casual Dining|1130am to 1030pm(Mon-Sun)|Good|3.9|55
Akkha India|300|Fast Food|Kota|Rangbari|https://www.zomato.com/kota/akkha-india-rangbari/info|18|Quick Bites|12noon to 1030pm(Mon-Sun)|Good|3.8|74
Sevva Lounge & Restaurant|1000|North Indian,Chinese,Mexican,Mughlai,Italian|Kota|RPS Colony|https://www.zomato.com/kota/sevva-lounge-restaurant-rps-colony/info|18|Bar|12noon to 11pm(Mon-Sun)|Good|3.5|57
The Second Wife|500|North Indian|Kota|RPS Colony|https://www.zomato.com/kota/the-second-wife-rps-colony/info|18|Casual Dining|11am to 11pm(Mon-Sun)|Good|3.5|68
Royal Nonveg Point|400|North Indian,Mughlai|Kota|Talwandi|https://www.zomato.com/kota/royal-nonveg-point-talwandi/info|19|Quick Bites|11am to 11pm(Mon-Sun)|Good|3.7|44
Mast-Q-Pizza|150|Fast Food|Kota|Rangbari|https://www.zomato.com/kota/mast-q-pizza-rangbari/info|19|Quick Bites|11am to 11pm(Mon-Sun)|Good|3.6|59
Rolls Mania|350|Rolls,Fast Food|Kota|Talwandi|https://www.zomato.com/kota/rolls-mania-talwandi/info|19|Quick Bites|11am to 11pm(Mon-Sun)|Good|3.8|51
Delhi Spice Roll Hut|350|Fast Food|Kota|Rangbari|https://www.zomato.com/kota/delhi-spice-roll-hut-rangbari/info|19|Quick Bites|11am to 11pm(Mon-Sun)|Good|3.8|61
Rajwada|150|North Indian|Kota|Rangbari|https://www.zomato.com/kota/rajwada-rangbari/info|19|Quick Bites|12noon to 11pm(Mon-Sun)|Good|3.6|49
Ajeet Restaurant|300|North Indian|Kota|Chawani|https://www.zomato.com/kota/ajeet-restaurant-chawani/info|19|Casual Dining|11am to 11pm(Mon-Sun)|Good|3.7|41
South Pole Express|250|South Indian|Kota|Ladpura|https://www.zomato.com/kota/south-pole-express-ladpura/info|19|Quick Bites|11am to 1030pm(Mon-Sun)|Good|3.6|21
Facebook Food|150|Chinese,Indian|Kota|Indraprastha Industrial Area|https://www.zomato.com/kota/facebook-food-indraprastha-industrial-area/info|19|Kiosk|11am to 11pm(Mon-Sun)|Good|3.7|53
Status Restaurant|500|North Indian|Kota|Talwandi|https://www.zomato.com/kota/status-restaurant-talwandi/info|19|Casual Dining|8am to 1030pm(Mon-Sun)|Good|3.7|54
Social Hub|250|Fast Food,Beverages|Kota|Talwandi|https://www.zomato.com/kota/social-hub-talwandi/info|19|Quick Bites|10am to 11pm(Mon-Sun)|Good|3.7|56
Egg Dee|300|Fast Food|Kota|Talwandi|https://www.zomato.com/kota/egg-dee-talwandi/info|19|Quick Bites|11am to 11pm(Mon-Sun)|Good|3.6|36
The Kitchen Restaurant|800|North Indian|Kota|Talwandi|https://www.zomato.com/kota/the-kitchen-restaurant-talwandi/info|19|Casual Dining|10am to 11pm(Mon-Sun)|Good|3.6|42
Maheshwari Veg Bhojnalay|300|North Indian|Kota|Ladpura|https://www.zomato.com/kota/maheshwari-veg-bhojnalay-ladpura/info|19|Bhojanalya|11am to 1030pm(Mon-Sun)|Good|3.9|31
Shere Punjab Ice Cream|100|Ice Cream|Kota|Chawani|https://www.zomato.com/kota/shere-punjab-ice-cream-1-chawani/info|19|Dessert Parlor|12noon to 11pm(Mon-Sun)|Good|3.7|25
Happy Singh Restaurant|500|North Indian|Kota|Talwandi|https://www.zomato.com/kota/happy-singh-restaurant-talwandi/info|19|Casual Dining|12noon to 11pm(Mon-Sun)|Average|2.6|36
Al Kareem|400|Mughlai|Kota|Talwandi|https://www.zomato.com/kota/al-kareem-talwandi/info|2|Casual Dining|11am to 11pm(Mon-Sun)|Very Good|4.1|453
Hunger Buddy|150|Street Food|Kota|Rangbari|https://www.zomato.com/kota/hunger-buddy-rangbari/info|2|Quick Bites|11am to 11pm(Mon-Sun)|Good|3.9|140
Rolls Hub|250|Rolls|Kota|Rangbari|https://www.zomato.com/kota/rolls-hub-rangbari/info|2|Quick Bites|1130am to 1030pm(Mon-Sun)|Very Good|4.3|204
Burger King|200|Burger|Kota|City Mall-- Indraprastha Industrial Area|https://www.zomato.com/kota/burger-king-1-indraprastha-industrial-area/info|2|Quick Bites|11am to 11pm(Mon-Sun)|Very Good|4.3|168
Johnny Walker The Café|400|Cafe,Beverages|Kota|Rangbari|https://www.zomato.com/kota/johnny-walker-the-café-2-rangbari/info|2|Café|8am to 12midnight(Mon,Tue,Wed,Fri,Sat,Sun)...|Very Good|4.1|188
MRF Punjabi Food|500|North Indian|Kota|Talwandi|https://www.zomato.com/kota/mrf-punjabi-food-talwandi/info|2|Casual Dining|9am to 2am(Mon-Sun)|Very Good|4.1|141
Chai Paani|350|Fast Food,North Indian|Kota|Talwandi|https://www.zomato.com/kota/chai-paani-talwandi/info|2|Casual Dining|11am to 11pm(Mon-Sun)|Very Good|4.0|148
Chill Out Fast Food|100|Fast Food|Kota|Talwandi|https://www.zomato.com/kota/chill-out-fast-food-talwandi/info|2|Quick Bites|9am to 11pm(Mon-Sun)|Good|3.9|85
Mad Over Meals|250|North Indian,Chinese|Kota|Indraprastha Industrial Area|https://www.zomato.com/kota/mad-over-meals-2-indraprastha-industrial-area/info|2|Quick Bites|12noon to 11pm(Mon-Sun)|Very Good|4.0|98
Dosa N Chutny's|400|South Indian|Kota|Rangbari|https://www.zomato.com/kota/dosa-n-chutnys-rangbari/info|2|Quick Bites|6pm to 11pm(Mon-Sun)|Very Good|4.0|96
Red Chillies Foods|150|North Indian|Kota|Rangbari|https://www.zomato.com/kota/red-chillies-foods-rangbari/info|2|Quick Bites|11am to 3pm,7pm to 10pm(Mon-Sun)|Very Good|4.1|299
Kesar Punjabi Dhaba|300|Italian,North Indian,Chinese|Kota|Dadabari|https://www.zomato.com/kota/kesar-punjabi-dhaba-dadabari/info|2|Dhaba|11am to 11pm(Mon-Sun)|Good|3.9|68
Rising Bowl|300|Chinese|Kota|Rangbari|https://www.zomato.com/kota/rising-bowl-rangbari/info|2|Quick Bites|1110am to 1032pm(Mon-Sun)|Excellent|4.5|109
SS Dairy|100|Indian|Kota|Chawani|https://www.zomato.com/kota/ss-dairy-1-chawani/info|2|Sweet Shop|(Mon-Sun)||NEW|NEW
Food Street|200|Chinese,Italian,Burger,Sandwich,Fast Food|Kota|Ladpura|https://www.zomato.com/kota/food-street-1-ladpura/info|2|Café|11am to 12midnight(Mon-Sun)|Good|3.9|84
Food Floss Cafeteria|150|Fast Food|Kota|Chawani|https://www.zomato.com/kota/food-floss-cafeteria-chawani/info|20|Quick Bites|1130am to 1030pm(Mon-Sun)|Good|3.6|40
Jain's Bakers|200|Bakery,Beverages|Kota|Indraprastha Industrial Area|https://www.zomato.com/kota/jains-bakers-indraprastha-industrial-area/info|20|Bakery|10am to 11pm(Mon-Sun)|Good|3.7|38
Saffron The Fine Dinning Restaurant|600|North Indian|Kota|Rangbari|https://www.zomato.com/kota/saffron-the-fine-dinning-restaurant-rangbari/info|20|Casual Dining|11am to 11pm(Mon-Sun)|Good|3.7|39
The Chocolate Room|150|Desserts,Beverages|Kota|Ladpura|https://www.zomato.com/kota/the-chocolate-room-ladpura/info|20|Dessert Parlor|11am to 1030pm(Mon-Sun)|Good|3.5|10
Paratha Hub|200|Mughlai,North Indian|Kota|Talwandi|https://www.zomato.com/kota/paratha-hub-talwandi/info|20|Quick Bites|11am to 11pm(Mon-Sun)||NEW|NEW
Bell Papper's|250|Fast Food|Kota|Dadabari|https://www.zomato.com/kota/bell-pappers-dadabari/info|20|none|11am to 11pm(Mon-Sun)|Good|3.8|48
Indiano Amazing Restaurant|300|Fast Food|Kota|Ladpura|https://www.zomato.com/kota/indiano-amazing-restaurant-ladpura/info|20|Quick Bites|11am to 11pm(Mon-Sun)|Good|3.8|24
High on Food|350|Fast Food|Kota|Rangbari|https://www.zomato.com/kota/high-on-food-rangbari/info|20|Quick Bites|1130am to 1030pm(Mon-Sun)|Good|3.6|46
Pizza Burst|200|Pizza,Fast Food|Kota|Ladpura|https://www.zomato.com/kota/pizza-burst-ladpura/info|20|Quick Bites|11am to 1030pm(Mon-Sun)|Average|2.9|16
Cafe Coffee Day|500|Cafe|Kota|Rangbari|https://www.zomato.com/kota/cafe-coffee-day-rangbari/info|20|Café|9am to 11pm(Mon-Sun)|Average|3.1|41
Pizza House|150|Indian,Pizza,Sandwich|Kota|Rangbari|https://www.zomato.com/kota/pizza-house-2-rangbari/info|20|Kiosk|11am to 12midnight(Mon-Sun)||NEW|NEW
Food Lover|300|Fast Food|Kota|Talwandi|https://www.zomato.com/kota/food-lover-talwandi/info|20|Quick Bites|11am to 11pm(Mon-Sun)|Average|2.6|27
The Belgian Waffle Co.|250|Desserts|Kota|Ladpura|https://www.zomato.com/kota/the-belgian-waffle-co-ladpura/info|20|Dessert Parlor|11am to 11pm(Mon-Sun)|Good|3.7|25
Al Hyatt|300|Mughlai|Kota|Dhanmandi|https://www.zomato.com/kota/al-hyatt-dhanmandi/info|20|Quick Bites|11am to 11pm(Mon-Sun)|Good|3.6|28
Shivoy Fun 'n' Food|400|North Indian|Kota|Dhanmandi|https://www.zomato.com/kota/shivoy-fun-n-food-dhanmandi/info|20|Quick Bites|11am to 11pm(Mon-Sun)|Good|3.8|28
Mother Dairy|100|Desserts|Kota|Rangbari|https://www.zomato.com/kota/mother-dairy-rangbari/info|21|Sweet Shop|8am to 11pm(Mon-Sun)||NEW|NEW
Chick Blast|250|Fast Food|Kota|Talwandi|https://www.zomato.com/kota/chick-blast-1-talwandi/info|21|Quick Bites|11am to 12midnight(Mon-Sun)|Good|3.6|50
Food Planet|350|Fast Food,Chinese|Kota|Rangbari|https://www.zomato.com/kota/food-planet-rangbari/info|21|Quick Bites|11am to 11pm(Mon-Sun)|Good|3.6|20
Chaudhary Cafe|250|Fast Food|Kota|Talwandi|https://www.zomato.com/kota/chaudhary-cafe-talwandi/info|21|Quick Bites|11am to 11pm(Mon-Sun)|Good|3.7|33
SK Coke Studio|150|Fast Food|Kota|Talwandi|https://www.zomato.com/kota/sk-coke-studio-talwandi/info|21|Quick Bites|11am to 11pm(Mon-Sun)||NEW|NEW
Ajjus Panchayat|100|Paan|Kota|Talwandi|https://www.zomato.com/kota/ajjus-panchayat-talwandi/info|21|Paan Shop|930am to 1145pm(Mon-Sun)||NEW|NEW
Kanha Mithaiwala|250|Mithai,North Indian,Chinese|Kota|Talwandi|https://www.zomato.com/kota/kanha-mithaiwala-talwandi/info|21|Sweet Shop|11am to 11pm(Mon-Sun)|Average|3.3|28
Smiling Meals|200|North Indian|Kota|Talwandi|https://www.zomato.com/kota/smiling-meals-talwandi/info|21|Quick Bites|11am to 11pm(Mon-Sun)|Average|3.1|25
Firoj Non-Veg Restaurant|300|North Indian|Kota|Talwandi|https://www.zomato.com/kota/firoj-non-veg-restaurant-talwandi/info|21|Quick Bites|11am to 11pm(Mon-Sun)|Average|3.4|25
FNP Cakes N More|250|Bakery|Kota|Talwandi|https://www.zomato.com/kota/fnp-cakes-n-more-1-talwandi/info|21|Bakery|11am to 11pm(Mon-Sun)|Good|3.7|20
SSD Bake & Taste|250|Fast Food|Kota|Indraprastha Industrial Area|https://www.zomato.com/kota/ssd-bake-taste-indraprastha-industrial-area/info|21|Quick Bites|11am to 11pm(Mon-Sun)|Good|3.5|40
New Sai Bakery and Fast Food|150|Street Food,Continental|Kota|Talwandi|https://www.zomato.com/kota/new-sai-bakery-and-fast-food-talwandi/info|21|Quick Bites|1pm to 11pm(Mon-Sun)|Average|3.4|24
The Urban Mandrain|500|North Indian,Chinese,Continental,Italian|Kota|Talwandi|https://www.zomato.com/kota/the-urban-mandrain-talwandi/info|21|Quick Bites|11am to 11pm(Mon-Sun)|Good|3.5|25
Shree Sai Burger & Sandwich|250|Fast Food|Kota|Talwandi|https://www.zomato.com/kota/shree-sai-burger-sandwich-talwandi/info|21|Quick Bites|11am to 11pm(Mon-Sun)|Good|3.5|14
Cafe 127|300|Fast Food,Chinese|Kota|Chawani|https://www.zomato.com/kota/cafe-127-1-chawani/info|21|Quick Bites|11am to 11pm(Mon-Sun)||NEW|NEW
Packing Point|400|North Indian|Kota|Dadabari|https://www.zomato.com/kota/packing-point-dadabari/info|22|none|2pm to 1055am(Mon,Wed,Thu,Fri,Sat,Sun)...|Good|3.6|34
Chicken Chaska|200|North Indian|Kota|Chawani|https://www.zomato.com/kota/chicken-chaska-2-chawani/info|22|Quick Bites|12noon to 11pm(Mon-Sun)|Average|3.3|30
The Pabulum|200|Fast Food,Beverages|Kota|Ladpura|https://www.zomato.com/kota/the-pabulum-ladpura/info|22|Quick Bites|11am to 11pm(Mon-Sun)|Good|3.5|15
The Gajkesari Multi Cuisine Restaurant|500|North Indian,Mughlai|Kota|Chawani|https://www.zomato.com/kota/the-gajkesari-multi-cuisine-restaurant-chawani/info|22|Casual Dining|12noon to 1030pm(Mon-Sun)||NEW|NEW
C Square Restaurant|600|North Indian|Kota|Talwandi|https://www.zomato.com/kota/c-square-restaurant-talwandi/info|22|Casual Dining|11am to 11pm(Mon-Sun)|Average|3.0|20
WTF-What The Food|200|Fast Food,Chinese|Kota|Indraprastha Industrial Area|https://www.zomato.com/kota/wtf-what-the-food-1-indraprastha-industrial-area/info|22|Quick Bites|12noon to 1030pm(Mon-Fri),12noon to 11pm(Sat-Sun)|Good|3.5|38
Wat-a-Biryani|600|Biryani,North Indian|Kota|Talwandi|https://www.zomato.com/kota/wat-a-biryani-talwandi/info|22|none|10am to 4am(Mon-Sun)|Good|3.6|30
Hotel Dawat Non Veg|200|Mughlai|Kota|Ladpura|https://www.zomato.com/kota/hotel-dawat-non-veg-ladpura/info|22|Quick Bites|11am to 11pm(Mon-Sun)|Average|3.2|33
Ambika Pan Bhandaar|150|Paan|Kota|Talwandi|https://www.zomato.com/kota/ambika-pan-bhandaar-talwandi/info|22|Paan Shop|1239pm to 1030pm(Mon-Sun)|Good|3.5|32
OblackO Cafe|450|Cafe|Kota|Chawani|https://www.zomato.com/kota/oblacko-cafe-chawani/info|22|Café|11am to 11pm(Mon-Sun)|Average|3.1|30
Food Corner|350|North Indian|Kota|Talwandi|https://www.zomato.com/kota/food-corner-talwandi/info|22|Quick Bites|5pm to 1030pm(Mon,Wed,Thu,Fri,Sat,Sun)...|Good|3.5|27
The House Cafe|200|North Indian,Continental|Kota|Rangbari|https://www.zomato.com/kota/the-house-cafe-rangbari/info|22|Quick Bites|11am to 1030pm(Mon-Sun)|Average|3.2|7
Theka|350|Fast Food|Kota|Indraprastha Industrial Area|https://www.zomato.com/kota/theka-indraprastha-industrial-area/info|22|Quick Bites|12noon to 1030pm(Mon-Sun)|Average|3.2|21
Shree Kanhan Foods|400|Chinese,Fast Food|Kota|RK Puram - E|https://www.zomato.com/kota/shree-kanhan-foods-rk-puram-e/info|22|Quick Bites|11am to 11pm(Mon-Sun)|Good|3.5|35
Sher-e- Punjab|300|North Indian|Kota|Talwandi|https://www.zomato.com/kota/sher-e-punjab-talwandi/info|22|Quick Bites|11am to 1030pm(Mon-Sun)|Average|3.4|22
Shree Shyam Rasgulla Bhandar|100|Desserts|Kota|Civil Lines|https://www.zomato.com/kota/shree-shyam-rasgulla-bhandar-civil-lines/info|23|Sweet Shop|1130am to 1030pm(Mon-Sun)|Average|3.3|8
Woods Restaurant|500|Continental,Chinese,South Indian|Kota|Indraprastha Industrial Area|https://www.zomato.com/kota/woods-restaurant-indraprastha-industrial-area/info|23|Casual Dining|12noon to 1030pm(Mon-Sun)|Good|3.6|22
Teena Food Zone|500|Chinese,North Indian|Kota|Talwandi|https://www.zomato.com/kota/teena-food-zone-talwandi/info|23|Quick Bites|3pm to 11pm(Mon-Sun)|Average|3.4|20
AlFaiz Non-Veg Restaurant|250|North Indian,Fast Food|Kota|Rangbari|https://www.zomato.com/kota/alfaiz-non-veg-restaurant-rangbari/info|23|Quick Bites|11am to 1030pm(Mon-Sun)|Average|3.4|20
Dhaba Cafe|300|Fast Food,Italian|Kota|Talwandi|https://www.zomato.com/kota/dhaba-cafe-talwandi/info|23|Quick Bites|11am to 11pm(Mon-Sun)|Average|3.0|24
The Food|600|North Indian|Kota|Talwandi|https://www.zomato.com/kota/the-food-talwandi/info|23|Quick Bites|11am to 11pm(Mon-Sun)|Good|3.5|24
Jyoti's Kitchen|100|Fast Food|Kota|Dadabari|https://www.zomato.com/kota/jyotis-kitchen-dadabari/info|23|Quick Bites|9am to 11pm(Mon-Sun)|Average|3.4|16
KGN Non Veg Hotel|300|North Indian|Kota|Dhanmandi|https://www.zomato.com/kota/kgn-non-veg-hotel-dhanmandi/info|23|Quick Bites|11am to 11pm(Mon-Sun)|Good|3.5|16
Coffee House Mess & Restaurant|250|Fast Food,North Indian|Kota|Talwandi|https://www.zomato.com/kota/coffee-house-mess-restaurant-talwandi/info|23|Casual Dining|11am to 11pm(Mon-Sun)|Average|3.3|17
Gurukripa Dhaba|250|North Indian|Kota|Ladpura|https://www.zomato.com/kota/gurukripa-dhaba-ladpura/info|23|Dhaba|11am to 11pm(Mon-Sun)|Good|3.6|19
Kota Zaika|400|North Indian|Kota|Kota Industrial Area|https://www.zomato.com/kota/kota-zaika-kota-industrial-area/info|23|Quick Bites|9am to 11pm(Mon-Sun)|Good|3.6|17
Hotel Virangna|300|North Indian|Kota|Chawani|https://www.zomato.com/kota/hotel-virangna-2-chawani/info|23|Quick Bites|11am to 11pm(Mon-Sun)|Good|3.8|21
Mayoor Bakers|200|Bakery,Fast Food|Kota|Ladpura|https://www.zomato.com/kota/mayoor-bakers-ladpura/info|23|Bakery|11am to 11pm(Mon-Sun)|Good|3.6|23
Food Capital|500|North Indian,South Indian,Rajasthani,Italian|Kota|Chawani|https://www.zomato.com/kota/food-capital-1-chawani/info|23|Quick Bites|11am to 11pm(Mon-Sun)|Good|3.6|24
Padharo Sa|150|North Indian|Kota|Chawani|https://www.zomato.com/kota/padharo-sa-chawani/info|23|Quick Bites|12noon to 12midnight(Mon-Sat),121pm to ...||NEW|NEW
Jai Ambe Burger|100|Fast Food|Kota|RK Puram - E|https://www.zomato.com/kota/jai-ambe-burger-rk-puram-e/info|24|Quick Bites|11am to 11pm(Mon-Sun)||NEW|NEW
The Bajot Family Restaurant|400|Rajasthani,Indian|Kota|Chawani|https://www.zomato.com/kota/the-bajot-family-restaurant-chawani/info|24|Fine Dining|12noon to 1130pm(Mon-Sun)|Average|3.2|7
UFO - Unlimited Freak Out|150|Fast Food|Kota|Chawani|https://www.zomato.com/kota/ufo-unlimited-freak-out-chawani/info|24|Food Truck|7pm to 1030pm(Mon-Sat),Closed(Sun)|Good|3.7|24
Diet Mate Food And Cafe|200|Chinese,Fast Food|Kota|Dadabari|https://www.zomato.com/kota/diet-mate-food-and-cafe-dadabari/info|24|Quick Bites|11am to 11pm(Mon-Sun)||NEW|NEW
Talab|800|Continental,North Indian|Kota|Chawani|https://www.zomato.com/kota/talab-chawani/info|24|Lounge|12noon to 1045pm(Mon-Sun)|Good|3.6|29
Eat 'n' Drink|200|North Indian,Chinese|Kota|Ladpura|https://www.zomato.com/kota/eat-n-drink-ladpura/info|24|Quick Bites|12noon to 11pm(Mon-Sun)|Good|3.5|22
100 Faces Fast-O-Food|300|Fast Food|Kota|Talwandi|https://www.zomato.com/kota/100-faces-fast-o-food-talwandi/info|24|Quick Bites|11am to 11pm(Mon-Sun)|Average|3.2|15
New Swapnil Gandhi Food Zone|300|Beverages,Biryani,North Indian,Street Food,Chinese,Momos,Sandwich,Burger|Kota|Talwandi|https://www.zomato.com/kota/new-swapnil-gandhi-food-zone-talwandi/info|24|Casual Dining|10am to 4am(Mon-Sun)|Average|3.3|14
Taj Shahi Non Veg & Veg|400|North Indian,Mughlai|Kota|Rangbari|https://www.zomato.com/kota/taj-shahi-non-veg-veg-rangbari/info|24|Casual Dining|11am to 11pm(Mon-Sun)|Average|3.4|18
SS Bakery|150|Bakery,Juices|Kota|Rangbari|https://www.zomato.com/kota/ss-bakery-rangbari/info|24|Bakery|12noon to 11pm(Mon-Sun)|Average|3.4|24
Punjabi Tadka|100|Chinese,Fast Food|Kota|Ladpura|https://www.zomato.com/kota/punjabi-tadka-ladpura/info|24|Quick Bites|11am to 11pm(Mon-Sun)|Good|3.5|19
The Mug|700|Fast Food,North Indian|Kota|Chawani|https://www.zomato.com/kota/the-mug-chawani/info|24|Lounge|11am to 11pm(Mon-Sun)|Good|3.6|26
Rominus Pizza And Burger|400|Pizza|Kota|Indraprastha Industrial Area|https://www.zomato.com/kota/rominus-pizza-and-burger-indraprastha-industrial-area/info|24|Quick Bites|11am to 11pm(Mon-Sun)||NEW|NEW
Balaji Foods|250|Fast Food|Kota|Rangbari|https://www.zomato.com/kota/balaji-foods-rangbari/info|24|Kiosk|12noon to 11pm(Mon-Sun)||NEW|NEW
Cheesy Boy|150|Fast Food|Kota|Indraprastha Industrial Area|https://www.zomato.com/kota/cheesy-boy-indraprastha-industrial-area/info|24|Quick Bites|11am to 11pm(Mon-Sun)|Average|3.3|24
Plates|500|North Indian|Kota|Rangbari|https://www.zomato.com/kota/plates-rangbari/info|25|Casual Dining|8am to 11pm(Mon-Sun)|Good|3.5|21
LIMRA Family Restaurant|400|Mughlai|Kota|Rangbari|https://www.zomato.com/kota/limra-family-restaurant-rangbari/info|25|Quick Bites|11am to 11pm(Mon-Sun)|Good|3.5|18
Sher-e-Punjab Restaurant|300|Mughlai,North Indian|Kota|Talwandi|https://www.zomato.com/kota/sher-e-punjab-restaurant-talwandi/info|25|Quick Bites|130pm to 1030pm(Mon-Sun)|Average|3.4|18
Shubham Fast Food & Non Veg Restaurant|250|North Indian,Fast Food|Kota|Indraprastha Industrial Area|https://www.zomato.com/kota/shubham-fast-food-non-veg-restaurant-indraprastha-industrial-area/info|25|Quick Bites|10am to 11pm(Mon-Sun)|Good|3.7|23
Crazy Chicken|150|North Indian,Fast Food|Kota|Ladpura|https://www.zomato.com/kota/crazy-chicken-ladpura/info|25|none|1pm to 11pm(Mon-Sun)|Average|3.4|14
Bagichi Pure Veg Restaurant|500|North Indian|Kota|Chawani|https://www.zomato.com/kota/bagichi-pure-veg-restaurant-chawani/info|25|Casual Dining|11am to 11pm(Mon-Sun)|Average|2.6|10
Rolls Express|100|Rolls|Kota|Ladpura|https://www.zomato.com/kota/rolls-express-ladpura/info|25|Quick Bites|8am to 11pm(Mon-Sun)|Average|3.0|16
New Madras Hotel Restaurant|250|South Indian|Kota|Chawani|https://www.zomato.com/kota/new-madras-hotel-restaurant-chawani/info|25|Quick Bites|9am to 1030pm(Mon-Sun)|Average|3.3|21
Ali Baba Veg & Non Veg Restaurant|150|North Indian|Kota|Rangbari|https://www.zomato.com/kota/ali-baba-veg-non-veg-restaurant-rangbari/info|25|none|1pm to 11pm(Mon-Sun)||NEW|NEW
Night Fox Restaurant|200|Fast Food|Kota|Rangbari|https://www.zomato.com/kota/night-fox-restaurant-rangbari/info|25|Quick Bites|9am to 2am(Mon-Sun)|Average|2.8|26
Filmi Zaika|200|North Indian,Beverages|Kota|Talwandi|https://www.zomato.com/kota/filmi-zaika-talwandi/info|25|Quick Bites|11am to 11pm(Mon-Sun)|Average|3.2|21
Food Bank|400|Indian|Kota|Dadabari|https://www.zomato.com/kota/food-bank-dadabari/info|25|Quick Bites|11am to 11pm(Mon-Sun)|Good|3.8|26
Zodiac Bistro|600|North Indian|Kota|Indraprastha Industrial Area|https://www.zomato.com/kota/zodiac-bistro-indraprastha-industrial-area/info|25|Casual Dining|7am to 11pm(Mon-Sun)|Average|3.3|26
Biryani Junction|300|Biryani|Kota|Talwandi|https://www.zomato.com/kota/biryani-junction-1-talwandi/info|25|Quick Bites|9am to 12midnight(Mon-Sun)|Average|3.4|18
Imran Hotel|200|Mughlai|Kota|Civil Lines|https://www.zomato.com/kota/imran-hotel-civil-lines/info|25|Fine Dining|12noon to 11pm(Mon-Sun)||NEW|NEW
Food Court Kabab Corner|250|Mughlai|Kota|Dadabari|https://www.zomato.com/kota/food-court-kabab-corner-dadabari/info|26|Food Court|430pm to 11pm(Mon-Sun)||NEW|NEW
Cafe @ Arthur Road|700|Cafe,Chinese|Kota|Talwandi|https://www.zomato.com/kota/cafe-@-arthur-road-talwandi/info|26|Café|11am to 11pm(Mon-Sun)|Average|2.8|9
Amar Chat|200|Street Food,Fast Food|Kota|Talwandi|https://www.zomato.com/kota/amar-chat-talwandi/info|26|Quick Bites|5pm to 1030pm(Mon-Sun)|Average|3.4|15
Tuning Fork|150|Fast Food|Kota|Rangbari|https://www.zomato.com/kota/tuning-fork-rangbari/info|26|Quick Bites|11am to 11pm(Mon-Sun)|Average|3.3|12
Daksh Non-Veg Point|250|North Indian|Kota|Talwandi|https://www.zomato.com/kota/daksh-non-veg-point-talwandi/info|26|Quick Bites|11am to 11pm(Mon-Sun)|Average|3.3|17
Lofty's Mini|250|Fast Food|Kota|Talwandi|https://www.zomato.com/kota/loftys-mini-talwandi/info|26|Quick Bites|12noon to 11pm(Mon-Sun)|Average|3.3|15
Falwala|100|Juices|Kota|Dadabari|https://www.zomato.com/kota/falwala-dadabari/info|26|Beverage Shop|11am to 11pm(Mon-Sun)|Average|3.2|13
DineAbite Cafe|150|Fast Food,Tea|Kota|Talwandi|https://www.zomato.com/kota/dineabite-cafe-talwandi/info|26|Café|12noon to 11pm(Mon-Sun)||NEW|NEW
Indish Resto & Cafe|400|North Indian|Kota|Chawani|https://www.zomato.com/kota/indish-resto-cafe-chawani/info|26|Casual Dining|11am to 1030pm(Mon-Sun)|Average|3.2|15
The Frozen Cream|200|Beverages,Desserts|Kota|Talwandi|https://www.zomato.com/kota/the-frozen-cream-talwandi/info|26|Dessert Parlor|11am to 11pm(Mon-Sun)|Average|3.3|20
Tanatan Restaurant|450|North Indian|Kota|Chawani|https://www.zomato.com/kota/tanatan-restaurant-chawani/info|26|Casual Dining|11am to 11pm(Mon-Sun)|Average|3.2|21
Al Haq Non Veg|150|North Indian|Kota|Ladpura|https://www.zomato.com/kota/al-haq-non-veg-ladpura/info|26|none|3pm to 11pm(Mon-Sun)||NEW|NEW
Lake View Restaurant|250|South Indian,Fast Food,Chinese|Kota|Chawani|https://www.zomato.com/kota/lake-view-restaurant-chawani/info|26|Quick Bites|11am to 11pm(Mon-Sun)|Average|3.3|18
Pakwan Dhaba Monalisa Veg|150|Chinese,Fast Food|Kota|Chawani|https://www.zomato.com/kota/pakwan-dhaba-monalisa-veg-chawani/info|26|Casual Dining|11am to 11pm(Mon-Sun)||NEW|NEW
Bismillah Non Veg Restaurant|300|North Indian,Mughlai|Kota|Ladpura|https://www.zomato.com/kota/bismillah-non-veg-restaurant-ladpura/info|26|Fine Dining|12noon to 11pm(Mon-Sun)||NEW|NEW
Muradabadi Chicken Center|300|North Indian|Kota|Rangbari|https://www.zomato.com/kota/muradabadi-chicken-center-rangbari/info|27|Quick Bites|11am to 11pm(Mon-Sun)|Average|3.3|24
Chaska Grill|150|Rolls|Kota|Talwandi|https://www.zomato.com/kota/chaska-grill-talwandi/info|27|Quick Bites|3pm to 11pm(Mon-Sun)|Average|3.4|12
Chatkazz|250|Fast Food|Kota|Talwandi|https://www.zomato.com/kota/chatkazz-talwandi/info|27|Quick Bites|8am to 11pm(Mon-Sun)|Average|2.5|26
Taj Nonveg|250|Mughlai|Kota|Indraprastha Industrial Area|https://www.zomato.com/kota/taj-nonveg-indraprastha-industrial-area/info|27|Kiosk|11am to 11pm(Mon-Sun)|Average|3.4|11
Gelato Italiano|200|Desserts,Ice Cream|Kota|Talwandi|https://www.zomato.com/kota/gelato-italiano-talwandi/info|27|Dessert Parlor|12noon to 11pm(Mon-Sun)|Average|3.0|10
King's Veg & Non Veg|300|North Indian|Kota|Talwandi|https://www.zomato.com/kota/kings-veg-non-veg-talwandi/info|27|Quick Bites|12noon to 11pm(Mon,Wed,Thu,Fri,Sat,Sun)...|Average|3.1|22
Vyanjan Restaurant|150|North Indian,Fast Food|Kota|Ladpura|https://www.zomato.com/kota/vyanjan-restaurant-ladpura/info|27|Quick Bites|11am to 1030pm(Mon-Sun)|Average|3.3|16
Navab's|600|Mughlai|Kota|Talwandi|https://www.zomato.com/kota/navabs-talwandi/info|27|none|11am to 11pm(Mon-Sun)|Good|3.7|16
Food 4 Fooodies|400|Fast Food|Kota|Talwandi|https://www.zomato.com/kota/food-4-fooodies-talwandi/info|27|Quick Bites|12noon to 11pm(Mon-Sun)|Good|3.5|22
The Mother's Kitchen|100|Fast Food|Kota|Rangbari|https://www.zomato.com/kota/the-mothers-kitchen-rangbari/info|27|Kiosk|2pm to 11pm(Mon-Sun)||NEW|NEW
Midtown Restro & Cafe|250|Fast Food|Kota|Rangbari|https://www.zomato.com/kota/midtown-restro-cafe-rangbari/info|27|Quick Bites|11am to 11pm(Mon-Sun)|Average|3.2|13
Punjab Chicken Palace|300|North Indian|Kota|Chawani|https://www.zomato.com/kota/punjab-chicken-palace-chawani/info|27|Quick Bites|11am to 11pm(Mon-Sun)|Good|3.5|10
Aalam Muradabadi Biryani & Chicken Corner|250|Biryani,Fast Food|Kota|Ladpura|https://www.zomato.com/kota/aalam-muradabadi-biryani-chicken-corner-ladpura/info|27|Quick Bites|11am to 12midnight(Mon-Sun)||NEW|NEW
Kota Express Veg & Nonveg Restaurant|300|Mughlai|Kota|Indraprastha Industrial Area|https://www.zomato.com/kota/kota-express-veg-nonveg-restaurant-indraprastha-industrial-area/info|27|Casual Dining|11am to 11pm(Mon-Sun)|Average|3.1|11
Cafe Rhythm|300|Cafe|Kota|Ladpura|https://www.zomato.com/kota/cafe-rhythm-ladpura/info|27|Café|8am to 11pm(Mon-Sun)|Average|3.3|13
Momos Point|150|Fast Food,Chinese,Momos|Kota|Indraprastha Industrial Area|https://www.zomato.com/kota/momos-point-indraprastha-industrial-area/info|28|Kiosk|11am to 11pm(Mon-Sun)|Good|3.5|16
Chicken Xperience By Venky's|400|Fast Food|Kota|Talwandi|https://www.zomato.com/kota/chicken-xperience-by-venkys-talwandi/info|28|Quick Bites|11am to 11pm(Mon-Sun)|Average|3.2|11
Madras Hotel|300|South Indian|Kota|Chawani|https://www.zomato.com/kota/madras-hotel-1-chawani/info|28|Quick Bites|11am to 1030pm(Mon-Sun)|Average|3.2|11
Hyderabadi Zaika|400|Mughlai,Hyderabadi|Kota|Indraprastha Industrial Area|https://www.zomato.com/kota/hyderabadi-zaika-indraprastha-industrial-area/info|28|Fine Dining|11am to 11pm(Mon-Sun)|Average|3.1|7
Hi Chicken|100|Fast Food|Kota|Talwandi|https://www.zomato.com/kota/hi-chicken-talwandi/info|28|Kiosk|1pm to 12midnight(Mon-Sun)||NEW|NEW
Sher-e-Punjab|500|North Indian|Kota|Dhanmandi|https://www.zomato.com/kota/sher-e-punjab-1-dhanmandi/info|28|Casual Dining|11am to 11pm(Mon-Sun)|Good|3.5|10
Tamasha Rooftop Cafe|700|Cafe|Kota|Talwandi|https://www.zomato.com/kota/tamasha-rooftop-cafe-talwandi/info|28|Café|11am to 11pm(Mon-Sun)|Average|3.4|21
The Food Truck|150|Fast Food|Kota|Talwandi|https://www.zomato.com/kota/the-food-truck-talwandi/info|28|Quick Bites|5pm to 11pm(Mon-Sun)|Good|3.5|15
Burger House|200|Fast Food,Burger|Kota|Civil Lines|https://www.zomato.com/kota/burger-house-civil-lines/info|28|Quick Bites|11am to 11pm(Mon-Sun)||NEW|NEW
Hotel Al - Kabir Veg & Non Veg|300|North Indian,Fast Food|Kota|Chawani|https://www.zomato.com/kota/hotel-al-kabir-veg-non-veg-chawani/info|28|Quick Bites|11am to 11pm(Mon-Sun)|Average|3.2|11
Singh's Corner|500|North Indian,Mughlai|Kota|Talwandi|https://www.zomato.com/kota/singhs-corner-talwandi/info|28|Quick Bites|4pm to 11pm(Mon-Sun)|Good|3.5|18
Square 36|600|North Indian,Chinese|Kota|RK Puram - E|https://www.zomato.com/kota/square-36-rk-puram-e/info|28|Casual Dining|11am to 11pm(Mon-Sun)|Average|3.2|12
T.F.C|150|Fast Food,Street Food|Kota|Indraprastha Industrial Area|https://www.zomato.com/kota/t-f-c-indraprastha-industrial-area/info|28|Quick Bites|11am to 1030pm(Mon-Sun)|Average|3.0|16
Bhawana Foods|200|Fast Food,North Indian|Kota|Talwandi|https://www.zomato.com/kota/bhawana-foods-talwandi/info|28|Quick Bites|12noon to 1030pm(Mon-Sun)|Average|3.2|9
Punjabi Chaska Restaurant|150|North Indian|Kota|Ladpura|https://www.zomato.com/kota/punjabi-chaska-restaurant-ladpura/info|28|Fine Dining|12noon to 11pm(Mon-Sun)||NEW|NEW
A 2 Z Non-Veg & Veg|500|Mughlai|Kota|Talwandi|https://www.zomato.com/kota/a-2-z-non-veg-veg-talwandi/info|29|none|3pm to 11pm(Mon-Sun)|Average|2.9|5
Non-Veg Diaries|800|North Indian,Mughlai|Kota|Talwandi|https://www.zomato.com/kota/non-veg-diaries-talwandi/info|29|Quick Bites|1115am to 11pm(Mon,Wed,Thu,Fri,Sat,Sun)...|Average|3.1|14
Shakahari Restaurant|800|North Indian|Kota|Dadabari|https://www.zomato.com/kota/shakahari-restaurant-dadabari/info|29|Casual Dining|7am to 11pm(Mon-Sun)|Average|2.8|9
Hotel Royal Park|300|North Indian,Fast Food|Kota|Talwandi|https://www.zomato.com/kota/hotel-royal-park-talwandi/info|29|Quick Bites|11am to 1030pm(Mon-Sun)|Average|3.0|4
Royal Chicken|0|Chinese,Continental,Indian|Kota|Indraprastha Industrial Area|https://www.zomato.com/kota/royal-chicken-indraprastha-industrial-area/info|29|Kiosk|9am to 3am(Mon-Sun)||NEW|NEW
Angara|900|Continental,Fast Food|Kota|Chawani|https://www.zomato.com/kota/angara-chawani/info|29|Lounge|11am to 11pm(Mon-Sun)|Average|3.2|11
Singh's Vada Pav|150|Street Food|Kota|Ladpura|https://www.zomato.com/kota/singhs-vada-pav-ladpura/info|29|Quick Bites|11am to 11pm(Mon-Sun)|Average|3.4|13
Rajasthani Dhaba|250|North Indian|Kota|Talwandi|https://www.zomato.com/kota/rajasthani-dhaba-talwandi/info|29|Quick Bites|11am to 11pm(Mon-Sun)|Average|3.2|11
Sher-E-Punjab|300|North Indian,Finger Food|Kota|Ladpura|https://www.zomato.com/kota/sher-e-punjab-ladpura/info|29|Quick Bites|11am to 11pm(Mon-Sun)|Average|3.2|7
Raasta Veg Food Joint|300|North Indian|Kota|Talwandi|https://www.zomato.com/kota/raasta-veg-food-joint-talwandi/info|29|Quick Bites|11am to 11pm(Mon-Sun)|Average|2.8|12
Sonu Cold Drinks & Bakery|100|Desserts|Kota|Indraprastha Industrial Area|https://www.zomato.com/kota/sonu-cold-drinks-bakery-indraprastha-industrial-area/info|29|Bakery|8am to 11pm(Mon-Sun)||NEW|NEW
AFC Non Veg Restaurant|250|North Indian|Kota|Dadabari|https://www.zomato.com/kota/afc-non-veg-restaurant-dadabari/info|29|Kiosk|12noon to 11pm(Mon-Sun)||NEW|NEW
Dilli Darbar|400|North Indian,Mughlai|Kota|Chawani|https://www.zomato.com/kota/dilli-darbar-chawani/info|29|Casual Dining|1230pm to 1030pm(Mon-Sun)||NEW|NEW
Shudh-The-Restro|400|North Indian|Kota|RPS Colony|https://www.zomato.com/kota/shudh-the-restro-rps-colony/info|29|Casual Dining|11am to 11pm(Mon-Sun)|Average|3.2|10
Royal Rayka Biryani|250|North Indian|Kota|Talwandi|https://www.zomato.com/kota/royal-rayka-biryani-talwandi/info|29|none|24||NEW|NEW
Maheshwari Chaska Restaurant|350|North Indian,Fast Food|Kota|Talwandi|https://www.zomato.com/kota/maheshwari-chaska-restaurant-talwandi/info|3|Quick Bites|11am to 11pm(Mon-Sun)|Good|3.6|49
Shree Mithas|250|Mithai,Street Food|Kota|Talwandi|https://www.zomato.com/kota/shree-mithas-talwandi/info|3|Sweet Shop|9am to 11pm(Mon-Sun)|Average|3.0|86
Punjabi Swad Restaurant|400|North Indian|Kota|Talwandi|https://www.zomato.com/kota/punjabi-swad-restaurant-talwandi/info|3|Casual Dining|12noon to 11pm(Mon-Sun)|Good|3.7|75
China Town|200|Chinese,Momos|Kota|Talwandi|https://www.zomato.com/kota/china-town-talwandi/info|3|Quick Bites|12noon to 1030pm(Mon-Sun)|Good|3.9|151
Royal Zaika|200|Mughlai|Kota|Talwandi|https://www.zomato.com/kota/royal-zaika-talwandi/info|3|Quick Bites|2pm to 11pm(Mon-Sun)|Very Good|4.0|143
Kathi Junction|200|Kebab,Rolls|Kota|Indraprastha Industrial Area|https://www.zomato.com/kota/kathi-junction-indraprastha-industrial-area/info|3|Quick Bites|1130am to 1030pm(Mon-Sun)|Very Good|4.1|115
Eatos|1000|North Indian|Kota|Talwandi|https://www.zomato.com/kota/eatos-talwandi/info|3|Casual Dining|11am to 11pm(Mon-Sun)|Very Good|4.0|174
Jai Jinendra Sweets & Namkeens|300|Mithai,Fast Food|Kota|Indraprastha Industrial Area|https://www.zomato.com/kota/jai-jinendra-sweets-namkeens-indraprastha-industrial-area/info|3|Sweet Shop|8am to 10pm(Mon-Sun)|Very Good|4.2|280
Al-Zaika|200|Mughlai|Kota|Talwandi|https://www.zomato.com/kota/al-zaika-talwandi/info|3|Quick Bites|2pm to 11pm(Mon-Sun)|Very Good|4.0|108
Manoj Misthan Bhandar|200|Mithai|Kota|Dadabari|https://www.zomato.com/kota/manoj-misthan-bhandar-dadabari/info|3|Sweet Shop|730am to 1030pm(Mon-Sun)|Very Good|4.0|32
Soul Restaurant|700|North Indian|Kota|Chawani|https://www.zomato.com/kota/soul-restaurant-chawani/info|3|Casual Dining|7am to 11pm(Mon-Sun)|Very Good|4.0|76
Sankalp|500|South Indian|Kota|Talwandi|https://www.zomato.com/kota/sankalp-talwandi/info|3|Casual Dining|11am to 11pm(Mon-Sun)|Good|3.7|71
Al Kareem Fried Chicken|300|Fast Food,Fried Chicken|Kota|Talwandi|https://www.zomato.com/kota/al-kareem-fried-chicken-talwandi/info|3|Quick Bites|11am to 11pm(Mon-Sun)|Good|3.6|196
Pizza Club|300|Pizza|Kota|Rangbari|https://www.zomato.com/kota/pizza-club-1-rangbari/info|3|Quick Bites|11am to 10pm(Mon-Sun)|Good|3.6|144
Ratan Sev Bhandar|250|Mithai,Fast Food|Kota|Ladpura|https://www.zomato.com/kota/ratan-sev-bhandar-ladpura/info|3|Sweet Shop|715am to 10pm(Mon-Sun)|Very Good|4.2|294
The Waffles & Fries (TWF)|350|Fast Food|Kota|Talwandi|https://www.zomato.com/kota/the-waffles-fries-twf-talwandi/info|30|Quick Bites|10am to 11pm(Mon-Sun)|Average|3.0|4
Chilling Point|200|Beverages,Desserts|Kota|Indraprastha Industrial Area|https://www.zomato.com/kota/chilling-point-indraprastha-industrial-area/info|30|Dessert Parlor|1230pm to 11pm(Mon-Sun)|Average|3.3|11
Lucknow Special Non-Veg Point|200|North Indian,Fast Food|Kota|Chawani|https://www.zomato.com/kota/lucknow-special-non-veg-point-chawani/info|30|Quick Bites|11am to 11pm(Mon-Sun)|Average|3.2|7
Chaska Fast Food|100|Fast Food|Kota|Rangbari|https://www.zomato.com/kota/chaska-fast-food-rangbari/info|30|Quick Bites|11am to 11pm(Mon-Sun)|Average|3.3|15
Khan Chacha' s Chicken|400|Mughlai,Afghan|Kota|RK Puram - E|https://www.zomato.com/kota/khan-chacha-s-chicken-rk-puram-e/info|30|Quick Bites|3pm to 12midnight(Mon-Sun)|Average|3.0|7
Chatpata Dhaba Restaurant|250|North Indian|Kota|Ladpura|https://www.zomato.com/kota/chatpata-dhaba-restaurant-ladpura/info|30|Quick Bites|10am to 12midnight(Mon-Sun)|Average|3.3|9
New Al-Kabir Non Veg Restaurant|400|North Indian|Kota|Kota Industrial Area|https://www.zomato.com/kota/new-al-kabir-non-veg-restaurant-kota-industrial-area/info|30|Quick Bites|4pm to 11pm(Mon-Sun)|Average|3.3|10
Sethi Sweets|250|Mithai|Kota|Civil Lines|https://www.zomato.com/kota/sethi-sweets-civil-lines/info|30|Sweet Shop|8am to 1030pm(Mon-Sat),Closed(Sun)||NEW|NEW
Yum Raaz|300|Fast Food|Kota|Talwandi|https://www.zomato.com/kota/yum-raaz-talwandi/info|30|Quick Bites|11am to 11pm(Mon-Sun)|Average|3.4|13
Joint Point|300|Fast Food|Kota|Rangbari|https://www.zomato.com/kota/joint-point-1-rangbari/info|30|Kiosk|10am to 1158pm(Mon-Tue),10am to 12midnight...|Average|3.3|11
Hotel Nonveg Point|250|North Indian|Kota|Indraprastha Industrial Area|https://www.zomato.com/kota/hotel-nonveg-point-indraprastha-industrial-area/info|30|Kiosk|11am to 11pm(Mon-Sun)|Average|3.1|7
Tapri Restaurant & Cafe|150|Cafe|Kota|Rangbari|https://www.zomato.com/kota/tapri-restaurant-cafe-rangbari/info|30|Café|11am to 11pm(Mon-Sun)|Average|3.2|8
Maansingh Paan Wala|100|Paan|Kota|Chawani|https://www.zomato.com/kota/maansingh-paan-wala-chawani/info|30|Paan Shop|8am to 1130pm(Mon-Sun)|Average|3.1|6
Raza Nonveg Point|300|North Indian|Kota|Talwandi|https://www.zomato.com/kota/raza-nonveg-point-talwandi/info|30|Quick Bites|11am to 11pm(Mon-Sun)|Average|3.3|11
Magnet The Rooftop Cafe|250|Fast Food|Kota|Chawani|https://www.zomato.com/kota/magnet-the-rooftop-cafe-chawani/info|30|Café|1130am to 1030pm(Mon-Sun)||NEW|NEW
Lord's Drinks|150|Desserts|Kota|Ladpura|https://www.zomato.com/kota/lords-drinks-ladpura/info|31|Dessert Parlor|10am to 1030pm(Mon-Sun)|Average|3.1|7
Late Night Food|550|Continental,Chinese|Kota|RK Puram - E|https://www.zomato.com/kota/late-night-food-rk-puram-e/info|31|Quick Bites|11am to 2am(Mon-Sun)|Average|2.8|7
Chotu Motu Fast Food Restaurant|300|North Indian|Kota|Chawani|https://www.zomato.com/kota/chotu-motu-fast-food-restaurant-chawani/info|31|Quick Bites|11am to 11pm(Mon-Sun)|Average|2.8|9
Taste Of Nawab|250|North Indian|Kota|RK Puram - E|https://www.zomato.com/kota/taste-of-nawab-rk-puram-e/info|31|Quick Bites|11am to 11pm(Mon-Sun)||NEW|NEW
Vinayak Fast Food & Bakers|300|Bakery,Fast Food|Kota|Dadabari|https://www.zomato.com/kota/vinayak-fast-food-bakers-dadabari/info|31|Quick Bites|11am to 1030pm(Mon-Sun)|Average|3.0|9
Koyla Meat Bones  Non Veg Restaurant|400|Chinese,Mughlai,North Indian|Kota|Ladpura|https://www.zomato.com/kota/koyla-meat-bones-non-veg-restaurant-ladpura/info|31|Quick Bites|12noon to 11pm(Mon-Sun)||NEW|NEW
Food Junction|200|North Indian,Mughlai|Kota|Rangbari|https://www.zomato.com/kota/food-junction-rangbari/info|31|Quick Bites|11am to 11pm(Mon-Sun)|Average|3.1|7
J.Owl Gather|400|North Indian,Chinese,Italian,Mexican|Kota|Civil Lines|https://www.zomato.com/kota/j-owl-gather-civil-lines/info|31|Quick Bites|12midnight to 3am,12noon to 12midnight(Mon-Sun)|Average|3.2|8
The Viper Cafe & Fast Food|150|Fast Food|Kota|Dadabari|https://www.zomato.com/kota/the-viper-cafe-fast-food-dadabari/info|31|Quick Bites|11am to 11pm(Mon-Sun)||NEW|NEW
Raj Palace|400|North Indian|Kota|Chawani|https://www.zomato.com/kota/raj-palace-chawani/info|31|Bar|1030am to 11pm(Mon-Sun)|Average|2.9|9
All Seasons - A Multicuisine Restaurant|800|Mughlai,Awadhi,Biryani,Hyderabadi,Kebab,Lucknowi|Kota|Civil Lines|https://www.zomato.com/kota/all-seasons-a-multicuisine-restaurant-civil-lines/info|31|Fine Dining|11am to 11pm(Mon-Sun)|Average|3.2|8
Kanchan Restaurant|500|North Indian|Kota|Chawani|https://www.zomato.com/kota/kanchan-restaurant-chawani/info|31|Casual Dining|7am to 11pm(Mon-Sun)|Average|3.1|6
Biryani House By Street 69|150|Biryani|Kota|Rangbari|https://www.zomato.com/kota/biryani-house-by-street-69-rangbari/info|31|Kiosk|5pm to 11pm(Mon-Sun)|Not rated|-|-
Royal Rasoi|500|South Indian,North Indian,Mughlai|Kota|Ladpura|https://www.zomato.com/kota/royal-rasoi-ladpura/info|31|Casual Dining|11am to 11pm(Mon-Sun)|Average|3.1|5
Only Kadaknath|400|North Indian|Kota|Talwandi|https://www.zomato.com/kota/only-kadaknath-talwandi/info|31|Quick Bites|11am to 11pm(Mon-Sun)|Not rated|-|-
Roasted Beans|150||Kota|Ladpura|https://www.zomato.com/kota/roasted-beans-ladpura/info|32|none|2pm to 12midnight(Mon-Sun)||NEW|NEW
Bite Lovers|200|North Indian,South Indian,Chinese|Kota|Ladpura|https://www.zomato.com/kota/bite-lovers-ladpura/info|32|Quick Bites|10am to 11pm(Mon-Sun)|Not rated|-|-
Kasturi Veg Restaurant|500|North Indian|Kota|Chawani|https://www.zomato.com/kota/kasturi-veg-restaurant-chawani/info|32|Casual Dining|7am to 11pm(Mon-Sun)|Average|3.0|6
Vaishnavi Food Junction|400|North Indian|Kota|Kota Industrial Area|https://www.zomato.com/kota/vaishnavi-food-junction-kota-industrial-area/info|32|Quick Bites|11am to 11pm(Mon-Sun)|Average|2.7|5
Ravi Foods|150|Indian,North Indian|Kota|Ladpura|https://www.zomato.com/kota/ravi-foods-ladpura/info|32|none|11am to 11pm(Mon-Sun)||NEW|NEW
Shree Shyam Rasoi|150|North Indian,South Indian|Kota|Indraprastha Industrial Area|https://www.zomato.com/kota/shree-shyam-rasoi-indraprastha-industrial-area/info|32|none|8am to 11pm(Mon-Sun)||NEW|NEW
Dana Pani|150|North Indian,Fast Food|Kota|Dadabari|https://www.zomato.com/kota/dana-pani-dadabari/info|32|Quick Bites|3pm to 11pm(Mon-Sun)|Average|2.9|5
Rahat Cafe|200|Fast Food|Kota|Civil Lines|https://www.zomato.com/kota/rahat-cafe-civil-lines/info|32|Quick Bites|11am to 11pm(Mon-Sun)|Not rated|-|-
Chination|600|Chinese|Kota|Kota Industrial Area|https://www.zomato.com/kota/chination-kota-industrial-area/info|32|none|10am to 4am(Mon-Sun)|Average|2.9|4
Hotpan Pizza Kota|400|Italian|Kota|Talwandi|https://www.zomato.com/kota/hotpan-pizza-kota-talwandi/info|32|Quick Bites|1pm to 11pm(Mon-Sun)|Average|3.1|7
Hotel Narayanam|300|Fast Food,North Indian|Kota|Talwandi|https://www.zomato.com/kota/hotel-narayanam-talwandi/info|32|Quick Bites|11am to 1030pm(Mon-Sun)|Average|3.0|7
Rollx|400|Rolls,Continental|Kota|Talwandi|https://www.zomato.com/kota/rollx-talwandi/info|32|Quick Bites|1pm to 11pm(Mon-Sun)|Average|3.1|6
Go Pure Natural Ice Cream|200|Ice Cream,Desserts|Kota|Talwandi|https://www.zomato.com/kota/go-pure-natural-ice-cream-talwandi/info|32|Dessert Parlor|2pm to 11pm(Mon-Sun)|Not rated|-|-
Achiever's Food|160|North Indian|Kota|Talwandi|https://www.zomato.com/kota/achievers-food-talwandi/info|32|Mess|9am to 11pm(Mon-Sun)|Not rated|-|-
Chicken Town|100|Fast Food,North Indian|Kota|Talwandi|https://www.zomato.com/kota/chicken-town-talwandi/info|32|Kiosk|1pm to 12midnight(Mon-Sun)||NEW|NEW
Food Plaza|150|Chinese,Fast Food|Kota|Indraprastha Industrial Area|https://www.zomato.com/kota/food-plaza-indraprastha-industrial-area/info|33|Kiosk|11am to 11pm(Mon-Sun)|Not rated|-|-
BRIQUE THE RESTRO|300|Indian,Chinese,Fast Food,Beverages|Kota|Kota Industrial Area|https://www.zomato.com/kota/brique-the-restro-kota-industrial-area/info|33|Quick Bites|12noon to 11pm(Mon-Sun)|Average|3.0|6
Balaji Refreshments|200|Fast Food|Kota|Rangbari|https://www.zomato.com/kota/balaji-refreshments-rangbari/info|33|Quick Bites|11am to 11pm(Mon-Sun)|Average|3.1|6
Punjabi Dhaba|200|North Indian|Kota|Dhanmandi|https://www.zomato.com/kota/punjabi-dhaba-dhanmandi/info|33|Dhaba|11am to 11pm(Mon-Sun)|Not rated|-|-
Al Cafe Coffee d'Lite|150|Continental,Drinks Only,Finger Food|Kota|Ladpura|https://www.zomato.com/kota/al-cafe-coffee-dlite-ladpura/info|33|Café|11am to 11pm(Mon-Sun)|Not rated|-|-
Saffron|300|North Indian|Kota|Talwandi|https://www.zomato.com/kota/saffron-talwandi/info|33|Quick Bites|1130am to 1030pm(Mon-Sun)|Average|2.9|6
kota Veg - Pure Veg Restaurant|250|Fast Food|Kota|Dadabari|https://www.zomato.com/kota/kota-veg-pure-veg-restaurant-dadabari/info|33|Kiosk|12noon to 11pm(Mon-Sun)||NEW|NEW
King Zaika Veg & Nonveg|300|North Indian|Kota|Indraprastha Industrial Area|https://www.zomato.com/kota/king-zaika-veg-nonveg-indraprastha-industrial-area/info|33|Kiosk|12noon to 1030pm(Mon-Sun)|Average|3.0|4
Younger's Fast Food|100|Fast Food|Kota|Talwandi|https://www.zomato.com/kota/youngers-fast-food-talwandi/info|33|Kiosk|11am to 11pm(Mon-Sun)|Average|2.9|4
Romy's Dine|300|North Indian|Kota|Chawani|https://www.zomato.com/kota/romys-dine-1-chawani/info|33|Quick Bites|11am to 11pm(Mon-Sun)|Not rated|-|-
Jain's Bakers Juice Bar|150|Beverages,Fast Food|Kota|Rangbari|https://www.zomato.com/kota/jains-bakers-juice-bar-rangbari/info|33|Quick Bites|6am to 10am,6pm to 11pm(Mon-Sun)|Average|2.9|5
The Yammi Town Roof Cafe & Restro|400|Fast Food|Kota|Ladpura|https://www.zomato.com/kota/the-yammi-town-roof-cafe-restro-ladpura/info|33|Quick Bites|11am to 11pm(Mon-Sun)|Average|3.1|5
Hotel Kota Royal|800|North Indian|Kota|Dhanmandi|https://www.zomato.com/kota/hotel-kota-royal-dhanmandi/info|33|Casual Dining|3pm to 11pm(Mon-Sun)|Not rated|-|-
Maheshwaram Restaurant|700|South Indian,Chinese,North Indian,Fast Food|Kota|Dadabari|https://www.zomato.com/kota/maheshwaram-restaurant-dadabari/info|33|Casual Dining|11am to 11pm(Mon-Sun)||NEW|NEW
Eat N Drink|150|Beverages,Chinese,Fast Food,North Indian|Kota|Talwandi|https://www.zomato.com/kota/eat-n-drink-talwandi/info|33|Casual Dining|11am to 11pm(Mon-Sun)|Not rated|-|-
Maxx|150|Fast Food|Kota|Indraprastha Industrial Area|https://www.zomato.com/kota/maxx-indraprastha-industrial-area/info|34|Quick Bites|11am to 11pm(Mon-Sun)|Not rated|-|-
Jatin's Desi Kitchen|200|North Indian|Kota|Ladpura|https://www.zomato.com/kota/jatins-desi-kitchen-ladpura/info|34|none|11am to 11pm(Mon-Sun)|Average|2.9|5
Naseeb Food Plaza|250|North Indian|Kota|Rangbari|https://www.zomato.com/kota/naseeb-food-plaza-rangbari/info|34|Quick Bites|12noon to 1030pm(Mon-Sun)|Average|3.0|5
Al Zam Zam Veg Non-Veg Restaurant|150|Mughlai,North Indian|Kota|Ladpura|https://www.zomato.com/kota/al-zam-zam-veg-non-veg-restaurant-ladpura/info|34|Casual Dining|11am to 2am(Mon-Sun)||NEW|NEW
New Al Green Restaurant|150|North Indian|Kota|Talwandi|https://www.zomato.com/kota/new-al-green-restaurant-talwandi/info|34|Quick Bites|11am to 11pm(Mon-Sun)||NEW|NEW
Cafe Rj20|200|Cafe,Fast Food|Kota|Ladpura|https://www.zomato.com/kota/cafe-rj20-1-ladpura/info|34|Café|11am to 11pm(Mon-Sun)|Average|2.9|4
Food House|150|Fast Food|Kota|Indraprastha Industrial Area|https://www.zomato.com/kota/food-house-indraprastha-industrial-area/info|34|Kiosk|11am to 11pm(Mon-Sun)|Not rated|-|-
Mojo Burger Kota|150|Fast Food|Kota|Talwandi|https://www.zomato.com/kota/mojo-burger-kota-talwandi/info|34|Quick Bites|1pm to 11pm(Mon-Sun)||NEW|NEW
Punjabi Chaska|300|North Indian|Kota|Ladpura|https://www.zomato.com/kota/punjabi-chaska-ladpura/info|34|Casual Dining|12noon to 11pm(Mon-Sun)|Not rated|-|-
Blackbull Cafe|450|Cafe|Kota|Talwandi|https://www.zomato.com/kota/blackbull-cafe-talwandi/info|34|Quick Bites|12noon to 11pm(Mon-Sun)|Not rated|-|-
All Seasons Multicuisine Restaurant|800|North Indian,Chinese,Continental,Desserts,Hyderabadi,Ice Cream,Italian,Momos|Kota|Civil Lines|https://www.zomato.com/kota/all-seasons-multicuisine-restaurant-civil-lines/info|34|Casual Dining|12noon to 11pm(Mon-Sun)|Not rated|-|-
Manwar|150||Kota|Ladpura|https://www.zomato.com/kota/manwar-ladpura/info|34|none|11am to 11pm(Mon-Sun)||NEW|NEW
Hotel Surpin Palace and Restaurant|600|North Indian|Kota|Civil Lines|https://www.zomato.com/kota/hotel-surpin-palace-and-restaurant-civil-lines/info|34|Casual Dining|11am to 11pm(Mon-Sun)|Not rated|-|-
Hotel Simran Palace|700|North Indian|Kota|Talwandi|https://www.zomato.com/kota/hotel-simran-palace-talwandi/info|34|Casual Dining|11am to 11pm(Mon-Sun)|Average|2.9|4
Bhola Restaurant|200|North Indian|Kota|Rangbari|https://www.zomato.com/kota/bhola-restaurant-2-rangbari/info|34|Dhaba|11am to 11pm(Mon-Sun)|Not rated|-|-
Punjabi Mehek|250|North Indian|Kota|Talwandi|https://www.zomato.com/kota/punjabi-mehek-talwandi/info|35|Quick Bites|11am to 11pm(Mon-Sun)||NEW|NEW
M B Bakers|0|Desserts|Kota|Indraprastha Industrial Area|https://www.zomato.com/kota/m-b-bakers-indraprastha-industrial-area/info|35|Bakery|8am to 12midnight(Mon-Sun)||NEW|NEW
Sher - E - Punjab Restaurant|300|North Indian|Kota|Chawani|https://www.zomato.com/kota/sher-e-punjab-restaurant-chawani/info|35|Quick Bites|11am to 11pm(Mon-Sun)||NEW|NEW
Maheshwaram Restaurant|150|Indian|Kota|Dadabari|https://www.zomato.com/kota/maheshwaram-restaurant-1-dadabari/info|35|Fine Dining|11am to 11pm(Mon-Sun)||NEW|NEW
Malik Punjabi Foods|200|North Indian|Kota|Rangbari|https://www.zomato.com/kota/malik-punjabi-foods-rangbari/info|35|Quick Bites|11am to 11pm(Mon-Sun)||NEW|NEW
Jai Maruti Food Zone|100|Fast Food|Kota|Talwandi|https://www.zomato.com/kota/jai-maruti-food-zone-talwandi/info|35|Quick Bites|11am to 11pm(Mon-Sun)||NEW|NEW
Aahar|800|Chinese,Continental,Fast Food,Indian|Kota|Chawani|https://www.zomato.com/kota/aahar-1-chawani/info|35|Casual Dining|9am to 11pm(Mon-Sun)|Not rated|-|-
Mota - Bhai Paratha House|200|North Indian|Kota|Talwandi|https://www.zomato.com/kota/mota-bhai-paratha-house-talwandi/info|35|Quick Bites|1130am to 1030pm(Mon-Sun)|Not rated|-|-
Baba Ka Dhaba|200|North Indian|Kota|Chawani|https://www.zomato.com/kota/baba-ka-dhaba-chawani/info|35|Quick Bites|11am to 11pm(Mon-Sun)|Average|2.8|5
Jimmy's Chicken Hut|500|North Indian|Kota|Ladpura|https://www.zomato.com/kota/jimmys-chicken-hut-ladpura/info|35|none|11am to 11pm(Mon-Sun)||NEW|NEW
Chefron Foods|200|North Indian|Kota|Talwandi|https://www.zomato.com/kota/chefron-foods-talwandi/info|35|Quick Bites|11am to 1030pm(Mon-Sun)|Not rated|-|-
Brique The Restro|400|Continental,North Indian|Kota|Indraprastha Industrial Area|https://www.zomato.com/kota/brique-the-restro-indraprastha-industrial-area/info|35|Casual Dining|11am to 11pm(Mon-Sun)|Not rated|-|-
BBQ Nation Delivery|550|BBQ|Kota|Talwandi|https://www.zomato.com/kota/bbq-nation-delivery-talwandi/info|35|none|10am to 4am(Mon-Sun)||NEW|NEW
Sharma Foods|250|Chinese,North Indian|Kota|Chawani|https://www.zomato.com/kota/sharma-foods-chawani/info|35|Quick Bites|9am to 11pm(Mon-Sun)|Not rated|-|-
Nut Bolt|300|North Indian|Kota|Rangbari|https://www.zomato.com/kota/nut-bolt-rangbari/info|35|Quick Bites|11am to 11pm(Mon-Sun)|Not rated|-|-
Hotel Sangam|200|North Indian|Kota|Ladpura|https://www.zomato.com/kota/hotel-sangam-ladpura/info|36|none|11am to 11pm(Mon-Sun)||NEW|NEW
Lazeez Restaurant|150|Mughlai,North Indian|Kota|Dhanmandi|https://www.zomato.com/kota/lazeez-restaurant-dhanmandi/info|36|none|3pm to 11pm(Mon-Sun)|Not rated|-|-
Professional Aalu Paratha Center|150|North Indian|Kota|Dadabari|https://www.zomato.com/kota/professional-aalu-paratha-center-dadabari/info|36|Quick Bites|24||NEW|NEW
Bumble Bee|300|Fast Food|Kota|Talwandi|https://www.zomato.com/kota/bumble-bee-talwandi/info|36|Quick Bites|11am to 11pm(Mon-Sun)||NEW|NEW
Drinkos The Cafe|250|Ice Cream,Fast Food|Kota|Talwandi|https://www.zomato.com/kota/drinkos-the-cafe-talwandi/info|36|Quick Bites|11am to 1030pm(Mon-Sun)|Not rated|-|-
King Hotel|200|North Indian|Kota|Talwandi|https://www.zomato.com/kota/king-hotel-talwandi/info|36|Quick Bites|11am to 11pm(Mon-Sun)||NEW|NEW
Iceberg Milkshakes Kota|250|Beverages|Kota|Talwandi|https://www.zomato.com/kota/iceberg-milkshakes-kota-talwandi/info|36|Beverage Shop|1pm to 11pm(Mon-Sun)|Not rated|-|-
Babu Mess|180|North Indian|Kota|Rangbari|https://www.zomato.com/kota/babu-mess-rangbari/info|36|Mess|1130am to 330pm,730pm to 1030pm(Mon-Sun)|Not rated|-|-
Aroma Veg Restaurant|300|North Indian|Kota|Chawani|https://www.zomato.com/kota/aroma-veg-restaurant-chawani/info|36|Quick Bites|11am to 11pm(Mon-Sun)|Not rated|-|-
Delhi Food Factory|500|North Indian|Kota|Talwandi|https://www.zomato.com/kota/delhi-food-factory-talwandi/info|36|none|10am to 4am(Mon-Sun)|Not rated|-|-
Caliber Mess|150|North Indian|Kota|Talwandi|https://www.zomato.com/kota/caliber-mess-talwandi/info|36|Quick Bites|11am to 11pm(Mon-Sun)||NEW|NEW
Engineer Shakes & Doctor Rolls|0|Beverages,Cafe,Rolls|Kota|Rangbari|https://www.zomato.com/kota/engineer-shakes-doctor-rolls-rangbari/info|36|Café|11am to 11pm(Mon-Sun)||NEW|NEW
Gwalior Juice centre|100|Beverages|Kota|Civil Lines|https://www.zomato.com/kota/gwalior-juice-centre-civil-lines/info|36|none|11am to 11pm(Mon-Sun)|Not rated|-|-
Chawla's 2 Online.com|900|Chinese,North Indian,Mughlai|Kota|Talwandi|https://www.zomato.com/kota/chawlas-2-online-com-talwandi/info|36|none|10am to 4am(Mon-Sun)|Not rated|-|-
Sethi's|600|North Indian,Hyderabadi|Kota|Talwandi|https://www.zomato.com/kota/sethis-talwandi/info|36|none|10am to 4am(Mon-Sun)|Not rated|-|-
Agarwal Juice Center|100|Juices,Fast Food|Kota|Talwandi|https://www.zomato.com/kota/agarwal-juice-center-talwandi/info|37|Quick Bites|11am to 11pm(Mon-Sun)||NEW|NEW
Hotel Royal Palace Bar|200|North Indian|Kota|Talwandi|https://www.zomato.com/kota/hotel-royal-palace-bar-talwandi/info|37|Quick Bites|11am to 11pm(Mon-Sun)|Not rated|-|-
New Rajdhani Juice Center|150|Beverages,Street Food|Kota|Talwandi|https://www.zomato.com/kota/new-rajdhani-juice-center-talwandi/info|37|Beverage Shop|11am to 11pm(Mon-Sun)|Not rated|-|-
G.D.Ganesh Dhaba Restaurant|600|North Indian|Kota|Ladpura|https://www.zomato.com/kota/g-d-ganesh-dhaba-restaurant-ladpura/info|37|Quick Bites|11am to 11pm(Mon-Sun)||NEW|NEW
Food Singh|500|Awadhi|Kota|Talwandi|https://www.zomato.com/kota/food-singh-talwandi/info|37|none|10am to 4am(Mon-Sun)|Not rated|-|-
Vandey's Sip & Bite|250|Fast Food|Kota|Talwandi|https://www.zomato.com/kota/vandeys-sip-bite-talwandi/info|37|Quick Bites|11am to 11pm(Mon-Sun)||NEW|NEW
The Zen|300|North Indian|Kota|Rangbari|https://www.zomato.com/kota/the-zen-rangbari/info|37|Quick Bites|11am to 1030pm(Mon-Sun)|Not rated|-|-
New Al-Kabir Non Veg Restaurant|400|North Indian|Kota|Talwandi|https://www.zomato.com/kota/new-al-kabir-non-veg-restaurant-talwandi/info|37|Quick Bites|4pm to 11pm(Mon-Sun)|Not rated|-|-
The Global Dhaba|350|North Indian|Kota|Rangbari|https://www.zomato.com/kota/the-global-dhaba-rangbari/info|37|Quick Bites|11am to 11pm(Mon-Sun)|Not rated|-|-
Sky High|500|North Indian|Kota|Dhanmandi|https://www.zomato.com/kota/sky-high-dhanmandi/info|37|Casual Dining|11am to 11pm(Mon-Sun)||NEW|NEW
Mr & Mrs Biryani|400|Biryani|Kota|RPS Colony|https://www.zomato.com/kota/mr-mrs-biryani-rps-colony/info|37|Quick Bites|10am to 12midnight,12midnight to 4am(Mon-Sun)||NEW|NEW
Madina Non Veg Restaurant|200|North Indian|Kota|Rangbari|https://www.zomato.com/kota/madina-non-veg-restaurant-rangbari/info|37|Quick Bites|11am to 11pm(Mon,Wed,Thu,Fri,Sat,Sun),Closed...||NEW|NEW
Jain Foods|400|North Indian|Kota|Ladpura|https://www.zomato.com/kota/jain-foods-ladpura/info|37|Quick Bites|1pm to 1030pm(Mon-Sun)|Not rated|-|-
Shubham Restaurant|200|Fast Food|Kota|Talwandi|https://www.zomato.com/kota/shubham-restaurant-talwandi/info|37|Quick Bites|11am to 11pm(Mon-Sun)|Not rated|-|-
New Punjabi Mess|100|North Indian|Kota|Rangbari|https://www.zomato.com/kota/new-punjabi-mess-rangbari/info|37|Mess|1130am to 330pm,730pm to 1030pm(Mon-Sun)|Not rated|-|-
The Restaurant|400|North Indian,Rajasthani|Kota|Talwandi|https://www.zomato.com/kota/the-restaurant-talwandi/info|38|Quick Bites|11am to 11pm(Mon-Sun)|Not rated|-|-
Friends Restaurant|400|North Indian,Chinese|Kota|Civil Lines|https://www.zomato.com/kota/friends-restaurant-civil-lines/info|38|Quick Bites|11am to 11pm(Mon-Sun)|Not rated|-|-
Chatoree|200|Fast Food,Chinese,Beverages|Kota|City Mall-- Indraprastha Industrial Area|https://www.zomato.com/kota/chatoree-indraprastha-industrial-area/info|38|Quick Bites|11am to 11pm(Mon-Sun)|Not rated|-|-
Jai Snacks Point|400|North Indian,Mughlai|Kota|Talwandi|https://www.zomato.com/kota/jai-snacks-point-talwandi/info|38|none|11am to 11pm(Mon-Sun)|Not rated|-|-
Capresso|150|Fast Food,Beverages|Kota|City Mall-- Indraprastha Industrial Area|https://www.zomato.com/kota/capresso-indraprastha-industrial-area/info|38|Quick Bites|11am to 11pm(Mon-Sun)|Not rated|-|-
Kanha Pure Veg|400|North Indian|Kota|Talwandi|https://www.zomato.com/kota/kanha-pure-veg-talwandi/info|38|Quick Bites|11am to 11pm(Mon-Sun)|Not rated|-|-
Punjabi Royal Chicken|300|Mughlai|Kota|RK Puram - E|https://www.zomato.com/kota/punjabi-royal-chicken-rk-puram-e/info|38|Quick Bites|||Opening|Opening
Shreeji Restaurant|150|Indian|Kota|Ladpura|https://www.zomato.com/kota/shreeji-restaurant-ladpura/info|38|none|1pm to 11pm(Mon-Sun)||NEW|NEW
Orbit Foods|150|Fast Food|Kota|Talwandi|https://www.zomato.com/kota/orbit-foods-talwandi/info|38|Quick Bites|11am to 11pm(Mon-Sun)||NEW|NEW
BBQ Nation Delivery|600|BBQ|Kota|RPS Colony|https://www.zomato.com/kota/bbq-nation-delivery-rps-colony/info|38|none|10am to 4am(Mon-Sun)||NEW|NEW
Kake ka Hotel|250|Biryani,Chinese,North Indian|Kota|RPS Colony|https://www.zomato.com/kota/kake-ka-hotel-rps-colony/info|38|none|1130am to 2am(Mon-Sun)||NEW|NEW
Hotel The Pride|200|Chinese|Kota|Rangbari|https://www.zomato.com/kota/hotel-the-pride-rangbari/info|38|Quick Bites|11am to 3pm,7pm to 11pm(Mon-Sun)||NEW|NEW
Baba Juice Center|150|Beverages,Juices,Fast Food|Kota|Talwandi|https://www.zomato.com/kota/baba-juice-center-talwandi/info|38|Beverage Shop|11am to 11pm(Mon-Sun)||NEW|NEW
Madhuram Restaurant|150|Continental,Indian|Kota|Rangbari|https://www.zomato.com/kota/madhuram-restaurant-1-rangbari/info|38|Casual Dining|11am to 11pm(Mon-Sun)|Not rated|-|-
Taste of Town|250|Mughlai|Kota|Rangbari|https://www.zomato.com/kota/taste-of-town-rangbari/info|38|Quick Bites|11am to 11pm(Mon-Sun)|Not rated|-|-
The Chicken Corner|350|Mughlai|Kota|Ladpura|https://www.zomato.com/kota/the-chicken-corner-ladpura/info|39|Quick Bites|12noon to 11pm(Mon-Sun)||NEW|NEW
Tasty Non Veg Restaurant|300|Mughlai|Kota|Talwandi|https://www.zomato.com/kota/tasty-non-veg-restaurant-talwandi/info|39|Quick Bites|11am to 11pm(Mon-Sun)|Not rated|-|-
Singh's Ka Swag|200|North Indian,Chinese|Kota|Chawani|https://www.zomato.com/kota/singhs-ka-swag-chawani/info|39|Quick Bites|11am to 11pm(Mon-Sun)||NEW|NEW
Tandoor Singh|200|North Indian,Chinese|Kota|Chawani|https://www.zomato.com/kota/tandoor-singh-chawani/info|39|Quick Bites|11am to 11pm(Mon-Sun)||NEW|NEW
Bhatnagar Foods|200|Fast Food|Kota|Talwandi|https://www.zomato.com/kota/bhatnagar-foods-talwandi/info|39|Quick Bites|11am to 11pm(Mon-Sun)|Not rated|-|-
1 To 1 Chinese & Fast Food|0|Chinese,Fast Food|Kota|RK Puram - E|https://www.zomato.com/kota/1-to-1-chinese-fast-food-rk-puram-e/info|39|Kiosk|10am to 12midnight(Mon-Sun)||NEW|NEW
Jainam Cafe And Foods|0|Fast Food|Kota|Civil Lines|https://www.zomato.com/kota/jainam-cafe-and-foods-civil-lines/info|39|Café|11am to 12midnight(Mon-Sun)||NEW|NEW
City Point Veg Non Veg Restaurant|250|North Indian,Fast Food|Kota|Ladpura|https://www.zomato.com/kota/city-point-veg-non-veg-restaurant-ladpura/info|39|none|11am to 11pm(Mon-Sun)||NEW|NEW
Sam's Kitchen|150|North Indian|Kota|Talwandi|https://www.zomato.com/kota/sams-kitchen-talwandi/info|39|Quick Bites|11am to 11pm(Mon-Sun)||NEW|NEW
Pareta's Crazy Bites|0|Fast Food|Kota|Talwandi|https://www.zomato.com/kota/paretas-crazy-bites-talwandi/info|39|Quick Bites|11am to 11pm(Mon-Sun)||NEW|NEW
M.S. Madras Masala Dosa|0|South Indian|Kota|Ladpura|https://www.zomato.com/kota/m-s-madras-masala-dosa-ladpura/info|39|Quick Bites|11am to 11pm(Mon-Sun)||NEW|NEW
Al-Kousar Hotel|0|North Indian,Mughlai|Kota|Ladpura|https://www.zomato.com/kota/al-kousar-hotel-ladpura/info|39|Quick Bites|11am to 11pm(Mon-Sun)||NEW|NEW
Chicken Khurana|250|Fast Food|Kota|Rangbari|https://www.zomato.com/kota/chicken-khurana-rangbari/info|39|Quick Bites|11am to 11pm(Mon-Sun)||NEW|NEW
Krishna Fast Foods|200|Fast Food|Kota|Talwandi|https://www.zomato.com/kota/krishna-fast-foods-talwandi/info|39|Quick Bites|11am to 11pm(Mon-Sun)||NEW|NEW
Arihant Restaurant|500|North Indian,South Indian,Chinese|Kota|Talwandi|https://www.zomato.com/kota/arihant-restaurant-talwandi/info|4|Casual Dining|11am to 1030pm(Mon-Sun)|Very Good|4.0|123
Paratha Junction|200|Fast Food|Kota|Talwandi|https://www.zomato.com/kota/paratha-junction-talwandi/info|4|Quick Bites|11am to 10pm(Mon-Sun)|Good|3.7|139
Paji Ke Burger|100|Street Food|Kota|Rangbari|https://www.zomato.com/kota/paji-ke-burger-rangbari/info|4|Quick Bites|5pm to 930pm(Mon,Tue,Thu,Fri,Sat,Sun),5pm...|Very Good|4.4|254
Mr. Tea Cafe - Uper|400|Cafe,Tea,Fast Food,Momos|Kota|RPS Colony|https://www.zomato.com/kota/mr-tea-cafe-uper-1-rps-colony/info|4|Café|11am to 11pm(Mon-Sun)|Very Good|4.1|125
El Jefe|350|Cafe,Italian|Kota|Ladpura|https://www.zomato.com/kota/el-jefe-1-ladpura/info|4|Café|12noon to 11pm(Mon-Sun)|Good|3.9|57
TRP Cafe|400|Cafe,Fast Food|Kota|Chawani|https://www.zomato.com/kota/trp-cafe-chawani/info|4|Café|2pm to 10pm(Mon-Fri),9am to 10pm(Sat-Sun)|Good|3.9|164
Maheshwari Rasoi|250|North Indian,South Indian|Kota|Rangbari|https://www.zomato.com/kota/maheshwari-rasoi-rangbari/info|4|Quick Bites|8am to 11pm(Mon-Sun)|Good|3.9|83
Nawabi Rasoi|500|North Indian,Mughlai|Kota|Talwandi|https://www.zomato.com/kota/nawabi-rasoi-talwandi/info|4|Casual Dining|11am to 11pm(Mon-Sun)|Good|3.8|108
Al Kareem|300|Mughlai,North Indian|Kota|Dhanmandi|https://www.zomato.com/kota/al-kareem-dhanmandi/info|4|Casual Dining|11am to 11pm(Mon-Sun)|Good|3.8|149
South Pole Cafe|400|South Indian|Kota|Talwandi|https://www.zomato.com/kota/south-pole-cafe-talwandi/info|4|Casual Dining|7am to 11pm(Mon-Sun)|Good|3.7|116
Zaika Paratha & Fast Food|150|North Indian,Fast Food|Kota|Rangbari|https://www.zomato.com/kota/zaika-paratha-fast-food-rangbari/info|4|Kiosk|11am to 11pm(Mon-Sun)|Good|3.8|44
Trippin' Cafe|200|Fast Food|Kota|Ladpura|https://www.zomato.com/kota/trippin-cafe-ladpura/info|4|Café|10am to 12midnight(Mon-Sun)|Very Good|4.1|107
Cafe Chocolicious|250|Cafe|Kota|Indraprastha Industrial Area|https://www.zomato.com/kota/cafe-chocolicious-indraprastha-industrial-area/info|4|Café|12noon to 1030pm(Mon-Sun)|Good|3.6|118
Mother Dairy|100|Desserts|Kota|Chawani|https://www.zomato.com/kota/mother-dairy-1-chawani/info|4|Sweet Shop|8am to 11pm(Mon-Sun)||NEW|NEW
Good Times Cafe|350|Cafe|Kota|Rangbari|https://www.zomato.com/kota/good-times-cafe-rangbari/info|4|Café|10am to 10pm(Mon-Sun)|Good|3.8|104
Polo Restaurant|800|North Indian|Kota|Rangbari|https://www.zomato.com/kota/polo-restaurant-rangbari/info|5|Casual Dining|11am to 11pm(Mon-Sun)|Good|3.9|128
Ambey Burger & Sandwich|250|Fast Food|Kota|Rangbari|https://www.zomato.com/kota/ambey-burger-sandwich-rangbari/info|5|Quick Bites|11am to 10pm(Mon-Sun)|Very Good|4.0|97
TFC - True Foodies Corner|150|Chinese,Burger,Pizza,Sandwich,Fast Food,Street Food|Kota|Talwandi|https://www.zomato.com/kota/tfc-true-foodies-corner-talwandi/info|5|Quick Bites|12noon to 1020pm(Mon),12noon to 1015pm(Tue-Sun)|Very Good|4.2|110
Gossip - Cake My World|400|Cafe,Bakery,Fast Food,Desserts,Beverages|Kota|Talwandi|https://www.zomato.com/kota/gossip-cake-my-world-talwandi/info|5|Café|11am to 11pm(Mon-Sun)|Good|3.8|26
Siddharth Sweets & Namkeen|200|Mithai,Fast Food|Kota|Talwandi|https://www.zomato.com/kota/siddharth-sweets-namkeen-talwandi/info|5|Quick Bites|8am to 10pm(Mon-Sun)|Good|3.9|74
Sheesha|500|North Indian|Kota|Chawani|https://www.zomato.com/kota/sheesha-chawani/info|5|Casual Dining|11am to 11pm(Mon-Sun)|Very Good|4.0|143
Subway|500|Healthy Food,Sandwich,Salad|Kota|Indraprastha Industrial Area|https://www.zomato.com/kota/subway-indraprastha-industrial-area/info|5|Quick Bites|11am to 11pm(Mon-Sun)|Good|3.7|94
Mr. Bean's Pizza|300|Pizza|Kota|Rangbari|https://www.zomato.com/kota/mr-beans-pizza-rangbari/info|5|Quick Bites|11am to 11pm(Mon-Sun)|Good|3.7|103
Janta Dairy|250|Desserts|Kota|Chawani|https://www.zomato.com/kota/janta-dairy-chawani/info|5|Dessert Parlor|11am to 9pm(Mon-Sun)|Good|3.9|78
RJ20 Juice & Shakes|200|Beverages|Kota|Rangbari|https://www.zomato.com/kota/rj20-juice-shakes-rangbari/info|5|none|11am to 11pm(Mon-Sun)|Good|3.7|80
Shambhu Mishtan Bhandar|100|Mithai|Kota|Ladpura|https://www.zomato.com/kota/shambhu-mishtan-bhandar-ladpura/info|5|Sweet Shop|11am to 930pm(Mon-Sun)|Very Good|4.0|58
BMB'S Restaurant|300|North Indian|Kota|Rangbari|https://www.zomato.com/kota/bmbs-restaurant-rangbari/info|5|Casual Dining|11am to 11pm(Mon-Sun)|Good|3.9|151
Hamza Chicken Biryani|100|Mughlai|Kota|Chawani|https://www.zomato.com/kota/hamza-chicken-biryani-chawani/info|5|Kiosk|11am to 9pm(Mon-Sun)|Very Good|4.0|76
Shri Sunil Sweets|250|Mithai,Street Food|Kota|Talwandi|https://www.zomato.com/kota/shri-sunil-sweets-talwandi/info|5|Sweet Shop|9am to 10pm(Mon-Sun)|Good|3.9|62
Satya Misthan Bhandar|250|Desserts,Mithai|Kota|Ladpura|https://www.zomato.com/kota/satya-misthan-bhandar-ladpura/info|5|none|(Mon-Sun)||NEW|NEW
Delhi Biryani Cafe|200|North Indian,Biryani|Kota|Rangbari|https://www.zomato.com/kota/delhi-biryani-cafe-rangbari/info|6|Quick Bites|11am to 1030pm(Mon-Sun)|Average|3.0|94
Delicious 01|500|North Indian|Kota|Rangbari|https://www.zomato.com/kota/delicious-01-1-rangbari/info|6|Casual Dining|3pm to 12midnight(Mon-Sun)|Very Good|4.0|92
Muradabadi Chicken Centre|200|Mughlai|Kota|Rangbari|https://www.zomato.com/kota/muradabadi-chicken-centre-rangbari/info|6|Quick Bites|10am to 10pm(Mon-Sun)|Good|3.8|129
Hotel Virangana The Virasat|350|North Indian|Kota|Chawani|https://www.zomato.com/kota/hotel-virangana-the-virasat-chawani/info|6|Casual Dining|11am to 11pm(Mon-Sun)|Very Good|4.2|67
United By Food|200|Fast Food|Kota|Rangbari|https://www.zomato.com/kota/united-by-food-rangbari/info|6|Quick Bites|1130am to 10pm(Mon-Sun)|Very Good|4.0|90
Tasty Treat|150|Fast Food,South Indian|Kota|Rangbari|https://www.zomato.com/kota/tasty-treat-rangbari/info|6|Kiosk|12noon to 10pm(Mon-Sun)|Very Good|4.0|64
Burger Farm|250|Burger,Fast Food|Kota|Rangbari|https://www.zomato.com/kota/burger-farm-rangbari/info|6|Quick Bites|9am to 11pm(Mon-Sun)|Very Good|4.1|92
Bob's Delicious Burgers|200|Burger,Fast Food|Kota|Rangbari|https://www.zomato.com/kota/bobs-delicious-burgers-rangbari/info|6|Quick Bites|1pm to 10pm(Mon-Sun)|Good|3.9|105
Raj Darbaar|400|North Indian|Kota|Chawani|https://www.zomato.com/kota/raj-darbaar-chawani/info|6|Casual Dining|11am to 11pm(Mon-Sun)|Good|3.9|101
New Bakewell Bakers|300|Bakery|Kota|Talwandi|https://www.zomato.com/kota/new-bakewell-bakers-1-talwandi/info|6|Bakery|10am to 10pm(Mon-Sun)|Average|3.2|52
Happy Juice & Shakes|250|Juices|Kota|Talwandi|https://www.zomato.com/kota/happy-juice-shakes-talwandi/info|6|Beverage Shop|11am to 10pm(Mon-Sun)||NEW|NEW
Soccer Cafe|250|Cafe|Kota|Talwandi|https://www.zomato.com/kota/soccer-cafe-talwandi/info|6|Café|10am to 10pm(Mon-Sun)|Good|3.5|75
Santosh Bakers|200|Bakery|Kota|Chawani|https://www.zomato.com/kota/santosh-bakers-chawani/info|6|Bakery|8am to 11pm(Mon-Sun)|Good|3.9|72
Hungry Hunter|150|Fast Food|Kota|Rangbari|https://www.zomato.com/kota/hungry-hunter-rangbari/info|6|Kiosk|12noon to 10pm(Mon-Sun)|Average|3.0|4
Muradabadi Chicken Center|200|Biryani|Kota|Talwandi|https://www.zomato.com/kota/muradabadi-chicken-center-talwandi/info|6|Quick Bites|11am to 10pm(Mon-Sun)|Good|3.9|60
Kesar Milk Foods And Sweets|200|Mithai|Kota|Civil Lines|https://www.zomato.com/kota/kesar-milk-foods-and-sweets-civil-lines/info|7|Dessert Parlor|10am to 930pm(Mon-Sun)|Good|3.9|35
Belly Foods|150|Chinese,Fast Food,Indian|Kota|Indraprastha Industrial Area|https://www.zomato.com/kota/belly-foods-indraprastha-industrial-area/info|7|Kiosk|11am to 10pm(Mon-Sun)|Good|3.7|59
The Tea Cafe|300|Fast Food|Kota|Talwandi|https://www.zomato.com/kota/the-tea-cafe-talwandi/info|7|Quick Bites|12noon to 11pm(Mon-Sun)|Average|3.3|55
Chicken Delight|200|North Indian|Kota|Kota Industrial Area|https://www.zomato.com/kota/chicken-delight-kota-industrial-area/info|7|Quick Bites|11am to 11pm(Mon-Sun)|Good|3.8|56
Handi Chicken Point|250|North Indian,Fast Food|Kota|Talwandi|https://www.zomato.com/kota/handi-chicken-point-1-talwandi/info|7|Quick Bites|11am to 2am(Mon-Sun)|Good|3.8|67
Bikaneri Rasgulla Bhandar|200|Mithai|Kota|Chawani|https://www.zomato.com/kota/bikaneri-rasgulla-bhandar-chawani/info|7|Sweet Shop|11am to 9pm(Mon-Sat),11am to 830pm(Sun)|Good|3.8|42
Fun Zone|200|Beverages,Desserts|Kota|Rangbari|https://www.zomato.com/kota/fun-zone-rangbari/info|7|Dessert Parlor|11am to 10pm(Mon-Sun)|Good|3.6|38
ThaliBazaar|250|North Indian,Rajasthani,South Indian|Kota|Talwandi|https://www.zomato.com/kota/thalibazaar-2-talwandi/info|7|Quick Bites|10am to 10pm(Mon-Sun)|Good|3.6|26
Goli Vada Pav No. 1|150|Street Food|Kota|Indraprastha Industrial Area|https://www.zomato.com/kota/goli-vada-pav-no-1-indraprastha-industrial-area/info|7|Quick Bites|11am to 10pm(Mon-Sun)|Average|3.3|59
Jai Mahakal Fruit Juice Shake|100|Juices|Kota|Talwandi|https://www.zomato.com/kota/jai-mahakal-fruit-juice-shake-talwandi/info|7|Beverage Shop|11am to 10pm(Mon-Sun)|Average|2.7|24
The Momo Garage|200|Fast Food|Kota|Talwandi|https://www.zomato.com/kota/the-momo-garage-talwandi/info|7|Quick Bites|9am to 10pm(Mon-Sun)|Average|3.4|36
Ganpati Plaza Bakery|200|Bakery,Desserts|Kota|Talwandi|https://www.zomato.com/kota/ganpati-plaza-bakery-talwandi/info|7|Bakery|Closed(Mon),11am to 10pm(Tue-Sun)|Good|3.7|52
Purple Wok Co.|400|Chinese,Beverages|Kota|Civil Lines|https://www.zomato.com/kota/purple-wok-co-civil-lines/info|7|Quick Bites|11am to 1am(Mon-Sun)||NEW|NEW
Sankalp Mess & Tiffin Center|160|North Indian|Kota|Rangbari|https://www.zomato.com/kota/sankalp-mess-tiffin-center-rangbari/info|7|Mess|11am to 10pm(Mon-Sun)|Average|3.4|52
Rajesh Fast Food|200|Fast Food|Kota|Chawani|https://www.zomato.com/kota/rajesh-fast-food-chawani/info|7|Kiosk|6pm to 10pm(Mon-Sun)||NEW|NEW
Ambey Coffee Juice & Fast Food|200|Beverages,Fast Food|Kota|Rangbari|https://www.zomato.com/kota/ambey-coffee-juice-fast-food-rangbari/info|8|Quick Bites|9am to 930pm(Mon-Sun)|Good|3.7|61
Apna Swaad|100|Fast Food|Kota|Talwandi|https://www.zomato.com/kota/apna-swaad-talwandi/info|8|Quick Bites|8am to 10pm(Mon-Sun)||NEW|NEW
Delhi Zaika Kathi Rolls|300|Fast Food|Kota|Talwandi|https://www.zomato.com/kota/delhi-zaika-kathi-rolls-talwandi/info|8|Quick Bites|12noon to 10pm(Mon-Sun)|Good|3.7|36
Suva Lal Kachori|100|Fast Food|Kota|RPS Colony|https://www.zomato.com/kota/suva-lal-kachori-rps-colony/info|8|Quick Bites|9am to 930pm(Mon-Sun)||NEW|NEW
Happy Kona|250|South Indian,Momos,Italian,Fast Food,Desserts,Chinese,Burger|Kota|RK Puram - E|https://www.zomato.com/kota/happy-kona-rk-puram-e/info|8|Café|12noon to 11pm(Mon-Sun)|Good|3.6|16
Tulsi Sandwich And Paties|150|Fast Food|Kota|Talwandi|https://www.zomato.com/kota/tulsi-sandwich-and-paties-talwandi/info|8|Quick Bites|12noon to 9pm(Mon-Sun)|Good|3.8|37
Kazibaba Veg & Non Veg Restaurant|800|North Indian,Mughlai,Chinese|Kota|Indraprastha Industrial Area|https://www.zomato.com/kota/kazibaba-veg-non-veg-restaurant-indraprastha-industrial-area/info|8|Casual Dining|11am to 11pm(Mon-Sun)|Good|3.5|86
Diwakar Sweets & Namkeen|250|Mithai|Kota|Dadabari|https://www.zomato.com/kota/diwakar-sweets-namkeen-dadabari/info|8|Sweet Shop|9am to 10pm(Mon-Sun)|Good|3.5|26
Pangea|500|Cafe|Kota|Rangbari|https://www.zomato.com/kota/pangea-rangbari/info|8|Café|11am to 11pm(Mon-Sun)|Average|3.4|102
AADD M AADD B|200|Fast Food|Kota|Ladpura|https://www.zomato.com/kota/aadd-m-aadd-b-ladpura/info|8|Quick Bites|10am to 10pm(Mon-Sun)|Average|3.4|18
Bindass Fast Food|120|Fast Food|Kota|Rangbari|https://www.zomato.com/kota/bindass-fast-food-rangbari/info|8|Quick Bites|11am to 10pm(Mon-Sun)|Good|3.6|46
Chal Hut|300|Continental|Kota|Indraprastha Industrial Area|https://www.zomato.com/kota/chal-hut-indraprastha-industrial-area/info|8|Food Truck|6pm to 10pm(Mon-Sun)|Good|3.7|37
Junction Food Corner|300|Fast Food|Kota|Chawani|https://www.zomato.com/kota/junction-food-corner-chawani/info|8|Quick Bites|1230pm to 10pm(Mon-Sun)|Good|3.5|17
Shivaansh Cafe|250|Cafe|Kota|Rangbari|https://www.zomato.com/kota/shivaansh-cafe-rangbari/info|8|Café|11am to 10pm(Mon-Sun)|Good|3.6|40
Jain Mess & Tiffin Centre|200|North Indian|Kota|Dadabari|https://www.zomato.com/kota/jain-mess-tiffin-centre-dadabari/info|8|none|11am to 8pm(Mon-Sun)|Good|3.6|28
BMB Sweets & Namkeens|300|Desserts|Kota|Talwandi|https://www.zomato.com/kota/bmb-sweets-namkeens-talwandi/info|9|Sweet Shop|8am to 10pm(Mon-Sun)||NEW|NEW
Royal Fruit Juice & Shakes|100|Beverages|Kota|Dadabari|https://www.zomato.com/kota/royal-fruit-juice-shakes-dadabari/info|9|Beverage Shop|11am to 10pm(Mon-Sun)|Good|3.5|18
The London Shakes|250|Beverages|Kota|Talwandi|https://www.zomato.com/kota/the-london-shakes-talwandi/info|9|Beverage Shop|12noon to 11pm(Mon-Sun)|Good|3.9|80
Friends Food|250|Fast Food|Kota|RK Puram - E|https://www.zomato.com/kota/friends-food-rk-puram-e/info|9|Quick Bites|10am to 10pm(Mon-Sun)|Average|3.4|30
Chai Tapri|100|Beverages,Fast Food,Street Food|Kota|Talwandi|https://www.zomato.com/kota/chai-tapri-talwandi/info|9|Beverage Shop|830am to 10pm(Mon-Sun)||NEW|NEW
Satvik's Cafe House|150|Fast Food,Chinese|Kota|Talwandi|https://www.zomato.com/kota/satviks-cafe-house-talwandi/info|9|Quick Bites|1130am to 10pm(Mon-Sun)|Average|3.1|9
Choupal The Restro|150|North Indian|Kota|Talwandi|https://www.zomato.com/kota/choupal-the-restro-talwandi/info|9|Mess|11am to 10pm(Mon-Sun)|Average|2.8|14
Mishran IceCream & Shakes|200|Ice Cream|Kota|Chawani|https://www.zomato.com/kota/mishran-icecream-shakes-chawani/info|9|Quick Bites|11am to 10pm(Mon-Sun)|Average|3.2|11
Cafe Chocoholics|200|Beverages|Kota|Rangbari|https://www.zomato.com/kota/cafe-chocoholics-rangbari/info|9|Beverage Shop|1030am to 10pm(Mon-Sun)|Good|3.6|24
Rasoi Ghar Juice Centre|100|Juices|Kota|Ladpura|https://www.zomato.com/kota/rasoi-ghar-juice-centre-ladpura/info|9|none|11am to 10pm(Mon-Sun)||NEW|NEW
Jain Restaurant|300|North Indian|Kota|Ladpura|https://www.zomato.com/kota/jain-restaurant-ladpura/info|9|Quick Bites|930am to 1030pm(Mon-Sun)|Good|3.7|103
Billoo'z Bakery|150|Bakery,Fast Food|Kota|Chawani|https://www.zomato.com/kota/billooz-bakery-chawani/info|9|Bakery|9am to 11pm(Mon-Sun)|Good|3.9|82
Ganpati Plaza Bakery|100|Desserts|Kota|RK Puram - E|https://www.zomato.com/kota/ganpati-plaza-bakery-rk-puram-e/info|9|Bakery|11am to 10pm(Mon-Sun)|Good|3.5|17
Maheshwari Jumbo Paratha|200|North Indian|Kota|Rangbari|https://www.zomato.com/kota/maheshwari-jumbo-paratha-rangbari/info|9|Kiosk|(Mon-Sun)|Average|2.9|5
Bismillah Hotel|250|North Indian|Kota|Chawani|https://www.zomato.com/kota/bismillah-hotel-chawani/info|9|Quick Bites|12noon to 10pm(Mon-Sun)||NEW|NEW
