NAME|PRICE|CUSINE_CATEGORY|CITY|REGION|URL|PAGE NO|CUSINE TYPE|TIMING|RATING_TYPE|RATING|VOTES
Sri Krishna Mess|250|South Indian|Madurai|Periyar|https://www.zomato.com/madurai/sri-krishna-mess-periyar/info|1|Quick Bites|12noon to 11pm(Mon-Sun)|Good|3.8|32
Bismi Hotel|250|South Indian|Madurai|KK Nagar|https://www.zomato.com/madurai/bismi-hotel-kk-nagar/info|1|Quick Bites|11am to 11pm(Mon-Sun)|Very Good|4.3|534
Zaitoon|450|Arabian,South Indian|Madurai|Sathamangalam|https://www.zomato.com/madurai/zaitoon-sathamangalam/info|1|Casual Dining|1130am to 1130pm(Mon-Sun)|Excellent|4.8|448
Aibaik|300|South Indian,North Indian,Chinese|Madurai|SS Colony|https://www.zomato.com/madurai/aibaik-ss-colony/info|1|Quick Bites|12noon to 11pm(Mon-Sun)|Very Good|4.3|244
KFC|450|Burger,Fast Food|Madurai|SS Colony|https://www.zomato.com/madurai/kfc-ss-colony/info|1|Quick Bites|11am to 1030pm(Mon-Sun)|Very Good|4.4|301
Hotel Sree Sabarees|300|South Indian|Madurai|Southern Railway Colony|https://www.zomato.com/madurai/hotel-sree-sabarees-southern-railway-colony/info|1|Casual Dining|6am to 1130pm(Mon-Sun)|Excellent|4.8|234
Pechiamman Non Veg Restaurant|250|South Indian|Madurai|Villapuram|https://www.zomato.com/madurai/pechiamman-non-veg-restaurant-villapuram/info|1|Casual Dining|11am to 1130pm(Mon-Sun)|Very Good|4.3|173
Express Briyani|350|Biryani,Arabian,Chinese|Madurai|Sathamangalam|https://www.zomato.com/madurai/express-briyani-sathamangalam/info|1|Quick Bites|11am to 11pm(Mon-Sun)|Very Good|4.2|192
Hotel Shree Lakshmi Bhavan|200|South Indian|Madurai|SS Colony|https://www.zomato.com/madurai/hotel-shree-lakshmi-bhavan-ss-colony/info|1|Quick Bites|6am to 11pm(Mon-Sun)|Very Good|4.3|174
Food Beez|500|Biryani,Chinese,Sandwich,North Indian|Madurai|Arrapalayam|https://www.zomato.com/foodbeezrestaurant/info|1|Quick Bites|11am to 11pm(Mon-Sun)|Very Good|4.3|228
Domino's Pizza|700|Pizza|Madurai|SS Colony|https://www.zomato.com/madurai/dominos-pizza-ss-colony/info|1|Casual Dining|11am to 12midnight(Mon-Sun)|Good|3.9|283
Madurai Star Biryani|400|Biryani,South Indian|Madurai|KK Nagar|https://www.zomato.com/madurai/madurai-star-biryani-kk-nagar/info|1|Casual Dining|1130am to 11pm(Mon-Sun)|Good|3.8|235
Domino's Pizza|700|Pizza|Madurai|KK Nagar|https://www.zomato.com/madurai/dominos-pizza-kk-nagar/info|1|Quick Bites|11am to 11pm(Mon-Sun)|Very Good|4.2|347
Riyas Mahal|300|Biryani,South Indian|Madurai|KK Nagar|https://www.zomato.com/madurai/riyas-mahal-kk-nagar/info|1|Quick Bites|11am to 330pm,630pm to 11pm(Mon-Sun)|Very Good|4.4|112
Yasmin Biryani|250|South Indian|Madurai|Bethaniyapuram|https://www.zomato.com/madurai/yasmin-biryani-bethaniyapuram/info|1|Quick Bites|11am to 11pm(Mon-Sun)|Very Good|4.0|138
Devi Fast Food|150|Fast Food|Madurai|Sathamangalam|https://www.zomato.com/madurai/devi-fast-food-sathamangalam/info|10|none|5pm to 1030pm(Mon-Sun)|Good|3.9|24
Hotel Ashok Bhavan|200|South Indian|Madurai|Periyar|https://www.zomato.com/madurai/hotel-ashok-bhavan-periyar/info|10|Quick Bites|730am to 10pm(Mon-Sun)|Average|3.0|8
K.B Konaar Mess|350|South Indian|Madurai|KK Nagar|https://www.zomato.com/madurai/k-b-konaar-mess-kk-nagar/info|10|Casual Dining|1130am to 5pm,7pm to 1130pm(Mon-Sun)|Average|2.8|56
Mumbai Kulfi|200|Ice Cream,Beverages|Madurai|Periyar|https://www.zomato.com/madurai/mumbai-kulfi-1-periyar/info|10|Dessert Parlor|1030am to 1130pm(Mon-Sun)|Good|3.7|19
Al Madhina|400|South Indian|Madurai|Bethaniyapuram|https://www.zomato.com/madurai/al-madhina-bethaniyapuram/info|10|Quick Bites|12noon to 6pm(Mon-Sun)|Average|2.7|10
Hotel Junior Kuppanna|600|South Indian|Madurai|Arrapalayam|https://www.zomato.com/madurai/hotel-junior-kuppanna-arrapalayam/info|10|Casual Dining|12noon to 4pm,7pm to 11pm(Mon-Sun)|Good|3.5|20
Sri Sabareesh Old Ganesh Mess|400|South Indian,North Indian,Chinese|Madurai|Southern Railway Colony|https://www.zomato.com/madurai/sri-sabareesh-old-ganesh-mess-southern-railway-colony/info|10|Casual Dining|6am to 11pm(Mon-Sun)|Good|3.7|21
Sorna Vilas Lala Mittai Kadai|100|Mithai|Madurai|Sathamangalam|https://www.zomato.com/madurai/sorna-vilas-lala-mittai-kadai-sathamangalam/info|10|Sweet Shop|1030am to 930pm(Mon-Sun)|Average|3.2|6
Mumbai Kulfi|150|Ice Cream,Beverages|Madurai|Kamrajnagar|https://www.zomato.com/madurai/mumbai-kulfi-kamrajnagar/info|10|Dessert Parlor|8am to 10pm(Mon-Sun)||NEW|NEW
Bombay Chapati Mess|100|North Indian|Madurai|Doak Nagar|https://www.zomato.com/madurai/bombay-chapati-mess-2-doak-nagar/info|10|none|11am to 9pm(Mon-Sun)|Average|3.3|7
Kalkatta Chaat|100|Street Food|Madurai|Vandiyur|https://www.zomato.com/madurai/kalkatta-chaat-vandiyur/info|10|Quick Bites|5pm to 10pm(Mon-Sun)|Average|2.9|7
Noor Biriyani|250|South Indian,North Indian,Modern Indian|Madurai|KK Nagar|https://www.zomato.com/madurai/noor-biriyani-kk-nagar/info|10|Quick Bites|(Mon-Sun)|Average|3.3|6
Ayyamma Samayal|200|South Indian,North Indian|Madurai|Sathamangalam|https://www.zomato.com/madurai/ayyamma-samayal-sathamangalam/info|10|Quick Bites|1130am to 330pm(Mon-Sat),Closed(Sun)|Average|3.2|5
Fresh Cream|150|Bakery|Madurai|Sathamangalam|https://www.zomato.com/madurai/fresh-cream-sathamangalam/info|10|Bakery|9am to 10pm(Mon-Sun)|Not rated|-|-
New Chennai Hotpuffs|100|Bakery|Madurai|Viswanathapuram|https://www.zomato.com/madurai/new-chennai-hotpuffs-viswanathapuram/info|10|Bakery|9am to 9pm(Mon-Sun)|Average|3.1|4
Sri Saravanass Icecreams|250|Ice Cream|Madurai|Pasumalai|https://www.zomato.com/madurai/sri-saravanass-icecreams-pasumalai/info|11|Dessert Parlor|11am to 10pm(Mon-Sun)|Average|3.1|6
Baanaa Food Products|100|Fast Food|Madurai|SS Colony|https://www.zomato.com/madurai/baanaa-food-products-ss-colony/info|11|Quick Bites|11am to 10pm(Mon-Sun)|Average|3.2|5
Amirtham Sweet Home|200|Mithai,Ice Cream|Madurai|Kamrajnagar|https://www.zomato.com/madurai/amirtham-sweet-home-kamrajnagar/info|11|Sweet Shop|10am to 9pm(Mon-Sun)|Not rated|-|-
Nisha Beeda Shop|100|Paan|Madurai|Periyar|https://www.zomato.com/madurai/nisha-beeda-shop-periyar/info|11|Paan Shop|(Mon-Sun)|Not rated|-|-
Ganesh Restaurant|350|South Indian|Madurai|Kamrajnagar|https://www.zomato.com/madurai/ganesh-restaurant-kamrajnagar/info|11|Quick Bites|730am to 11pm(Mon-Sun)|Average|2.7|44
Vaigai Mess|300|South Indian|Madurai|KK Nagar|https://www.zomato.com/madurai/vaigai-mess-kk-nagar/info|11|Quick Bites|12noon to 5pm(Mon-Sun)|Average|3.1|6
F.H beeda centre and stall|150|North Indian|Madurai|Periyar|https://www.zomato.com/madurai/f-h-beeda-centre-and-stall-periyar/info|11|Quick Bites|(Mon-Sun)|Not rated|-|-
Thai Tiffen Centre|150|South Indian,North Indian|Madurai|Villapuram|https://www.zomato.com/madurai/thai-tiffen-centre-villapuram/info|11|Casual Dining|8am to 4pm(Mon-Sun)||NEW|NEW
Parambriym|350|South Indian,Biryani|Madurai|KK Nagar|https://www.zomato.com/madurai/parambriym-kk-nagar/info|11|Quick Bites|1130am to 330pm,630pm to 1045pm(Mon-Sun)||NEW|NEW
Kalkatta Chaat|100|Street Food|Madurai|Periyar|https://www.zomato.com/madurai/kalkatta-chaat-periyar/info|11|Quick Bites|5pm to 10pm(Mon-Sun)|Average|3.0|5
Keramathu Aduppankarai|500|Biryani,South Indian,North Indian|Madurai|Periyar|https://www.zomato.com/madurai/keramathu-aduppankarai-periyar/info|11|Casual Dining|12noon to 430pm(Mon-Sun)|Not rated|-|-
Lakshmi's Chappathi Corner|200|North Indian|Madurai|Arrapalayam|https://www.zomato.com/madurai/lakshmis-chappathi-corner-arrapalayam/info|11|Quick Bites|(Mon-Sun)|Not rated|-|-
Valli Mess|300|South Indian|Madurai|Sathamangalam|https://www.zomato.com/madurai/valli-mess-sathamangalam/info|11|Mess|12noon to 4pm(Mon-Sun)|Not rated|-|-
Singam Hotel|300|South Indian,North Indian,Modern Indian,Indian|Madurai|Iyer Bungalow|https://www.zomato.com/madurai/singam-hotel-iyer-bungalow/info|11|Casual Dining||Not rated|-|-
RI Foods|300|Sandwich,Fast Food|Madurai|KK Nagar|https://www.zomato.com/madurai/ri-foods-kk-nagar/info|11|Quick Bites|11am to 10pm(Mon-Sun)|Not rated|-|-
Sri Chennai Hot Puffs|200|Bakery|Madurai|Viswanathapuram|https://www.zomato.com/madurai/sri-chennai-hot-puffs-viswanathapuram/info|12|Sweet Shop|10am to 9pm(Mon-Sun)|Not rated|-|-
Chennai Rawther|400|Chettinad,South Indian|Madurai|KK Nagar|https://www.zomato.com/madurai/chennai-rawther-kk-nagar/info|12|Quick Bites|1130am to 11pm(Mon-Sun)|Good|3.8|50
Amman Cafe|300|South Indian|Madurai|Arrapalayam|https://www.zomato.com/madurai/amman-cafe-arrapalayam/info|12|Quick Bites|10am to 10pm(Mon-Sun)|Not rated|-|-
AJR Chocolate|200|Bakery|Madurai|KK Nagar|https://www.zomato.com/madurai/ajr-chocolate-kk-nagar/info|12|Bakery|(Mon-Sun)|Not rated|-|-
Al Madhina|200|South Indian|Madurai|Doak Nagar|https://www.zomato.com/madurai/al-madhina-doak-nagar/info|12|Quick Bites|12noon to 6pm(Mon-Sun)|Not rated|-|-
Indian Tandoor House|250|South Indian,North Indian,Modern Indian,Indian,Arabian|Madurai|KK Nagar|https://www.zomato.com/madurai/indian-tandoor-house-kk-nagar/info|12|Casual Dining|(Mon-Sun)|Not rated|-|-
Kings Chinese Restaurant|200|Chinese|Madurai|Viswanathapuram|https://www.zomato.com/madurai/kings-chinese-restaurant-viswanathapuram/info|12|Quick Bites|11am to 11pm(Mon-Sun)|Good|3.8|36
New Tasty Corn|100|Fast Food|Madurai|Vishaal de Mal-- KK Nagar-- Madurai|https://www.zomato.com/madurai/new-tasty-corn-kk-nagar/info|12|Kiosk|11am to 930pm(Mon-Sun)|Not rated|-|-
Savage|250|South Indian,North Indian|Madurai|KK Nagar|https://www.zomato.com/madurai/savage-kk-nagar/info|12|Quick Bites|630pm to 11pm(Mon-Sun)|Very Good|4.1|43
Jayaram Bakery|250|Bakery|Madurai|Sathamangalam|https://www.zomato.com/madurai/jayaram-bakery-1-sathamangalam/info|12|Bakery|8am to 10pm(Mon-Sun)|Not rated|-|-
Karpagam Hotel-Unit of Singam Hotel|300|South Indian,North Indian,Modern Indian,Indian|Madurai|Viswanathapuram|https://www.zomato.com/madurai/karpagam-hotel-unit-of-singam-hotel-viswanathapuram/info|12|Casual Dining|1130am to 10pm(Mon-Sun)|Not rated|-|-
Al safaa Aappa kadai|250|South Indian,North Indian,Indian|Madurai|SS Colony|https://www.zomato.com/madurai/al-safaa-aappa-kadai-ss-colony/info|12|Casual Dining|(Mon-Sun)|Not rated|-|-
Malai Ka Kulfi|150|Ice Cream|Madurai|SS Colony|https://www.zomato.com/madurai/malai-ka-kulfi-ss-colony/info|12|Dessert Parlor|12noon to 10pm(Mon-Sun)|Not rated|-|-
Manickam Hotel|200|Biryani,South Indian|Madurai|Kamrajnagar|https://www.zomato.com/madurai/manickam-hotel-kamrajnagar/info|12|Quick Bites|11am to 11pm(Mon-Sun)|Good|3.7|17
Chicken Mafia|250|Chinese,South Indian,BBQ,North Indian|Madurai|Periyar|https://www.zomato.com/madurai/chicken-mafia-periyar/info|12|Quick Bites|8am to 11pm(Mon-Sun)||NEW|NEW
Banarasi Pan Center|100|Paan|Madurai|Periyar|https://www.zomato.com/madurai/banarasi-pan-center-periyar/info|13|Paan Shop|11am to 11pm(Mon-Sun)||NEW|NEW
Biryani Paradise|350|South Indian,North Indian,Modern Indian|Madurai|SS Colony|https://www.zomato.com/madurai/biryani-paradise-1-ss-colony/info|13|Casual Dining|12noon to 11pm(Mon-Sun)|Good|3.7|21
Hotel Avanthikas|200|South Indian,Chinese,Chettinad|Madurai|Arrapalayam|https://www.zomato.com/madurai/hotel-avanthikas-arrapalayam/info|13|Mess|12noon to 1130pm(Mon-Sun)|Good|3.6|15
Kp Chicken Park|300|Fast Food|Madurai|Periyar|https://www.zomato.com/madurai/kp-chicken-park-periyar/info|13|Quick Bites|6am to 11pm(Mon-Sun)|Good|3.9|34
Hotel Hashwanath|400|South Indian|Madurai|Arrapalayam|https://www.zomato.com/madurai/hotel-hashwanath-arrapalayam/info|13|Quick Bites|11am to 11pm(Mon-Sat),Closed(Sun)|Average|3.4|27
Zwarma|200|Modern Indian,Indian,Afghan|Madurai|Viswanathapuram|https://www.zomato.com/madurai/zwarma-viswanathapuram/info|13|Casual Dining|12noon to 11pm(Mon-Sun)|Good|3.6|23
CK's Bakery|450|Bakery,Fast Food|Madurai|Bethaniyapuram|https://www.zomato.com/madurai/cks-bakery-bethaniyapuram/info|13|Bakery|8am to 11pm(Mon-Sun)|Good|3.6|15
Puppy's Ice cream|200|Ice Cream|Madurai|Arrapalayam|https://www.zomato.com/madurai/puppys-ice-cream-arrapalayam/info|13|Dessert Parlor|930am to 11pm(Mon-Sun)|Good|3.5|21
Burma Idiyappa Kadai|150|South Indian|Madurai|Viswanathapuram|https://www.zomato.com/madurai/burma-idiyappa-kadai-viswanathapuram/info|13|Quick Bites|530pm to 11pm(Mon-Sun)|Good|3.6|24
Thambi's Biriyani|200|South Indian|Madurai|Bethaniyapuram|https://www.zomato.com/madurai/thambis-biriyani-bethaniyapuram/info|13|Quick Bites|11am to 11pm(Mon-Sun)|Good|3.6|21
Suganya Parotta Kadai|250|South Indian,Biryani,Fast Food|Madurai|Periyar|https://www.zomato.com/madurai/suganya-parotta-kadai-periyar/info|13|Quick Bites|12noon to 11pm(Mon-Sun)|Good|3.6|15
Rajeswari Mess|100|South Indian|Madurai|Pasumalai|https://www.zomato.com/madurai/rajeswari-mess-pasumalai/info|13|Quick Bites|8am to 11pm(Mon-Sun)||NEW|NEW
Taj Restaurant|400|Chettinad,Biryani,Roast Chicken,Fast Food,Juices,Tamil|Madurai|Southern Railway Colony|https://www.zomato.com/madurai/taj-restaurant-southern-railway-colony/info|13|Quick Bites|11am to 11pm(Mon-Sun)|Good|3.6|20
Bell Tiffin Box|300|South Indian|Madurai|KK Nagar|https://www.zomato.com/madurai/bell-tiffin-box-kk-nagar/info|13|Quick Bites|630am to 1030pm(Mon-Sun)|Good|3.7|28
Penny Cuick|250|Fast Food,Arabian|Madurai|Sathamangalam|https://www.zomato.com/madurai/penny-cuick-sathamangalam/info|13|Quick Bites|5pm to 11pm(Mon-Sun)|Good|3.9|37
Surya Veg Restaurant|400|Chinese,Continental,North Indian,South Indian|Madurai|Southern Railway Colony|https://www.zomato.com/madurai/surya-veg-restaurant-southern-railway-colony/info|14|Casual Dining|6am to 12midnight(Mon-Sun)|Good|3.5|33
Nanban Hotel|250|South Indian|Madurai|SS Colony|https://www.zomato.com/madurai/nanban-hotel-1-ss-colony/info|14|Quick Bites|8am to 11pm(Mon-Sun)||NEW|NEW
Hotel Sree Harikrushnaa|200|South Indian|Madurai|Periyar|https://www.zomato.com/madurai/hotel-sree-harikrushnaa-periyar/info|14|Quick Bites|7am to 11pm(Mon-Sun)|Good|3.7|19
Varun's Crazy Grill|500|North Indian,Chinese,Arabian|Madurai|Doak Nagar|https://www.zomato.com/madurai/varuns-crazy-grill-doak-nagar/info|14|Casual Dining|6pm to 11pm(Mon-Sun)||NEW|NEW
Madurai Pandiyan Hotel|300|South Indian,North Indian|Madurai|KK Nagar|https://www.zomato.com/madurai/madurai-pandiyan-hotel-1-kk-nagar/info|14|Quick Bites|1130am to 11pm(Mon-Sun)|Average|3.3|11
Dheen Biriyani Stall|250|Biryani|Madurai|Viswanathapuram|https://www.zomato.com/madurai/dheen-biriyani-stall-viswanathapuram/info|14|Quick Bites|11am to 1030pm(Mon-Sun)|Average|3.4|23
Temple City|450|South Indian|Madurai|Viswanathapuram|https://www.zomato.com/madurai/temple-city-viswanathapuram/info|14|Casual Dining|6am to 11pm(Mon-Sun)|Average|2.6|21
Hotel Arasan Sapthagiri|500|South Indian|Madurai|Sathamangalam|https://www.zomato.com/madurai/hotel-arasan-sapthagiri-sathamangalam/info|14|Casual Dining|7am to 1030am,12noon to 1030pm(Mon-Sun)|Good|3.6|37
Lakshmi's Chappathi Corner|100||Madurai|Bethaniyapuram|https://www.zomato.com/madurai/lakshmis-chappathi-corner-bethaniyapuram/info|14|Quick Bites|530pm to 11pm(Mon-Sun)|Good|3.6|20
Hotel Vijay Anandh|200|South Indian,Fast Food|Madurai|Villapuram|https://www.zomato.com/madurai/hotel-vijay-anandh-villapuram/info|14|Quick Bites|11am to 11pm(Mon-Sun)|Good|3.6|13
Ameer Mahals|300|North Indian,South Indian|Madurai|Sathamangalam|https://www.zomato.com/madurai/ameer-mahals-sathamangalam/info|14|Casual Dining|12noon to 12midnight(Mon-Sun)|Good|3.6|21
Grill Spot|250|South Indian|Madurai|Iyer Bungalow|https://www.zomato.com/madurai/grill-spot-iyer-bungalow/info|14|Quick Bites|8am to 11pm(Mon-Sun)||NEW|NEW
Appams and Hoppers|400|South Indian,Sri Lankan|Madurai|KK Nagar|https://www.zomato.com/madurai/appams-and-hoppers-kk-nagar/info|14|Quick Bites|7pm to 11pm(Mon-Sun)|Good|3.8|29
Thalifa Restaurant|250|South Indian,Fast Food,Biryani|Madurai|Pasumalai|https://www.zomato.com/madurai/thalifa-restaurant-pasumalai/info|14|Casual Dining|12noon to 11pm(Mon-Sun)|Average|3.3|8
The Side  Walk|600|Cafe|Madurai|SS Colony|https://www.zomato.com/madurai/the-side-walk-ss-colony/info|14|Café|6am to 12midnight(Mon-Sun)|Good|3.7|23
Hotel Karthik|700|North Indian|Madurai|Arrapalayam|https://www.zomato.com/madurai/hotel-karthik-arrapalayam/info|15|Casual Dining|11am to 11pm(Mon-Sun)|Average|3.3|4
Wings Chimney|400|Chinese|Madurai|KK Nagar|https://www.zomato.com/madurai/wings-chimney-1-kk-nagar/info|15|Quick Bites|1130am to 1130pm(Mon-Sun)|Good|3.5|29
Madurai Bun Porotta|200|South Indian,Chettinad|Madurai|Sathamangalam|https://www.zomato.com/madurai/madurai-bun-porotta-sathamangalam/info|15|Quick Bites|12noon to 12midnight(Mon-Sun)|Good|3.6|31
Maheswaran Non Veg Restaurant|200|Biryani|Madurai|Villapuram|https://www.zomato.com/madurai/maheswaran-non-veg-restaurant-villapuram/info|15|Quick Bites|12noon to 11pm(Mon-Sun)|Average|3.4|7
Hotel Archana|300|Chettinad,Chinese|Madurai|SS Colony|https://www.zomato.com/madurai/hotel-archana-ss-colony/info|15|Casual Dining|11am to 4pm,7pm to 11pm(Mon-Sun)|Average|3.4|21
Jayaram Restaurant|400|South Indian,Chettinad,North Indian,Chinese|Madurai|KK Nagar|https://www.zomato.com/madurai/jayaram-restaurant-kk-nagar/info|15|Quick Bites|1030am to 1030pm(Mon-Sun)|Average|3.4|23
Marrybrown|500|Fast Food|Madurai|KK Nagar|https://www.zomato.com/madurai/marrybrown-1-kk-nagar/info|15|Quick Bites|1030am to 1030pm(Mon-Sun)|Average|3.4|35
Rajeshwari Hotel|300|South Indian,Chinese|Madurai|Periyar|https://www.zomato.com/madurai/rajeshwari-hotel-periyar/info|15|Mess|12noon to 12midnight(Mon-Sun)|Good|3.7|12
Baskin Robbins|300|Ice Cream|Madurai|Vandiyur|https://www.zomato.com/madurai/baskin-robbins-vandiyur/info|15|Dessert Parlor|1030am to 1030pm(Mon-Sun)|Average|3.2|8
Thyme Restaurant|500|BBQ,Arabian,Chinese,Roast Chicken,Fast Food,Burger,Rolls,Pizza|Madurai|Periyar|https://www.zomato.com/madurai/thyme-restaurant-periyar/info|15|Casual Dining|11am to 1130pm(Mon-Sun)|Average|3.4|18
Charles Chicken|300|South Indian,North Indian|Madurai|Iyer Bungalow|https://www.zomato.com/madurai/charles-chicken-iyer-bungalow/info|15|Quick Bites|630pm to 1130pm(Mon-Sun)|Good|3.7|26
Hotel Samrat|200|South Indian|Madurai|KK Nagar|https://www.zomato.com/madurai/hotel-samrat-kk-nagar/info|15|Casual Dining|7am to 1030pm(Mon-Sun)|Good|3.9|17
Royal Mass|250|South Indian|Madurai|Villapuram|https://www.zomato.com/madurai/royal-mass-villapuram/info|15|Quick Bites|121pm to 1115pm(Mon-Sun)|Good|3.9|9
Best Chick|300|Fast Food,Pizza|Madurai|Balarengapuram|https://www.zomato.com/madurai/best-chick-balarengapuram/info|15|Quick Bites|1115am to 1030pm(Mon-Sun)|Average|3.3|10
Astoria Hotel|500|Continental|Madurai|Periyar|https://www.zomato.com/madurai/astoria-hotel-periyar/info|15|Casual Dining|1230pm to 3pm,7pm to 1030pm(Mon-Sun)|Average|3.4|7
Bullet BBQ Ride|250|BBQ|Madurai|SS Colony|https://www.zomato.com/madurai/bullet-bbq-ride-ss-colony/info|16|Quick Bites|545pm to 11pm(Mon-Sun)|Good|3.7|21
Puppy's Bakery|300|Bakery,Desserts|Madurai|Periyar|https://www.zomato.com/madurai/puppys-bakery-periyar/info|16|Bakery|930am to 1030pm(Mon-Sun)|Average|3.4|17
Sri Sakthi Meenakshi bhavan|200|South Indian,North Indian,Modern Indian,Chinese|Madurai|KK Nagar|https://www.zomato.com/madurai/sri-sakthi-meenakshi-bhavan-1-kk-nagar/info|16|Quick Bites|11am to 1030pm(Mon-Sun)|Average|3.4|4
Bell Food Court|350|South Indian|Madurai|Periyar|https://www.zomato.com/madurai/bell-food-court-periyar/info|16|Casual Dining|11am to 11pm(Mon-Sun)|Good|3.6|24
Grilled Nation|300|Arabian|Madurai|KK Nagar|https://www.zomato.com/madurai/grilled-nation-kk-nagar/info|16|Quick Bites|11am to 12midnight(Mon-Sun)|Good|3.7|20
Sutta Kozhi|300|BBQ,Lebanese|Madurai|Iyer Bungalow|https://www.zomato.com/madurai/sutta-kozhi-iyer-bungalow/info|16|Quick Bites|11am to 11pm(Mon-Sun)|Good|3.6|15
Chennai Kulfi|200|Ice Cream,Desserts|Madurai|SS Colony|https://www.zomato.com/madurai/chennai-kulfi-ss-colony/info|16|Dessert Parlor|11am to 1030pm(Mon-Sun)|Good|3.5|14
Roll Over|300|Ice Cream|Madurai|KK Nagar|https://www.zomato.com/madurai/roll-over-1-kk-nagar/info|16|Dessert Parlor|11am to 1045pm(Mon-Sun)|Good|3.5|14
Lassi House|250|Sandwich,Desserts|Madurai|Sathamangalam|https://www.zomato.com/madurai/lassi-house-1-sathamangalam/info|16|Quick Bites|11am to 11pm(Mon,Tue,Wed,Thu,Sat,Sun),3pm...|Average|3.3|11
Al-Ajwa Restaurant|300|Fast Food|Madurai|Periyar|https://www.zomato.com/madurai/al-ajwa-restaurant-periyar/info|16|Quick Bites|6pm to 11pm(Mon-Sun)|Good|3.7|18
Murugan Biriyani Stall|250|Biryani,South Indian|Madurai|Periyar|https://www.zomato.com/madurai/murugan-biriyani-stall-periyar/info|16|Quick Bites|7pm to 11pm(Mon-Sun)|Good|3.5|14
BFLUDII|250|South Indian,North Indian,Modern Indian|Madurai|Periyar|https://www.zomato.com/madurai/bfludii-periyar/info|16|Quick Bites|1130am to 11pm(Mon-Sun)|Good|3.7|15
Penny Cuick|200|Fast Food|Madurai|Periyar|https://www.zomato.com/madurai/penny-cuick-periyar/info|16|Quick Bites|11am to 11pm(Mon-Sun)|Average|3.4|12
Hotel Naveen|300|South Indian|Madurai|KK Nagar|https://www.zomato.com/madurai/hotel-naveen-kk-nagar/info|16|Quick Bites|6pm to 12midnight(Mon-Sun)|Good|3.5|13
Sutta Kari|200|Chinese,Biryani|Madurai|Sathamangalam|https://www.zomato.com/madurai/sutta-kari-sathamangalam/info|16|Quick Bites|12noon to 1130pm(Mon-Sun)||NEW|NEW
British Bakery|200|Fast Food,Bakery,Street Food|Madurai|KK Nagar|https://www.zomato.com/madurai/british-bakery-kk-nagar/info|17|Bakery|1030am to 1030pm(Mon-Sun)|Average|3.4|14
Hanifa Biriyani House|200|North Eastern,South Indian,Chinese|Madurai|Iyer Bungalow|https://www.zomato.com/madurai/hanifa-biriyani-house-iyer-bungalow/info|17|Quick Bites|12noon to 11pm(Mon-Sun)||NEW|NEW
Treato Restaurant|250|Chettinad,North Indian,Chinese,Arabian|Madurai|Sathamangalam|https://www.zomato.com/madurai/treato-restaurant-sathamangalam/info|17|Quick Bites|11am to 11pm(Mon-Sun)||NEW|NEW
Vasan Dosa|100|South Indian|Madurai|Kamrajnagar|https://www.zomato.com/madurai/vasan-dosa-kamrajnagar/info|17|Quick Bites|11am to 11pm(Mon-Sun)|Average|3.2|14
Mr. Cock|300|BBQ|Madurai|Viswanathapuram|https://www.zomato.com/madurai/mr-cock-1-viswanathapuram/info|17|Quick Bites|630pm to 11pm(Mon-Sun)|Good|3.5|16
Grand Ayyanar|1000|South Indian,Chinese,North Indian|Madurai|V Grand Hotel-- KK Nagar|https://www.zomato.com/madurai/grand-ayyanar-kk-nagar/info|17|Casual Dining|7am to 1030pm(Mon-Sun)|Average|3.1|5
Best Chick|400|Fast Food|Madurai|Balarengapuram|https://www.zomato.com/madurai/best-chick-1-balarengapuram/info|17|Quick Bites|11am to 11pm(Mon-Sun)|Average|3.1|22
Hotel Pechies|200|South Indian,Biryani|Madurai|Arrapalayam|https://www.zomato.com/madurai/hotel-pechies-arrapalayam/info|17|Quick Bites|8am to 11pm(Mon-Sun)|Average|3.1|4
Pechiammal Paalpannai Tiffin Centre|200|South Indian|Madurai|Villapuram|https://www.zomato.com/madurai/pechiammal-paalpannai-tiffin-centre-villapuram/info|17|Casual Dining|7am to 12midnight(Mon-Sun)|Good|3.5|19
Madurai Amsavalli Restaurant|250|South Indian,North Indian,Biryani|Madurai|Viswanathapuram|https://www.zomato.com/madurai/madurai-amsavalli-restaurant-viswanathapuram/info|17|Quick Bites|12noon to 1030pm(Mon-Sun)||NEW|NEW
Chicken 101|200|Fast Food|Madurai|SS Colony|https://www.zomato.com/madurai/chicken-101-ss-colony/info|17|Quick Bites|6pm to 11pm(Mon-Sun)||NEW|NEW
Tasty Buds|300|Fast Food|Madurai|KK Nagar|https://www.zomato.com/madurai/tasty-buds-kk-nagar/info|17|Quick Bites|12noon to 11pm(Mon-Sun)|Average|3.4|13
Mumbai Kulfi|150|Ice Cream,Beverages|Madurai|Viswanathapuram|https://www.zomato.com/madurai/mumbai-kulfi-viswanathapuram/info|17|Dessert Parlor|930am to 1130pm(Mon-Sun)|Average|3.0|7
Raghuram Restaurant|500|South Indian,Chinese,Arabian,North Indian|Madurai|Arrapalayam|https://www.zomato.com/madurai/raghuram-restaurant-arrapalayam/info|17|Casual Dining|7am to 11am,12noon to 430pm,6pm to 11pm(Mon-Sun)|Average|3.3|8
Hotel Archana|300|South Indian|Madurai|Pasumalai|https://www.zomato.com/madurai/hotel-archana-pasumalai/info|17|Casual Dining|6am to 11pm(Mon-Sun)|Average|3.3|12
Sri Aryaas Veg|200|South Indian|Madurai|Southern Railway Colony|https://www.zomato.com/madurai/sri-aryaas-veg-southern-railway-colony/info|18|Quick Bites|7am to 11pm(Mon-Sun)|Average|2.9|14
Classic Restaurant|400|North Indian,South Indian,Chinese|Madurai|SS Colony|https://www.zomato.com/madurai/classic-restaurant-ss-colony/info|18|Quick Bites|11am to 11pm(Mon-Sun)|Average|3.3|12
Kings Chinese Restaurant|300|North Indian,South Indian|Madurai|Iyer Bungalow|https://www.zomato.com/madurai/kings-chinese-restaurant-1-iyer-bungalow/info|18|Quick Bites|11am to 11pm(Mon-Sun)|Average|3.4|17
Thatal's Chef on Fire|400|North Indian,South Indian,Chinese|Madurai|SS Colony|https://www.zomato.com/madurai/thatals-chef-on-fire-ss-colony/info|18|Casual Dining|1pm to 11pm(Mon-Sun)|Average|2.7|16
Ice Cream Works|250|Desserts,Ice Cream|Madurai|KK Nagar|https://www.zomato.com/madurai/ice-cream-works-kk-nagar/info|18|Dessert Parlor|11am to 11pm(Mon-Sun)|Average|2.7|14
Classic Jamwich|150|Sandwich|Madurai|KK Nagar|https://www.zomato.com/madurai/classic-jamwich-kk-nagar/info|18|Casual Dining|12noon to 11pm(Mon-Sun)|Average|3.2|4
Monsters Kitchen|250|South Indian,North Indian,Chinese|Madurai|Viswanathapuram|https://www.zomato.com/madurai/monsters-kitchen-viswanathapuram/info|18|Casual Dining|530pm to 11pm(Mon-Sun)|Average|2.9|7
Pudur Bilal hotel|200|North Indian,South Indian,Fast Food,Mughlai|Madurai|KK Nagar|https://www.zomato.com/madurai/pudur-bilal-hotel-kk-nagar/info|18|Quick Bites|12noon to 11pm(Mon-Sun)|Average|3.1|9
7 Star|150|Bakery|Madurai|Periyar|https://www.zomato.com/madurai/7-star-periyar/info|18|Bakery|6am to 1030pm(Mon-Sun)|Average|3.4|14
A1 Welfare Club|400|North Indian,Chinese|Madurai|KK Nagar|https://www.zomato.com/madurai/a1-welfare-club-kk-nagar/info|18|Bar|11am to 11pm(Mon-Sun)|Average|3.3|6
CK's Bakery|300|Bakery,Fast Food|Madurai|Periyar|https://www.zomato.com/madurai/cks-bakery-periyar/info|18|Bakery|11am to 11pm(Mon-Sun)|Average|3.4|8
Red velvete cakeshop|250|Pizza,Bakery|Madurai|Villapuram|https://www.zomato.com/madurai/red-velvete-cakeshop-villapuram/info|18|Quick Bites|10am to 1030pm(Mon-Sun)|Not rated|-|-
Dheen Biriyani Stall|250|North Indian,South Indian|Madurai|KK Nagar|https://www.zomato.com/madurai/dheen-biriyani-stall-kk-nagar/info|18|Quick Bites|1145am to 1050pm(Mon-Sun)|Average|3.3|7
Melting Pot|1500|South Indian,North Indian,Italian,Continental,Chinese|Madurai|Poppy’s Hotel-- KK Nagar|https://www.zomato.com/madurai/melting-pot-kk-nagar/info|18|Casual Dining|10am to 1029pm(Mon,Sat,Sun),10am to 1030pm...|Average|3.0|7
Ajmeer Mahal|300|North Indian,South Indian,Chinese|Madurai|KK Nagar|https://www.zomato.com/madurai/ajmeer-mahal-kk-nagar/info|18|Quick Bites|12noon to 11pm(Mon-Sun)|Average|3.3|12
CM SNACKS|200|Fast Food|Madurai|KK Nagar|https://www.zomato.com/madurai/cm-snacks-kk-nagar/info|19|Quick Bites|11am to 11pm(Mon-Sun)|Average|3.2|4
Mudaliyar Idly Kadai|250|South Indian,Chettinad|Madurai|KK Nagar|https://www.zomato.com/madurai/mudaliyar-idly-kadai-1-kk-nagar/info|19|Quick Bites|6pm to 11pm(Mon-Sun)|Average|3.2|7
The Madurai Residency|600|North Indian,Chinese,Continental,South Indian|Madurai|Periyar|https://www.zomato.com/madurai/the-madurai-residency-periyar/info|19|Casual Dining|1130am to 1050pm(Mon-Sun)|Average|3.1|7
Rukshanas Chappathi Carner|200|North Indian,Fast Food|Madurai|Iyer Bungalow|https://www.zomato.com/madurai/rukshanas-chappathi-carner-iyer-bungalow/info|19|Quick Bites|530pm to 11pm(Mon-Sun)|Average|3.4|7
Igloo|250|Desserts,Ice Cream|Madurai|Sathamangalam|https://www.zomato.com/madurai/igloo-sathamangalam/info|19|Dessert Parlor|1030am to 11pm(Mon-Sun)|Average|3.4|6
Scoofi|250|Desserts,Ice Cream|Madurai|SS Colony|https://www.zomato.com/madurai/scoofi-ss-colony/info|19|Dessert Parlor|10am to 11pm(Mon-Sun)|Average|3.3|10
C for Cafe|600|Cafe,BBQ,Fast Food|Madurai|Iyer Bungalow|https://www.zomato.com/madurai/c-for-cafe-iyer-bungalow/info|19|Café|11am to 1030pm(Mon-Sun)|Average|2.8|11
Wild Foodie|200|BBQ,Pizza|Madurai|Pandian Nagar|https://www.zomato.com/madurai/wild-foodie-pandian-nagar/info|19|Quick Bites|11am to 11pm(Mon-Sun)||NEW|NEW
Kida Kutti Biriyani|300|South Indian,Biryani|Madurai|Kamrajnagar|https://www.zomato.com/madurai/kida-kutti-biriyani-kamrajnagar/info|19|Quick Bites|12noon to 1130pm(Mon-Sun)|Average|2.6|14
Amul Scoopy|200|Ice Cream|Madurai|KK Nagar|https://www.zomato.com/madurai/amul-scoopy-kk-nagar/info|19|Dessert Parlor|11am to 11pm(Mon-Sun)|Not rated|-|-
Rail Dhaba|200|South Indian|Madurai|Periyar|https://www.zomato.com/madurai/rail-dhaba-periyar/info|19|Quick Bites|24|Average|3.1|4
Mumbai Kulfi|150|Desserts|Madurai|SS Colony|https://www.zomato.com/madurai/mumbai-kulfi-ss-colony/info|19|Dessert Parlor|11am to 11pm(Mon-Sun)|Average|3.4|8
Hotel North Gate|400|South Indian|Madurai|KK Nagar|https://www.zomato.com/madurai/hotel-north-gate-kk-nagar/info|19|Casual Dining|7am to 10am,7pm to 11pm(Mon-Sun)|Average|2.9|9
Al Sha's Restaurant|250|South Indian,North Indian|Madurai|Viswanathapuram|https://www.zomato.com/madurai/al-shas-restaurant-viswanathapuram/info|19|Quick Bites|645pm to 1050pm(Mon-Sun)|Average|3.3|10
Chappathi Gangadhara|200|South Indian,Fast Food|Madurai|Kamrajnagar|https://www.zomato.com/madurai/chappathi-gangadhara-kamrajnagar/info|19|Quick Bites|6pm to 11pm(Mon-Sun)|Average|3.2|11
Spice N Rice|300|South Indian,North Indian|Madurai|Viswanathapuram|https://www.zomato.com/madurai/spice-n-rice-viswanathapuram/info|2|Quick Bites|630pm to 11pm(Mon-Sun)|Good|3.5|142
Zam Zam shawarma|250|North Indian,Beverages|Madurai|Periyar|https://www.zomato.com/madurai/zam-zam-shawarma-periyar/info|2|Quick Bites|11am to 1130pm(Mon),10am to 1130pm...|Good|3.8|131
Dindigul Thalappakatti|650|South Indian,Biryani|Madurai|KK Nagar|https://www.zomato.com/madurai/dindigul-thalappakatti-kk-nagar/info|2|Casual Dining|1030am to 1130pm(Mon-Sun)|Very Good|4.0|192
Johnny Dony|200|Chinese,South Indian,North Indian|Madurai|Periyar|https://www.zomato.com/madurai/johnny-dony-periyar/info|2|Quick Bites|630pm to 11pm(Mon-Sun)|Very Good|4.3|158
Mad Fellas|400|Cafe|Madurai|KK Nagar|https://www.zomato.com/madurai/mad-fellas-kk-nagar/info|2|Café|11am to 11pm(Mon-Sun)|Excellent|4.6|223
C for Cafe|600|Cafe,BBQ,Fast Food|Madurai|Sathamangalam|https://www.zomato.com/madurai/c-for-cafe-sathamangalam/info|2|Café|10am to 1130pm(Mon,Tue,Wed,Fri,Sat,Sun)...|Good|3.7|183
Panaimarathu Biryani Kadai|300|Biryani,South Indian|Madurai|Balarengapuram|https://www.zomato.com/madurai/panaimarathu-biryani-kadai-balarengapuram/info|2|Quick Bites|1230pm to 11pm(Mon-Sun)|Good|3.9|90
Lassi House|250|Beverages,Desserts|Madurai|KK Nagar|https://www.zomato.com/madurai/lassi-house-kk-nagar/info|2|Beverage Shop|12noon to 12midnight(Mon-Sun)|Very Good|4.4|148
Ameer Mahal|300|South Indian,Biryani|Madurai|KK Nagar|https://www.zomato.com/madurai/ameer-mahal-kk-nagar/info|2|Quick Bites|11am to 1230AM(Mon-Sun)|Very Good|4.0|100
Dindigul Thalappakatti|450|South Indian,Biryani|Madurai|SS Colony|https://www.zomato.com/madurai/dindigul-thalappakatti-ss-colony/info|2|Casual Dining|11am to 11pm(Mon-Sun)|Very Good|4.0|133
Amma Mess|350|South Indian|Madurai|KK Nagar|https://www.zomato.com/madurai/amma-mess-1-kk-nagar/info|2|Casual Dining|11am to 1030pm(Mon-Sun)|Excellent|4.5|148
Anjappar Restaurant|400|Chettinad,South Indian|Madurai|Bethaniyapuram|https://www.zomato.com/madurai/anjappar-restaurant-bethaniyapuram/info|2|Casual Dining|1130am to 1130pm(Mon-Sun)|Average|3.4|67
Ambur Star Biryani|300|Biryani|Madurai|Arrapalayam|https://www.zomato.com/madurai/ambur-star-biryani-arrapalayam/info|2|Casual Dining|11am to 11pm(Mon-Sun)|Average|3.0|138
Sri Sakthi Meenakchi Pure Veg|100|Biryani,South Indian,Chinese|Madurai|Viswanathapuram|https://www.zomato.com/madurai/sri-sakthi-meenakchi-pure-veg-viswanathapuram/info|2|Quick Bites|710am to 1055pm(Mon),711am to 11pm...|Good|3.5|70
Navaab Biriyani|350|Biryani|Madurai|KK Nagar|https://www.zomato.com/madurai/navaab-biriyani-kk-nagar/info|2|Casual Dining|11am to 4pm,630pm to 11pm(Mon-Sun)|Good|3.8|113
Lakshmi's Chappathi corner|200|North Indian|Madurai|KK Nagar|https://www.zomato.com/madurai/lakshmis-chappathi-corner-1-kk-nagar/info|20|Quick Bites|6pm to 11pm(Mon-Sun)|Average|3.1|5
Hotel Hamza Biryani|200|Biryani|Madurai|SS Colony|https://www.zomato.com/madurai/hotel-hamza-biryani-ss-colony/info|20|Quick Bites|11am to 11pm(Mon-Sun)||NEW|NEW
Waalai Mess and Caterers|300|North Indian,South Indian|Madurai|KK Nagar|https://www.zomato.com/madurai/waalai-mess-and-caterers-kk-nagar/info|20|Mess|10am to 11pm(Mon-Sun)|Average|3.0|6
Big Paratha House|250|North Indian|Madurai|Vandiyur|https://www.zomato.com/madurai/big-paratha-house-vandiyur/info|20|Quick Bites|11am to 11pm(Mon-Sun)|Average|2.8|4
Hotel Annapoorna|600|Chettinad,South Indian|Madurai|Sathamangalam|https://www.zomato.com/madurai/hotel-annapoorna-sathamangalam/info|20|Casual Dining|7am to 1130pm(Mon-Sun)|Average|3.1|7
Jillix Ice cream|100|Ice Cream|Madurai|Vandiyur|https://www.zomato.com/madurai/jillix-ice-cream-vandiyur/info|20|Dessert Parlor|11am to 11pm(Mon-Sun)|Not rated|-|-
Just Kulfi|100|Desserts|Madurai|KK Nagar|https://www.zomato.com/madurai/just-kulfi-kk-nagar/info|20|Dessert Parlor|1030am to 1030pm(Mon-Sun)|Average|3.2|7
Sri Muniyandi Vilas|300|Biryani,Chettinad,Fast Food|Madurai|Balarengapuram|https://www.zomato.com/madurai/sri-muniyandi-vilas-balarengapuram/info|20|Quick Bites|1130am to 11pm(Mon-Sun)|Not rated|-|-
PTR Restaurant|600|Chettinad,South Indian|Madurai|KK Nagar|https://www.zomato.com/madurai/ptr-restaurant-kk-nagar/info|20|Casual Dining|11am to 11pm(Mon-Sun)|Average|2.8|9
Hotel Archana|300|South Indian|Madurai|Arrapalayam|https://www.zomato.com/madurai/hotel-archana-arrapalayam/info|20|Casual Dining|6am to 1130pm(Mon-Sun)|Average|3.3|5
Thai Tiffen Centre|200|South Indian|Madurai|Bethaniyapuram|https://www.zomato.com/madurai/thai-tiffen-centre-bethaniyapuram/info|20|Quick Bites|7am to 1130pm(Mon-Sun)||NEW|NEW
Meenakshi Tiffin Centre|250|South Indian,North Indian,Modern Indian,Indian|Madurai|Arrapalayam|https://www.zomato.com/madurai/meenakshi-tiffin-centre-arrapalayam/info|20|Casual Dining|6pm to 11pm(Mon-Sun)|Average|3.1|4
Chappathi Park|250|South Indian,Chinese|Madurai|KK Nagar|https://www.zomato.com/madurai/chappathi-park-kk-nagar/info|20|none|1145am to 11pm(Mon-Sun)|Average|3.1|7
Hotel Ponnappar|400|South Indian|Madurai|Periyar|https://www.zomato.com/madurai/hotel-ponnappar-periyar/info|20|Casual Dining|1030am to 11pm(Mon-Sun)|Average|3.1|5
Chef's On Fire|300|South Indian,North Indian,Chinese|Madurai|SS Colony|https://www.zomato.com/madurai/chefs-on-fire-ss-colony/info|20|Quick Bites|8am to 11pm(Mon-Sun)|Not rated|-|-
Hotel Rajini|250|South Indian,North Indian,Indian|Madurai|Balarengapuram|https://www.zomato.com/madurai/hotel-rajini-balarengapuram/info|21|Casual Dining|12noon to 11pm(Mon-Sun)|Not rated|-|-
Meenambigai Mess|300|Indian|Madurai|Sathamangalam|https://www.zomato.com/madurai/meenambigai-mess-sathamangalam/info|21|Casual Dining|1130am to 11pm(Mon-Sun)|Average|3.1|4
Temple City|200|South Indian|Madurai|Periyar|https://www.zomato.com/madurai/temple-city-periyar/info|21|Quick Bites|7am to 11pm(Mon-Sun)|Average|3.0|5
Harish Restaurant|250|South Indian,North Indian,Biryani|Madurai|Kamrajnagar|https://www.zomato.com/madurai/harish-restaurant-kamrajnagar/info|21|Quick Bites|8am to 11pm(Mon-Sun)||NEW|NEW
Vel Dosai Corner|150|South Indian|Madurai|Viswanathapuram|https://www.zomato.com/madurai/vel-dosai-corner-viswanathapuram/info|21|Quick Bites|11am to 11pm(Mon-Sun)||NEW|NEW
Jil Jung Jug|250|South Indian,North Indian,Modern Indian,Indian|Madurai|SS Colony|https://www.zomato.com/madurai/jil-jung-jug-ss-colony/info|21|Casual Dining|1130am to 11pm(Mon-Sun)|Average|3.1|4
Altaj Briyani|250|Biryani|Madurai|Bethaniyapuram|https://www.zomato.com/madurai/altaj-briyani-bethaniyapuram/info|21|none|8am to 11pm(Mon-Sun)|Not rated|-|-
keramathu Aduppankarai|200|South Indian,North Indian,Modern Indian|Madurai|KK Nagar|https://www.zomato.com/madurai/keramathu-aduppankarai-kk-nagar/info|21|Quick Bites|1230pm to 11pm(Mon-Sun)|Average|3.1|4
Vaadivaasal Juices|250|Juices|Madurai|Sathamangalam|https://www.zomato.com/madurai/vaadivaasal-juices-sathamangalam/info|21|Quick Bites|9am to 11pm(Mon-Sun)|Average|3.1|4
Bro Pizza|400|Pizza,Italian|Madurai|Sathamangalam|https://www.zomato.com/madurai/bro-pizza-sathamangalam/info|21|none|11am to 11pm(Mon-Sun)|Average|3.0|9
Bunny Burgers|300|Burger|Madurai|Sathamangalam|https://www.zomato.com/madurai/bunny-burgers-sathamangalam/info|21|none|11am to 11pm(Mon-Sun)|Average|3.1|5
Scoopp Shop|250|Ice Cream|Madurai|KK Nagar|https://www.zomato.com/madurai/scoopp-shop-kk-nagar/info|21|Dessert Parlor|10am to 11pm(Mon-Sun)|Average|3.0|4
Kal Dosa|200|South Indian|Madurai|SS Colony|https://www.zomato.com/madurai/kal-dosa-ss-colony/info|21|Quick Bites|6pm to 1045pm(Mon-Sun)|Average|3.3|5
Sri Gokulam Paradise|250|South Indian,North Indian|Madurai|KK Nagar|https://www.zomato.com/madurai/sri-gokulam-paradise-kk-nagar/info|21|Quick Bites|11am to 11pm(Mon-Sun)|Not rated|-|-
Inbam Chick in|250|North Indian,South Indian,Chinese|Madurai|Kamrajnagar|https://www.zomato.com/madurai/inbam-chick-in-kamrajnagar/info|21|Quick Bites|12noon to 11pm(Mon-Sun)|Not rated|-|-
Gharwaalatiffin|500|North Indian|Madurai|Sathamangalam|https://www.zomato.com/madurai/gharwaalatiffin-sathamangalam/info|22|none|11am to 11pm(Mon-Sun)|Not rated|-|-
Hotel The Nook|300|South Indian,North Indian|Madurai|Arrapalayam|https://www.zomato.com/madurai/hotel-the-nook-arrapalayam/info|22|Quick Bites|11am to 11pm(Mon-Sun)|Not rated|-|-
Pasta de Indifused|200|Italian|Madurai|Sathamangalam|https://www.zomato.com/madurai/pasta-de-indifused-sathamangalam/info|22|none|11am to 11pm(Mon-Sun)|Average|3.0|5
Pechiamman Paalpannai|150|South Indian|Madurai|Pandian Nagar|https://www.zomato.com/madurai/pechiamman-paalpannai-pandian-nagar/info|22|Casual Dining|730am to 11pm(Mon-Sun)|Not rated|-|-
Azad Unavagam|150|Biryani,South Indian|Madurai|Iyer Bungalow|https://www.zomato.com/madurai/azad-unavagam-iyer-bungalow/info|22|Quick Bites|11am to 11pm(Mon-Sun)||NEW|NEW
Temple City|450|South Indian|Madurai|KK Nagar|https://www.zomato.com/madurai/temple-city-3-kk-nagar/info|22|Casual Dining|6am to 1030pm(Mon-Sun)|Not rated|-|-
Udhayam Hotel|200|South Indian,North Indian|Madurai|Periyar|https://www.zomato.com/madurai/udhayam-hotel-periyar/info|22|Quick Bites|8am to 11pm(Mon-Sun)||NEW|NEW
Jil Junk Jug Briyani|250|South Indian,North Indian,Modern Indian|Madurai|SS Colony|https://www.zomato.com/madurai/jil-junk-jug-briyani-ss-colony/info|22|Quick Bites|11am to 1030pm(Mon-Sun)|Not rated|-|-
Yashmitha's Roti Parlour|400|North Indian,Chinese|Madurai|KK Nagar|https://www.zomato.com/madurai/yashmithas-roti-parlour-kk-nagar/info|22|Quick Bites|12noon to 11pm(Mon-Sun)||NEW|NEW
Selfie 22|250|North Indian,South Indian,Biryani|Madurai|Arrapalayam|https://www.zomato.com/madurai/selfie-22-arrapalayam/info|22|none|545pm to 11pm(Mon-Sun)|Average|3.3|5
Park Plaza|300|South Indian|Madurai|Periyar|https://www.zomato.com/madurai/park-plaza-periyar/info|22|Quick Bites|11am to 11pm(Mon-Sun)|Not rated|-|-
Biryani Paradise|350|South Indian,North Indian,Modern Indian,Indian,Arabian|Madurai|SS Colony|https://www.zomato.com/madurai/biryani-paradise-ss-colony/info|22|Casual Dining|12noon to 11pm(Mon-Sun)|Not rated|-|-
Smoky BBQ|200|BBQ|Madurai|KK Nagar|https://www.zomato.com/madurai/smoky-bbq-kk-nagar/info|22|Quick Bites|6am to 11pm(Mon-Sun)|Not rated|-|-
UBQ by Barbeque Nation|450|North Indian|Madurai|KK Nagar|https://www.zomato.com/madurai/ubq-by-barbeque-nation-kk-nagar/info|22|none|12noon to 330pm,7pm to 1030pm(Mon-Sun)|Not rated|-|-
Ganesh Dhaba|300|South Indian,North Indian,Modern Indian,Indian|Madurai|Kamrajnagar|https://www.zomato.com/madurai/ganesh-dhaba-kamrajnagar/info|22|Casual Dining|11am to 11pm(Mon-Sun)|Not rated|-|-
SPM|300|South Indian|Madurai|Arrapalayam|https://www.zomato.com/madurai/spm-arrapalayam/info|23|Quick Bites|11am to 11pm(Mon-Sun)|Not rated|-|-
Veetu Samaiyal|250|South Indian,North Indian,Modern Indian|Madurai|SS Colony|https://www.zomato.com/madurai/veetu-samaiyal-ss-colony/info|23|Quick Bites|11am to 11pm(Mon-Sun)|Not rated|-|-
Dhiya Chappathi Stall|150|South Indian,North Indian,Modern Indian|Madurai|Arrapalayam|https://www.zomato.com/madurai/dhiya-chappathi-stall-arrapalayam/info|23|Casual Dining|530pm to 11pm(Mon-Sun)||NEW|NEW
Aasai Dosai|250|South Indian|Madurai|SS Colony|https://www.zomato.com/madurai/aasai-dosai-ss-colony/info|23|Quick Bites|1130am to 11pm(Mon-Sun)|Not rated|-|-
Insaniya Hot chicks|250|South Indian,North Indian,Modern Indian|Madurai|Arrapalayam|https://www.zomato.com/madurai/insaniya-hot-chicks-arrapalayam/info|23|Quick Bites|6pm to 11pm(Mon-Sun)|Not rated|-|-
Sri Sakthi Meenakshi Briyani Centre|250|South Indian,North Indian|Madurai|KK Nagar|https://www.zomato.com/madurai/sri-sakthi-meenakshi-briyani-centre-kk-nagar/info|23|Quick Bites|1130am to 11pm(Mon-Sun)|Not rated|-|-
Annapoorani Caterers|250|South Indian,North Indian|Madurai|Sathamangalam|https://www.zomato.com/madurai/annapoorani-caterers-sathamangalam/info|23|Casual Dining|12noon to 11pm(Mon-Sun)|Not rated|-|-
Sri saravana Bhavan|400|South Indian,North Indian,Modern Indian|Madurai|KK Nagar|https://www.zomato.com/madurai/sri-saravana-bhavan-2-kk-nagar/info|23|Casual Dining|11am to 11pm(Mon-Sun)||NEW|NEW
New Bismi Hotel|250|South Indian,North Indian,Modern Indian,Chinese|Madurai|KK Nagar|https://www.zomato.com/madurai/new-bismi-hotel-kk-nagar/info|23|Casual Dining|11am to 11pm(Mon-Sun)||NEW|NEW
Sandwich Sister|250|Sandwich|Madurai|Sathamangalam|https://www.zomato.com/madurai/sandwich-sister-sathamangalam/info|23|none|11am to 11pm(Mon-Sun)|Not rated|-|-
Real Pala Muthir|100|Juices|Madurai|Balarengapuram|https://www.zomato.com/madurai/real-pala-muthir-balarengapuram/info|23|Beverage Shop|10am to 1030pm(Mon-Sun)||NEW|NEW
Sri Balaji bhavan|250|South Indian,North Indian,Modern Indian|Madurai|Arrapalayam|https://www.zomato.com/madurai/sri-balaji-bhavan-arrapalayam/info|23|Quick Bites|1130am to 11pm(Mon-Sun)|Not rated|-|-
Annai Sri Meenakshi|250|South Indian,North Indian,Modern Indian|Madurai|KK Nagar|https://www.zomato.com/madurai/annai-sri-meenakshi-kk-nagar/info|23|Quick Bites|11am to 11pm(Mon-Sun)|Not rated|-|-
Pandian Mess|300|North Indian,South Indian|Madurai|KK Nagar|https://www.zomato.com/madurai/pandian-mess-1-kk-nagar/info|23|Mess|12noon to 1045pm(Mon-Sun)|Not rated|-|-
Saravana juice cafe|300|South Indian,North Indian,Modern Indian|Madurai|KK Nagar|https://www.zomato.com/madurai/saravana-juice-cafe-kk-nagar/info|23|Casual Dining|11am to 11pm(Mon-Sun)||NEW|NEW
Wok in China|350|Chinese|Madurai|Sathamangalam|https://www.zomato.com/madurai/wok-in-china-sathamangalam/info|24|none|11am to 11pm(Mon-Sun)|Not rated|-|-
Hotel  Akshaya|500|North Indian,Chinese|Madurai|Periyar|https://www.zomato.com/madurai/hotel-akshaya-7-periyar/info|24|Casual Dining|7am to 11pm(Mon-Sun)|Not rated|-|-
Vasan Restaurant|200|South Indian|Madurai|SS Colony|https://www.zomato.com/madurai/vasan-restaurant-ss-colony/info|24|Quick Bites|11am to 11pm(Mon-Sun)||NEW|NEW
Medicine Restaurant|250|South Indian,North Indian,Indian|Madurai|SS Colony|https://www.zomato.com/madurai/medicine-restaurant-ss-colony/info|24|Casual Dining|11am to 11pm(Mon-Sun)|Not rated|-|-
Chat N' Chew|400|Fast Food,Chinese|Madurai|Sathamangalam|https://www.zomato.com/madurai/chat-n-chew-sathamangalam/info|24|Quick Bites|11am to 11pm(Mon-Sun)|Not rated|-|-
Gujarati Fulka|100|North Indian|Madurai|Viswanathapuram|https://www.zomato.com/madurai/gujarati-fulka-viswanathapuram/info|24|Quick Bites|8am to 11pm(Mon-Sun)|Not rated|-|-
Hotel new taj|300|South Indian,North Indian,Modern Indian|Madurai|KK Nagar|https://www.zomato.com/madurai/hotel-new-taj-kk-nagar/info|24|Casual Dining|12noon to 11pm(Mon-Sun)||NEW|NEW
Anjjanaa Restaurant|300|South Indian,North Indian,Modern Indian|Madurai|KK Nagar|https://www.zomato.com/madurai/anjjanaa-restaurant-kk-nagar/info|24|Casual Dining|11am to 11pm(Mon-Sun)||NEW|NEW
Sri saravana Bhavan|300|South Indian,North Indian,Modern Indian|Madurai|KK Nagar|https://www.zomato.com/madurai/sri-saravana-bhavan-1-kk-nagar/info|24|Casual Dining|12noon to 11pm(Mon-Sun)||NEW|NEW
Maka Foods|200|South Indian,North Indian,Modern Indian,Indian|Madurai|KK Nagar|https://www.zomato.com/madurai/maka-foods-kk-nagar/info|24|Quick Bites|11am to 11pm(Mon-Sun)|Not rated|-|-
Saravana juice cafe|300|South Indian,North Indian,Modern Indian|Madurai|KK Nagar|https://www.zomato.com/madurai/saravana-juice-cafe-1-kk-nagar/info|24|Casual Dining|11am to 11pm(Mon-Sun)||NEW|NEW
Indian Tandoor House|250|South Indian,North Indian,Modern Indian,Indian|Madurai|SS Colony|https://www.zomato.com/madurai/indian-tandoor-house-ss-colony/info|24|Casual Dining|12noon to 11pm(Mon-Sun)|Not rated|-|-
Mr sandwich|300|South Indian,North Indian,Modern Indian|Madurai|KK Nagar|https://www.zomato.com/madurai/mr-sandwich-kk-nagar/info|24|Casual Dining|1130am to 11pm(Mon-Sun)||NEW|NEW
Arasu Fast Food|250|South Indian,North Indian,Indian|Madurai|KK Nagar|https://www.zomato.com/madurai/arasu-fast-food-1-kk-nagar/info|24|Casual Dining|11am to 11pm(Mon-Sun)|Not rated|-|-
Homely Barbeqe Kitchen|250|BBQ|Madurai|KK Nagar|https://www.zomato.com/madurai/homely-barbeqe-kitchen-kk-nagar/info|24|none|6pm to 11pm(Mon-Sun)|Not rated|-|-
Palmtree|500|Arabian,South Indian|Madurai|KK Nagar|https://www.zomato.com/madurai/palmtree-1-kk-nagar/info|25|Casual Dining|11am to 11pm(Mon-Sun)|Not rated|-|-
Arasu Fast Food|200|South Indian,North Indian,Indian,Chinese|Madurai|KK Nagar|https://www.zomato.com/madurai/arasu-fast-food-kk-nagar/info|25|Casual Dining|1130am to 11pm(Mon-Sun)|Not rated|-|-
Rahman Briyani Stall|200|Biryani|Madurai|Villapuram|https://www.zomato.com/madurai/rahman-briyani-stall-villapuram/info|25|Quick Bites|12noon to 11pm(Mon-Sun)||NEW|NEW
Sekar Konar mess|250|South Indian,North Indian|Madurai|Periyar|https://www.zomato.com/madurai/sekar-konar-mess-periyar/info|25|Quick Bites|9am to 11pm(Mon-Sun)||NEW|NEW
Shawarma king|200|North Indian|Madurai|Iyer Bungalow|https://www.zomato.com/madurai/shawarma-king-iyer-bungalow/info|25|none|6pm to 11pm(Mon-Sun)||NEW|NEW
Park restaurant|1000|South Indian,Indian,Chinese,Chettinad,BBQ,Continental|Madurai|Periyar|https://www.zomato.com/madurai/park-restaurant-periyar/info|25|Bar|7am to 11pm(Mon-Sun)|Not rated|-|-
A S Chicken Point|200|BBQ|Madurai|SS Colony|https://www.zomato.com/madurai/a-s-chicken-point-ss-colony/info|25|Quick Bites|6pm to 11pm(Mon-Sun)|Not rated|-|-
Sugar Lips|200|Desserts|Madurai|SS Colony|https://www.zomato.com/madurai/sugar-lips-ss-colony/info|25|Quick Bites|1130am to 11pm(Mon-Sun)|Not rated|-|-
Naveen's Cafe|200|South Indian,North Indian,Modern Indian|Madurai|Iyer Bungalow|https://www.zomato.com/madurai/naveens-cafe-iyer-bungalow/info|25|Casual Dining|8am to 11pm(Mon-Sun)||NEW|NEW
Hotel saravanas|250|South Indian,Indian|Madurai|SS Colony|https://www.zomato.com/madurai/hotel-saravanas-ss-colony/info|25|Casual Dining|11am to 11pm(Mon-Sun)|Not rated|-|-
Mjr Spice|400|South Indian,North Indian,Indian,Arabian|Madurai|The Germanus-- SS Colony|https://www.zomato.com/madurai/mjr-spice-ss-colony/info|25|Casual Dining|11am to 11pm(Mon-Sun)|Not rated|-|-
The Pizza Express|0|Italian,Modern Indian,North Indian|Madurai|KK Nagar|https://www.zomato.com/madurai/the-pizza-express-1-kk-nagar/info|25|Casual Dining|11am to 11pm(Mon-Sun)||NEW|NEW
Biryani Madness|300|South Indian,North Indian,Modern Indian|Madurai|Sathamangalam|https://www.zomato.com/madurai/biryani-madness-sathamangalam/info|25|Casual Dining|11am to 11pm(Mon-Sun)||NEW|NEW
Greens Land Restaurant|250|Biryani,Chinese,Fast Food|Madurai|Bethaniyapuram|https://www.zomato.com/madurai/greens-land-restaurant-bethaniyapuram/info|25|Casual Dining|11am to 11pm(Mon-Sun)||NEW|NEW
Sri Sakthi Meenakshi Biriyani Centre|250|South Indian,North Indian,Indian|Madurai|KK Nagar|https://www.zomato.com/madurai/sri-sakthi-meenakshi-biriyani-centre-kk-nagar/info|25|Casual Dining|1130am to 11pm(Mon-Sun)|Not rated|-|-
Iddly Italy|350|Italian,South Indian|Madurai|SS Colony|https://www.zomato.com/madurai/iddly-italy-ss-colony/info|3|Quick Bites|1130am to 1030pm(Mon-Sun)|Good|3.7|99
Bell Jumbo Restaurant|200|North Indian,South Indian,Chinese|Madurai|Arrapalayam|https://www.zomato.com/madurai/bell-jumbo-restaurant-arrapalayam/info|3|Quick Bites|6am to 11pm(Mon-Sun)|Good|3.9|122
Jil Junk Jug|150|Ice Cream,Cafe,Beverages,Juices|Madurai|Arrapalayam|https://www.zomato.com/madurai/jil-junk-jug-arrapalayam/info|3|Beverage Shop|11am to 11pm(Mon-Sun)|Very Good|4.0|68
Grab N Grill|200|BBQ,Street Food,Fast Food,North Indian,Wraps,Rolls,Tamil|Madurai|Viswanathapuram|https://www.zomato.com/madurai/grab-n-grill-viswanathapuram/info|3|Quick Bites|6pm to 11pm(Mon-Sun)|Good|3.9|64
Mukku Kadai K Subbu|200|South Indian|Madurai|KK Nagar|https://www.zomato.com/madurai/mukku-kadai-k-subbu-kk-nagar/info|3|Quick Bites|1230AM to 4pm,630pm to 11pm(Mon-Sun)|Very Good|4.4|124
Meat and Eat|300|Fast Food|Madurai|Viswanathapuram|https://www.zomato.com/madurai/meat-and-eat-viswanathapuram/info|3|Quick Bites|11am to 11pm(Mon-Sun)|Good|3.5|154
Puppy's Bakery|300|Cafe,Bakery,Beverages|Madurai|Arrapalayam|https://www.zomato.com/madurai/puppys-bakery-arrapalayam/info|3|Café|930am to 11pm(Mon-Sun)|Very Good|4.2|66
Royal Sandwich|250|Cafe,Sandwich,Modern Indian|Madurai|Viswanathapuram|https://www.zomato.com/madurai/royal-sandwich-1-viswanathapuram/info|3|Quick Bites|1030am to 1030pm(Mon-Sun)|Good|3.9|36
Express Briyani|350|Biryani,Arabian,Chinese|Madurai|Periyar|https://www.zomato.com/madurai/express-briyani-periyar/info|3|Quick Bites|11am to 11pm(Mon-Sun)|Good|3.8|52
Puppy's Bakery|150|Bakery|Madurai|Sathamangalam|https://www.zomato.com/madurai/puppys-bakery-sathamangalam/info|3|Bakery|930am to 11pm(Mon-Sun)|Good|3.9|67
The Chopstix|400|Desserts,North Indian,Chinese,Momos,BBQ,Thai|Madurai|SS Colony|https://www.zomato.com/madurai/the-chopstix-ss-colony/info|3|Casual Dining|11am to 4pm,7pm to 11pm(Mon-Sun)|Good|3.8|69
Kari Kanji|400|South Indian|Madurai|KK Nagar|https://www.zomato.com/madurai/kari-kanji-kk-nagar/info|3|Quick Bites|12noon to 12midnight(Mon-Sun)|Good|3.9|94
Amman Veg Restaurant|200|South Indian|Madurai|Kamrajnagar|https://www.zomato.com/madurai/amman-veg-restaurant-kamrajnagar/info|3|Quick Bites|11am to 11pm(Mon-Sun)|Very Good|4.0|60
Rahman Biriyani|400|South Indian,Chinese,Biryani|Madurai|KK Nagar|https://www.zomato.com/madurai/rahman-biriyani-kk-nagar/info|3|Quick Bites|11am to 11pm(Mon-Sun)|Good|3.9|108
12'o Clock Biriyani|300|Biryani,North Indian|Madurai|SS Colony|https://www.zomato.com/madurai/12o-clock-biriyani-ss-colony/info|3|Quick Bites|7pm to 12midnight(Mon-Sun)|Very Good|4.1|44
Arumugam Mess|500|South Indian|Madurai|KK Nagar|https://www.zomato.com/madurai/arumugam-mess-kk-nagar/info|4|Casual Dining|12noon to 5pm,7pm to 1130pm(Mon-Sun)|Good|3.9|123
Cafe TN59|300|Cafe,Beverages,Fast Food|Madurai|KK Nagar|https://www.zomato.com/madurai/cafe-tn59-kk-nagar/info|4|Café|10am to 11pm(Mon-Sun)|Good|3.9|83
Tamilaga Unavu Viduthi|400|Asian,North Indian,South Indian|Madurai|Kamrajnagar|https://www.zomato.com/madurai/tamilaga-unavu-viduthi-kamrajnagar/info|4|Casual Dining|1130am to 1130pm(Mon-Sun)|Very Good|4.0|75
A.M. Mahal Biryani|400|South Indian|Madurai|Viswanathapuram|https://www.zomato.com/madurai/a-m-mahal-biryani-viswanathapuram/info|4|Quick Bites|12noon to 11pm(Mon-Sun)|Good|3.6|79
Kings of Shawarma|250|Arabian|Madurai|Villapuram|https://www.zomato.com/madurai/kings-of-shawarma-villapuram/info|4|Quick Bites|12noon to 12midnight(Mon-Sun)|Very Good|4.0|65
A.M. Mahal Parotta|200|South Indian|Madurai|Viswanathapuram|https://www.zomato.com/madurai/a-m-mahal-parotta-viswanathapuram/info|4|Quick Bites|12noon to 11pm(Mon-Sun)|Good|3.8|58
Bismi Fried Chicken|200|South Indian|Madurai|Keerathurai|https://www.zomato.com/madurai/bismi-fried-chicken-keerathurai/info|4|Quick Bites|12noon to 11pm(Mon-Sun)|Good|3.8|47
Yummy Chicken Biriyani|300|Biryani,Kebab|Madurai|Balarengapuram|https://www.zomato.com/madurai/yummy-chicken-biriyani-balarengapuram/info|4|Quick Bites|1130am to 11pm(Mon-Sun)|Good|3.5|80
Star Broilers|250|South Indian,North Indian|Madurai|Viswanathapuram|https://www.zomato.com/madurai/star-broilers-viswanathapuram/info|4|Quick Bites|630pm to 11pm(Mon-Sun)|Good|3.8|51
ibaco|300|Ice Cream|Madurai|SS Colony|https://www.zomato.com/madurai/ibaco-ss-colony/info|4|Dessert Parlor|11am to 11pm(Mon-Sun)|Very Good|4.0|53
Al Ahad Muslim Biriyani|400|North Indian,South Indian|Madurai|Sathamangalam|https://www.zomato.com/madurai/al-ahad-muslim-biriyani-sathamangalam/info|4|Quick Bites|10am to 7pm(Mon-Sun)|Very Good|4.3|102
Singam Hotel|150|South Indian,Chinese|Madurai|Viswanathapuram|https://www.zomato.com/madurai/singam-hotel-viswanathapuram/info|4|Quick Bites|7am to 11am,7pm to 1130pm(Mon-Sun)|Good|3.8|70
Pani Puri Park|100|Fast Food,Chinese|Madurai|Sathamangalam|https://www.zomato.com/madurai/pani-puri-park-sathamangalam/info|4|Quick Bites|3pm to 11pm(Mon-Sun)|Good|3.8|24
Vaadivaasal|450|Chinese,South Indian|Madurai|Sathamangalam|https://www.zomato.com/madurai/vaadivaasal-sathamangalam/info|4|Casual Dining|11am to 11pm(Mon-Sun)|Very Good|4.1|82
OYALO|250|Pizza|Madurai|Villapuram|https://www.zomato.com/madurai/oyalo-villapuram/info|4|Quick Bites|12noon to 1130pm(Mon-Sun)|Good|3.8|64
OYALO|250|Pizza|Madurai|Villapuram|https://www.zomato.com/madurai/oyalo-villapuram/info|5|Quick Bites|12noon to 1130pm(Mon-Sun)|Good|3.8|64
Hollywood  Chicken|350|Fast Food,Roast Chicken,BBQ|Madurai|Arrapalayam|https://www.zomato.com/madurai/hollywood-chicken-arrapalayam/info|5|Quick Bites|6pm to 11pm(Mon-Sun)|Very Good|4.0|88
Moskva Hotel|600|North Indian,Seafood,South Indian|Madurai|Periyar|https://www.zomato.com/madurai/moskva-hotel-periyar/info|5|Casual Dining|7am to 1030pm(Mon-Sun)|Average|3.2|31
Biriyani Virundhu|300|South Indian,North Indian,Biryani|Madurai|KK Nagar|https://www.zomato.com/madurai/biriyani-virundhu-kk-nagar/info|5|Quick Bites|1130am to 1050pm(Mon-Sun)|Good|3.5|39
Riyas Mahal|300|South Indian,Chinese,North Indian|Madurai|Kamrajnagar|https://www.zomato.com/madurai/riyas-mahal-kamrajnagar/info|5|Quick Bites|11am to 11pm(Mon-Sun)|Good|3.8|41
Anjappar|750|Chettinad,South Indian|Madurai|KK Nagar|https://www.zomato.com/madurai/anjappar-kk-nagar/info|5|Casual Dining|11am to 11pm(Mon-Sun)|Good|3.8|86
Hotel Vikram|300|South Indian,Fast Food|Madurai|Sathamangalam|https://www.zomato.com/madurai/hotel-vikram-sathamangalam/info|5|Quick Bites|11am to 11pm(Mon-Sun)|Good|3.8|26
Bistro 1427|700|Cafe|Madurai|Vandiyur|https://www.zomato.com/madurai/bistro-1427-1-vandiyur/info|5|Café|11am to 11pm(Mon-Sun)|Good|3.7|86
Famous Jigarthanda|200|North Indian|Madurai|KK Nagar|https://www.zomato.com/madurai/famous-jigarthanda-3-kk-nagar/info|5|Quick Bites|11am to 11pm(Mon-Sun)|Very Good|4.0|56
Heaven's Park|550|Fast Food|Madurai|KK Nagar|https://www.zomato.com/madurai/heavens-park-kk-nagar/info|5|Quick Bites|1030am to 10pm(Mon-Sun)|Very Good|4.0|92
Cream e Cakes|250|Bakery|Madurai|SS Colony|https://www.zomato.com/madurai/cream-e-cakes-ss-colony/info|5|Bakery|10am to 10pm(Mon-Sun)|Good|3.7|55
Murugan Idly Shop|300|South Indian|Madurai|Southern Railway Colony|https://www.zomato.com/madurai/murugan-idly-shop-southern-railway-colony/info|5|Casual Dining|7am to 11pm(Mon-Sun)|Average|3.3|76
Cafe Coffee Day|650|Cafe,Fast Food|Madurai|Sathamangalam|https://www.zomato.com/madurai/cafe-coffee-day-sathamangalam/info|5|Café|10am to 11pm(Mon-Sun)|Very Good|4.0|36
Royal Court|350|North Indian,South Indian|Madurai|Southern Railway Colony|https://www.zomato.com/madurai/royal-court-southern-railway-colony/info|5|Casual Dining|11am to 1030pm(Mon-Sun)|Good|3.5|52
Bismi Hotel|400|North Indian,South Indian|Madurai|Sathamangalam|https://www.zomato.com/madurai/bismi-hotel-sathamangalam/info|5|Quick Bites|11am to 11pm(Mon-Sun)|Good|3.8|47
Sultthan Biriyani|200|Biryani|Madurai|Periyar|https://www.zomato.com/madurai/sultthan-biriyani-periyar/info|6|Quick Bites|11am to 10pm(Mon-Sun)|Average|3.3|62
Blaack Forest|300|Bakery|Madurai|Periyar|https://www.zomato.com/madurai/blaack-forest-periyar/info|6|Bakery|10am to 12midnight(Mon-Sun)|Good|3.6|72
Rohit Fast Foods|200|South Indian,North Indian|Madurai|Viswanathapuram|https://www.zomato.com/madurai/rohit-fast-foods-viswanathapuram/info|6|Quick Bites|632pm to 11pm(Mon),633pm to 11pm(Tue),634pm...|Very Good|4.2|43
Jkans Hotel|300|South Indian|Madurai|Periyar|https://www.zomato.com/madurai/jkans-hotel-1-periyar/info|6|Quick Bites|1230pm to 1130pm(Mon-Sun)|Good|3.9|69
Madurai In Suvai|400|South Indian|Madurai|SS Colony|https://www.zomato.com/madurai/madurai-in-suvai-1-ss-colony/info|6|Casual Dining|630am to 11pm(Mon-Sun)|Good|3.9|46
Al Ahad Muslim Biriyani|300|Biryani|Madurai|Periyar|https://www.zomato.com/madurai/al-ahad-muslim-biriyani-1-periyar/info|6|Quick Bites|1030am to 430pm(Mon-Sun)|Average|3.3|28
Aachi Chettinadu Hotel|300|Biryani,South Indian|Madurai|Southern Railway Colony|https://www.zomato.com/madurai/aachi-chettinadu-hotel-southern-railway-colony/info|6|Casual Dining|7am to 11pm(Mon-Sun)|Average|3.3|39
Arabian delight|250|South Indian,North Indian,Modern Indian|Madurai|Sathamangalam|https://www.zomato.com/madurai/arabian-delight-2-sathamangalam/info|6|Casual Dining|11am to 11pm(Mon-Sun)||NEW|NEW
Hotel Milagu|300|North Indian,Street Food|Madurai|Periyar|https://www.zomato.com/madurai/hotel-milagu-periyar/info|6|Quick Bites|11am to 11pm(Mon-Sun)|Good|3.6|49
Healthy Home|150|Healthy Food,South Indian|Madurai|Bethaniyapuram|https://www.zomato.com/madurai/healthy-home-bethaniyapuram/info|6|Quick Bites|1130am to 9pm(Mon-Sun)|Good|3.8|32
Waalai Aahar|400|South Indian,Chinese,Arabian,North Indian|Madurai|Sathamangalam|https://www.zomato.com/madurai/waalai-aahar-sathamangalam/info|6|Casual Dining|12noon to 11pm(Mon-Sun)|Good|3.7|56
Carnivall Restaurant|500|South Indian|Madurai|KK Nagar|https://www.zomato.com/madurai/carnivall-restaurant-kk-nagar/info|6|Casual Dining|1130am to 1145pm(Mon-Sun)|Good|3.9|65
Kasthuri Bakery & Sweets|100|Mithai,Bakery|Madurai|Villapuram|https://www.zomato.com/madurai/kasthuri-bakery-sweets-villapuram/info|6|Sweet Shop|9am to 10pm(Mon-Sun)|Good|3.5|22
Urban Bites|300|Wraps,Sandwich,Pizza,Bakery|Madurai|Sathamangalam|https://www.zomato.com/madurai/urban-bites-sathamangalam/info|6|Café|11am to 10pm(Mon-Sun)|Good|3.6|13
Mukku Kadai K Subbu Moongil Thottam|350|South Indian,North Indian|Madurai|KK Nagar|https://www.zomato.com/madurai/mukku-kadai-k-subbu-moongil-thottam-kk-nagar/info|6|Quick Bites|12noon to 11pm(Mon-Sun)|Good|3.9|40
Hotel Nel Pettai|200|Chinese,South Indian|Madurai|KK Nagar|https://www.zomato.com/madurai/hotel-nel-pettai-kk-nagar/info|7|Quick Bites|730am to 11pm(Mon-Sun)|Good|3.7|42
Mr. Fried Chicken|200|Fast Food,Burger|Madurai|SS Colony|https://www.zomato.com/madurai/mr-fried-chicken-ss-colony/info|7|Quick Bites|12noon to 12midnight(Mon-Sun)|Good|3.9|33
Lala Bakery|150|Bakery|Madurai|Periyar|https://www.zomato.com/madurai/lala-bakery-periyar/info|7|Bakery|930am to 10pm(Mon-Sun)|Good|3.5|26
Thaagam Elaneer Sarbat|100|Beverages|Madurai|Southern Railway Colony|https://www.zomato.com/madurai/thaagam-elaneer-sarbat-southern-railway-colony/info|7|Beverage Shop|11am to 5pm(Mon-Sun)|Very Good|4.0|24
Zam Zam Sweets|150|Mithai,Street Food|Madurai|Villapuram|https://www.zomato.com/madurai/zam-zam-sweets-villapuram/info|7|Sweet Shop|8am to 10pm(Mon-Sun)|Good|3.5|21
Coco Hut|400|Bakery,Cafe,Continental,Sandwich,Fast Food,Cuisine Varies,Juices,Kerala|Madurai|KK Nagar|https://www.zomato.com/madurai/coco-hut-kk-nagar/info|7|Quick Bites|11am to 11pm(Mon-Sun)|Good|3.8|20
Madurai Manickam Mess|250|Indian|Madurai|Sathamangalam|https://www.zomato.com/madurai/madurai-manickam-mess-sathamangalam/info|7|Casual Dining||Average|3.4|16
Roti Dhaba|300|North Indian|Madurai|Periyar|https://www.zomato.com/madurai/roti-dhaba-periyar/info|7|Quick Bites|10am to 9pm(Mon-Sun)|Good|3.8|24
Panaimarathu Kadai|400|Biryani,South Indian|Madurai|Balarengapuram|https://www.zomato.com/madurai/panaimarathu-kadai-balarengapuram/info|7|Casual Dining|11am to 11pm(Mon-Sun)|Good|3.7|26
Chandran Mess|400|Chettinad|Madurai|KK Nagar|https://www.zomato.com/madurai/chandran-mess-kk-nagar/info|7|Casual Dining|1130am to 430pm(Mon-Sun)|Good|3.5|30
Cafe Jayaram|150|Continental,Beverages,Cafe,Sandwich,Italian,Pizza,Bakery,Ice Cream|Madurai|SS Colony|https://www.zomato.com/madurai/cafe-jayaram-ss-colony/info|7|Café|10am to 945pm(Mon-Sun)|Good|3.5|24
Malligai Foods|150|South Indian,North Indian|Madurai|Periyar|https://www.zomato.com/madurai/malligai-foods-2-periyar/info|7|Casual Dining|Closed(Mon,Wed,Thu,Fri,Sat,Sun),748am to ...|Good|3.6|10
British Bakery Cafe|200|Bakery|Madurai|Periyar|https://www.zomato.com/madurai/british-bakery-cafe-periyar/info|7|Bakery|10am to 10pm(Mon),9am to 1030pm(Tue-Sun)|Good|3.8|32
Sri Sakthi Meenakshi Bhavan|200|Chinese,Modern Indian,North Indian,South Indian|Madurai|KK Nagar|https://www.zomato.com/madurai/sri-sakthi-meenakshi-bhavan-kk-nagar/info|7|Quick Bites|(Mon-Sun)|Average|3.2|8
Anjappar|600|Chettinad,South Indian|Madurai|KK Nagar|https://www.zomato.com/madurai/anjappar-1-kk-nagar/info|7|Casual Dining|11am to 11pm(Mon-Sun)|Good|3.7|29
Manis Bakery|300|Bakery|Madurai|Arrapalayam|https://www.zomato.com/madurai/manis-bakery-arrapalayam/info|8|Bakery|11am to 10pm(Mon-Sun)|Good|3.6|22
Fluffy Cakes|200|Bakery|Madurai|Iyer Bungalow|https://www.zomato.com/madurai/fluffy-cakes-iyer-bungalow/info|8|Bakery|9am to 1030pm(Mon-Sun)|Good|3.6|16
Vilakkuthoon Hanifa Jigarthanda|100|Beverages,Fast Food|Madurai|SS Colony|https://www.zomato.com/madurai/vilakkuthoon-hanifa-jigarthanda-ss-colony/info|8|Beverage Shop|10am to 10pm(Mon,Tue,Wed,Thu,Sat,Sun),10am...|Good|3.6|15
Kalkatta Chat|150|Street Food|Madurai|KK Nagar|https://www.zomato.com/madurai/kalkatta-chat-kk-nagar/info|8|Kiosk|10am to 10pm(Mon-Sun)|Good|3.5|21
Jayaram Restaurant|400|Continental,Biryani,South Indian,Fast Food,Chettinad,North Indian,Chinese,Indian|Madurai|SS Colony|https://www.zomato.com/madurai/jayaram-restaurant-ss-colony/info|8|Casual Dining|8am to 1030pm(Mon-Sun)|Average|3.3|44
Jayaram Bakery|300|Bakery|Madurai|Arrapalayam|https://www.zomato.com/madurai/jayaram-bakery-arrapalayam/info|8|Bakery|8am to 10pm(Mon-Sun)|Average|3.3|17
The Pizza Express|400|Pizza|Madurai|Vishaal de Mal-- KK Nagar-- Madurai|https://www.zomato.com/madurai/the-pizza-express-kk-nagar/info|8|Quick Bites|10am to 10pm(Mon-Sun)|Average|2.9|22
Lakshmi's Chappathi Corner|100|South Indian|Madurai|Periyar|https://www.zomato.com/madurai/lakshmis-chappathi-corner-periyar/info|8|Quick Bites|10am to 9pm(Mon-Sun)|Good|3.5|13
Hotel Ponnappar|200|Chettinad,South Indian|Madurai|Pasumalai|https://www.zomato.com/madurai/hotel-ponnappar-pasumalai/info|8|Quick Bites|11am to 4pm,7pm to 11pm(Mon-Sun)|Good|3.8|35
Just Relax Chat Corner|300|Street Food|Madurai|KK Nagar|https://www.zomato.com/madurai/just-relax-chat-corner-kk-nagar/info|8|Quick Bites|430pm to 9pm(Mon,Tue,Thu,Fri,Sat),420pm to ...|Good|3.5|17
Malgudi Mithais|300|Bakery|Madurai|Pasumalai|https://www.zomato.com/madurai/malgudi-mithais-pasumalai/info|8|Bakery|9am to 10pm(Mon-Sun)|Average|3.3|7
Chennai Rawther Thalappakattu|550|South Indian|Madurai|Sathamangalam|https://www.zomato.com/madurai/chennai-rawther-thalappakattu-sathamangalam/info|8|Casual Dining|10am to 4pm,6pm to 11pm(Mon-Sun)|Good|3.7|45
Punjabi Dhaba|500|North Indian|Madurai|KK Nagar|https://www.zomato.com/madurai/punjabi-dhaba-kk-nagar/info|8|Casual Dining|1130am to 330pm,6pm to 1030pm...|Good|3.7|33
Andhra Curry|600|Andhra|Madurai|Sathamangalam|https://www.zomato.com/madurai/andhra-curry-sathamangalam/info|8|Casual Dining|12noon to 11pm(Mon-Sun)|Good|3.9|39
Food Park|100|Bakery,South Indian|Madurai|KK Nagar|https://www.zomato.com/madurai/food-park-kk-nagar/info|8|Bakery|7am to 9pm(Mon-Sun)|Average|3.4|11
Chennai Hot Puffs|300|Bakery|Madurai|Viswanathapuram|https://www.zomato.com/madurai/chennai-hot-puffs-1-viswanathapuram/info|9|Bakery|6am to 9pm(Mon-Sun)|Good|3.5|17
Keeraikadai|100|South Indian|Madurai|Bethaniyapuram|https://www.zomato.com/madurai/keeraikadai-bethaniyapuram/info|9|Quick Bites|1230pm to 9pm(Mon-Sun)|Average|3.4|9
Cafe Ecstasy|300|Fast Food,Desserts|Madurai|Vishaal de Mal-- KK Nagar-- Madurai|https://www.zomato.com/madurai/cafe-ecstasy-kk-nagar/info|9|Quick Bites|11am to 930pm(Mon-Sun)|Average|3.2|9
Santa Cakes|300|Bakery,Fast Food,Desserts|Madurai|Periyar|https://www.zomato.com/madurai/santa-cakes-periyar/info|9|Bakery|9am to 10pm(Mon-Sun)|Average|3.2|11
Big Chick|300|Fast Food|Madurai|Viswanathapuram|https://www.zomato.com/madurai/big-chick-viswanathapuram/info|9|Quick Bites|4pm to 10pm(Mon-Sat),12noon to 10pm(Sun)|Average|3.2|6
Chennai Kulfi|150|Ice Cream|Madurai|Iyer Bungalow|https://www.zomato.com/madurai/chennai-kulfi-iyer-bungalow/info|9|Dessert Parlor|11am to 10pm(Mon-Sun)|Average|3.3|10
Arasiy Juice Corner|150|South Indian,North Indian,Indian|Madurai|Arrapalayam|https://www.zomato.com/madurai/arasiy-juice-corner-arrapalayam/info|9|Beverage Shop||Average|3.2|6
Cakies n Cookies|300|Bakery|Madurai|Vandiyur|https://www.zomato.com/madurai/cakies-n-cookies-vandiyur/info|9|Quick Bites|11am to 10pm(Mon-Sun)|Average|3.4|10
Sri Sapthagiri Tiffin Park|200|South Indian,Chettinad|Madurai|Sathamangalam|https://www.zomato.com/madurai/sri-sapthagiri-tiffin-park-sathamangalam/info|9|Quick Bites|7am to 11am,12noon to 1030pm(Mon-Sun)|Good|3.8|37
Namma Athu Sappadu|250|South Indian,North Indian|Madurai|SS Colony|https://www.zomato.com/madurai/namma-athu-sappadu-ss-colony/info|9|Quick Bites|10am to 10pm(Mon-Sun)|Average|2.6|8
Hotel Annapoorani|200|South Indian|Madurai|Sathamangalam|https://www.zomato.com/madurai/hotel-annapoorani-sathamangalam/info|9|Quick Bites|7am to 11pm(Mon-Sun)|Average|3.4|21
Tasty Jigarthanda|100|Desserts|Madurai|Vandiyur|https://www.zomato.com/madurai/tasty-jigarthanda-vandiyur/info|9|Beverage Shop|11am to 930pm(Mon-Sun)|Average|3.1|4
Madurai Gopu Iyengars|100|South Indian|Madurai|SS Colony|https://www.zomato.com/madurai/madurai-gopu-iyengars-1-ss-colony/info|9|Quick Bites|12noon to 930pm(Mon-Sun)|Average|3.3|9
RK Kallan Corner|400|Fast Food,Street Food|Madurai|Kamrajnagar|https://www.zomato.com/madurai/rk-kallan-corner-kamrajnagar/info|9|Quick Bites|11am to 10pm(Mon-Sun)|Average|3.2|6
Fresh Creamz|200|Bakery|Madurai|Viswanathapuram|https://www.zomato.com/madurai/fresh-creamz-viswanathapuram/info|9|Bakery|10am to 10pm(Mon-Sun)|Average|3.2|6
