NAME|PRICE|CUSINE_CATEGORY|CITY|REGION|URL|PAGE NO|CUSINE TYPE|TIMING|RATING_TYPE|RATING|VOTES
Onesta|600|Pizza,Italian,Fast Food,Beverages,Desserts|Mangalore|Kankanady|https://www.zomato.com/mangalore/onesta-kankanady/info|1|Casual Dining|1230pm to 11pm(Mon-Sun)|Excellent|4.5|2078
Bamboo Restaurant|700|Biryani,North Indian|Mangalore|Kankanady|https://www.zomato.com/mangalore/bamboo-restaurant-kankanady/info|1|Casual Dining|12noon to 11pm(Mon,Tue,Wed,Thu,Sat,Sun)...|Very Good|4.1|541
Waffee House|300|Desserts,Beverages|Mangalore|Kankanady|https://www.zomato.com/mangalore/waffee-house-kankanady/info|1|Dessert Parlor|11am to 1130pm(Mon-Sun)|Very Good|4.4|409
Diesel Cafe|1000|American,Italian,Pizza,Sandwich|Mangalore|Balmatta|https://www.zomato.com/mangalore/diesel-cafe-balmatta/info|1|Casual Dining|730am to 113pm(Mon),730am to 1130pm(Tue-Sun)|Very Good|4.3|544
Tandoor|500|Seafood,Mangalorean,North Indian,South Indian,Biryani|Mangalore|Kodailbail|https://www.zomato.com/mangalore/tandoor-kodailbail/info|1|Casual Dining|930am to 11pm(Mon-Sun)|Very Good|4.1|208
Spindrift|700|Continental,Pizza,Italian,Steak,Thai,Finger Food|Mangalore|Bharath Mall-- Lalbagh|https://www.zomato.com/mangalore/spindrift-lalbagh/info|1|Microbrewery|12noon to 1130pm(Mon-Thu),11am to 1130pm(Fri-Sun)|Very Good|4.3|545
Village Restaurant|1000|South Indian,Mangalorean,Arabian,Pizza,Biryani,Chinese,North Indian,Continental|Mangalore|Kavoor|https://www.zomato.com/villagerestaurant/info|1|Casual Dining|1130am to 1130pm(Mon-Sun)|Very Good|4.1|633
Food Junction|300|Charcoal Chicken,Arabian,Mughlai,Burger,Chinese,North Indian,Beverages,Desserts|Mangalore|Balmatta|https://www.zomato.com/mangalore/food-junction-balmatta/info|1|Quick Bites|11am to 11pm(Mon,Tue,Wed,Fri,Sun),1030am to ...|Very Good|4.1|244
Andhra House|450|Biryani,Andhra,Chinese|Mangalore|Kadri|https://www.zomato.com/mangalore/andhra-house-kadri/info|1|Casual Dining|12noon to 4pm,7pm to 11pm(Mon-Sun)|Good|3.9|303
Maharaja Restaurant|700|Seafood,Mangalorean,North Indian,South Indian|Mangalore|Balmatta|https://www.zomato.com/mangalore/maharaja-restaurant-balmatta/info|1|Casual Dining|1130am to 330pm,630pm to 11pm(Mon-Sun)|Very Good|4.2|550
Pizza Hut|750|Pizza,Italian|Mangalore|City Center Mall-- Hampankatta|https://www.zomato.com/mangalore/pizza-hut-ks-rao-nagar/info|1|Casual Dining|11am to 11pm(Mon-Sun)|Very Good|4.0|256
The Chocolate Room|600|Cafe,Beverages,Desserts|Mangalore|Kodailbail|https://www.zomato.com/mangalore/the-chocolate-room-kodailbail/info|1|Café|11am to 11pm(Mon-Sun)|Good|3.9|181
Punjab Da Pind|1000|North Indian,Mughlai,Chinese,Beverages,Desserts|Mangalore|KS Rao Nagar|https://www.zomato.com/mangalore/punjab-da-pind-ks-rao-nagar/info|1|Casual Dining|12noon to 330pm,7pm to 1115pm(Mon-Sun)|Very Good|4.2|447
Royal Darbar|400|Mughlai,Biryani,North Indian,Desserts,Beverages|Mangalore|Kankanady|https://www.zomato.com/mangalore/royal-darbar-kankanady/info|1|Casual Dining|12noon to 3pm,7pm to 11pm(Mon-Sun)|Very Good|4.0|254
Domino's Pizza|400|Pizza,Fast Food|Mangalore|Kankanady|https://www.zomato.com/mangalore/dominos-pizza-kankanady/info|1|Quick Bites|11am to 11pm(Mon-Sun)|Very Good|4.0|297
DFC- Damir Fried Chicken|200|Fast Food|Mangalore|Thokottu|https://www.zomato.com/mangalore/dfc-damir-fried-chicken-thokottu/info|10|none|(Mon-Sun)|Good|3.5|29
Chick Blast|400|Mangalorean,Beverages,Biryani,South Indian,North Indian|Mangalore|Kodailbail|https://www.zomato.com/mangalore/chick-blast-kodailbail/info|10|Quick Bites|945am to 945pm(Mon,Fri,Sat),10am to 9pm...|Average|3.0|31
Belly G|500|Continental|Mangalore|Derlakatte|https://www.zomato.com/mangalore/belly-g-derlakatte/info|10|none|11am to 1030pm(Mon-Sun)|Average|3.3|16
Chaat Chatore|200|Street Food,Beverages|Mangalore|Lalbagh|https://www.zomato.com/mangalore/chaat-chatore-lalbagh/info|10|Quick Bites|1030am to 10pm(Mon-Sun)|Good|3.6|46
Jordanian Restaurant Veg & Non Veg|750|BBQ,Biryani,North Indian|Mangalore|Lalbagh|https://www.zomato.com/mangalore/jordanian-restaurant-veg-non-veg-lalbagh/info|10|Casual Dining|1130am to 12midnight(Mon-Sun)|Good|3.7|53
Mango Grove|300|South Indian,Beverages,Fast Food,North Indian|Mangalore|Balmatta|https://www.zomato.com/mangalore/mango-grove-balmatta/info|10|Casual Dining|7am to 1030pm(Mon-Sun)|Good|3.6|35
Bamboo Village|500|Biryani,North Indian,Beverages|Mangalore|Kodailbail|https://www.zomato.com/mangalore/bamboo-village-kodailbail/info|10|Quick Bites|12noon to 1030pm(Mon-Sun)|Good|3.6|41
UBQ by Barbeque Nation|500|North Indian|Mangalore|Kankanady|https://www.zomato.com/mangalore/ubq-by-barbeque-nation-kankanady/info|10|none|12noon to 330pm,7pm to 1030pm(Mon-Sun)|Average|3.4|19
Ajanta Cafe|250|North Indian,South Indian,Fast Food,Beverages|Mangalore|Ashok Nagar|https://www.zomato.com/mangalore/ajanta-cafe-ashok-nagar/info|10|Quick Bites|11am to 930pm(Mon-Sun)|Good|3.5|36
Hotel Rizk|400|Biryani,Mangalorean,South Indian,Chinese|Mangalore|Lalbagh|https://www.zomato.com/mangalore/hotel-rizk-lalbagh/info|10|Quick Bites|11am to 1030pm(Mon-Sun)|Good|3.5|35
Mamamaas|200|Seafood|Mangalore|Kodailbail|https://www.zomato.com/mangalore/mamamaas-kodailbail/info|10|Casual Dining|1130am to 4pm,7pm to 1030pm(Mon-Sun)|Good|3.6|48
Hotel New Sushmitha|200|South Indian,North Indian,Chinese|Mangalore|Kottara|https://www.zomato.com/mangalore/hotel-new-sushmitha-kottara/info|10|none|8am to 10pm(Mon-Sun)|Average|3.4|13
Chef Xinlai Chinese Restaurant|600|Chinese|Mangalore|Attavar|https://www.zomato.com/mangalore/chef-xinlai-chinese-restaurant-attavar/info|10|Casual Dining|1130am to 1030pm(Mon-Sun)|Average|3.4|60
Kakunje's Parathas|250|North Indian,Beverages|Mangalore|City Center Mall-- Hampankatta|https://www.zomato.com/mangalore/kakunjes-parathas-ks-rao-nagar/info|10|Food Court|11am to 1030pm(Mon-Sun)|Good|3.7|52
Ten-11|300|Fast Food,Chinese,Beverages,Arabian|Mangalore|Balmatta|https://www.zomato.com/mangalore/ten-11-balmatta/info|10|Quick Bites|11am to 10pm(Mon-Sun)|Good|3.6|36
Macchis Seafood Restaurant|250|Seafood,Mangalorean|Mangalore|Kankanady|https://www.zomato.com/mangalore/macchis-seafood-restaurant-kankanady/info|11|Quick Bites|11am to 4pm,7pm to 11pm(Mon,Tue,Wed,Thu,Sat...|Good|3.6|32
Bhendi Bazaar|300|Lebanese,Arabian|Mangalore|Kankanady|https://www.zomato.com/mangalore/bhendi-bazaar-kankanady/info|11|none|5pm to 1030pm(Mon-Sun)||NEW|NEW
VoW - Village On Wheels|1000|Mangalorean,South Indian,North Indian,Pizza,Chinese,Biryani|Mangalore|Kavoor|https://www.zomato.com/mangalore/vow-village-on-wheels-kavoor/info|11|Casual Dining|1130am to 1030pm(Mon-Sun)|Good|3.6|46
Hotel Maya Darshini|250|North Indian,South Indian,Chinese|Mangalore|Hampankatta|https://www.zomato.com/mangalore/hotel-maya-darshini-hampankatta/info|11|Quick Bites|730am to 1030pm(Mon-Sun)|Average|2.9|33
Fish Land|300|South Indian,Seafood|Mangalore|Kankanady|https://www.zomato.com/mangalore/fish-land-kankanady/info|11|Casual Dining|6am to 9pm(Mon-Sun)|Good|3.5|27
Tripthi Refreshments|350|South Indian|Mangalore|Kottara|https://www.zomato.com/mangalore/tripthi-refreshments-kottara/info|11|Casual Dining|7am to 1030pm(Mon-Sun)|Average|3.4|33
Tikka Point|150|Arabian,Fast Food,Street Food|Mangalore|Kankanady|https://www.zomato.com/mangalore/tikka-point-kankanady/info|11|Quick Bites|430pm to 1030pm(Mon-Sun)|Good|3.5|35
SRS 7 Days|300|Arabian,South Indian,Beverages|Mangalore|City Center Mall-- Hampankatta|https://www.zomato.com/mangalore/srs-7-days-ks-rao-nagar/info|11|Food Court|10am to 10pm(Mon-Sun)|Good|3.5|21
Panchami Tiffins|150|North Indian|Mangalore|Lalbagh|https://www.zomato.com/mangalore/panchami-tiffins-1-lalbagh/info|11|Quick Bites|8am to 10pm(Mon-Sun)|Average|3.4|17
Parika Restaurant|400|Arabian,Mangalorean,Beverages,Biryani|Mangalore|Marnamikatte|https://www.zomato.com/mangalore/parika-restaurant-marnamikatte/info|11|Casual Dining|12noon to 4pm,530pm to 1045pm(Mon-Sun)|Good|3.8|98
Biryani Town|250|Biryani,Kebab|Mangalore|Attavar|https://www.zomato.com/mangalore/biryani-town-attavar/info|11|Quick Bites|1130am to 3pm,7pm to 10pm(Mon-Sun)|Average|3.4|41
Flavours Of Arabia|400|Arabian|Mangalore|Forum Mall-- Attavar|https://www.zomato.com/mangalore/flavours-of-arabia-attavar/info|11|Casual Dining|10am to 10pm(Mon-Sun)|Good|3.5|33
ShivaBagh|600|North Indian,South Indian,Chinese|Mangalore|Kadri|https://www.zomato.com/mangalore/shivabagh-kadri/info|11|Casual Dining|630am to 9pm(Mon-Sun)|Good|3.6|51
Health Bar by S Cube|100|Healthy Food,Beverages|Mangalore|Kodailbail|https://www.zomato.com/mangalore/health-bar-by-s-cube-kodailbail/info|11|Quick Bites|630am to 1030pm(Mon-Sun)|Good|3.6|22
Aroma|500|Finger Food|Mangalore|Hotel Deepa Comforts|https://www.zomato.com/mangalore/aroma-kodailbail/info|11|Bar|12noon to 3pm,7pm to 11pm(Mon-Sun)|Good|3.6|65
Hotel Maya International|600|Mangalorean,Arabian,North Indian,Biryani,South Indian|Mangalore|Kankanady|https://www.zomato.com/mangalore/hotel-maya-international-kankanady/info|12|Casual Dining|1030am to 1130pm(Mon-Tue),7pm to 1130pm(Wed-Sun)|Good|3.7|93
Penguin|600|Chinese,South Indian,North Indian|Mangalore|Bendoor|https://www.zomato.com/mangalore/penguin-bendoor/info|12|Casual Dining|11am to 1030pm(Mon-Sun)|Good|3.5|44
Jolad Rotti Centre|100|South Indian|Mangalore|Kodailbail|https://www.zomato.com/mangalore/jolad-rotti-centre-kodailbail/info|12|Quick Bites|930am to 10pm(Mon-Sun)|Average|2.9|26
Tikka Hut Fast Food|300|South Indian,Fast Food|Mangalore|Surathkal|https://www.zomato.com/mangalore/tikka-hut-fast-food-surathkal/info|12|Casual Dining|1130am to 330pm,630pm to 1030pm(Mon-Sun)|Average|3.0|25
New Shiva Bhag Cafe|250|South Indian|Mangalore|Kadri|https://www.zomato.com/mangalore/new-shiva-bhag-cafe-kadri/info|12|Casual Dining|630am to 9pm(Mon-Sat),630am to 1am(Sun)|Good|3.5|21
Tikka Street|200|Arabian,North Indian,Charcoal Chicken,Rolls,Juices|Mangalore|Attavar|https://www.zomato.com/mangalore/tikka-street-attavar/info|12|Quick Bites|430pm to 1115pm(Mon-Sun)|Very Good|4.2|55
Cherry On Top|350|Bakery|Mangalore|Bendoor|https://www.zomato.com/mangalore/cherry-on-top-bendoor/info|12|Bakery|9am to 9pm(Mon-Sun)|Average|3.4|13
Hashtag Cafe|500|Burger,Sandwich,Beverages,Pizza|Mangalore|Derlakatte|https://www.zomato.com/mangalore/hashtag-cafe-derlakatte/info|12|Café|11am to 10pm(Mon-Sun)||NEW|NEW
Illada Vanas|400|Seafood,Biryani,Beverages|Mangalore|Lalbagh|https://www.zomato.com/mangalore/illada-vanas-lalbagh/info|12|Quick Bites|1130am to 330pm(Mon-Sun)|Good|3.5|35
Tide|800|Continental,Asian,North Indian|Mangalore|The Ocean Pearl-- Kodailbail|https://www.zomato.com/mangalore/tide-kodailbail/info|12|Casual Dining|24|Good|3.5|73
Juice it up|150|Juices,Fast Food|Mangalore|Kankanady|https://www.zomato.com/mangalore/juice-it-up-kankanady/info|12|none|10am to 1030pm(Mon-Sun)||NEW|NEW
Liquid|200|Drinks Only|Mangalore|Attavar|https://www.zomato.com/mangalore/liquid-attavar/info|12|Quick Bites|11am to 10pm(Mon-Sun)|Average|3.4|32
Suvarna Fast Food|250|North Indian,South Indian,Chinese|Mangalore|Kodailbail|https://www.zomato.com/mangalore/suvarna-fast-food-kodailbail/info|12|Casual Dining|12noon to 330pm,630pm to 10pm(Mon-Sun)|Good|3.6|37
7 Bakes|400|Bakery,Cafe,Desserts|Mangalore|Kankanady|https://www.zomato.com/mangalore/7-bakes-kankanady/info|12|none|(Mon-Sun)||NEW|NEW
Danish Kitchen|350|Arabian,Biryani,Beverages|Mangalore|Empire Mall-- Lalbagh|https://www.zomato.com/mangalore/danish-kitchen-lalbagh/info|12|Quick Bites|11am to 9pm(Mon-Sun)|Average|2.8|18
Taste Of Andhra|350|Andhra,Biryani,Hyderabadi|Mangalore|KS Rao Nagar|https://www.zomato.com/mangalore/taste-of-andhra-ks-rao-nagar/info|13|Food Court|11am to 105pm(Mon-Sun)|Average|2.7|25
Hotel Srinivas Padmashree Deluxe Restaurant|600|South Indian,Chinese,Mangalorean,Beverages,Desserts,North Indian|Mangalore|Hampankatta|https://www.zomato.com/mangalore/hotel-srinivas-padmashree-deluxe-restaurant-hampankatta/info|13|Casual Dining|6am to 10pm(Mon-Sun)|Average|3.3|28
Raj Kamal Veg Restaurant|150|South Indian|Mangalore|Kankanady|https://www.zomato.com/mangalore/raj-kamal-veg-restaurant-kankanady/info|13|Quick Bites|630am to 10pm(Mon-Sun)|Good|3.5|21
Luna Food Court|150|Fast Food,Arabian|Mangalore|Kapikad|https://www.zomato.com/mangalore/luna-food-court-kapikad/info|13|Quick Bites|12noon to 1030pm(Mon-Sun)|Average|3.4|25
Bake Studio|400|Bakery,Fast Food,Beverages|Mangalore|Hampankatta|https://www.zomato.com/mangalore/bake-studio-hampankatta/info|13|Bakery|9am to 10pm(Mon-Sun)|Good|3.6|25
Utada Mane|300|Biryani,North Indian|Mangalore|Balmatta|https://www.zomato.com/mangalore/utada-mane-balmatta/info|13|Casual Dining|1130am to 230pm,7pm to 930pm(Mon-Sun)|Average|3.4|32
Rajkamal Non Veg Restaurant|300|South Indian,Seafood|Mangalore|Hampankatta|https://www.zomato.com/mangalore/rajkamal-non-veg-restaurant-hampankatta/info|13|Quick Bites|11am to 1030pm(Mon-Sun)|Average|3.3|14
Hangyo Ice Creams|250|Desserts,Ice Cream|Mangalore|Kodailbail|https://www.zomato.com/mangalore/hangyo-ice-creams-kodailbail/info|13|Dessert Parlor|11am to 10pm(Mon-Sun)|Average|3.3|10
City Lunch Home|300|South Indian|Mangalore|Surathkal|https://www.zomato.com/mangalore/city-lunch-home-surathkal/info|13|Casual Dining|530am to 9pm(Mon-Sun)|Average|3.4|35
Chacha Chaiwala|300|Tea,Street Food|Mangalore|Attavar|https://www.zomato.com/mangalore/chacha-chaiwala-1-attavar/info|13|Beverage Shop|1030am to 1030pm(Mon-Sun)|Good|3.5|24
7th Heaven|200|Desserts|Mangalore|Kodailbail|https://www.zomato.com/mangalore/7th-heaven-kodailbail/info|13|Bakery|10am to 10pm(Mon-Sun)|Average|2.8|9
Bhandary's Punjabi Ghasitaram Bambaiwala|300|Desserts|Mangalore|KS Rao Nagar|https://www.zomato.com/mangalore/bhandarys-punjabi-ghasitaram-bambaiwala-ks-rao-nagar/info|13|Dessert Parlor|8am to 1030pm(Mon-Sun)|Average|3.3|16
Goodies|400|Chinese,Biryani,North Indian|Mangalore|Hampankatta|https://www.zomato.com/mangalore/goodies-hampankatta/info|13|none|1130am to 1030pm(Mon-Sun)|Good|3.7|32
Chick & Grill|250|Fast Food,Arabian,Lebanese|Mangalore|Kankanady|https://www.zomato.com/mangalore/chick-grill-kankanady/info|13|Quick Bites|(Mon-Sun)|Average|3.3|12
Vrindavan Veg Fast Food|200|South Indian,North Indian|Mangalore|Kadri|https://www.zomato.com/mangalore/vrindavan-veg-fast-food-1-kadri/info|13|none|6am to 945pm(Mon-Sun)|Good|3.5|18
Macchhi|500|Seafood,Biryani,Beverages|Mangalore|Attavar|https://www.zomato.com/mangalore/macchhi-attavar/info|14|Casual Dining|11am to 4pm(Mon-Sun)|Good|3.5|25
Lassi n Cafe|150|Beverages|Mangalore|Derlakatte|https://www.zomato.com/mangalore/lassi-n-cafe-derlakatte/info|14|none|11am to 1030pm(Mon-Sun)|Average|3.4|11
Just Juice|200|Beverages,Fast Food|Mangalore|City Center Mall-- Hampankatta|https://www.zomato.com/mangalore/just-juice-ks-rao-nagar/info|14|Food Court|11am to 10pm(Mon-Sun)|Average|3.3|16
Pranam|200|South Indian,North Indian|Mangalore|Derlakatte|https://www.zomato.com/mangalore/pranam-derlakatte/info|14|none|9am to 10pm(Mon-Sun)|Average|3.1|13
The Cake Club|400|Bakery|Mangalore|Lalbagh|https://www.zomato.com/mangalore/the-cake-club-lalbagh/info|14|Bakery|10am to 1030pm(Mon-Fri),8am to 1030pm(Sat-Sun)|Average|3.3|22
Hotel Abbakka|200|South Indian,Mangalorean|Mangalore|Thokottu|https://www.zomato.com/mangalore/hotel-abbakka-thokottu/info|14|Quick Bites|12noon to 10pm(Mon-Sun)|Average|2.9|10
Fish Chowki|400|Seafood,Biryani,South Indian|Mangalore|Kottara|https://www.zomato.com/mangalore/fish-chowki-kottara/info|14|Casual Dining||Average|3.1|12
Sri Devi Family Restaurant|300|North Indian,Chinese,South Indian|Mangalore|Kavoor|https://www.zomato.com/mangalore/sri-devi-family-restaurant-kavoor/info|14|Quick Bites|7am to 1030pm(Mon-Sun)|Average|3.2|12
Highway IceCream Parlour|200|Desserts|Mangalore|Thokottu|https://www.zomato.com/mangalore/highway-icecream-parlour-thokottu/info|14|none|10am to 9pm(Mon-Sun)|Average|3.1|7
Ziffy Cafe|200|Fast Food,Cafe,Beverages|Mangalore|Kankanady|https://www.zomato.com/mangalore/ziffy-cafe-2-kankanady/info|14|none|12noon to 10pm(Mon-Sun)|Average|3.1|14
Kudla Veg Restaurant|500|Chinese,North Indian,South Indian|Mangalore|Balmatta|https://www.zomato.com/mangalore/kudla-veg-restaurant-balmatta/info|14|Quick Bites|7am to 1030pm(Mon-Sun)|Average|3.2|17
Hubis Food garage|200|Chinese|Mangalore|Derlakatte|https://www.zomato.com/mangalore/hubis-food-garage-derlakatte/info|14|none|(Mon-Sun)|Average|3.2|11
The Donut Magic|300|Desserts,Beverages,Cafe|Mangalore|Attavar|https://www.zomato.com/mangalore/the-donut-magic-attavar/info|14|Café|11am to 1030pm(Mon-Sun)|Average|3.3|18
China Village|300|Chinese,Biryani,North Indian,Beverages|Mangalore|Kodailbail|https://www.zomato.com/mangalore/china-village-kodailbail/info|14|Quick Bites|12noon to 3pm,530pm to 1030pm(Mon-Sun)|Average|3.4|25
Hot Tiffins|150|North Indian,South Indian,Arabian|Mangalore|Balmatta|https://www.zomato.com/mangalore/hot-tiffins-balmatta/info|14|Quick Bites|Closed(Mon),11am to 10pm(Tue-Sun)|Average|2.9|18
TCB- The Chicken Bay|500|Burger,Roast Chicken|Mangalore|Attavar|https://www.zomato.com/mangalore/tcb-the-chicken-bay-attavar/info|15|Quick Bites|12noon to 11pm(Mon-Sun)|Good|3.9|68
Simaq Caterers|50|Fast Food,Finger Food|Mangalore|Hampankatta|https://www.zomato.com/mangalore/simaq-caterers-hampankatta/info|15|Quick Bites|3pm to 7pm(Mon-Sun)|Average|3.3|21
Kebabci|300|Arabian,Kebab,Juices,North Indian|Mangalore|Kodailbail|https://www.zomato.com/mangalore/kebabci-1-kodailbail/info|15|Quick Bites|12noon to 11pm(Mon-Sun)|Good|3.7|44
Retox Lounge Bar|800|Finger Food,Bar Food|Mangalore|Hampankatta|https://www.zomato.com/mangalore/retox-lounge-bar-hampankatta/info|15|Lounge|11am to 1130pm(Mon-Sun)|Good|3.8|62
Hotel National Palace|250|North Indian,Chinese,Juices|Mangalore|Hampankatta|https://www.zomato.com/mangalore/hotel-national-palace-hampankatta/info|15|Quick Bites|8am to 1030pm(Mon-Sun)|Average|3.4|25
Lincoln|300|Burger,Sandwich,Beverages,Arabian,Chinese|Mangalore|Kadri|https://www.zomato.com/mangalore/lincoln-kadri/info|15|Quick Bites|11am to 1030pm(Mon-Sun)|Average|3.1|17
Janata Juice Palace|150|Juices|Mangalore|Lalbagh|https://www.zomato.com/mangalore/janata-juice-palace-lalbagh/info|15|Food Court|1030am to 10pm(Mon-Sun)|Average|3.1|7
Smokie|400|Bakery,Desserts|Mangalore|Kadri|https://www.zomato.com/mangalore/smokie-kadri/info|15|Bakery|930am to 830pm(Mon-Sun)|Average|3.4|19
Frozen Rolls|200|Desserts,Beverages|Mangalore|Kavoor|https://www.zomato.com/mangalore/frozen-rolls-kavoor/info|15|Dessert Parlor|11am to 10pm(Mon-Sun)||NEW|NEW
Just Bake|300|Bakery,Fast Food|Mangalore|Kodailbail|https://www.zomato.com/mangalore/just-bake-kodailbail/info|15|Bakery|10am to 10pm(Mon-Sun)|Average|3.4|24
Bake Studio|200|Ice Cream,Desserts|Mangalore|Surathkal|https://www.zomato.com/mangalore/bake-studio-1-surathkal/info|15|none|10am to 10pm(Mon-Sun)||NEW|NEW
Chowta's Veg & Non Veg Family Restaurant|300|South Indian,Seafood|Mangalore|Kavoor|https://www.zomato.com/mangalore/chowtas-veg-non-veg-family-restaurant-kavoor/info|15|Quick Bites|11am to 3pm,630pm to 1030pm(Mon-Sun)|Average|3.2|12
Khadya sea food Restaurant|400|Mangalorean,Seafood,North Indian,South Indian,Chinese|Mangalore|Balmatta|https://www.zomato.com/mangalore/khadya-sea-food-restaurant-balmatta/info|15|Casual Dining|7am to 10pm(Mon-Sun)|Average|3.2|10
Oh My Dosa|150|South Indian|Mangalore|Hampankatta|https://www.zomato.com/mangalore/oh-my-dosa-hampankatta/info|15|Quick Bites|10am to 9pm(Mon-Sun)|Average|3.1|8
Khatta Meeta|200|Fast Food,Juices,Ice Cream|Mangalore|Lalbagh|https://www.zomato.com/mangalore/khatta-meeta-lalbagh/info|15|Quick Bites|10am to 10pm(Mon-Sun)|Average|3.2|10
The Kaffeine Hub|300|Cafe,Beverages|Mangalore|Kottara|https://www.zomato.com/mangalore/the-kaffeine-hub-3-kottara/info|16|Quick Bites|11am to 1130pm(Mon-Sat),9am to 1130pm(Sun)|Average|3.3|23
Arabian treat|250|North Indian,Fast Food,Arabian|Mangalore|Derlakatte|https://www.zomato.com/mangalore/arabian-treat-derlakatte/info|16|none|11am to 11pm(Mon-Sun)|Good|3.6|42
Meena Sea Food|300|North Indian|Mangalore|Balmatta|https://www.zomato.com/mangalore/meena-sea-food-balmatta/info|16|Casual Dining|1130am to 330pm,630pm to 1030pm(Mon-Sun)|Average|3.3|16
Rathna's Wine Gate|300|Seafood,Bar Food,Chinese,Fast Food|Mangalore|Kodailbail|https://www.zomato.com/mangalore/rathnas-wine-gate-kodailbail/info|16|Quick Bites|1230pm to 1030pm(Mon-Sun)|Average|3.3|12
Lulu's Bakes & Bites|400|Bakery|Mangalore|Kankanady|https://www.zomato.com/mangalore/lulus-bakes-bites-kankanady/info|16|none|10am to 8pm(Mon-Sun)||NEW|NEW
Ruby's Cream Parlour|250|Desserts|Mangalore|Surathkal|https://www.zomato.com/mangalore/rubys-cream-parlour-surathkal/info|16|Dessert Parlor|11am to 1030pm(Mon-Sun)||NEW|NEW
Just Juice|200|Beverages,Fast Food|Mangalore|Kadri|https://www.zomato.com/mangalore/just-juice-kadri/info|16|Beverage Shop|10am to 10pm(Mon-Sun)|Average|3.2|14
Kebabci|600|Kebab,North Indian,Beverages,Wraps|Mangalore|Kodailbail|https://www.zomato.com/mangalore/kebabci-2-kodailbail/info|16|Casual Dining|10am to 10pm(Mon-Sun)|Average|3.2|10
Foodiez|350|Chinese,North Indian|Mangalore|City Center Mall-- Hampankatta|https://www.zomato.com/mangalore/foodiez-ks-rao-nagar/info|16|Quick Bites|10am to 1030pm(Mon-Sun)|Average|3.0|5
Konchady Fast Food|200|Fast Food,Chinese,Arabian|Mangalore|Kottara|https://www.zomato.com/mangalore/konchady-fast-food-kottara/info|16|none|(Mon-Sun)|Average|3.0|4
CremeFresh|300|Bakery,Ice Cream|Mangalore|Kottara|https://www.zomato.com/mangalore/cremefresh-kottara/info|16|none|8am to 10pm(Mon-Sun)|Average|3.0|9
Zuese Fitness Cafe|300|Healthy Food|Mangalore|Kodailbail|https://www.zomato.com/mangalore/zuese-fitness-cafe-kodailbail/info|16|Quick Bites|10am to 10pm(Mon-Sun)|Average|3.1|4
Hotel Nisarga|250|South Indian,North Indian,Armenian|Mangalore|Hampankatta|https://www.zomato.com/mangalore/hotel-nisarga-hampankatta/info|16|none|730am to 10pm(Mon-Sun)||NEW|NEW
Ravalnath Cafe|200|South Indian,North Indian|Mangalore|Lalbagh|https://www.zomato.com/mangalore/ravalnath-cafe-lalbagh/info|16|none|12noon to 10pm(Mon-Sun)|Average|3.1|11
Hotel Annapoorna|400|South Indian,Chinese,Mangalorean|Mangalore|Lalbagh|https://www.zomato.com/mangalore/hotel-annapoorna-lalbagh/info|16|Casual Dining|6am to 9pm(Mon-Sun)|Average|3.1|7
Hotel Shiva Ganga|200|South Indian,North Indian,Mangalorean|Mangalore|Lalbagh|https://www.zomato.com/mangalore/hotel-shiva-ganga-lalbagh/info|17|none|7am to 10pm(Mon-Sun)||NEW|NEW
Dharma's Fastfood|300|Chinese,North Indian,Seafood|Mangalore|Kottara|https://www.zomato.com/mangalore/dharmas-fastfood-kottara/info|17|Quick Bites|430pm to 1030pm(Mon-Sun)|Average|3.1|7
Hotel Ruchi|200|Seafood,Mangalorean,South Indian|Mangalore|Hampankatta|https://www.zomato.com/mangalore/hotel-ruchi-hampankatta/info|17|none|12noon to 4pm(Mon-Sat),Closed(Sun)|Average|3.0|6
Bourn Bon|300|Cafe,Bakery,Beverages|Mangalore|Kodailbail|https://www.zomato.com/mangalore/bourn-bon-kodailbail/info|17|Bakery|10am to 10pm(Mon-Sun)|Average|3.3|10
Empire's Desi Foods|250|Juices,Sandwich,Desserts,Fast Food|Mangalore|Kodailbail|https://www.zomato.com/mangalore/empires-desi-foods-kodailbail/info|17|Quick Bites|11am to 9pm(Mon-Sun)|Not rated|-|-
Hotel Manjusha|300|South Indian|Mangalore|Kadri|https://www.zomato.com/mangalore/hotel-manjusha-kadri/info|17|Casual Dining|6am to 10pm(Mon-Sun)|Average|3.1|8
Tasty Bites|200|Pizza,Burger,Sandwich,Fast Food,Beverages|Mangalore|Kadri|https://www.zomato.com/mangalore/tasty-bites-kadri/info|17|Quick Bites|11am to 9pm(Mon-Sun)|Average|2.7|13
Chillis Arabian Treat|150|South Indian,Chinese|Mangalore|Kottara|https://www.zomato.com/mangalore/chillis-arabian-treat-kottara/info|17|Quick Bites|1230pm to 1030pm(Mon-Sun)|Average|2.8|4
Amul Ice Cream Parlour & Cafe|400|Fast Food,Desserts,Ice Cream|Mangalore|Bendoor|https://www.zomato.com/mangalore/amul-ice-cream-parlour-cafe-bendoor/info|17|Quick Bites|11am to 10pm(Mon-Sun)|Not rated|-|-
Rathna's Wine Gate|400|North Indian,Mughlai,Chinese,Fast Food|Mangalore|Balmatta|https://www.zomato.com/mangalore/rathnas-wine-gate-1-balmatta/info|17|Quick Bites|12noon to 1030pm(Mon-Sun)|Average|2.9|4
Ganesh fruit juice centre|150|Juices|Mangalore|Kodailbail|https://www.zomato.com/mangalore/ganesh-fruit-juice-centre-kodailbail/info|17|none|(Mon-Sun)|Not rated|-|-
Fish World|200|Seafood,South Indian|Mangalore|Lalbagh|https://www.zomato.com/mangalore/fish-world-lalbagh/info|17|Quick Bites|12noon to 2pm,7pm to 10pm(Mon-Sun)|Not rated|-|-
Shivabagh Syrup Sweets|300|Desserts|Mangalore|Kadri|https://www.zomato.com/mangalore/shivabagh-syrup-sweets-kadri/info|17|Sweet Shop|9am to 9pm(Mon-Sun)|Not rated|-|-
Sara Restaurant|250|Kerala,South Indian,Fast Food,Biryani|Mangalore|Kankanady|https://www.zomato.com/mangalore/sara-restaurant-kankanady/info|17|Quick Bites|12noon to 10pm(Mon-Sun)|Average|3.0|8
Hotel Coriander|300|South Indian,North Indian,Chinese|Mangalore|Kavoor|https://www.zomato.com/mangalore/hotel-coriander-kavoor/info|17|Quick Bites|7am to 1030pm(Mon-Sun)||NEW|NEW
Hot Plate|300|Lebanese,Chinese,Arabian|Mangalore|Surathkal|https://www.zomato.com/mangalore/hot-plate-surathkal/info|18|none|1130am to 10pm(Mon-Sun)||NEW|NEW
Kafe 19|200|South Indian,Mangalorean|Mangalore|Kapikad|https://www.zomato.com/mangalore/kafe-19-1-kapikad/info|18|none|7am to 10pm(Mon-Sun)||NEW|NEW
Hungry Kya|200|Fast Food,Burger,Momos|Mangalore|Derlakatte|https://www.zomato.com/mangalore/hungry-kya-derlakatte/info|18|Quick Bites|12noon to 11pm(Mon-Sun)|Average|3.4|27
Wine Gate|300|Seafood,Bar Food,Chinese,Fast Food|Mangalore|Kodailbail|https://www.zomato.com/mangalore/wine-gate-kodailbail/info|18|Bar|12noon to 1030pm(Mon-Sun)|Average|3.1|6
Khairs Tasty Chicken|150|Arabian|Mangalore|Kadri|https://www.zomato.com/mangalore/khairs-tasty-chicken-kadri/info|18|Quick Bites|1130am to 1030pm(Mon-Sun)|Not rated|-|-
Hot Plate Restaurant|300|North Indian,Biryani|Mangalore|Lalbagh|https://www.zomato.com/mangalore/hot-plate-restaurant-lalbagh/info|18|Casual Dining|12noon to 330pm,6pm to 10pm(Mon-Sun)|Average|3.1|9
Kudla Kitchen|250|Chinese|Mangalore|Kapikad|https://www.zomato.com/mangalore/kudla-kitchen-kapikad/info|18|none|12noon to 8pm(Mon-Sun)|Not rated|-|-
New Guruprasad Lunch Home|250|South Indian,North Indian|Mangalore|Kodailbail|https://www.zomato.com/mangalore/new-guruprasad-lunch-home-kodailbail/info|18|none|12noon to 1030pm(Mon-Sun)||NEW|NEW
Hotel Ashwini|300|South Indian|Mangalore|Hampankatta|https://www.zomato.com/mangalore/hotel-ashwini-hampankatta/info|18|Casual Dining|12noon to 3pm,7pm to 10pm(Mon-Sun)|Average|3.0|6
Samanyu Juice Point|250|Juices|Mangalore|Kodikal|https://www.zomato.com/mangalore/samanyu-juice-point-kodikal/info|18|Beverage Shop|10am to 7pm(Mon-Sun)|Average|2.8|7
Olive By Yen Cafe|250|Cafe,Desserts|Mangalore|Kodailbail|https://www.zomato.com/mangalore/olive-by-yen-cafe-kodailbail/info|18|none|(Mon-Sun)|Not rated|-|-
Janatha Chaat Adda|250|Street Food|Mangalore|Bharath Mall-- Lalbagh|https://www.zomato.com/mangalore/janatha-chaat-adda-lalbagh/info|18|Food Court|11am to 10pm(Mon-Sun)|Average|2.8|4
Hotel Samudra|250|South Indian,Seafood,North Indian,Mangalorean|Mangalore|Surathkal|https://www.zomato.com/mangalore/hotel-samudra-1-surathkal/info|18|none|(Mon-Sun)||NEW|NEW
Hotel Divyashree|250|Seafood,South Indian|Mangalore|Kodailbail|https://www.zomato.com/mangalore/hotel-divyashree-kodailbail/info|18|Quick Bites|1130am to 4pm,7pm to 10pm(Mon-Sun)|Average|3.1|5
Crumbz|300|Bakery|Mangalore|Bendoor|https://www.zomato.com/mangalore/crumbz-bendoor/info|18|Bakery|930am to 10pm(Mon-Sun)|Not rated|-|-
P.K's Food World|200|Beverages,Fast Food,Juices|Mangalore|Lalbagh|https://www.zomato.com/mangalore/p-ks-food-world-lalbagh/info|19|none|10am to 10pm(Mon-Sun)|Not rated|-|-
New Mangalore Bar & Restaurant|250|Mangalorean,Bar Food,Seafood,Biryani,South Indian|Mangalore|Padukodi|https://www.zomato.com/mangalore/new-mangalore-bar-restaurant-padukodi/info|19|Quick Bites|12noon to 1030pm(Mon-Sun)|Not rated|-|-
Janani Restaurant|300|South Indian|Mangalore|Hampankatta|https://www.zomato.com/mangalore/janani-restaurant-hampankatta/info|19|Casual Dining|730am to 1030pm(Mon-Sun)|Average|2.8|4
Hotel Atil Kudla|300|Seafood,South Indian,Chinese,Beverages|Mangalore|Kavoor|https://www.zomato.com/mangalore/hotel-atil-kudla-kavoor/info|19|Quick Bites|7am to 1030pm(Mon-Sun)|Average|2.9|4
Suchi Restaurant|300|South Indian|Mangalore|Kadri|https://www.zomato.com/mangalore/suchi-restaurant-kadri/info|19|Casual Dining|6am to 10pm(Mon-Sun)|Average|3.1|6
New Mangalore Lunch Home|200|Mangalorean,Konkan,South Indian|Mangalore|Kavoor|https://www.zomato.com/mangalore/new-mangalore-lunch-home-kavoor/info|19|Quick Bites|11am to 3pm(Mon-Sat),Closed(Sun)|Not rated|-|-
Punjab Bhatti Da Dhaba|350|North Indian|Mangalore|Kankanady|https://www.zomato.com/mangalore/punjab-bhatti-da-dhaba-kankanady/info|19|Dhaba|11am to 11pm(Mon-Sun)|Good|3.9|74
Bharathi Restaurant|200|Seafood,Juices|Mangalore|Kodailbail|https://www.zomato.com/mangalore/bharathi-restaurant-kodailbail/info|19|none|12noon to 10pm(Mon-Sun)|Not rated|-|-
Chicken Hub|200|Chinese,Lebanese|Mangalore|Hampankatta|https://www.zomato.com/mangalore/chicken-hub-hampankatta/info|19|none|12noon to 10pm(Mon-Sun)|Not rated|-|-
Hotel Kadal|200|South Indian|Mangalore|Kadri|https://www.zomato.com/mangalore/hotel-kadal-kadri/info|19|Quick Bites|1130am to 330pm,630pm to 1030pm(Mon-Sun)|Not rated|-|-
Hotel Aamantran Restaurant|400|South Indian|Mangalore|Attavar|https://www.zomato.com/mangalore/hotel-aamantran-restaurant-attavar/info|19|Casual Dining|1030am to 330pm,630pm to 1030pm(Mon-Sun)|Average|3.0|5
The Treat|200|South Indian,Chinese|Mangalore|Kodailbail|https://www.zomato.com/mangalore/the-treat-kodailbail/info|19|Quick Bites|11am to 1030pm(Mon-Sun)|Not rated|-|-
Cream Caramel|250|Bakery,Desserts|Mangalore|Balmatta|https://www.zomato.com/mangalore/cream-caramel-1-balmatta/info|19|Bakery|10am to 5pm(Mon-Sun)|Not rated|-|-
New Sri Devi Family Restaurant|250|North Indian,Chinese|Mangalore|Marnamikatte|https://www.zomato.com/mangalore/new-sri-devi-family-restaurant-marnamikatte/info|19|none|(Mon-Sun)|Not rated|-|-
Snackbar|200|Biryani,Arabian,Fast Food|Mangalore|Kankanady|https://www.zomato.com/mangalore/snackbar-kankanady/info|19|none|12noon to 10pm(Mon-Sun)||NEW|NEW
Froth On Top|700|Mangalorean,Seafood,Italian,Desserts,Beverages|Mangalore|Balmatta|https://www.zomato.com/mangalore/froth-on-top-balmatta/info|2|Casual Dining|1030am to 11pm(Mon-Sun)|Very Good|4.1|641
Savoury Restaurant|900|Arabian,North Indian,Chinese,Fast Food|Mangalore|City Center Mall-- Hampankatta|https://www.zomato.com/mangalore/savoury-restaurant-hampankatta/info|2|Casual Dining|8am to 1am(Mon-Sun)|Good|3.9|333
ONYX- Air Lounge and Kitchen|900|Pizza,Finger Food,North Indian|Mangalore|Kodailbail|https://www.zomato.com/mangalore/onyx-air-lounge-and-kitchen-kodailbail/info|2|Lounge|1130am to 1130pm(Mon-Sun)|Very Good|4.4|270
Drip Lounge|400|Pizza,Momos,Fast Food|Mangalore|Bendoor|https://www.zomato.com/mangalore/drip-lounge-bendoor/info|2|Quick Bites|11am to 11pm(Mon-Sun)|Good|3.6|127
Thyme Family Restaurant|700|Continental,Chinese,Thai,Steak,Beverages|Mangalore|Lalbagh|https://www.zomato.com/mangalore/thyme-family-restaurant-lalbagh/info|2|Casual Dining|1130am to 330pm,7pm to 11pm(Mon-Sun)|Very Good|4.2|273
Uttam Panjabi Dhaba|400|North Indian,Beverages|Mangalore|Ashok Nagar|https://www.zomato.com/mangalore/uttam-panjabi-dhaba-ashok-nagar/info|2|Casual Dining|11am to 11pm(Mon-Sun)|Very Good|4.2|273
Simbly South|1000|Kerala,South Indian,Mangalorean|Mangalore|Balmatta|https://www.zomato.com/mangalore/simbly-south-balmatta/info|2|Casual Dining|11am to 3pm,7pm to 11pm(Mon-Sun)|Very Good|4.2|142
Gajalee Sea Food|750|Seafood,North Indian|Mangalore|Kadri|https://www.zomato.com/mangalore/gajalee-sea-food-kadri/info|2|Casual Dining|11am to 11pm(Mon-Sun)|Very Good|4.2|443
Aurfila Restaurant|800|Continental,Italian,Steak,Burger|Mangalore|Lalbagh|https://www.zomato.com/mangalore/aurfila-restaurant-lalbagh/info|2|Casual Dining|12noon to 1130pm(Mon-Sun)|Good|3.7|103
Kobe Sizzlers|1000|Continental,American,Desserts,Beverages|Mangalore|Balmatta|https://www.zomato.com/mangalore/kobe-sizzlers-balmatta/info|2|Casual Dining|11am to 11pm(Mon-Sun)|Very Good|4.1|370
Liquid Lounge|800|Finger Food,North Indian,Continental,Italian,Beverages|Mangalore|Balmatta|https://www.zomato.com/mangalore/liquid-lounge-balmatta/info|2|Lounge|10am to 1130pm(Mon-Sun)|Very Good|4.2|431
Kairali Adukkala|600|Kerala,Biryani,North Indian,Desserts|Mangalore|Kankanady|https://www.zomato.com/mangalore/kairali-adukkala-kankanady/info|2|Casual Dining|8am to 11pm(Mon-Sun)|Very Good|4.0|158
Pallkhi Restaurant|1200|Mangalorean,Seafood,North Indian,Chinese|Mangalore|Balmatta|https://www.zomato.com/mangalore/pallkhi-restaurant-balmatta/info|2|Fine Dining|12noon to 3pm,7pm to 11pm(Mon-Sun)|Very Good|4.1|473
Shake Factory|400|Cafe,Sandwich,Burger,Ice Cream|Mangalore|Hampankatta|https://www.zomato.com/mangalore/shake-factory-hampankatta/info|2|Café|11am to 1130pm(Mon-Sun)|Good|3.7|193
Mangala Restaurant & Bar|600|North Indian,Chinese,Mangalorean|Mangalore|Kankanady|https://www.zomato.com/mangalore/mangala-restaurant-bar-kankanady/info|2|Casual Dining|11am to 11pm(Mon-Sun)|Very Good|4.1|291
Bhushan Bar & Restaurant|650|North Indian,Chinese|Mangalore|Hampankatta|https://www.zomato.com/mangalore/bhushan-bar-restaurant-1-hampankatta/info|20|Casual Dining|10am to 10pm(Mon-Sun)|Not rated|-|-
Hotel Kinara Grand|400|South Indian,North Indian,Chinese|Mangalore|Surathkal|https://www.zomato.com/mangalore/hotel-kinara-grand-surathkal/info|20|none|12noon to 1030pm(Mon-Sun)||NEW|NEW
Hotel Quality|700|Mangalorean|Mangalore|Balmatta|https://www.zomato.com/mangalore/hotel-quality-balmatta/info|20|Casual Dining|12noon to 1030pm(Mon-Sun)|Not rated|-|-
Parika Juice|150|Juices|Mangalore|Marnamikatte|https://www.zomato.com/mangalore/parika-juice-marnamikatte/info|20|Beverage Shop|10am to 10pm(Mon-Sun)|Not rated|-|-
Chemmeen|250|South Indian|Mangalore|Kankanady|https://www.zomato.com/mangalore/chemmeen-kankanady/info|20|none|12noon to 9pm(Mon-Sun)||NEW|NEW
Rolls and snacks|250|Kerala,Biryani|Mangalore|Marnamikatte|https://www.zomato.com/mangalore/rolls-and-snacks-marnamikatte/info|20|none|1130am to 10pm(Mon-Sun)|Not rated|-|-
Sharath Bar and Restaurant|300|South Indian,North Indian,Indian|Mangalore|Surathkal|https://www.zomato.com/mangalore/sharath-bar-and-restaurant-surathkal/info|20|none|12noon to 1030pm(Mon-Sun)||NEW|NEW
Crumbz|200|Desserts,Beverages|Mangalore|Kankanady|https://www.zomato.com/mangalore/crumbz-1-kankanady/info|20|none|10am to 8pm(Mon-Sun)|Not rated|-|-
Hotel Shree Ganesh|250|North Indian,South Indian|Mangalore|Hampankatta|https://www.zomato.com/mangalore/hotel-shree-ganesh-hampankatta/info|20|Quick Bites|(Mon-Sun)|Not rated|-|-
Global Janatha Cafe|150|Sandwich,Rolls,Juices|Mangalore|Ashok Nagar|https://www.zomato.com/mangalore/global-janatha-cafe-ashok-nagar/info|20|Quick Bites|5pm to 10pm(Mon-Sun)|Not rated|-|-
Crust N Crumbs Bakery|350|Bakery|Mangalore|Kulashekara|https://www.zomato.com/mangalore/crust-n-crumbs-bakery-kulashekara/info|20|Bakery|10am to 10pm(Mon-Sun)||NEW|NEW
National Restaurant|300|Seafood,South Indian,Chinese|Mangalore|Kankanady|https://www.zomato.com/mangalore/national-restaurant-kankanady/info|20|Casual Dining|1130am to 330pm,7pm to 1030pm(Mon-Sun)|Not rated|-|-
Hotel Sri Balaji|200|South Indian|Mangalore|Attavar|https://www.zomato.com/mangalore/hotel-sri-balaji-attavar/info|20|Casual Dining|7am to 9pm(Mon-Sun)|Not rated|-|-
P.P Ice Cream Parlour|250|Desserts|Mangalore|Mallikatte|https://www.zomato.com/mangalore/p-p-ice-cream-parlour-mallikatte/info|20|none|930am to 10pm(Mon-Sun)|Not rated|-|-
Papillon Bar & Restaurant|400|South Indian,North Indian,Chinese|Mangalore|Surathkal|https://www.zomato.com/mangalore/papillon-bar-restaurant-surathkal/info|20|none|12noon to 1030pm(Mon-Sun)||NEW|NEW
Hotel Fish Dine|400|Chinese,Seafood|Mangalore|Kulai|https://www.zomato.com/mangalore/hotel-fish-dine-kulai/info|21|Quick Bites|10am to 10pm(Mon-Sun)|Not rated|-|-
Crumbz|200|Desserts,Beverages|Mangalore|Kodailbail|https://www.zomato.com/mangalore/crumbz-kodailbail/info|21|none|(Mon-Sun)|Not rated|-|-
Ashiq Bhai's restaurant|600|North Indian|Mangalore|KS Rao Nagar|https://www.zomato.com/mangalore/ashiq-bhais-restaurant-ks-rao-nagar/info|21|Casual Dining|12noon to 1030pm(Mon-Sun)|Not rated|-|-
Tai Chien|950|Chinese,Momos,Desserts|Mangalore|Moti Mahal Hotel-- Bendoor|https://www.zomato.com/mangalore/tai-chien-bendoor/info|21|Casual Dining|11am to 3pm,630pm to 1130pm(Mon-Sun)|Good|3.6|60
Bamboo Dawath|500|Biryani,North Indian,Chinese,Rolls|Mangalore|Forum Mall-- Attavar|https://www.zomato.com/mangalore/bamboo-dawath-attavar/info|21|Casual Dining|12noon to 11pm(Mon-Sun)|Good|3.6|51
kadali consumer products|150|Ice Cream,Desserts|Mangalore|Kadri|https://www.zomato.com/mangalore/kadali-consumer-products-kadri/info|21|Dessert Parlor|11am to 1030pm(Mon-Sun)|Not rated|-|-
Janatha Fresh Sugar Cane Juice|200|Beverages|Mangalore|Attavar|https://www.zomato.com/mangalore/janatha-fresh-sugar-cane-juice-attavar/info|21|Beverage Shop|(Mon-Sun)|Not rated|-|-
Noor's Kitchen|400|North Indian|Mangalore|Attavar|https://www.zomato.com/mangalore/noors-kitchen-attavar/info|21|none|11am to 9pm(Mon-Sun)||NEW|NEW
Hotel Sri Harsha|300|South Indian|Mangalore|Balmatta|https://www.zomato.com/mangalore/hotel-sri-harsha-balmatta/info|21|Casual Dining|10am to 930pm(Mon-Sun)|Not rated|-|-
Mexican hot N spicy|250|Arabian|Mangalore|Thokottu|https://www.zomato.com/mangalore/mexican-hot-n-spicy-thokottu/info|21|Quick Bites|11am to 11pm(Mon-Sun)|Average|3.3|31
Mumbai Darbar|400|Mughlai,Biryani,North Indian,Desserts|Mangalore|Kadri|https://www.zomato.com/mangalore/mumbai-darbar-kadri/info|21|Casual Dining|12noon to 3pm,7pm to 1045pm(Mon-Sun)|Good|3.8|69
Tikka palace|200|Arabian|Mangalore|Thokottu|https://www.zomato.com/mangalore/tikka-palace-thokottu/info|21|none|12noon to 11pm(Mon-Sun)|Average|3.4|32
Coastal Hub|600|Seafood,Mangalorean,North Indian,Chinese,Arabian|Mangalore|Ashok Nagar|https://www.zomato.com/mangalore/coastal-hub-ashok-nagar/info|21|Casual Dining|1130am to 330pm,630pm to 11pm(Mon-Sun)|Average|2.9|61
Danish Creek Restaurant|400|Arabian,North Indian|Mangalore|Bendoor|https://www.zomato.com/mangalore/danish-creek-restaurant-bendoor/info|21|Casual Dining|11am to 11pm(Mon-Sun)|Average|3.1|47
Hotel Chicken Hut|300|Chinese,Fast Food,North Indian,Arabian|Mangalore|Kankanady|https://www.zomato.com/mangalore/hotel-chicken-hut-kankanady/info|21|Casual Dining|11am to 11pm(Mon-Sun)|Good|3.5|60
OH MY BOWL|300||Mangalore|Kodailbail|https://www.zomato.com/mangalore/oh-my-bowl-kodailbail/info|22|none|1130am to 4pm,7pm to 11pm(Mon-Sun)||NEW|NEW
Kairali Bhavan|400|North Indian,Chinese,Biryani|Mangalore|Attavar|https://www.zomato.com/mangalore/kairali-bhavan-attavar/info|22|Casual Dining|11am to 11pm(Mon-Sun)|Average|3.4|77
Sheikh's Cuisine|400|Arabian,Biryani,Desserts,Beverages|Mangalore|Bunder|https://www.zomato.com/mangalore/sheikhs-cuisine-bunder/info|22|Quick Bites|7am to 11pm(Mon-Sat),12noon to 11pm(Sun)|Good|3.6|40
New Diner's Paradise|550|Arabian,Biryani,Charcoal Chicken|Mangalore|Kadri|https://www.zomato.com/mangalore/new-diners-paradise-kadri/info|22|Casual Dining|12noon to 330pm,6pm to 1am(Mon-Sun)|Good|3.5|51
Belgian Waffle Waves|300|Desserts,Beverages,Coffee|Mangalore|Kodailbail|https://www.zomato.com/mangalore/belgian-waffle-waves-kodailbail/info|22|Dessert Parlor|10am to 11pm(Mon-Sun)|Good|3.8|32
Zagor’s Kitchen|200|Momos,Fast Food,Beverages|Mangalore|Balmatta|https://www.zomato.com/mangalore/zagors-kitchen-balmatta/info|22|Quick Bites|12noon to 3pm,5pm to 11pm(Mon-Sun)|Average|3.4|52
Shri Basaveshwara Khanavalli|200|South Indian|Mangalore|Kapikad|https://www.zomato.com/mangalore/shri-basaveshwara-khanavalli-kapikad/info|22|Quick Bites|9am to 11pm(Mon-Sun)|Average|2.9|25
Goodies Arabian Taste|450|Arabian,Beverages|Mangalore|Hampankatta|https://www.zomato.com/mangalore/goodies-arabian-taste-hampankatta/info|22|Casual Dining|11am to 11pm(Mon-Sun)|Good|3.8|69
Chicking|300|Fast Food|Mangalore|City Center Mall-- Hampankatta|https://www.zomato.com/mangalore/chicking-ks-rao-nagar/info|22|Food Court|1030am to 11pm(Mon-Sun)|Average|3.4|73
Surabhii Rooftop Garden Restaurant|800|North Indian,Chinese,Biryani,Mangalorean|Mangalore|Lalbagh|https://www.zomato.com/mangalore/surabhii-rooftop-garden-restaurant-lalbagh/info|22|Casual Dining|11am to 1130pm(Mon-Sun)|Average|3.3|68
Nisarga|450|North Indian,South Indian,Seafood|Mangalore|Kottara|https://www.zomato.com/mangalore/nisarga-kottara/info|22|Casual Dining|11am to 11pm(Mon-Sun)|Good|3.6|66
Chicken Lagoon|400|Biryani,North Indian,Charcoal Chicken,Chinese,Rolls|Mangalore|Lalbagh|https://www.zomato.com/mangalore/chicken-lagoon-lalbagh/info|22|Casual Dining|12noon to 11pm(Mon-Sun)|Good|3.7|68
Shetty's Kori Roti|400|North Indian,South Indian,Chinese|Mangalore|Kodailbail|https://www.zomato.com/mangalore/shettys-kori-roti-kodailbail/info|22|Casual Dining|1130am to 3pm,630pm to 11pm(Mon-Sun)|Good|3.7|67
Inchara|700|North Indian,South Indian,Chinese,Seafood,Beverages|Mangalore|Kulashekara|https://www.zomato.com/mangalore/inchara-kulashekara/info|22|Casual Dining|10am to 1130pm(Mon-Sun)|Good|3.6|57
Meeting Point Bar And Restaurant|250|South Indian,Fast Food|Mangalore|Derlakatte|https://www.zomato.com/mangalore/meeting-point-bar-and-restaurant-derlakatte/info|22|Bar|930am to 11pm(Mon-Sun)|Good|3.5|33
New Kudla|700|South Indian,North Indian,Chinese|Mangalore|Ashok Nagar|https://www.zomato.com/mangalore/new-kudla-ashok-nagar/info|23|Casual Dining|1130am to 1130pm(Mon-Sun)|Good|3.6|42
The Kudla Cafe|350|Mangalorean,Burger,Chinese,South Indian,Beverages|Mangalore|Kodailbail|https://www.zomato.com/mangalore/the-kudla-cafe-kodailbail/info|23|Quick Bites|10am to 11pm(Mon-Sun)|Good|3.5|36
Petoo|500|North Indian,Mangalorean|Mangalore|Attavar|https://www.zomato.com/mangalore/petoo-2-attavar/info|23|none|11am to 12midnight(Mon-Sun)|Average|2.9|48
Guthu Family Restaurant|400|North Indian,South Indian|Mangalore|Bendoor|https://www.zomato.com/mangalore/guthu-family-restaurant-bendoor/info|23|Casual Dining|11am to 11pm(Mon-Sun)|Average|3.0|51
Twelve Hours|250|Fast Food|Mangalore|Derlakatte|https://www.zomato.com/mangalore/twelve-hours-derlakatte/info|23|none|11am to 11pm(Mon-Sun)|Good|3.5|23
Anupama|1000|North Indian,South Indian,Chinese|Mangalore|Kadri|https://www.zomato.com/mangalore/anupama-1-kadri/info|23|Casual Dining|12noon to 3pm,5pm to 11pm(Mon-Sun)|Good|3.7|43
Hotel Malabar|400|Kerala,North Indian,Chinese|Mangalore|Hampankatta|https://www.zomato.com/mangalore/hotel-malabar-hampankatta/info|23|Casual Dining|10am to 11pm(Mon-Sun)|Good|3.5|49
Nirvana|800|North Indian,South Indian,Chinese|Mangalore|Hampankatta|https://www.zomato.com/mangalore/nirvana-hampankatta/info|23|Casual Dining|1030am to 330pm,630pm to 1130pm(Mon-Sun)|Good|3.8|39
Sea Shell|1500|North Indian,South Indian|Mangalore|Thokottu|https://www.zomato.com/mangalore/sea-shell-thokottu/info|23|Casual Dining|11am to 12midnight(Mon-Sun)|Average|3.0|25
Arabian Food Court|400|North Indian,Biryani,Rolls|Mangalore|Kodailbail|https://www.zomato.com/mangalore/arabian-food-court-kodailbail/info|23|Casual Dining|12noon to 1130pm(Mon-Sun)|Good|3.5|16
Zaika Family Restaurant|600|Biryani,North Indian,Rolls,Sandwich,Beverages|Mangalore|Hampankatta|https://www.zomato.com/mangalore/zaika-family-restaurant-hampankatta/info|23|Casual Dining|12noon to 11pm(Mon-Sun)|Good|3.5|50
Guthu|1000|North Indian,Chinese|Mangalore|Hampankatta|https://www.zomato.com/mangalore/guthu-hampankatta/info|23|Casual Dining|1130am to 330pm,7pm to 11pm(Mon-Sun)|Good|3.5|48
Cafe J1|300|Cafe|Mangalore|Lalbagh|https://www.zomato.com/mangalore/cafe-j1-lalbagh/info|23|Food Court|10am to 1130pm(Mon-Sun)|Average|2.5|20
Big Mama's|300|Wraps,North Indian,Fast Food,Continental,BBQ,Afghan|Mangalore|Kulashekara|https://www.zomato.com/mangalore/big-mamas-kulashekara/info|23|Quick Bites|Closed(Mon),1130am to 330pm,430pm to 11pm...|Good|3.6|23
Ice And Spice|200|North Indian,South Indian,Chinese,Arabian,Fast Food,Rolls|Mangalore|Hampankatta|https://www.zomato.com/mangalore/ice-and-spice-hampankatta/info|23|Quick Bites|11am to 11pm(Mon-Sun)|Average|3.3|17
Taj's Broasted Chicken & More|250|Burger,Wraps,Finger Food,Fast Food|Mangalore|Kankanady|https://www.zomato.com/mangalore/tajs-broasted-chicken-more-kankanady/info|24|Quick Bites|2pm to 11pm(Mon-Sun)|Good|3.6|30
Home made Tempting Sandwiches|100|Sandwich|Mangalore|Bendoor|https://www.zomato.com/mangalore/home-made-tempting-sandwiches-bendoor/info|24|none|8am to 12midnight(Mon-Sun)|Average|3.1|13
Hunger Lust|200|Fast Food|Mangalore|Marnamikatte|https://www.zomato.com/mangalore/hunger-lust-marnamikatte/info|24|none|7pm to 3am(Mon-Sun)|Good|3.6|40
Amantrana|400|North Indian,South Indian,Chinese|Mangalore|Attavar|https://www.zomato.com/mangalore/amantrana-attavar/info|24|Casual Dining|12noon to 330pm,630pm to 11pm(Mon-Sun)|Average|3.2|26
Green Chilli|300|North Indian,Arabian,Chinese,South Indian,Biryani,Rolls|Mangalore|Mallikatte|https://www.zomato.com/mangalore/green-chilli-mallikatte/info|24|Quick Bites|12noon to 11pm(Mon-Sun)|Average|3.4|11
Hotel South India|400|South Indian,Seafood,North Indian,Biryani,Chinese|Mangalore|Attavar|https://www.zomato.com/mangalore/hotel-south-india-attavar/info|24|Casual Dining|1130am to 4pm,630pm to 11pm(Mon-Sun)|Good|3.5|34
Maanadhige|600|Seafood,Mangalorean,North Indian,South Indian|Mangalore|Kottara|https://www.zomato.com/mangalore/maanadhige-kottara/info|24|Casual Dining|11am to 330pm,630pm to 1130pm(Mon-Thu),11am...|Average|3.4|29
Golden Gate|500|North Indian,Biryani,Mangalorean,Chinese|Mangalore|Lalbagh|https://www.zomato.com/mangalore/golden-gate-lalbagh/info|24|Casual Dining|10am to 1130pm(Mon-Sun)|Average|3.3|35
Grub monkey|300|Sandwich,Juices,Fast Food,Desserts,Burger|Mangalore|Derlakatte|https://www.zomato.com/mangalore/grub-monkey-derlakatte/info|24|none|11am to 11pm(Mon-Sun)|Good|3.5|15
Trishna Hotels|700|South Indian,North Indian,Biryani,Mangalorean|Mangalore|Trishna Hotels|https://www.zomato.com/mangalore/trishna-hotels-1-kavoor/info|24|Casual Dining|1130am to 3pm,7pm to 11pm(Mon-Sun)|Good|3.5|15
Hotel Salwa|450|Biryani,Kerala,Arabian,South Indian|Mangalore|Hampankatta|https://www.zomato.com/mangalore/hotel-salwa-hampankatta/info|24|Casual Dining|8am to 11pm(Mon-Sun)|Good|3.6|34
Kyle's The Restaurant|450|North Indian,Mangalorean,Continental,BBQ|Mangalore|Derlakatte|https://www.zomato.com/mangalore/kyles-the-restaurant-derlakatte/info|24|none|11am to 11pm(Mon-Sun)|Average|3.1|10
Aquarius|500|North Indian,South Indian,Chinese|Mangalore|Hampankatta|https://www.zomato.com/mangalore/aquarius-hampankatta/info|24|Casual Dining|7am to 11pm(Mon-Sun)|Average|2.5|20
Wine and Dine|200|Fast Food|Mangalore|Thokottu|https://www.zomato.com/mangalore/wine-and-dine-thokottu/info|24|none|11am to 1030pm(Mon),11am to 11pm(Tue-Sun)|Average|3.3|17
S Cube Pudding Bar|120|Desserts|Mangalore|Kodailbail|https://www.zomato.com/mangalore/s-cube-pudding-bar-kodailbail/info|24|Dessert Parlor|11am to 11pm(Mon-Sun)|Average|3.3|14
Food Factory|300|Lebanese,Juices|Mangalore|Kavoor|https://www.zomato.com/mangalore/food-factory-1-kavoor/info|25|Quick Bites|3pm to 11pm(Mon-Sun)||NEW|NEW
Avil Milk shake|150|Beverages|Mangalore|KS Rao Nagar|https://www.zomato.com/mangalore/avil-milk-shake-ks-rao-nagar/info|25|Beverage Shop|10am to 11pm(Mon-Sun)|Average|3.4|27
Dilli Darbar|250|Mughlai,Afghan,Chinese,Arabian,North Indian|Mangalore|Marnamikatte|https://www.zomato.com/mangalore/dilli-darbar-1-marnamikatte/info|25|Quick Bites|12noon to 11pm(Mon,Tue,Wed,Thu,Sat,Sun)...|Good|3.5|24
Tulunad Seafood Restaurant|500|Seafood,Mangalorean,South Indian,North Indian,Chinese,Beverages|Mangalore|Balmatta|https://www.zomato.com/mangalore/tulunad-seafood-restaurant-balmatta/info|25|Casual Dining|1130am to 330pm,7pm to 11pm(Mon-Sun)|Average|3.2|7
Mangala|800|South Indian,North Indian,Chinese,Desserts|Mangalore|Moti Mahal Hotel-- Bendoor|https://www.zomato.com/mangalore/mangala-bendoor/info|25|Casual Dining|7am to 330pm,7pm to 1130pm(Mon-Sun)|Average|3.4|28
Mehfil|500|Finger Food|Mangalore|Moti Mahal Hotel-- Bendoor|https://www.zomato.com/mangalore/mehfil-bendoor/info|25|Bar|11am to 11pm(Mon-Sun)|Average|3.0|4
Hotel Shalimar|400|North Indian,South Indian|Mangalore|Bunder|https://www.zomato.com/mangalore/hotel-shalimar-bunder/info|25|Casual Dining|9am to 12midnight(Mon-Sun)|Good|3.5|31
Delhi Aroma|250|North Indian,Sandwich,Juices|Mangalore|Kodailbail|https://www.zomato.com/mangalore/delhi-aroma-kodailbail/info|25|Quick Bites|8am to 11pm(Mon-Sun)|Average|3.3|14
The Secret Chef|300|Burger,Finger Food,Beverages|Mangalore|Kodailbail|https://www.zomato.com/mangalore/the-secret-chef-kodailbail/info|25|Quick Bites|8pm to 3am(Mon-Sun)|Good|3.6|31
Mango Berrys|300|Desserts,Ice Cream|Mangalore|Marnamikatte|https://www.zomato.com/mangalore/mango-berrys-marnamikatte/info|25|Dessert Parlor|11am to 11pm(Mon-Sun)|Good|3.5|19
BBQ Kitchen|1000|BBQ,North Indian,Kebab|Mangalore|KS Rao Nagar|https://www.zomato.com/mangalore/bbq-kitchen-ks-rao-nagar/info|25|Casual Dining|11am to 11pm(Mon-Sun)|Average|3.2|25
Sai Suraj International Hotel|500|North Indian,South Indian|Mangalore|Hotel Sai Suraj International-- Surathkal|https://www.zomato.com/mangalore/sai-suraj-international-hotel-surathkal/info|25|Casual Dining|7am to 330pm,630pm to 11pm(Mon-Sun)|Average|3.3|23
TCB - The Chicken Bay|150|Arabian,Fast Food|Mangalore|Thokottu|https://www.zomato.com/mangalore/tcb-the-chicken-bay-thokottu/info|25|none|11am to 11pm(Mon-Sun)||NEW|NEW
Maharajas Fish Bowl|600|Seafood,Chinese,North Indian|Mangalore|Kodailbail|https://www.zomato.com/mangalore/maharajas-fish-bowl-kodailbail/info|25|none|1130am to 430pm,630pm to 11pm(Mon-Sat),Closed...|Good|3.6|31
nazrana family restaurant|200|North Indian,Fast Food,Biryani,Arabian|Mangalore|Surathkal|https://www.zomato.com/mangalore/nazrana-family-restaurant-surathkal/info|25|none|7am to 11pm(Mon-Sun)||NEW|NEW
Punjab Di Haandi|300|North Indian,Kebab,Beverages|Mangalore|City Center Mall-- Hampankatta|https://www.zomato.com/mangalore/punjab-di-haandi-ks-rao-nagar/info|26|Food Court|11am to 11pm(Mon-Sun)|Average|3.3|23
Arabian Mexico|250|Arabian,Biryani,Beverages|Mangalore|Attavar|https://www.zomato.com/mangalore/arabian-mexico-attavar/info|26|Quick Bites|11am to 11pm(Mon-Sun)|Good|3.6|24
Mane Oota|250|Seafood,Mangalorean,Biryani|Mangalore|Hampankatta|https://www.zomato.com/mangalore/mane-oota-hampankatta/info|26|Quick Bites|1130am to 4pm,7pm to 4am(Mon-Sun)|Average|3.3|11
vinamra Family bar and restaurant|300|South Indian,Seafood,North Indian,Mangalorean|Mangalore|Thokottu|https://www.zomato.com/mangalore/vinamra-family-bar-and-restaurant-thokottu/info|26|none|11am to 330pm,630pm to 11pm(Mon-Sun)|Average|3.2|10
The Liquid  Lounge|700|Continental|Mangalore|Hampankatta|https://www.zomato.com/mangalore/the-liquid-lounge-hampankatta/info|26|Bar|10am to 11pm(Mon-Sun)|Good|3.5|25
pizza cafe|300|Pizza|Mangalore|Derlakatte|https://www.zomato.com/mangalore/pizza-cafe-derlakatte/info|26|none|11am to 11pm(Mon-Sun)|Average|3.1|9
Hotel Chicken Hut|450|Chinese,Fast Food,North Indian|Mangalore|Marnamikatte|https://www.zomato.com/mangalore/hotel-chicken-hut-marnamikatte/info|26|Casual Dining|1230pm to 11pm(Mon-Sun)|Average|3.0|20
Cellar Bar & Restaurant|800|North Indian,Chinese|Mangalore|Hampankatta|https://www.zomato.com/mangalore/cellar-bar-restaurant-hampankatta/info|26|Casual Dining|1030am to 1130pm(Mon-Sun)|Good|3.5|38
Coastal Bar And Restaurant|650|Mangalorean,South Indian,Chinese|Mangalore|Kottara|https://www.zomato.com/mangalore/coastal-bar-and-restaurant-kottara/info|26|Casual Dining|10am to 11pm(Mon-Sun)|Good|3.5|26
Cafe Food City|500|Arabian,Biryani|Mangalore|Hampankatta|https://www.zomato.com/mangalore/cafe-food-city-hampankatta/info|26|Casual Dining|1230pm to 1130pm(Mon-Sun)|Good|3.6|32
SLK Restaurants- Highwave Route 66|800|Mangalorean,Continental,Finger Food|Mangalore|Kottara|https://www.zomato.com/mangalore/slk-restaurants-highwave-route-66-kottara/info|26|Casual Dining|1130am to 330pm,730pm to 1130pm(Mon-Sun)|Average|2.8|21
Matbakh Thalassery Kitchen|400|South Indian,North Indian|Mangalore|Bunder|https://www.zomato.com/mangalore/matbakh-thalassery-kitchen-1-bunder/info|26|Quick Bites|7am to 1130pm(Mon-Sun)|Good|3.5|22
Ritz Cafe|300|Arabian,Biryani,Chinese|Mangalore|Lalbagh|https://www.zomato.com/mangalore/ritz-cafe-1-lalbagh/info|26|Café|11am to 11pm(Mon-Sun)|Average|3.2|18
Kairali Restaurant|500|Chinese,Kerala,North Indian,South Indian|Mangalore|Hampankatta|https://www.zomato.com/mangalore/kairali-restaurant-hampankatta/info|26|Casual Dining|7am to 11pm(Mon-Sun)|Average|3.4|26
Hotel Chaaps|350|Biryani,Chinese,North Indian,Beverages|Mangalore|Kankanady|https://www.zomato.com/mangalore/hotel-chaaps-kankanady/info|26|Casual Dining|11am to 11pm(Mon-Sun)|Average|3.4|22
P P Ice cream Parlour|250|Desserts,Juices|Mangalore|Kankanady|https://www.zomato.com/mangalore/p-p-ice-cream-parlour-kankanady/info|27|none|930am to 11pm(Mon-Sun)|Not rated|-|-
Hotel Nisarga|200|Chinese,North Indian,South Indian|Mangalore|Balmatta|https://www.zomato.com/mangalore/hotel-nisarga-balmatta/info|27|Quick Bites|7am to 11pm(Mon-Sun)|Average|3.2|8
Fresh Bites|300|Lebanese,Indian,Chinese|Mangalore|Surathkal|https://www.zomato.com/mangalore/fresh-bites-surathkal/info|27|none|12noon to 11pm(Mon-Sun)||NEW|NEW
New Sky Bakes Fast Food|300|North Indian,Chinese|Mangalore|Attavar|https://www.zomato.com/mangalore/new-sky-bakes-fast-food-attavar/info|27|Casual Dining|11am to 11pm(Mon-Sun)|Average|3.2|22
Safa Dine|300|Biryani,Kerala,North Indian,South Indian|Mangalore|Balmatta|https://www.zomato.com/mangalore/safa-dine-balmatta/info|27|Quick Bites|11am to 11pm(Mon-Sun)|Average|3.4|7
Jamaican Hotspot Cafe|450|Cafe,Burger,Fast Food,Beverages|Mangalore|Kodailbail|https://www.zomato.com/mangalore/jamaican-hotspot-cafe-kodailbail/info|27|Café|930am to 11pm(Mon-Sun)|Average|2.7|19
Biryani Darbar|200|Biryani,Mughlai,South Indian,Arabian|Mangalore|Mallikatte|https://www.zomato.com/mangalore/biryani-darbar-mallikatte/info|27|Quick Bites|11am to 11pm(Mon-Sun)|Average|3.2|4
Jaison Fast Food|200|Chinese,Fast Food|Mangalore|Attavar|https://www.zomato.com/mangalore/jaison-fast-food-attavar/info|27|Quick Bites|11am to 11pm(Mon-Sun)|Average|3.2|12
Red Salt|700|North Indian,South Indian,Chinese|Mangalore|Kottara|https://www.zomato.com/mangalore/red-salt-kottara/info|27|Casual Dining|730am to 11pm(Mon-Sun)|Average|3.4|20
Gauji Gammath|500|North Indian,Seafood,South Indian,Chinese,Beverages|Mangalore|Hotel Roopa-- Balmatta|https://www.zomato.com/mangalore/gauji-gammath-hampankatta/info|27|Bar|1130am to 330pm,630pm to 11pm(Mon-Sun)|Average|3.4|22
Brown Rice|650|Seafood,Chinese,North Indian|Mangalore|Kankanady|https://www.zomato.com/mangalore/brown-rice-kankanady/info|27|Casual Dining|11am to 11pm(Mon-Sun)|Average|3.0|13
Juice Cafe 96|200|Sandwich,Beverages|Mangalore|Kadri|https://www.zomato.com/mangalore/juice-cafe-96-kadri/info|27|Quick Bites|11am to 11pm(Mon,Tue,Wed,Thu,Sat,Sun),11am...|Average|3.1|7
Misbah Shawarma Hut|200|Arabian|Mangalore|Bendoor|https://www.zomato.com/mangalore/misbah-shawarma-hut-bendoor/info|27|none|5pm to 11pm(Mon-Sun)||NEW|NEW
Hot Pot|300|North Indian,Chinese,Biryani|Mangalore|Baikampady|https://www.zomato.com/mangalore/hot-pot-baikampady/info|27|Quick Bites|11am to 11pm(Mon-Sun)|Average|2.8|18
Garden Restaurant|600|North Indian,Chinese,Mughlai|Mangalore|Hampankatta|https://www.zomato.com/mangalore/garden-restaurant-hampankatta/info|27|Casual Dining|11am to 1130pm(Mon-Sun)|Average|3.2|16
Kakunje's Rasoi|300|North Indian,Beverages|Mangalore|Attavar|https://www.zomato.com/mangalore/kakunjes-rasoi-attavar/info|28|Food Court|11am to 11pm(Mon-Sun)|Average|3.3|13
Hotel Sannidhi|300|Mangalorean,Chinese,North Indian|Mangalore|Kottara|https://www.zomato.com/mangalore/hotel-sannidhi-kottara/info|28|Quick Bites|9am to 11pm(Mon-Sun)|Average|2.9|11
Hotel Tasvi|400|Seafood,North Indian,Chinese,Beverages|Mangalore|Kadri|https://www.zomato.com/mangalore/hotel-tasvi-kadri/info|28|Casual Dining|1130am to 330pm,630pm to 11pm(Mon-Sun)|Average|3.3|17
Kori Meen|400|Mangalorean|Mangalore|Kodailbail|https://www.zomato.com/mangalore/kori-meen-kodailbail/info|28|Casual Dining|1130am to 12midnight(Mon-Sun)|Average|3.2|21
Hotel Thammana|450|South Indian,Chinese,North Indian,Seafood|Mangalore|Kodailbail|https://www.zomato.com/mangalore/hotel-thammana-kodailbail/info|28|Casual Dining|1130am to 330pm,630pm to 11pm(Mon-Sun)|Average|3.2|19
Veenu International|600|Chinese,North Indian,Continental,South Indian|Mangalore|Balmatta|https://www.zomato.com/mangalore/veenu-international-balmatta/info|28|Casual Dining|1030am to 330pm,630pm to 11pm(Mon-Sun)|Average|2.7|15
Atithi Food court|450|Seafood,Mangalorean,South Indian,North Indian|Mangalore|Kankanady|https://www.zomato.com/mangalore/atithi-food-court-kankanady/info|28|Quick Bites|730am to 11pm(Mon-Sun)|Average|2.9|8
Mayur Restaurant|400|Mangalorean,Seafood,Chinese,South Indian,North Indian|Mangalore|Kottara|https://www.zomato.com/mangalore/mayur-restaurant-kottara/info|28|Quick Bites|11am to 11pm(Mon-Sun)|Average|3.3|18
Samruddhi Family Restaurant & Bar|200|South Indian,North Indian,Chinese|Mangalore|Derlakatte|https://www.zomato.com/mangalore/samruddhi-family-restaurant-bar-derlakatte/info|28|none|10am to 11pm(Mon-Sun)|Average|3.2|9
Shreya's Sweets|400|Mithai|Mangalore|Hampankatta|https://www.zomato.com/mangalore/shreyas-sweets-hampankatta/info|28|Sweet Shop|11am to 11pm(Mon-Sun)|Average|3.2|11
Coconut Grove|500|North Indian,South Indian,Chinese,Seafood|Mangalore|Bendoor|https://www.zomato.com/mangalore/coconut-grove-bendoor/info|28|Casual Dining|12noon to 1130pm(Mon-Sun)|Average|3.3|20
National Darbar|300|Chinese,North Indian|Mangalore|Bunder|https://www.zomato.com/mangalore/national-darbar-bunder/info|28|Quick Bites|11am to 11pm(Mon-Sun)|Average|3.3|22
Anupam Bar & Restaurant|700|Mangalorean,South Indian,Arabian|Mangalore|Balmatta|https://www.zomato.com/mangalore/anupam-bar-restaurant-balmatta/info|28|Bar|1130am to 330pm,630pm to 11pm(Mon-Sun)|Average|3.1|10
Chicken Fantasy Hot & Spicy|350|Biryani,North Indian,Charcoal Chicken,Chinese,Arabian,Rolls|Mangalore|Kapikad|https://www.zomato.com/mangalore/chicken-fantasy-hot-spicy-kapikad/info|28|Quick Bites|12noon to 11pm(Mon-Sun)|Average|3.2|11
Shrinidhi Juice Centre|100|Beverages,Juices|Mangalore|Hampankatta|https://www.zomato.com/mangalore/shrinidhi-juice-centre-hampankatta/info|28|Kiosk|10am to 11pm(Mon-Sun)|Average|3.2|7
Ice n Spice Restaurant|800|North Indian,Chinese,Arabian,Fast Food,Rolls|Mangalore|Kadri|https://www.zomato.com/mangalore/ice-n-spice-restaurant-kadri/info|29|Casual Dining|9am to 11pm(Mon-Sun)|Average|2.8|18
Exotica|500|North Indian,South Indian,Chinese,Seafood,Beverages|Mangalore|Kulashekara|https://www.zomato.com/mangalore/exotica-kulashekara/info|29|Casual Dining|10am to 11pm(Mon-Sun)|Average|3.4|8
Fish n Chicken County|400|Mangalorean|Mangalore|Baikampady|https://www.zomato.com/mangalore/fish-n-chicken-county-baikampady/info|29|Casual Dining|6am to 11pm(Mon-Sun)|Average|2.9|6
HUB ICE CREAM FACTORY|350|Desserts,Ice Cream,Fast Food|Mangalore|Derlakatte|https://www.zomato.com/mangalore/hub-ice-cream-factory-derlakatte/info|29|Dessert Parlor|9am to 11pm(Mon-Sun)||NEW|NEW
Ni-Hao|300|Chinese|Mangalore|Lalbagh|https://www.zomato.com/mangalore/ni-hao-lalbagh/info|29|Food Court|1030am to 11pm(Mon-Sun)|Average|3.1|12
Hotel Chaavadi|400|South Indian,Chinese|Mangalore|Hampankatta|https://www.zomato.com/mangalore/hotel-chaavadi-hampankatta/info|29|Casual Dining|1130am to 330pm,630pm to 11pm(Mon-Sun)|Average|3.3|17
Spice|400|North Indian,South Indian|Mangalore|Hampankatta|https://www.zomato.com/mangalore/spice-hampankatta/info|29|Casual Dining|11am to 3pm,7pm to 11pm(Mon-Sun)|Average|3.2|11
Hotel Shalimar|400|Biryani,North Indian,Chinese,Beverages|Mangalore|Lalbagh|https://www.zomato.com/mangalore/hotel-shalimar-lalbagh/info|29|Casual Dining|8am to 11pm(Mon-Sun)|Average|3.2|9
Good Times|350|North Indian,South Indian,Chinese|Mangalore|Kottara|https://www.zomato.com/mangalore/good-times-kottara/info|29|Casual Dining|12noon to 3pm,6pm to 11pm(Mon-Sun)|Average|3.3|18
Yuvraj|1200|Chinese,North Indian,South Indian,Continental|Mangalore|Hotel Poonja International|https://www.zomato.com/mangalore/yuvraj-hampankatta/info|29|Casual Dining|11am to 3pm,7pm to 1130pm(Mon-Sun)|Average|2.6|14
New Maithri Family Restaurant|400|South Indian,North Indian|Mangalore|Lalbagh|https://www.zomato.com/mangalore/new-maithri-family-restaurant-lalbagh/info|29|Casual Dining|12noon to 11pm(Mon-Sun)|Average|3.1|7
Modern Dhaba|700|Chinese,Continental,North Indian|Mangalore|Trishna Hotels|https://www.zomato.com/mangalore/modern-dhaba-kavoor/info|29|Casual Dining|10am to 11pm,7pm to 11pm(Mon-Sun)|Average|3.2|9
FISH LOUNGE|300|Seafood,Mangalorean|Mangalore|Kankanady|https://www.zomato.com/mangalore/fish-lounge-kankanady/info|29|Quick Bites|12noon to 330pm,7pm to 11pm(Mon-Sun)|Average|3.1|8
Bishmilaa Shavarma House|160|Arabian|Mangalore|Attavar|https://www.zomato.com/mangalore/bishmilaa-shavarma-house-attavar/info|29|none|4pm to 11pm(Mon-Sun)|Average|3.0|4
Chavadi By Sadanand|200|Mangalorean,Fast Food,Biryani|Mangalore|Surathkal|https://www.zomato.com/mangalore/chavadi-by-sadanand-surathkal/info|29|none|12noon to 11pm(Mon-Sun)||NEW|NEW
KFC|500|Burger,Fast Food|Mangalore|Kadri|https://www.zomato.com/mangalore/kfc-kadri/info|3|Quick Bites|11am to 11pm(Mon-Sun)|Good|3.9|263
Pabbas|250|Ice Cream,Desserts,Beverages,Fast Food|Mangalore|Lalbagh|https://www.zomato.com/mangalore/pabbas-lalbagh/info|3|Dessert Parlor|9am to 9pm(Mon-Sun)|Excellent|4.9|1829
Sagar Ratna|700|South Indian,North Indian,Chinese,Fast Food,Desserts,Beverages|Mangalore|The Ocean Pearl-- Kodailbail|https://www.zomato.com/mangalore/sagar-ratna-kodailbail/info|3|Casual Dining|7am to 11pm(Mon-Sun)|Very Good|4.1|347
Kudla|500|Seafood,North Indian,South Indian,Chinese|Mangalore|Balmatta|https://www.zomato.com/mangalore/kudla-balmatta/info|3|Casual Dining|1130am to 3pm,630pm to 11pm(Mon-Sun)|Good|3.9|299
The Lassi Shop|250|Cafe,Desserts,Burger,Sandwich|Mangalore|Lalbagh|https://www.zomato.com/mangalore/the-lassi-shop-lalbagh/info|3|Café|11am to 11pm(Mon-Sun)|Very Good|4.0|157
Ideal Cafe|500|Ice Cream,South Indian,Fast Food,Beverages,Desserts|Mangalore|Hampankatta|https://www.zomato.com/mangalore/ideal-cafe-hampankatta/info|3|Dessert Parlor|7am to 10pm(Mon,Tue,Fri,Sat,Sun),7pm to 10pm...|Excellent|4.6|860
Chicken Tikka Halal Restaurant|500|Biryani,North Indian,Charcoal Chicken,Chinese,Rolls,Desserts,Beverages|Mangalore|Lalbagh|https://www.zomato.com/mangalore/chicken-tikka-halal-restaurant-lalbagh/info|3|Casual Dining|1130am to 1130pm(Mon-Sun)|Good|3.5|183
Big Bollywood Adda|900|Continental|Mangalore|Balmatta|https://www.zomato.com/mangalore/big-bollywood-adda-balmatta/info|3|Casual Dining|12noon to 1130pm(Mon-Sun)|Very Good|4.0|140
Bombay Lucky Restaurant|500|North Indian,South Indian|Mangalore|Bunder|https://www.zomato.com/mangalore/bombay-lucky-restaurant-bunder/info|3|Casual Dining|930am to 12midnight(Mon-Sun)|Good|3.9|214
Machali|800|Seafood,Mangalorean,South Indian|Mangalore|Kodailbail|https://www.zomato.com/mangalore/machali-kodailbail/info|3|Casual Dining|1130am to 330pm,7pm to 10pm(Mon-Sun)|Excellent|4.6|1203
Punjabi Dhaba|500|North Indian,Biryani,Juices|Mangalore|Hampankatta|https://www.zomato.com/mangalore/punjabi-dhaba-hampankatta/info|3|Casual Dining|12noon to 330pm,7pm to 11pm(Mon-Sun)|Good|3.9|235
Town Table|800|Mughlai,Arabian,Desserts,Biryani,Beverages|Mangalore|Attavar|https://www.zomato.com/mangalore/town-table-attavar/info|3|Casual Dining|12noon to 330pm,7pm to 11pm(Mon-Sun)|Good|3.8|169
Thalassery Kitchen|350|Kerala,Biryani,Seafood|Mangalore|Bunder|https://www.zomato.com/mangalore/thalassery-kitchen-1-bunder/info|3|Quick Bites|11am to 11pm(Mon-Sun)|Good|3.7|137
London Street|1000|North Indian,South Indian,Chinese|Mangalore|Kodailbail|https://www.zomato.com/mangalore/london-street-kodailbail/info|3|Lounge|11am to 11pm(Mon-Sun)|Good|3.8|247
Coral|900|North Indian,Mangalorean,Continental,Chinese,Italian,Salad,Beverages|Mangalore|The Ocean Pearl-- Kodailbail|https://www.zomato.com/mangalore/coral-kodailbail/info|3|Casual Dining|1130am to 3pm,7pm to 11pm(Mon-Sun)|Very Good|4.0|223
Sai Samriddhi Restaurant & Bar|800|South Indian,Mangalorean|Mangalore|Kulai|https://www.zomato.com/mangalore/sai-samriddhi-restaurant-bar-kulai/info|30|Bar|10am to 11pm(Mon-Sun)|Average|2.9|4
Lassi Ghar|150|Beverages|Mangalore|Balmatta|https://www.zomato.com/mangalore/lassi-ghar-balmatta/info|30|Beverage Shop|1030am to 11pm(Mon-Sun)|Average|2.8|6
Chintu Da Dhaba|350|North Indian|Mangalore|Surathkal|https://www.zomato.com/mangalore/chintu-da-dhaba-surathkal/info|30|none|12noon to 11pm(Mon-Sun)||NEW|NEW
New Arabian Food Court|250|Arabian,Biryani,Chinese,Mughlai,South Indian,Beverages|Mangalore|Attavar|https://www.zomato.com/mangalore/new-arabian-food-court-attavar/info|30|Quick Bites|12noon to 11pm(Mon-Sun)|Not rated|-|-
Ruchi Lunch Home|300|South Indian|Mangalore|Kadri|https://www.zomato.com/mangalore/ruchi-lunch-home-kadri/info|30|Casual Dining|11am to 330pm,630pm to 11pm(Mon-Sun)|Average|3.2|8
Cafe Steam In Mug|250|Fast Food,Juices|Mangalore|Hampankatta|https://www.zomato.com/mangalore/cafe-steam-in-mug-1-hampankatta/info|30|Quick Bites|11am to 11pm(Mon-Sun)|Average|2.9|4
J.M.J Lunch Home|200|Mangalorean,Chinese|Mangalore|Attavar|https://www.zomato.com/mangalore/j-m-j-lunch-home-attavar/info|30|Quick Bites|7am to 11pm(Mon-Sun)|Average|3.0|7
Hungry Owl|200|Juices,Beverages|Mangalore|Ashok Nagar|https://www.zomato.com/mangalore/hungry-owl-ashok-nagar/info|30|Quick Bites|5pm to 2am(Mon-Sun)|Average|2.9|4
Pingara Sea food Restaurant|300|Continental|Mangalore|Surathkal|https://www.zomato.com/mangalore/pingara-sea-food-restaurant-surathkal/info|30|none|12noon to 330pm,7pm to 11pm(Mon-Sun)||NEW|NEW
Infiniti|450|Chinese,Kebab,North Indian|Mangalore|Balmatta|https://www.zomato.com/mangalore/infiniti-balmatta/info|30|Bar|11am to 11pm(Mon-Sun)|Average|3.3|7
Hotel Ranjith|200|South Indian|Mangalore|Derlakatte|https://www.zomato.com/mangalore/hotel-ranjith-derlakatte/info|30|none|11am to 11pm(Mon-Sun)|Not rated|-|-
Vinu Bar & Restaurant|600|Mangalorean,Bar Food,Biryani,Chinese|Mangalore|Kavoor|https://www.zomato.com/mangalore/vinu-bar-restaurant-kavoor/info|30|Bar|11am to 11pm(Mon-Sun)|Not rated|-|-
chefs|300|Sandwich,Fast Food,Continental,Chinese,Burger|Mangalore|Derlakatte|https://www.zomato.com/mangalore/chefs-derlakatte/info|30|none|11am to 11pm(Mon-Sun)|Not rated|-|-
Hotel Rathna Sheraton|200|South Indian,North Indian,Mangalorean,Chinese|Mangalore|Kottara|https://www.zomato.com/mangalore/hotel-rathna-sheraton-kottara/info|30|none|11am to 11pm(Mon-Sun)||NEW|NEW
Vinu Restobar|400|North Indian,Chinese|Mangalore|Kavoor|https://www.zomato.com/mangalore/vinu-restobar-kavoor/info|30|Casual Dining|11am to 11pm(Mon-Sun)|Not rated|-|-
Delight fast food and restaurant|250|North Indian,Chinese,Arabian|Mangalore|Kankanady|https://www.zomato.com/mangalore/delight-fast-food-and-restaurant-kankanady/info|31|none|11am to 11pm(Mon-Sun)||NEW|NEW
Gadiyar Restaurant|300|South Indian,Mangalorean,Chinese|Mangalore|Kottara|https://www.zomato.com/mangalore/gadiyar-restaurant-kottara/info|31|Quick Bites|12noon to 11pm(Mon-Sun)||NEW|NEW
Garlick Restaurant|400|North Indian,Chinese,South Indian|Mangalore|Hampankatta|https://www.zomato.com/mangalore/garlick-restaurant-hampankatta/info|31|Quick Bites|730am to 11pm(Mon-Sun)|Average|2.9|4
Dinner Table|200|Fast Food,Biryani,Arabian|Mangalore|Kankanady|https://www.zomato.com/mangalore/dinner-table-kankanady/info|31|none|12noon to 11pm(Mon-Sun)||NEW|NEW
Sai Sagar|300|South Indian|Mangalore|Kottara|https://www.zomato.com/mangalore/sai-sagar-kottara/info|31|Casual Dining|9am to 1130pm(Mon-Sun)|Average|2.9|4
Foodline-IN|200|Fast Food,Biryani,Arabian|Mangalore|Mallikatte|https://www.zomato.com/mangalore/foodline-in-mallikatte/info|31|none|12noon to 11pm(Mon-Sun)||NEW|NEW
Matbakh Thalassery Kitchen|500|Kerala,South Indian,North Indian,Chinese,Biryani|Mangalore|Bunder|https://www.zomato.com/mangalore/matbakh-thalassery-kitchen-bunder/info|31|Casual Dining|11am to 11pm(Mon-Sun)|Not rated|-|-
Kodial Vegetarian Restaurant|300|South Indian|Mangalore|Thokottu|https://www.zomato.com/mangalore/kodial-vegetarian-restaurant-thokottu/info|31|Quick Bites|630am to 11pm(Mon-Sun)||NEW|NEW
IFC|200|Arabian,Burger,Chinese|Mangalore|Hampankatta|https://www.zomato.com/mangalore/ifc-hampankatta/info|31|Quick Bites|11am to 11pm(Mon-Sun)|Not rated|-|-
Kudla Fast food|200|Mangalorean,Chinese|Mangalore|Kottara|https://www.zomato.com/mangalore/kudla-fast-food-kottara/info|31|none|11am to 11pm(Mon-Sun)||NEW|NEW
Silver Fish|200|Seafood,Mangalorean|Mangalore|Surathkal|https://www.zomato.com/mangalore/silver-fish-surathkal/info|31|none|12noon to 11pm(Mon-Sun)||NEW|NEW
Under The Above|700|Chinese,Continental,North Indian|Mangalore|Trishna Hotels|https://www.zomato.com/mangalore/under-the-above-kavoor/info|31|Casual Dining|11am to 11pm(Mon-Sun)|Not rated|-|-
Hotel Himalaya|400|Biryani,Chinese|Mangalore|Hampankatta|https://www.zomato.com/mangalore/hotel-himalaya-hampankatta/info|31|Quick Bites|7am to 11pm(Mon-Sun)|Not rated|-|-
Ice 'N' Spice Restaurant|350|South Indian,Arabian,Chinese,Fast Food|Mangalore|Kavoor|https://www.zomato.com/mangalore/ice-n-spice-restaurant-kavoor/info|31|Quick Bites|8am to 11pm(Mon-Sun)||NEW|NEW
Kwality Walls Icecream Parlour|300|Ice Cream|Mangalore|Kavoor|https://www.zomato.com/mangalore/kwality-walls-icecream-parlour-kavoor/info|31|Dessert Parlor|11am to 11pm(Mon-Sun)|Not rated|-|-
Punjabi Rasoi|500|North Indian|Mangalore|Bharath Mall-- Lalbagh|https://www.zomato.com/mangalore/punjabi-rasoi-lalbagh/info|32|Casual Dining|11am to 11pm(Mon-Sun)|Not rated|-|-
Katta Merta Restaurant|600|Arabian,Chinese,North Indian|Mangalore|Marnamikatte|https://www.zomato.com/mangalore/katta-merta-restaurant-marnamikatte/info|32|Quick Bites|11am to 11pm(Mon-Sun)|Not rated|-|-
Cafe Arabia|350|Arabian,Chinese,North Indian|Mangalore|Marnamikatte|https://www.zomato.com/mangalore/cafe-arabia-marnamikatte/info|32|Quick Bites|12noon to 11pm(Mon-Sun)|Not rated|-|-
Green Heritage Family Restaurant|700|Seafood,South Indian,North Indian,Fast Food|Mangalore|Kadri|https://www.zomato.com/mangalore/green-heritage-family-restaurant-kadri/info|32|Casual Dining|10am to 1130pm(Mon-Sun)|Not rated|-|-
Rooftop|500|North Indian,South Indian,Chinese,Seafood,Beverages|Mangalore|Kulashekara|https://www.zomato.com/mangalore/rooftop-kulashekara/info|32|Casual Dining|1030am to 1130pm(Mon-Sun)|Not rated|-|-
The Little Cafe|100|Beverages|Mangalore|Kankanady|https://www.zomato.com/mangalore/the-little-cafe-kankanady/info|32|Quick Bites|11am to 11pm(Mon-Sun)|Not rated|-|-
Saffron Kitchen|600|North Indian,Fast Food|Mangalore|Surathkal|https://www.zomato.com/mangalore/saffron-kitchen-surathkal/info|32|Casual Dining|10am to 11pm(Mon-Sun)|Not rated|-|-
Delhi Darbar|400|North Indian|Mangalore|City Center Mall-- Hampankatta|https://www.zomato.com/mangalore/delhi-darbar-ks-rao-nagar/info|32|Casual Dining|12noon to 11pm(Mon-Sun)|Not rated|-|-
Hotel Sathyanarayana|300|Chinese,North Indian,South Indian|Mangalore|Hampankatta|https://www.zomato.com/mangalore/hotel-sathyanarayana-hampankatta/info|32|Quick Bites|9am to 11pm(Mon-Sun)|Not rated|-|-
Hotel Navarang|400|Mangalorean,South Indian,Chinese,Seafood|Mangalore|Kavoor|https://www.zomato.com/mangalore/hotel-navarang-kavoor/info|32|Quick Bites|7am to 11pm(Mon-Sun)||NEW|NEW
Biryani Tree|300|Biryani|Mangalore|Marnamikatte|https://www.zomato.com/mangalore/biryani-tree-marnamikatte/info|32|Quick Bites|10am to 11pm(Mon-Sun)|Not rated|-|-
Hotel Malbar Treat|300|Chinese,Kerala,South Indian|Mangalore|Bendoor|https://www.zomato.com/mangalore/hotel-malbar-treat-bendoor/info|32|Quick Bites|730am to 11pm(Mon-Sun)|Not rated|-|-
Sizzlor Food Court|400|Fast Food,Chinese|Mangalore|Kodikal|https://www.zomato.com/mangalore/sizzlor-food-court-kodikal/info|32|Quick Bites|11am to 11pm(Mon-Sun)||NEW|NEW
New Biryani Spot|350|Chinese,North Indian,South Indian|Mangalore|Hampankatta|https://www.zomato.com/mangalore/new-biryani-spot-hampankatta/info|32|Quick Bites|11am to 11pm(Mon-Sun)|Not rated|-|-
Shawarmaiz|150|Fast Food|Mangalore|Kodailbail|https://www.zomato.com/mangalore/shawarmaiz-kodailbail/info|32|none|5pm to 11pm(Mon-Sun)|Not rated|-|-
Icycreamz|200|Ice Cream,Desserts,Fast Food,Beverages|Mangalore|Bendoor|https://www.zomato.com/mangalore/icycreamz-bendoor/info|4|Dessert Parlor|11am to 11pm(Mon-Sun)|Good|3.9|139
Chilly Limon|250|Arabian,Biryani,Kebab|Mangalore|Bendoor|https://www.zomato.com/mangalore/chilly-limon-1-bendoor/info|4|Casual Dining|12noon to 11pm(Mon-Sun)|Good|3.9|133
Donut Magic|250|Bakery,Cafe,Desserts,Beverages|Mangalore|Lalbagh|https://www.zomato.com/mangalore/donut-magic-1-lalbagh/info|4|Café|11am to 11pm(Mon,Tue,Wed,Thu,Sat,Sun),3pm...|Very Good|4.1|148
Chef's Restaurant|400|Italian,Chinese,Burger,Steak,Biryani|Mangalore|Kodailbail|https://www.zomato.com/mangalore/chefs-restaurant-kodailbail/info|4|Casual Dining|1030am to 330pm,630pm to 11pm(Mon-Sun)|Good|3.8|178
Mexican Hot n Spicy|400|Mexican|Mangalore|Kankanady|https://www.zomato.com/mangalore/mexican-hot-n-spicy-kankanady/info|4|Quick Bites|11am to 11pm(Mon,Tue,Wed,Thu,Sat,Sun),145pm...|Very Good|4.1|138
Meenu Oota da Mane|600|Seafood|Mangalore|Kodailbail|https://www.zomato.com/mangalore/meenu-oota-da-mane-kodailbail/info|4|Casual Dining|12noon to 330pm,7pm to 11pm(Mon-Sun)|Very Good|4.1|144
Mumbai Street Kitchen|500|Maharashtrian|Mangalore|KS Rao Nagar|https://www.zomato.com/mangalore/mumbai-street-kitchen-ks-rao-nagar/info|4|Quick Bites|7am to 11pm(Mon-Sun)|Good|3.9|137
Juice Romantic|400|Biryani,North Indian,Chinese,Rolls,Beverages|Mangalore|Kadri|https://www.zomato.com/mangalore/juice-romantic-kadri/info|4|Casual Dining|11am to 11pm(Mon-Sun)|Very Good|4.0|174
Pop Tate's Eatery|400|Biryani,Charcoal Chicken,Rolls,Fast Food|Mangalore|Balmatta|https://www.zomato.com/mangalore/pop-tates-eatery-balmatta/info|4|Casual Dining|5pm to 11pm(Mon-Sun)|Very Good|4.0|204
McDonald's|500|Fast Food,Burger|Mangalore|City Center Mall-- Hampankatta|https://www.zomato.com/mangalore/mcdonalds-ks-rao-nagar/info|4|Quick Bites|11am to 1am(Mon-Sun)|Good|3.8|121
Dinki Dine|500|North Indian,Chinese,South Indian,Burger,Desserts,Beverages|Mangalore|Kadri|https://www.zomato.com/mangalore/dinki-dine-kadri/info|4|Café|7am to 1030pm(Mon-Sun)|Very Good|4.2|318
New Biryani Paradise|350|Biryani,North Indian,Chinese|Mangalore|Kankanady|https://www.zomato.com/mangalore/new-biryani-paradise-kankanady/info|4|Casual Dining|11am to 330pm,6pm to 11pm(Mon-Sun)|Good|3.6|176
Ideal's|300|Ice Cream,Desserts,Beverages|Mangalore|Hampankatta|https://www.zomato.com/mangalore/ideals-1-hampankatta/info|4|Dessert Parlor|9am to 9pm(Mon-Sun)|Excellent|4.5|531
Wok & Fork|300|Fast Food,Momos|Mangalore|Lalbagh|https://www.zomato.com/mangalore/wok-fork-lalbagh/info|4|Quick Bites|11am to 11pm(Mon-Sun)|Good|3.8|137
Crave Desserts & Bakes|200|Desserts,Bakery,Beverages|Mangalore|Balmatta|https://www.zomato.com/mangalore/crave-desserts-bakes-balmatta/info|4|Dessert Parlor|11am to 1030pm(Mon-Sun)|Very Good|4.3|407
Drnk Lab|500|Cafe,Burger,Beverages,Fast Food|Mangalore|Hampankatta|https://www.zomato.com/mangalore/drnk-lab-hampankatta/info|5|Casual Dining|11am to 10pm(Mon-Sun)|Good|3.9|208
Red Rock|800|North Indian,Chinese|Mangalore|Surathkal|https://www.zomato.com/mangalore/red-rock-surathkal/info|5|Casual Dining|11am to 1130pm(Mon-Sun)|Poor|2.3|152
The Old Prax|350|Burger,Finger Food,Fast Food|Mangalore|Kadri|https://www.zomato.com/mangalore/the-old-prax-kadri/info|5|Quick Bites|1130am to 1030pm(Mon-Sun)|Good|3.9|330
Hao Ming|600|Chinese,Momos,Beverages|Mangalore|Balmatta|https://www.zomato.com/mangalore/hao-ming-balmatta/info|5|Casual Dining|12noon to 3pm,630pm to 1030pm(Mon-Sun)|Very Good|4.0|567
The Leela's Kitchen|200|Arabian,Biryani,North Indian|Mangalore|Kottara|https://www.zomato.com/mangalore/the-leelas-kitchen-1-kottara/info|5|Quick Bites|12noon to 11pm(Mon-Sun)|Very Good|4.0|96
Red Chillies|600|North Indian,Biryani,Chinese,Rolls,Juices|Mangalore|Kottara|https://www.zomato.com/mangalore/red-chillies-kottara/info|5|Casual Dining|10am to 11pm(Mon-Sun)|Good|3.8|132
Danish- Shawarma Hut|350|Arabian,Chinese,North Indian|Mangalore|Hampankatta|https://www.zomato.com/mangalore/danish-shawarma-hut-hampankatta/info|5|Quick Bites|11am to 11pm(Mon-Sun)|Good|3.5|75
Brio Cafe and Grill|500|Cafe,Continental,Pizza,Steak,Burger|Mangalore|Hampankatta|https://www.zomato.com/mangalore/brio-cafe-and-grill-hampankatta/info|5|Café|1130am to 10pm(Mon-Fri),1130am to 1030pm...|Good|3.9|330
Basil Cafe|500|Salad,Italian,Mexican,Healthy Food,Beverages|Mangalore|Kapikad|https://www.zomato.com/mangalore/basil-cafe-kapikad/info|5|Quick Bites|730am to 1030pm(Mon,Wed,Thu,Fri,Sat,Sun)...|Very Good|4.0|182
Chai Eat Cafe|400|Tea,Fast Food,Beverages,Sandwich,Burger|Mangalore|Attavar|https://www.zomato.com/mangalore/chai-eat-cafe-attavar/info|5|Café|10am to 11pm(Mon-Sun)|Average|3.1|99
DRNK LAB|200|Beverages|Mangalore|Derlakatte|https://www.zomato.com/mangalore/drnk-lab-derlakatte/info|5|none|11am to 11pm(Mon-Sun)|Good|3.7|61
Cherry Square|600|North Indian,South Indian,Chinese,Fast Food|Mangalore|Kankanady|https://www.zomato.com/mangalore/cherry-square-kankanady/info|5|Casual Dining|1030am to 330pm,630pm to 1030pm(Mon-Sun)|Very Good|4.0|369
Trattoria|750|Pizza,Chinese,Italian|Mangalore|Balmatta|https://www.zomato.com/mangalore/trattoria-balmatta/info|5|Casual Dining|12noon to 3pm,630pm to 10pm(Mon-Sun)|Very Good|4.1|419
Shetty Lunch Home|500|Mangalorean,Biryani,Seafood,Chinese|Mangalore|Balmatta|https://www.zomato.com/mangalore/shetty-lunch-home-balmatta/info|5|Casual Dining|1130am to 330pm,630pm to 1030pm(Mon-Sun)|Very Good|4.2|277
Bakers Treat|400|Arabian,Beverages,Bakery|Mangalore|Hampankatta|https://www.zomato.com/mangalore/bakers-treat-hampankatta/info|5|Bakery|10am to 1030pm(Mon-Sat),830am to 1030pm(Sun)|Very Good|4.1|198
Juice Junction|200|Juices,Street Food|Mangalore|Balmatta|https://www.zomato.com/mangalore/juice-junction-balmatta/info|6|Kiosk|9am to 9pm(Mon-Sun)|Very Good|4.2|222
New Hao Hao|500|Chinese|Mangalore|Kankanady|https://www.zomato.com/mangalore/new-hao-hao-kankanady/info|6|Quick Bites|11am to 3pm,630pm to 1030pm(Mon-Sun)|Very Good|4.0|213
Burger Lounge|300|Burger,Desserts,Sandwich|Mangalore|Kodailbail|https://www.zomato.com/mangalore/burger-lounge-kodailbail/info|6|Quick Bites|1130am to 1030pm(Mon,Tue,Wed,Thu,Sat,Sun)...|Good|3.6|179
Smoke N Oven|600|Cafe,Italian,Pizza,Beverages|Mangalore|Kadri|https://www.zomato.com/mangalore/smoke-n-oven-kadri/info|6|Casual Dining|12noon to 10pm(Mon-Fri),11am to 10pm(Sat-Sun)|Good|3.8|242
Dhaba Cafe|400|Burger,Sandwich,North Indian,Beverages,Pizza|Mangalore|Lalbagh|https://www.zomato.com/mangalore/dhaba-cafe-lalbagh/info|6|Casual Dining|8am to 10pm(Mon-Sun)|Good|3.9|136
Knight Bite|300|Fast Food|Mangalore|Kankanady|https://www.zomato.com/knight-bite/info|6|none|8pm to 4am(Mon-Sun)|Very Good|4.0|146
The Good Galette|400|Cafe,Continental,Italian,Pizza,Desserts,Beverages|Mangalore|Attavar|https://www.zomato.com/mangalore/the-good-galette-4-attavar/info|6|Café|10am to 10pm(Mon-Sun)|Good|3.9|86
Fish Garage|400|Seafood,Mangalorean|Mangalore|Kottara|https://www.zomato.com/mangalore/fish-garage-1-kottara/info|6|Quick Bites|11am to 4pm,6pm to 11pm(Mon-Sun)|Good|3.9|109
Anmol Family Veg Restaurant|400|South Indian,North Indian,Chinese,Desserts,Beverages|Mangalore|Lalbagh|https://www.zomato.com/mangalore/anmol-family-veg-restaurant-lalbagh/info|6|none|7am to 1015pm(Mon-Sun)|Very Good|4.0|172
Hotel Janatha Deluxe|500|North Indian,South Indian,Chinese,Beverages,Desserts|Mangalore|Hampankatta|https://www.zomato.com/mangalore/hotel-janatha-deluxe-hampankatta/info|6|Casual Dining|7am to 330pm,430pm to 1015pm(Mon),7am to ...|Very Good|4.0|141
Danish|500|Arabian,Bihari,Beverages|Mangalore|Kankanady|https://www.zomato.com/mangalore/danish-kankanady/info|6|Casual Dining|1130am to 1130pm(Mon-Sun)|Good|3.8|153
Khasak|700|North Indian,Mughlai,Chinese|Mangalore|Lalbagh|https://www.zomato.com/mangalore/khasak-lalbagh/info|6|Casual Dining|11am to 11pm(Mon-Sun)|Average|2.7|97
Shetty's Food Court|200|Chinese,Biryani,North Indian,Rolls|Mangalore|Kavoor|https://www.zomato.com/mangalore/shettys-food-court-kavoor/info|6|Quick Bites|1130am to 10pm(Mon-Sun)|Good|3.7|106
Grubbery|700|American,Asian,Continental|Mangalore|Derlakatte|https://www.zomato.com/mangalore/grubbery-derlakatte/info|6|Casual Dining|10am to 1030pm(Mon-Sun)|Good|3.8|80
Kudla Rasa Prakash|450|North Indian,Chinese,South Indian,Street Food|Mangalore|Lalbagh|https://www.zomato.com/mangalore/kudla-rasa-prakash-lalbagh/info|6|Casual Dining|7am to 10pm(Mon-Sun)|Good|3.9|159
Rinku Punjabi Kadai|600|North Indian,South Indian,Beverages,Desserts|Mangalore|Attavar|https://www.zomato.com/mangalore/rinku-punjabi-kadai-attavar/info|7|Casual Dining|10am to 330pm,7pm to 11pm(Mon-Sun)|Good|3.9|111
Sadanand|500|North Indian,South Indian,Chinese|Mangalore|Surathkal|https://www.zomato.com/mangalore/sadanand-surathkal/info|7|Casual Dining|12noon to 3pm,7pm to 11pm(Mon-Sun)|Average|3.4|118
Dosa point|200|Arabian|Mangalore|Thokottu|https://www.zomato.com/mangalore/dosa-point-thokottu/info|7|none|(Mon-Sun)|Good|3.8|60
Snackies Cafe|350|Bakery,Fast Food,Desserts,Beverages|Mangalore|Kankanady|https://www.zomato.com/mangalore/snackies-cafe-kankanady/info|7|Quick Bites|1030am to 10pm(Mon-Sun)|Good|3.9|113
Martin's Multi-Cuisine Restaurant|800|South Indian,Chinese,Arabian,Beverages,Mangalorean,Seafood,Continental|Mangalore|Attavar|https://www.zomato.com/mangalore/martins-multi-cuisine-restaurant-attavar/info|7|Casual Dining|11am to 11pm(Mon-Sun)|Average|3.4|110
Keventers|400|Desserts,Beverages,Ice Cream|Mangalore|City Center Mall-- Hampankatta|https://www.zomato.com/mangalore/keventers-hampankatta/info|7|Beverage Shop|11am to 11pm(Mon-Sun)|Good|3.7|78
Utsav Restaurant|500|South Indian,North Indian,Chinese,Sandwich,Juices,Street Food|Mangalore|Hampankatta|https://www.zomato.com/mangalore/utsav-restaurant-1-hampankatta/info|7|Casual Dining|6am to 1030pm(Mon-Sun)|Good|3.8|102
Food Land|600|Seafood,Mangalorean,North Indian,South Indian,Desserts|Mangalore|Lalbagh|https://www.zomato.com/mangalore/food-land-lalbagh/info|7|Casual Dining|11am to 3pm,630pm to 11pm(Mon-Sun)|Good|3.7|125
Tikka Hut|300|Biryani,North Indian,South Indian|Mangalore|Surathkal|https://www.zomato.com/mangalore/tikka-hut-surathkal/info|7|Casual Dining|630am to 1030pm(Mon-Sun)|Good|3.6|117
Mad About China|400|Chinese,Momos|Mangalore|Forum Mall-- Attavar|https://www.zomato.com/mangalore/mad-about-china-attavar/info|7|Food Court|1030am to 1030pm(Mon-Sun)|Good|3.8|146
Samak Dine Family Restaurant|400|Biryani,Kerala,South Indian|Mangalore|Balmatta|https://www.zomato.com/mangalore/samak-dine-family-restaurant-balmatta/info|7|Casual Dining|11am to 1030pm(Mon-Sun)|Good|3.8|83
Le Shaay|300|Fast Food,Beverages,Burger,Sandwich|Mangalore|Kodailbail|https://www.zomato.com/mangalore/le-shaay-kodailbail/info|7|Quick Bites|1030am to 10pm(Mon-Thu),1030am to 1230AM...|Good|3.5|68
Suman Sagar Restaurant|600|South Indian,North Indian|Mangalore|Kankanady|https://www.zomato.com/mangalore/suman-sagar-restaurant-kankanady/info|7|Casual Dining|7am to 10pm(Mon-Sun)|Average|3.4|57
Ribbons And Balloons|450|Bakery,Desserts|Mangalore|Lalbagh|https://www.zomato.com/mangalore/ribbons-and-balloons-1-lalbagh/info|7|Bakery|11am to 10pm(Mon-Sun)|Good|3.7|49
Cibos Resto Cafe|450|Burger,Sandwich,Beverages|Mangalore|Kottara|https://www.zomato.com/mangalore/cibos-resto-cafe-1-kottara/info|7|Café|11am to 11pm(Mon,Tue,Wed,Thu,Sat,Sun),Closed...|Average|3.3|62
Smoky The Sheesha Lounge|1100|Continental,Italian,Chinese,Sandwich,Salad,Beverages|Mangalore|Lalbagh|https://www.zomato.com/mangalore/smoky-the-sheesha-lounge-lalbagh/info|8|Quick Bites|11am to 11pm(Mon-Sun)|Good|3.9|76
Food City Family Restaurant|300|Arabian|Mangalore|Mallikatte|https://www.zomato.com/mangalore/food-city-family-restaurant-mallikatte/info|8|Quick Bites|11am to 1030pm(Mon-Sun)|Good|3.8|35
Cream Shack|350|Burger,Sandwich,Desserts,Pizza|Mangalore|Bendoor|https://www.zomato.com/mangalore/cream-shack-bendoor/info|8|Quick Bites|930am to 9pm(Mon-Sat),Closed(Sun)|Good|3.7|60
Juice World|150|Fast Food,Juices|Mangalore|Kankanady|https://www.zomato.com/mangalore/juice-world-kankanady/info|8|Quick Bites|10am to 10pm(Mon-Sun)|Good|3.7|75
I See Rolls|400|Desserts,Fast Food|Mangalore|Kankanady|https://www.zomato.com/mangalore/i-see-rolls-1-kankanady/info|8|Dessert Parlor|11am to 10pm(Mon-Sun)|Good|3.6|77
Mom'z Kitchen|300|Continental,Chinese|Mangalore|Kodailbail|https://www.zomato.com/mangalore/momz-kitchen-kodailbail/info|8|none|(Mon-Sun)|Good|3.7|46
Indian Tadka|600|North Indian|Mangalore|Forum Mall-- Attavar|https://www.zomato.com/mangalore/indian-tadka-attavar/info|8|Casual Dining|1030am to 1030pm(Mon-Sun)|Good|3.8|133
Pizzaland|250|Pizza,Burger,Sandwich,Juices,Fast Food|Mangalore|Kodailbail|https://www.zomato.com/mangalore/pizzaland-kodailbail/info|8|Quick Bites|1030am to 1030pm(Mon-Sun)|Good|3.5|35
Pizza Da Dhaba|400|Pizza,Fast Food,Beverages|Mangalore|Lalbagh|https://www.zomato.com/mangalore/pizza-da-dhaba-lalbagh/info|8|Quick Bites|1030am to 10pm(Mon-Sun)|Good|3.7|47
Hotel Abhinandan|200|South Indian|Mangalore|Kadri|https://www.zomato.com/mangalore/hotel-abhinandan-kadri/info|8|Casual Dining|630am to 930pm(Mon-Sun)|Good|3.6|42
Snackies Cafe|200|Fast Food,Desserts,Bakery,Beverages|Mangalore|Attavar|https://www.zomato.com/mangalore/snackies-cafe-attavar/info|8|Quick Bites|1030am to 10pm(Mon-Sun)|Good|3.6|75
Cafe Coffee Day|650|Cafe,Fast Food|Mangalore|Bharath Mall-- Lalbagh|https://www.zomato.com/mangalore/cafe-coffee-day-1-lalbagh/info|8|Café|10am to 10pm(Mon-Sun)|Good|3.7|44
Vidya Restaurant|350|Mangalorean,Beverages,Seafood,Chinese,North Indian,South Indian|Mangalore|Kottara|https://www.zomato.com/mangalore/vidya-restaurant-kottara/info|8|Quick Bites|8am to 1030pm(Mon-Sun)|Average|3.2|56
Bites Kati Zone|300|Fast Food,Rolls|Mangalore|Hampankatta|https://www.zomato.com/mangalore/bites-kati-zone-hampankatta/info|8|Quick Bites|11am to 12midnight(Mon-Sun)|Very Good|4.1|99
Mathura Vegetarian|700|South Indian,North Indian,Mangalorean,Street Food,Chinese|Mangalore|Lalbagh|https://www.zomato.com/mangalore/mathura-vegetarian-lalbagh/info|8|Casual Dining|730am to 1030pm(Mon-Sun)|Average|3.2|43
Shiv Sagar|500|South Indian,North Indian|Mangalore|Kadri|https://www.zomato.com/mangalore/shiv-sagar-kadri/info|9|Casual Dining|7am to 11pm(Mon-Sun)|Good|3.6|89
Surmaai - Seafood Restaurant|500|Seafood,Chinese,North Indian|Mangalore|Hosabettu|https://www.zomato.com/mangalore/surmaai-seafood-restaurant-hosabettu/info|9|Casual Dining|1130am to 1030pm(Mon-Sun)|Average|3.4|68
Costa Hotel|300|Konkan,Mangalorean,Biryani,Chinese,Seafood|Mangalore|Kankanady|https://www.zomato.com/mangalore/costa-hotel-kankanady/info|9|Casual Dining|1130am to 10pm(Mon-Sun)|Average|3.1|62
Sai Suraj International|600|North Indian,South Indian,Chinese,Continental|Mangalore|Hotel Sai Suraj International-- Surathkal|https://www.zomato.com/mangalore/sai-suraj-international-surathkal/info|9|Casual Dining|12noon to 330pm,7pm to 11pm(Mon-Sun)|Good|3.6|57
Bombay Baadshah|300|Desserts|Mangalore|KS Rao Nagar|https://www.zomato.com/mangalore/bombay-baadshah-ks-rao-nagar/info|9|Dessert Parlor|730am to 1030pm(Mon-Sun)|Good|3.7|49
Shree Lekhana Dosa Camp|250|South Indian,Juices,Street Food|Mangalore|Kankanady|https://www.zomato.com/mangalore/shree-lekhana-dosa-camp-kankanady/info|9|Quick Bites|7am to 830pm(Mon-Sun)|Good|3.9|80
Royal Treat|800|North Indian,Chinese|Mangalore|Bendoor|https://www.zomato.com/mangalore/royal-treat-bendoor/info|9|Casual Dining|11am to 3pm,7pm to 10pm(Mon-Sun)|Good|3.9|82
G Food 'N' Fun|200|Modern Indian,Indian,Continental,Chinese,Arabian|Mangalore|Balmatta|https://www.zomato.com/mangalore/g-food-n-fun-2-balmatta/info|9|none|(Mon-Sun)||NEW|NEW
Just Cake Factory|500|Bakery,Burger,Sandwich|Mangalore|Kankanady|https://www.zomato.com/mangalore/just-cake-factory-kankanady/info|9|Bakery|9am to 9pm(Mon-Sat),9am to 530pm(Sun)|Good|3.6|40
Fish Market Seafood Restaurant|400|Seafood|Mangalore|Bendoor|https://www.zomato.com/mangalore/fish-market-seafood-restaurant-bendoor/info|9|Quick Bites|12noon to 4pm(Mon-Sun)|Good|3.5|53
Wow Vada Pav|300|Burger,Beverages,North Indian|Mangalore|Lalbagh|https://www.zomato.com/mangalore/wow-vada-pav-lalbagh/info|9|Quick Bites|1030am to 10pm(Mon-Sun)|Good|3.6|39
Sabka Dine|400|North Indian,Biryani|Mangalore|Bendoor|https://www.zomato.com/mangalore/sabka-dine-bendoor/info|9|Casual Dining|10am to 1030pm(Mon-Sun)|Good|3.7|28
Yollow Dessert|300|Desserts|Mangalore|Attavar|https://www.zomato.com/mangalore/yollow-dessert-attavar/info|9|Kiosk|1130am to 10pm(Mon),1030am to 10pm(Tue-Sun)|Average|3.4|26
La Goa Restaurant|350|Goan,Continental,Beverages|Mangalore|Kadri|https://www.zomato.com/mangalore/la-goa-restaurant-kadri/info|9|Quick Bites|12noon to 1030pm(Mon-Sun)|Good|3.7|53
MHZ Gaming  Cafe|300|Burger,Finger Food,Coffee|Mangalore|Attavar|https://www.zomato.com/mangalore/mhz-gaming-cafe-attavar/info|9|Café|9am to 1030pm(Mon-Sun)|Good|3.6|33
