NAME|PRICE|CUSINE_CATEGORY|CITY|REGION|URL|PAGE NO|CUSINE TYPE|TIMING|RATING_TYPE|RATING|VOTES
Delhi Darbar Restaurant|400|North Indian,Mughlai|Meerut|Shastri Nagar|https://www.zomato.com/meerut/delhi-darbar-restaurant-shastri-nagar/info|1|Quick Bites|11am to 11pm(Mon-Sun)|Very Good|4.4|187
Al-Karim|400|North Indian|Meerut|Devpuri|https://www.zomato.com/meerut/al-karim-devpuri/info|1|Casual Dining|12noon to 12midnight(Mon-Sun)|Very Good|4.4|279
Lion Restaurant|500|North Indian,Mughlai|Meerut|Meerut Cantt|https://www.zomato.com/meerut/lion-restaurant-meerut-cantt/info|1|Quick Bites|11am to 11pm(Mon-Sun)|Excellent|4.6|333
Live Food Court|400|North Indian,Chinese,Rolls|Meerut|Shastri Nagar|https://www.zomato.com/meerut/live-food-court-shastri-nagar/info|1|Quick Bites|11am to 11pm(Mon-Sun)|Very Good|4.3|309
Al Zaika Restaurant|200|North Indian|Meerut|Shastri Nagar|https://www.zomato.com/meerut/al-zaika-restaurant-shastri-nagar/info|1|Quick Bites|12noon to 11pm(Mon-Sun)|Very Good|4.4|157
Al Baik Restaurant|200|Mughlai,Chinese|Meerut|Meerut Cantt|https://www.zomato.com/meerut/al-baik-restaurant-1-meerut-cantt/info|1|Quick Bites|11am to 12midnight(Mon-Sun)|Very Good|4.1|74
Domino's Pizza|400|Pizza|Meerut|Shopprix Mall-- Mohkam Pur|https://www.zomato.com/meerut/dominos-pizza-mohkam-pur/info|1|Quick Bites|11am to 12midnight(Mon-Sun)|Very Good|4.1|180
Haji Saeed Family Restaurant|250|Mughlai|Meerut|Meerut Cantt|https://www.zomato.com/meerut/haji-saeed-family-restaurant-meerut-cantt/info|1|Quick Bites|11am to 11pm(Mon-Sun)||NEW|NEW
Meisters Cafe|550|Beverages,Cafe,Chinese,North Indian|Meerut|Meerut Cantt|https://www.zomato.com/meerut/meisters-cafe-meerut-cantt/info|1|Café|11am to 1030pm(Mon-Sun)|Very Good|4.3|187
The Yellow Chilli|1000|North Indian,Mughlai|Meerut|Shastri Nagar|https://www.zomato.com/meerut/the-yellow-chilli-shastri-nagar/info|1|Casual Dining|11am to 11pm(Mon-Sun)|Excellent|4.9|346
Kakkar's Kitchen|350|Fast Food,Chinese,North Indian|Meerut|Shastri Nagar|https://www.zomato.com/meerut/kakkars-kitchen-shastri-nagar/info|1|Quick Bites|12noon to 11pm(Mon-Sun)|Good|3.7|122
Rolls N More|200|Rolls|Meerut|Sadar Bazaar|https://www.zomato.com/meerut/rolls-n-more-sadar-bazaar/info|1|Quick Bites|11am to 1030pm(Mon-Sun)|Very Good|4.1|129
Mirchi Seth|200|Fast Food|Meerut|MDA|https://www.zomato.com/meerut/mirchi-seth-1-mda/info|1|Quick Bites|11am to 11pm(Mon-Sun)|Very Good|4.1|78
Dilli Dhaba|300|Fast Food|Meerut|Shastri Nagar|https://www.zomato.com/meerut/dilli-dhaba-shastri-nagar/info|1|Quick Bites|11am to 11pm(Mon-Sun)|Good|3.9|121
I Want Paris|300|Desserts,Beverages|Meerut|Meerut Cantt|https://www.zomato.com/meerut/i-want-paris-meerut-cantt/info|1|Dessert Parlor|1130am to 1130pm(Mon-Sun)|Very Good|4.1|105
Aliz Food|200|North Indian|Meerut|Devpuri|https://www.zomato.com/meerut/aliz-food-3-devpuri/info|10|none|10am to 10pm(Mon-Sun)|Average|3.4|9
Flavia Restaurant & Lounge|400|North Indian,Continental,Beverages|Meerut|MDA|https://www.zomato.com/meerut/flavia-restaurant-lounge-mda/info|10|Casual Dining|10am to 11pm(Mon-Sun)|Poor|2.4|38
Hari Anand Family restaurant|150|Fast Food|Meerut|Pallavpuram|https://www.zomato.com/meerut/hari-anand-family-restaurant-pallavpuram/info|10|Quick Bites|11am to 10pm(Mon-Sun)|Good|3.5|7
SF Foodestination|300|Fast Food|Meerut|Partapur|https://www.zomato.com/meerut/sf-foodestination-partapur/info|10|Quick Bites|11am to 9pm(Mon-Sun)||NEW|NEW
Daana Paani|300|North Indian,Continental|Meerut|Shastri Nagar|https://www.zomato.com/meerut/daana-paani-shastri-nagar/info|10|Quick Bites|12noon to 10pm(Mon-Sun)|Average|2.8|17
The Unjunk Cafe|100|Healthy Food|Meerut|Meerut Cantt|https://www.zomato.com/meerut/the-unjunk-cafe-meerut-cantt/info|10|Quick Bites|8am to 10pm(Mon-Sun)|Average|3.1|10
Al-Shayaan  Restaurant|300|North Indian|Meerut|Mohan Puri|https://www.zomato.com/meerut/al-shayaan-restaurant-mohan-puri/info|10|Casual Dining|12noon to 11pm(Mon-Sun)||NEW|NEW
Rajasthan Namkeen And Sweets Bhandar|200|Mithai|Meerut|Shastri Nagar|https://www.zomato.com/meerut/rajasthan-namkeen-and-sweets-bhandar-shastri-nagar/info|10|Sweet Shop|11am to 10pm(Mon-Sun)|Good|3.5|8
Pizza Point Chinese Restaurant|300|Pizza,Chinese|Meerut|Meerut Cantt|https://www.zomato.com/meerut/pizza-point-chinese-restaurant-meerut-cantt/info|10|Quick Bites|12noon to 11pm(Mon-Sun)||NEW|NEW
Rama Cafe|300|South Indian,Chinese|Meerut|Ganga Nagar|https://www.zomato.com/meerut/rama-cafe-ganga-nagar/info|10|none|11am to 10pm(Mon-Sun)|Average|3.2|10
Flavour Restaurant|250|North Indian,Chinese|Meerut|Shastri Nagar|https://www.zomato.com/meerut/flavour-restaurant-shastri-nagar/info|10|Quick Bites|1130am to 10pm(Mon-Sun)||NEW|NEW
Hotel Golden Apple|300|North Indian|Meerut|Partapur|https://www.zomato.com/meerut/hotel-golden-apple-partapur/info|10|Quick Bites|11am to 10pm(Mon-Sun)|Average|3.0|16
Mast Banarsi Pan|100|Paan|Meerut|Shastri Nagar|https://www.zomato.com/meerut/mast-banarsi-pan-shastri-nagar/info|10|Paan Shop|11am to 10pm(Mon-Sun)||NEW|NEW
College Cafe|150|Fast Food|Meerut|Thapar Nagar|https://www.zomato.com/meerut/college-cafe-thapar-nagar/info|10|Quick Bites|11am to 8pm(Mon-Sat),Closed(Sun)|Average|3.3|9
Alfa Spice|450|Chinese,North Indian|Meerut|Meerut Cantt|https://www.zomato.com/meerut/alfa-spice-meerut-cantt/info|10|Casual Dining|11am to 11pm(Mon-Sun)|Good|3.6|36
Krishna G Fast Food|200|Fast Food|Meerut|Shastri Nagar|https://www.zomato.com/meerut/krishna-g-fast-food-shastri-nagar/info|11|Quick Bites|10am to 10pm(Mon-Sun)|Average|3.1|12
Aman Sweets And Mathi House|150|Mithai,Fast Food|Meerut|Thapar Nagar|https://www.zomato.com/meerut/aman-sweets-and-mathi-house-thapar-nagar/info|11|Sweet Shop|730am to 10pm(Mon-Sun)|Average|2.9|5
Bengal Sweets Palace|450|Fast Food|Meerut|Meerut Cantt|https://www.zomato.com/meerut/bengal-sweets-palace-meerut-cantt/info|11|Quick Bites|10am to 10pm(Mon-Sun)|Average|3.4|10
Son Of Swad|300|North Indian,Chinese|Meerut|Meerut Cantt|https://www.zomato.com/meerut/son-of-swad-3-meerut-cantt/info|11|Quick Bites|12noon to 12pm(Mon-Sun)|Average|3.3|11
Famous Lassi House|150|Beverages|Meerut|Sadar Bazaar|https://www.zomato.com/meerut/famous-lassi-house-sadar-bazaar/info|11|Beverage Shop|11am to 10pm(Mon-Sun)|Not rated|-|-
Lapeaza|150|Fast Food,Burger,Pizza,Sandwich|Meerut|Shastri Nagar|https://www.zomato.com/meerut/lapeaza-shastri-nagar/info|11|Quick Bites|10am to 830pm(Mon-Sat),3pm to 830pm(Sun)|Average|3.4|11
Shivay Food Point|150|Chinese,Fast Food|Meerut|Shastri Nagar|https://www.zomato.com/meerut/shivay-food-point-3-shastri-nagar/info|11|Quick Bites|10am to 10pm(Mon-Sun)|Average|3.1|7
Alfa Restaurant|400|North Indian|Meerut|Meerut Cantt|https://www.zomato.com/meerut/alfa-restaurant-meerut-cantt/info|11|Casual Dining|11am to 11pm(Mon-Sun)|Average|3.4|16
Hastag Mad|300|Fast Food|Meerut|MDA|https://www.zomato.com/meerut/hastag-mad-mda/info|11|Quick Bites|12noon to 10pm(Mon-Sun)|Average|3.0|9
Sam's Pizza|250|Pizza|Meerut|Mohan Puri|https://www.zomato.com/meerut/sams-pizza-mohan-puri/info|11|Quick Bites|10am to 9pm(Mon-Sun)|Average|3.3|9
Guru Kripa Fast Food and Restaurant|200|North Indian,Chinese|Meerut|Ganga Nagar|https://www.zomato.com/meerut/guru-kripa-fast-food-and-restaurant-ganga-nagar/info|11|Quick Bites|9am to 8pm(Mon-Sun)|Not rated|-|-
Tandoori Chai|150|Tea,Fast Food|Meerut|Shastri Nagar|https://www.zomato.com/meerut/tandoori-chai-shastri-nagar/info|11|Quick Bites|10am to 10pm(Mon-Sun)|Average|3.4|12
Pizza Friends|400|Pizza,Continental|Meerut|Meerut Cantt|https://www.zomato.com/meerut/pizza-friends-meerut-cantt/info|11|Quick Bites|(Mon-Sun)|Average|3.0|4
Cafe Aaash|250|Cafe|Meerut|Sadar Bazaar|https://www.zomato.com/meerut/cafe-aaash-sadar-bazaar/info|11|Café|12noon to 10pm(Mon-Sun)|Not rated|-|-
The Waffle And Pizza Lounge|200|Fast Food|Meerut|Sadar Bazaar|https://www.zomato.com/meerut/the-waffle-and-pizza-lounge-sadar-bazaar/info|11|Quick Bites|1230pm to 3pm,5pm to 11pm(Mon-Sun)|Good|3.6|15
Chaudhary Cafeteria And Ice cream Parlour|200|Ice Cream,Chinese,Fast Food|Meerut|Shastri Nagar|https://www.zomato.com/meerut/chaudhary-cafeteria-and-ice-cream-parlour-shastri-nagar/info|12|Quick Bites|10am to 10pm(Mon-Sun)||NEW|NEW
Kulfiano|150|Desserts|Meerut|Meerut Cantt|https://www.zomato.com/meerut/kulfiano-meerut-cantt/info|12|Dessert Parlor|12noon to 10pm(Mon-Sun)|Average|3.1|5
Mughlai A Chinese Dhaba|200|North Indian|Meerut|Shastri Nagar|https://www.zomato.com/meerut/mughlai-a-chinese-dhaba-shastri-nagar/info|12|Quick Bites|11am to 10pm(Mon-Sun)|Average|2.9|7
Ramo Sweets|100|Mithai,Street Food|Meerut|Devpuri|https://www.zomato.com/meerut/ramo-sweets-devpuri/info|12|Sweet Shop|8am to 1pm,230pm to 8pm(Mon-Sun)||NEW|NEW
Red Spicy|150|Fast Food|Meerut|Pallavpuram|https://www.zomato.com/meerut/red-spicy-pallavpuram/info|12|Quick Bites|12noon to 10pm(Mon-Sun)|Not rated|-|-
Sardar Ji Food Cafe|250|Fast Food|Meerut|Sadar Bazaar|https://www.zomato.com/meerut/sardar-ji-food-cafe-sadar-bazaar/info|12|Quick Bites|10am to 10pm(Mon-Sun)|Not rated|-|-
Snackups|300|Chinese,Fast Food|Meerut|Meerut Cantt|https://www.zomato.com/meerut/snackups-meerut-cantt/info|12|Quick Bites|10am to 10pm(Mon-Sun)|Average|3.1|4
Krishna Hotel|150|North Indian|Meerut|Shastri Nagar|https://www.zomato.com/meerut/krishna-hotel-shastri-nagar/info|12|Quick Bites|6pm to 10pm(Mon-Sun)|Average|3.2|4
Mumma's Place Restaurant|800|North Indian,Chinese,Street Food|Meerut|Ganga Nagar|https://www.zomato.com/meerut/mummas-place-restaurant-2-ganga-nagar/info|12|Casual Dining|11am to 11pm(Mon-Sun)|Average|3.4|18
Hungers e'delizioso|300|Sandwich,Pizza,Burger|Meerut|Partapur|https://www.zomato.com/meerut/hungers-edelizioso-partapur/info|12|Quick Bites|11am to 11pm(Mon-Sun)|Average|2.8|31
Standard Sweets|300|Mithai,Fast Food|Meerut|Devpuri|https://www.zomato.com/meerut/standard-sweets-devpuri/info|12|Sweet Shop|11am to 930pm(Mon-Sun)|Average|3.2|7
Mineral - House Of Curry|300|North Indian|Meerut|Meerut Cantt|https://www.zomato.com/meerut/mineral-house-of-curry-meerut-cantt/info|12|Quick Bites|(Mon-Sun)|Not rated|-|-
Ramlal Ji Ke Chholay Bhature|150|Street Food|Meerut|Shastri Nagar|https://www.zomato.com/meerut/ramlal-ji-ke-chholay-bhature-shastri-nagar/info|12|Quick Bites|830am to 9pm(Mon-Sun)||NEW|NEW
Pizza Italiano|150|Fast Food,Chinese,Pizza,Italian|Meerut|MDA|https://www.zomato.com/meerut/pizza-italiano-mda/info|12|Quick Bites|11am to 11pm(Mon-Sun)|Good|3.6|23
Gupta Jee Lassi|100|Fast Food|Meerut|Shastri Nagar|https://www.zomato.com/meerut/gupta-jee-lassi-shastri-nagar/info|12|Quick Bites|9am to 5pm(Mon-Sun)|Not rated|-|-
Samosha Express|50|Street Food|Meerut|Sadar Bazaar|https://www.zomato.com/meerut/samosha-express-sadar-bazaar/info|13|Quick Bites|10am to 10pm(Mon-Sun)|Average|3.0|5
Food Bank Of India|200|Fast Food|Meerut|Mohkam Pur|https://www.zomato.com/meerut/food-bank-of-india-1-mohkam-pur/info|13|Quick Bites|(Mon-Sun)|Not rated|-|-
Punjabi Chhole Bhaturey|100|North Indian|Meerut|Shastri Nagar|https://www.zomato.com/meerut/punjabi-chhole-bhaturey-shastri-nagar/info|13|Quick Bites|830am to 10pm(Mon-Sun)||NEW|NEW
Biryaniwale|300|Biryani|Meerut|Meerut Cantt|https://www.zomato.com/meerut/biryaniwale-1-meerut-cantt/info|13|none|10am to 10pm(Mon-Sun)||NEW|NEW
Anand Fresh Chicken|200|Mughlai|Meerut|Meerut Cantt|https://www.zomato.com/meerut/anand-fresh-chicken-meerut-cantt/info|13|Quick Bites|10am to 10pm(Mon-Sun)||NEW|NEW
Biryanis The Taste Of Hyderabad|250|Biryani|Meerut|Pallavpuram|https://www.zomato.com/meerut/biryanis-the-taste-of-hyderabad-2-pallavpuram/info|13|Quick Bites|12noon to 9pm(Mon-Sun)||NEW|NEW
New Tomer Sweets|200|Mithai|Meerut|Pallavpuram|https://www.zomato.com/meerut/new-tomer-sweets-pallavpuram/info|13|Sweet Shop|11am to 9pm(Mon-Sun)|Not rated|-|-
Alfa Restaurant|400|North Indian|Meerut|Meerut Cantt|https://www.zomato.com/meerut/alfa-restaurant-meerut-cantt/info|13|Casual Dining|11am to 11pm(Mon-Sun)|Average|3.4|16
Kabab Corner|250|North Indian,Mughlai|Meerut|Madhavpuram|https://www.zomato.com/meerut/kabab-corner-madhavpuram/info|13|Quick Bites|5am to 11pm(Mon-Sun)||NEW|NEW
Vishal Restaurant|150|North Indian|Meerut|Shastri Nagar|https://www.zomato.com/meerut/vishal-restaurant-shastri-nagar/info|13|Quick Bites|11am to 10pm(Mon-Sun)||NEW|NEW
Baskin Robbins|300|Ice Cream|Meerut|Mohan Puri|https://www.zomato.com/meerut/baskin-robbins-mohan-puri/info|13|Dessert Parlor|(Mon-Sun)|Average|3.2|5
Royal Restaurant|350|Fast Food,North Indian|Meerut|Mohan Puri|https://www.zomato.com/meerut/royal-restaurant-mohan-puri/info|13|Quick Bites|9am to 9pm(Mon-Sun)|Not rated|-|-
Cafe 27|200|Fast Food|Meerut|Mohan Puri|https://www.zomato.com/meerut/cafe-27-mohan-puri/info|13|Quick Bites|930am to 930pm(Mon-Sun)|Average|2.9|4
Shivam Fast Food|0|Chinese|Meerut|Meerut Cantt|https://www.zomato.com/meerut/shivam-fast-food-1-meerut-cantt/info|13|Quick Bites|930am to 10pm(Mon-Sun)||NEW|NEW
SFC Delight|250|Fast Food|Meerut|Sadar Bazaar|https://www.zomato.com/meerut/sfc-delight-sadar-bazaar/info|13|Quick Bites|11am to 10pm(Mon-Sun)||NEW|NEW
O Take Away China|200|Chinese|Meerut|Pallavpuram|https://www.zomato.com/meerut/o-take-away-china-pallavpuram/info|14|Quick Bites|11am to 11pm(Mon-Sun)||NEW|NEW
New Wah Ji Wah|200|Fast Food|Meerut|Devpuri|https://www.zomato.com/meerut/new-wah-ji-wah-devpuri/info|14|Quick Bites|11am to 1030pm(Mon-Sun)|Average|3.1|15
SFC Delight|250|Fast Food|Meerut|Sadar Bazaar|https://www.zomato.com/meerut/sfc-delight-sadar-bazaar/info|14|Quick Bites|11am to 10pm(Mon-Sun)||NEW|NEW
The Bakery Shop|150|Bakery,Desserts|Meerut|Devpuri|https://www.zomato.com/meerut/the-bakery-shop-devpuri/info|14|Bakery|11am to 10pm(Mon-Sun)||NEW|NEW
SF Food|300|Fast Food|Meerut|Mohan Puri|https://www.zomato.com/meerut/sf-food-mohan-puri/info|14|Quick Bites|11am to 10pm(Mon-Sun)||NEW|NEW
Krishna Chaat|200|Fast Food|Meerut|Sadar Bazaar|https://www.zomato.com/meerut/krishna-chaat-sadar-bazaar/info|14|Quick Bites|10am to 10pm(Mon-Sun)|Not rated|-|-
Rakesh Vaishno Hotel|200|North Indian|Meerut|Meerut Cantt|https://www.zomato.com/meerut/rakesh-vaishno-hotel-meerut-cantt/info|14|Quick Bites|11am to 11pm(Mon),Closed(Tue-Sun)||NEW|NEW
Kabab Corner|250|North Indian,Mughlai|Meerut|Madhavpuram|https://www.zomato.com/meerut/kabab-corner-madhavpuram/info|14|Quick Bites|5am to 11pm(Mon-Sun)||NEW|NEW
FoodBox|100|North Indian|Meerut|MDA|https://www.zomato.com/meerut/foodbox-mda/info|14|none|8am to 9pm(Mon-Sun)|Not rated|-|-
24 Carat Foods|250|Fast Food,Beverages|Meerut|Shastri Nagar|https://www.zomato.com/meerut/24-carat-foods-shastri-nagar/info|14|Quick Bites|11am to 10pm(Mon-Sun)|Not rated|-|-
Krishna's Vyanjan|200|North Indian|Meerut|MDA|https://www.zomato.com/meerut/krishnas-vyanjan-mda/info|14|Quick Bites|11am to 10pm(Mon-Sun)||NEW|NEW
My Kitchen|250|North Indian|Meerut|Shastri Nagar|https://www.zomato.com/meerut/my-kitchen-shastri-nagar/info|14|Quick Bites|11am to 11pm(Mon-Sun)|Good|3.5|14
Kwality Chole Bhature|250|North Indian|Meerut|Pallavpuram|https://www.zomato.com/meerut/kwality-chole-bhature-pallavpuram/info|14|Quick Bites|8am to 10pm(Mon-Sun)||NEW|NEW
Mohit Enterprises Confectionery And Bakers|200|Bakery|Meerut|Meerut Cantt|https://www.zomato.com/meerut/mohit-enterprises-confectionery-and-bakers-meerut-cantt/info|14|Bakery|9am to 9pm(Mon-Sun)||NEW|NEW
Jalebi Junction|150|Mithai,Street Food|Meerut|Meerut Cantt|https://www.zomato.com/meerut/jalebi-junction-meerut-cantt/info|14|Sweet Shop|8am to 10pm(Mon-Sun)||NEW|NEW
Bhatia Sons Bengali Sweets Palace|250|Desserts|Meerut|Meerut Cantt|https://www.zomato.com/meerut/bhatia-sons-bengali-sweets-palace-meerut-cantt/info|15|Sweet Shop|11am to 10pm(Mon-Sun)||NEW|NEW
Chaidikts|150|Tea,Chinese|Meerut|Partapur|https://www.zomato.com/meerut/chaidikts-partapur/info|15|Quick Bites|9am to 9pm(Mon-Sun)||NEW|NEW
New Super Bakers|150|Bakery,Fast Food|Meerut|Shastri Nagar|https://www.zomato.com/meerut/new-super-bakers-shastri-nagar/info|15|Bakery|10am to 10pm(Mon-Sun)||NEW|NEW
Aman Sweets & Snacks|200|Mithai,Street Food|Meerut|Shastri Nagar|https://www.zomato.com/meerut/aman-sweets-snacks-shastri-nagar/info|15|Sweet Shop|730am to 10pm(Mon-Sun)|Not rated|-|-
Bon Bites|400|North Indian,Rolls,Fast Food|Meerut|Ganga Nagar|https://www.zomato.com/meerut/bon-bites-ganga-nagar/info|15|Quick Bites|4pm to 10pm(Mon-Sun)||NEW|NEW
Agro Diet India|100|Beverages|Meerut|Mohkam Pur|https://www.zomato.com/meerut/agro-diet-india-mohkam-pur/info|15|Beverage Shop|11am to 10pm(Mon-Sun)||NEW|NEW
Nikunj Bakery & Sweets|200|Bakery,Desserts|Meerut|Madhavpuram|https://www.zomato.com/meerut/nikunj-bakery-sweets-madhavpuram/info|15|Dessert Parlor|7am to 10pm(Mon-Sun)||NEW|NEW
NDS Store|200|North Indian|Meerut|Shastri Nagar|https://www.zomato.com/meerut/nds-store-shastri-nagar/info|15|none|12noon to 10pm(Mon-Sun)|Not rated|-|-
Biggies Pizza|350||Meerut|Ganga Nagar|https://www.zomato.com/meerut/biggies-pizza-ganga-nagar/info|15|Quick Bites|10am to 1030pm(Mon-Sun)|Good|3.6|34
Sher-E-Punjab - Punjabi Dhaba|200|North Indian,Mughlai|Meerut|Meerut Cantt|https://www.zomato.com/meerut/sher-e-punjab-punjabi-dhaba-meerut-cantt/info|15|Dhaba|11am to 11pm(Mon-Sun)|Average|2.8|20
Skye - Olivia|1000|North Indian,Continental,Chinese,Thai|Meerut|Meerut Cantt|https://www.zomato.com/meerut/skye-olivia-meerut-cantt/info|15|Lounge|11am to 11pm(Mon-Sun)|Very Good|4.0|20
KFC Zaika|300|Chinese|Meerut|Meerut Cantt|https://www.zomato.com/meerut/kfc-zaika-meerut-cantt/info|15|Quick Bites|11am to 11pm(Mon-Sun)|Average|3.4|10
Ananta Restaurant|800|North Indian,Chinese|Meerut|Shastri Nagar|https://www.zomato.com/meerut/ananta-restaurant-shastri-nagar/info|15|Casual Dining|11am to 11pm(Mon-Sun)|Average|3.2|22
Hotel Rajmahal|800|North Indian|Meerut|Sadar Bazaar|https://www.zomato.com/meerut/hotel-rajmahal-sadar-bazaar/info|15|Bar|11am to 11pm(Mon-Sun)|Good|3.6|31
The Hookup Cafe|400|Chinese,North Indian|Meerut|Meerut Cantt|https://www.zomato.com/meerut/the-hookup-cafe-meerut-cantt/info|15|Quick Bites|11am to 11pm(Mon-Sun)||NEW|NEW
Punjabi Rasoi|150|Chinese|Meerut|Devpuri|https://www.zomato.com/meerut/punjabi-rasoi-devpuri/info|16|Quick Bites|4pm to 11pm(Mon-Sun)|Good|3.7|17
Mangi Da Dhabha|300|North Indian|Meerut|Meerut Cantt|https://www.zomato.com/meerut/mangi-da-dhabha-meerut-cantt/info|16|Quick Bites|11am to 1030pm(Mon-Sun)|Average|3.3|11
Amritsari Dhaba|300|North Indian|Meerut|Shopprix Mall-- Mohkam Pur|https://www.zomato.com/meerut/amritsari-dhaba-mohkam-pur/info|16|Food Court|11am to 11pm(Mon-Sun)|Average|3.1|20
Highway Run|200|Fast Food|Meerut|Pallavpuram|https://www.zomato.com/meerut/highway-run-pallavpuram/info|16|Quick Bites|11am to 11pm(Mon-Sun)|Average|3.4|16
Red Chilli Kitchen|300|North Indian,Chinese|Meerut|Mohkam Pur|https://www.zomato.com/meerut/red-chilli-kitchen-mohkam-pur/info|16|none|11am to 11pm(Mon-Sun)|Good|3.6|22
Empress Court|800|North Indian,Chinese|Meerut|Meerut Cantt|https://www.zomato.com/meerut/empress-court-meerut-cantt/info|16|Casual Dining|11am to 11pm(Mon-Sun)|Good|3.7|22
Son Of Swad|300|Fast Food|Meerut|Meerut Cantt|https://www.zomato.com/meerut/son-of-swad-meerut-cantt/info|16|Quick Bites|6pm to 1030pm(Mon-Sun)|Average|3.4|17
Spicy Treat|200|North Indian,Chinese|Meerut|Devpuri|https://www.zomato.com/meerut/spicy-treat-2-devpuri/info|16|Quick Bites|1am to 11pm(Mon-Sun)|Good|3.7|15
Romeo The Cafe|200|Fast Food|Meerut|Sadar Bazaar|https://www.zomato.com/meerut/romeo-the-cafe-sadar-bazaar/info|16|Quick Bites|11am to 11pm(Mon-Sun)||NEW|NEW
Lal Qila Airport|400|North Indian|Meerut|Pallavpuram|https://www.zomato.com/meerut/lal-qila-airport-pallavpuram/info|16|Casual Dining|8am to 11pm(Mon-Sun)|Average|3.0|18
Pizza By The Way|400|Pizza,Italian|Meerut|Sadar Bazaar|https://www.zomato.com/meerut/pizza-by-the-way-sadar-bazaar/info|16|Quick Bites|11am to 11pm(Mon-Sun)|Average|3.1|17
The Biscuiteers|450|Bakery|Meerut|Sadar Bazaar|https://www.zomato.com/meerut/the-biscuiteers-sadar-bazaar/info|16|Bakery|11am to 11pm(Mon-Sun)|Good|3.7|18
Fiesta Restaurant|1000|North Indian|Meerut|Shastri Nagar|https://www.zomato.com/meerut/fiesta-restaurant-shastri-nagar/info|16|Casual Dining|11am to 11pm(Mon-Sun)|Average|3.2|22
Hotel Rajhans Regency|800|North Indian|Meerut|Shastri Nagar|https://www.zomato.com/meerut/hotel-rajhans-regency-shastri-nagar/info|16|Casual Dining|11am to 11pm(Mon-Sun)|Average|3.4|21
Papas Pizza|200|Pizza|Meerut|Meerut Cantt|https://www.zomato.com/meerut/papas-pizza-meerut-cantt/info|16|Quick Bites|11am to 11pm(Mon-Sun)||NEW|NEW
Son Of Swad|300|Fast Food|Meerut|Meerut Cantt|https://www.zomato.com/meerut/son-of-swad-meerut-cantt/info|17|Quick Bites|6pm to 1030pm(Mon-Sun)|Average|3.4|17
Lazeez Food Court|200|North Indian|Meerut|Meerut Cantt|https://www.zomato.com/meerut/lazeez-food-court-meerut-cantt/info|17|Quick Bites|2pm to 12midnight(Mon-Sun)|Good|3.5|16
Brilliant Cafe & Multi Cuisine Restaurant|400|North Indian|Meerut|Melange Mall-- Pallavpuram|https://www.zomato.com/meerut/brilliant-cafe-multi-cuisine-restaurant-pallavpuram/info|17|Quick Bites|10am to 1030pm(Mon-Sun)|Average|3.2|9
Susaki Chinese Restaurant|250|Chinese|Meerut|Sadar Bazaar|https://www.zomato.com/meerut/susaki-chinese-restaurant-sadar-bazaar/info|17|Quick Bites|12noon to 3pm,7pm to 11pm(Mon-Sun)|Average|3.4|11
Mr. Chow|350|Chinese|Meerut|Shopprix Mall-- Mohkam Pur|https://www.zomato.com/meerut/mr-chow-mohkam-pur/info|17|Food Court|11am to 11pm(Mon-Sun)|Average|3.4|8
Top Rolls|200|Momos,Rolls|Meerut|Ganga Nagar|https://www.zomato.com/meerut/top-rolls-ganga-nagar/info|17|Quick Bites|11am to 11pm(Mon-Sun)|Average|3.1|12
Anghiti Chicken Corner|300|North Indian|Meerut|Shastri Nagar|https://www.zomato.com/meerut/anghiti-chicken-corner-shastri-nagar/info|17|Quick Bites|1130am to 11pm(Mon-Sun)|Average|3.2|13
Swiss On Wheels|150|Chinese|Meerut|Pallavpuram|https://www.zomato.com/meerut/swiss-on-wheels-pallavpuram/info|17|Quick Bites|11am to 11pm(Mon-Sun)||NEW|NEW
Kumar Cholay Bhature|100|North Indian|Meerut|Devpuri|https://www.zomato.com/meerut/kumar-cholay-bhature-devpuri/info|17|Quick Bites|830am to 1030pm(Mon-Sun)||NEW|NEW
Son Of Swad|200|North Indian|Meerut|Meerut Cantt|https://www.zomato.com/meerut/son-of-swad-2-meerut-cantt/info|17|Casual Dining|6pm to 1030pm(Mon-Sun)|Average|2.8|9
Barbecue Chicken Point|200|North Indian|Meerut|Shastri Nagar|https://www.zomato.com/meerut/barbecue-chicken-point-shastri-nagar/info|17|Quick Bites|4pm to 11pm(Mon-Sun)|Average|3.4|16
Aangan|500|North Indian,Chinese,South Indian|Meerut|Meerut Cantt|https://www.zomato.com/meerut/aangan-meerut-cantt/info|17|Casual Dining|11am to 11pm(Mon-Sun)|Average|2.8|11
SF Foodestination|350|South Indian,Pizza|Meerut|Shopprix Mall-- Mohkam Pur|https://www.zomato.com/meerut/sf-foodestination-mohkam-pur/info|17|Food Court|11am to 11pm(Mon-Sun)|Average|3.3|9
Chov Chov Restaurant|200|Chinese,North Indian|Meerut|Shastri Nagar|https://www.zomato.com/meerut/chov-chov-restaurant-shastri-nagar/info|17|Quick Bites|11am to 11pm(Mon-Sun)||NEW|NEW
Hotel Sagar|700|North Indian,Italian,Mughlai,Chinese|Meerut|Shastri Nagar|https://www.zomato.com/meerut/hotel-sagar-shastri-nagar/info|17|Casual Dining|11am to 1030pm(Mon-Sun)|Average|3.3|8
Barbecue Chicken Point|200|North Indian|Meerut|Shastri Nagar|https://www.zomato.com/meerut/barbecue-chicken-point-shastri-nagar/info|18|Quick Bites|4pm to 11pm(Mon-Sun)|Average|3.4|16
Hotel Sagar|700|North Indian,Italian,Mughlai,Chinese|Meerut|Shastri Nagar|https://www.zomato.com/meerut/hotel-sagar-shastri-nagar/info|18|Casual Dining|11am to 1030pm(Mon-Sun)|Average|3.3|8
Mukut Mahal Hotel and Restaurant|900|North Indian,Indian|Meerut|Mohkam Pur|https://www.zomato.com/meerut/mukut-mahal-hotel-and-restaurant-mohkam-pur/info|18|Casual Dining|11am to 11pm(Mon-Sun)|Average|2.9|8
Deep Restaurant|500|North Indian,Chinese,Fast Food|Meerut|Ganga Nagar|https://www.zomato.com/meerut/deep-restaurant-ganga-nagar/info|18|Casual Dining|11am to 11pm(Mon-Sun)||NEW|NEW
Sagar Ratna|600|South Indian|Meerut|Meerut Cantt|https://www.zomato.com/meerut/sagar-ratna-2-meerut-cantt/info|18|Casual Dining|11am to 11pm(Mon-Sun)|Average|3.3|8
Hindu Chicken|100|Mughlai|Meerut|Meerut Cantt|https://www.zomato.com/meerut/hindu-chicken-meerut-cantt/info|18|Quick Bites|6am to 11pm(Mon-Sun)|Good|3.6|14
Haboosh Brew Crew|200|Fast Food|Meerut|Partapur|https://www.zomato.com/meerut/haboosh-brew-crew-partapur/info|18|Quick Bites|11am to 11pm(Mon-Sun)|Average|2.6|7
Kathi Wala's|250|Rolls|Meerut|Shastri Nagar|https://www.zomato.com/meerut/kathi-walas-shastri-nagar/info|18|Quick Bites|11am to 1030pm(Mon-Sun)|Average|3.1|15
Cafe Casanova|500|Cafe,Continental,Chinese,Mexican|Meerut|Meerut Cantt|https://www.zomato.com/meerut/cafe-casanova-meerut-cantt/info|18|Café|11am to 11pm(Mon-Sun)|Average|3.3|11
Dining Inn Restaurant|800|Beverages,North Indian|Meerut|MDA|https://www.zomato.com/meerut/dining-inn-restaurant-mda/info|18|Casual Dining|11am to 11pm(Mon-Sun)|Average|3.4|9
Flying Roast Cafe|350|North Indian,Chinese,Fast Food|Meerut|Shastri Nagar|https://www.zomato.com/meerut/flying-roast-cafe-1-shastri-nagar/info|18|Quick Bites|1130am to 1030pm(Mon-Sun)||NEW|NEW
Al-tazaj|400|North Indian,Mughlai|Meerut|Shopprix Mall-- Mohkam Pur|https://www.zomato.com/meerut/al-tazaj-mohkam-pur/info|18|Food Court|11am to 11pm(Mon-Sun)|Average|3.2|10
Green Plaza Restaurant|200|Chinese,Fast Food,North Indian,Continental|Meerut|Ganga Nagar|https://www.zomato.com/meerut/green-plaza-restaurant-ganga-nagar/info|18|Quick Bites|11am to 11pm(Mon-Sun)||NEW|NEW
CFC-Crazy Food Center|200|North Indian|Meerut|Shastri Nagar|https://www.zomato.com/meerut/cfc-crazy-food-center-shastri-nagar/info|18|Quick Bites|11am to 11pm(Mon-Sun)|Average|3.4|13
Cake O Clock|250|Bakery|Meerut|Meerut Cantt|https://www.zomato.com/meerut/cake-o-clock-meerut-cantt/info|18|Bakery|11am to 11pm(Mon-Sun)|Average|3.1|7
Hotel Krome|1000|Finger Food|Meerut|Mohkam Pur|https://www.zomato.com/meerut/hotel-krome-mohkam-pur/info|19|Lounge|11am to 12midnight(Mon-Sun)|Average|3.0|7
Punjabi Vaishno Dhaba|200|North Indian|Meerut|Meerut Cantt|https://www.zomato.com/meerut/punjabi-vaishno-dhaba-meerut-cantt/info|19|Quick Bites|11am to 4pm,7pm to 11pm(Mon-Sun)|Average|3.2|5
Tandoori Club|800|North Indian,Chinese|Meerut|Mohkam Pur|https://www.zomato.com/meerut/tandoori-club-mohkam-pur/info|19|Casual Dining|11am to 11pm(Mon-Sun)||NEW|NEW
Chicken Plaza|300|North Indian|Meerut|Shastri Nagar|https://www.zomato.com/meerut/chicken-plaza-shastri-nagar/info|19|Quick Bites|4pm to 11pm(Mon-Sun)|Average|3.0|7
Arora Baker's And Snacks Corner|150|Bakery|Meerut|MDA|https://www.zomato.com/meerut/arora-bakers-and-snacks-corner-mda/info|19|Bakery|10am to 11pm(Mon-Sun)|Average|3.0|5
Icy N Spicy|150|South Indian,Fast Food,Chinese,Beverages|Meerut|Shastri Nagar|https://www.zomato.com/meerut/icy-n-spicy-shastri-nagar/info|19|Quick Bites|1pm to 11pm(Mon-Sun)||NEW|NEW
Shri Amarnath Bhoj|200|North Indian|Meerut|Shastri Nagar|https://www.zomato.com/meerut/shri-amarnath-bhoj-shastri-nagar/info|19|Quick Bites|11am to 11pm(Mon-Sun)|Average|3.3|5
Spice Affair Restaurant|600|North Indian,Chinese|Meerut|Ganga Nagar|https://www.zomato.com/meerut/spice-affair-restaurant-ganga-nagar/info|19|Casual Dining|11am to 11pm(Mon-Sun)||NEW|NEW
Lajawab Restaurant|200|Chinese,Fast Food|Meerut|Meerut Cantt|https://www.zomato.com/meerut/lajawab-restaurant-meerut-cantt/info|19|Quick Bites|11am to 11pm(Mon-Sun)||NEW|NEW
Food Shala|400|North Indian|Meerut|Mohkam Pur|https://www.zomato.com/meerut/food-shala-mohkam-pur/info|19|Quick Bites|11am to 11pm(Mon-Sun)|Average|3.2|4
Smuggler's Aroma|100|North Indian|Meerut|Meerut Cantt|https://www.zomato.com/meerut/smugglers-aroma-meerut-cantt/info|19|Quick Bites|11am to 1030pm(Mon-Sun)|Average|3.1|7
Ram Chandra Sahai's|400|Fast Food,Mithai|Meerut|Shastri Nagar|https://www.zomato.com/meerut/ram-chandra-sahais-shastri-nagar/info|19|Quick Bites|1030am to 1030pm(Mon-Sun)|Average|3.2|6
Cafe Treat - Hyphen Hotel|800|North Indian|Meerut|Shopprix Mall-- Mohkam Pur|https://www.zomato.com/meerut/cafe-treat-hyphen-hotel-mohkam-pur/info|19|Casual Dining|730am to 1030am,730pm to 11pm,1230pm to ...|Average|3.0|9
Black Pepper Restaurant|400|North Indian|Meerut|Pallavpuram|https://www.zomato.com/meerut/black-pepper-restaurant-pallavpuram/info|19|Quick Bites|8am to 11pm(Mon-Sun)|Average|2.9|6
Savya Sachi Restaurant & Sweets|200|North Indian|Meerut|Pallavpuram|https://www.zomato.com/meerut/savya-sachi-restaurant-sweets-pallavpuram/info|19|Casual Dining|8am to 1030pm(Mon-Sun)|Good|3.9|5
Singh Fresh Chicken ( SFC )|250|North Indian|Meerut|Meerut Cantt|https://www.zomato.com/meerut/singh-fresh-chicken-sfc-meerut-cantt/info|2|Casual Dining|11am to 11pm(Mon,Wed,Thu,Fri,Sat,Sun),Closed...|Very Good|4.0|118
My Grill Restaurant|450|North Indian|Meerut|Shastri Nagar|https://www.zomato.com/meerut/my-grill-restaurant-shastri-nagar/info|2|Quick Bites|12noon to 11pm(Mon-Sun)|Very Good|4.0|91
Papa Ji Dal Wale ( Since 1948 )|200|North Indian|Meerut|Meerut Cantt|https://www.zomato.com/meerut/papa-ji-dal-wale-since-1948-meerut-cantt/info|2|Casual Dining|1215pm to 4pm,7pm to 11pm(Mon-Sun)|Very Good|4.2|84
Hira Sweets|500|Mithai,Indian,Fast Food,Street Food|Meerut|Meerut Cantt|https://www.zomato.com/meerut/hira-sweets-meerut-cantt/info|2|Sweet Shop|10am to 1045pm(Mon-Sun)|Very Good|4.1|60
The Kalam Restaurant|550|North Indian|Meerut|Partapur|https://www.zomato.com/meerut/the-kalam-restaurant-partapur/info|2|Casual Dining|11am to 11pm(Mon-Sun)|Good|3.7|94
Meera's Bistro|800|Italian,Continental,North Indian|Meerut|Pallavpuram|https://www.zomato.com/meerut/meeras-bistro-pallavpuram/info|2|Casual Dining|11am to 11pm(Mon-Sun)|Excellent|4.5|115
Cream Bell Shoppe|200|Desserts,Fast Food|Meerut|Madhavpuram|https://www.zomato.com/meerut/cream-bell-shoppe-madhavpuram/info|2|Quick Bites|12noon to 11pm(Mon-Sun)|Very Good|4.0|50
Kathi Junction|250|Fast Food,Rolls|Meerut|Shastri Nagar|https://www.zomato.com/meerut/kathi-junction-4-shastri-nagar/info|2|Quick Bites|11am to 11pm(Mon-Sun)|Good|3.9|67
Satguru Shudh Bhojanaalya|150|North Indian|Meerut|Shastri Nagar|https://www.zomato.com/meerut/satguru-shudh-bhojanaalya-shastri-nagar/info|2|Bhojanalya|11am to 11pm(Mon-Sun)|Very Good|4.0|80
Udupi Dosa Express|300|South Indian|Meerut|PVS Mall-- Shastri Nagar|https://www.zomato.com/meerut/udupi-dosa-express-shastri-nagar/info|2|Casual Dining|11am to 11pm(Mon-Sun)|Very Good|4.0|91
Ten 11 Foods|200|North Indian|Meerut|Sadar Bazaar|https://www.zomato.com/meerut/ten-11-foods-sadar-bazaar/info|2|Quick Bites|11am to 11pm(Mon-Sun)|Good|3.6|64
Chicago Pizza|400|Pizza|Meerut|Shopprix Mall-- Mohkam Pur|https://www.zomato.com/meerut/chicago-pizza-mohkam-pur/info|2|Quick Bites|11am to 11pm(Mon-Sun)|Very Good|4.2|74
LFC - Live Food Court|200|North Indian,Mughlai|Meerut|Meerut Cantt|https://www.zomato.com/meerut/lfc-live-food-court-meerut-cantt/info|2|Quick Bites|1pm to 11pm(Mon-Sun)|Good|3.9|73
Kailash Dairy & Food Court|200|Mithai,Fast Food,Chinese,Bakery,Ice Cream|Meerut|Shastri Nagar|https://www.zomato.com/meerut/kailash-dairy-food-court-shastri-nagar/info|2|Quick Bites|11am to 11pm(Mon-Sun)|Good|3.9|51
Chakhna Restaurant & Lounge|800|North Indian,Chinese,Continental,Beverages|Meerut|Meerut Cantt|https://www.zomato.com/meerut/chakhna-restaurant-lounge-meerut-cantt/info|2|Casual Dining|11am to 1115pm(Mon-Sun)|Good|3.8|34
A.N. Food|400|North Indian|Meerut|Shastri Nagar|https://www.zomato.com/meerut/a-n-food-shastri-nagar/info|20|Quick Bites|11am to 11pm(Mon-Sun)|Average|3.3|6
Hotel Days Inn|600|North Indian,Fast Food|Meerut|Meerut Cantt|https://www.zomato.com/meerut/hotel-days-inn-meerut-cantt/info|20|Casual Dining|11am to 11pm(Mon-Sun)||NEW|NEW
Ajanta Cafeteria and Restaurant|650|North Indian,Chinese,Continental|Meerut|MDA|https://www.zomato.com/meerut/ajanta-cafeteria-and-restaurant-mda/info|20|Casual Dining|11am to 11pm(Mon-Sun)|Average|3.2|5
Shree Ratan|400|North Indian,South Indian,Chinese|Meerut|Meerut Cantt|https://www.zomato.com/meerut/shree-ratan-1-meerut-cantt/info|20|Casual Dining|11am to 11pm(Mon-Sun)|Average|3.3|10
Crunch Of Kolkata|400|Rolls,North Indian|Meerut|Mohkam Pur|https://www.zomato.com/meerut/crunch-of-kolkata-mohkam-pur/info|20|Quick Bites|11am to 11pm(Mon-Sun)|Average|3.3|7
Rajputana Spices|300|North Indian,Indian|Meerut|Meerut Cantt|https://www.zomato.com/meerut/rajputana-spices-meerut-cantt/info|20|Casual Dining|11am to 11pm(Mon-Sun)|Average|3.1|9
Golden Palms Resort|1000|North Indian|Meerut|Partapur|https://www.zomato.com/meerut/golden-palms-resort-partapur/info|20|Casual Dining|9am to 11pm(Mon-Sun)|Average|3.3|10
Karnail Chawla Deluxe|200|North Indian|Meerut|Sadar Bazaar|https://www.zomato.com/meerut/karnail-chawla-deluxe-sadar-bazaar/info|20|Quick Bites|11am to 11pm(Mon-Sun)|Average|3.1|5
Milap Confectionery|0|Bakery,Street Food|Meerut|Shastri Nagar|https://www.zomato.com/meerut/milap-confectionery-shastri-nagar/info|20|Confectionery|7am to 12midnight(Mon-Sun)|Average|3.4|10
Shri Shyam Ratna|250|South Indian,Chinese|Meerut|Shastri Nagar|https://www.zomato.com/meerut/shri-shyam-ratna-shastri-nagar/info|20|Quick Bites|11am to 11pm(Mon-Sun)|Average|3.0|5
Hotel Highway Regency|500|North Indian|Meerut|Partapur|https://www.zomato.com/meerut/hotel-highway-regency-partapur/info|20|Quick Bites|7am to 11pm(Mon-Sun)|Average|3.0|5
Gaur N Gupta Soya Chaap|150|Fast Food,North Indian|Meerut|Partapur|https://www.zomato.com/meerut/gaur-n-gupta-soya-chaap-partapur/info|20|Quick Bites|430pm to 1130pm(Mon,Thu,Fri,Sat,Sun),5pm...|Not rated|-|-
Calcutta Sweets|200|Mithai|Meerut|Shastri Nagar|https://www.zomato.com/meerut/calcutta-sweets-shastri-nagar/info|20|Sweet Shop|830am to 1030pm(Mon-Sun)|Average|3.0|4
Hotel Subhadhra Residency|400|Chinese|Meerut|Mohkam Pur|https://www.zomato.com/meerut/hotel-subhadhra-residency-mohkam-pur/info|20|Quick Bites|11am to 11pm(Mon-Sun)|Not rated|-|-
Patiala Shahi Daana Pani|300|North Indian,Kebab|Meerut|Shastri Nagar|https://www.zomato.com/meerut/patiala-shahi-daana-pani-shastri-nagar/info|20|Quick Bites|11am to 11pm(Mon-Sun)||NEW|NEW
Tasty Of Kolkata|150|Rolls|Meerut|Partapur|https://www.zomato.com/meerut/tasty-of-kolkata-partapur/info|21|Quick Bites|11am to 1030pm(Mon-Sun)||NEW|NEW
Bengal Sweets Palace|200|Mithai|Meerut|Pallavpuram|https://www.zomato.com/meerut/bengal-sweets-palace-pallavpuram/info|21|Sweet Shop|11am to 1030pm(Mon-Sun)|Average|3.2|9
Royal Food Corner And Restaurant|250|North Indian,Fast Food|Meerut|Ganga Nagar|https://www.zomato.com/meerut/royal-food-corner-and-restaurant-ganga-nagar/info|21|Quick Bites|7am to 11pm(Mon-Sun)||NEW|NEW
Kaka Shudh Sakahari Bhojanalya|200|North Indian|Meerut|Meerut Cantt|https://www.zomato.com/meerut/kaka-shudh-sakahari-bhojanalya-meerut-cantt/info|21|Bhojanalya|10am to 11pm(Mon-Sun)||NEW|NEW
The Highway Kitchen|600|Indian,Chinese,Continental,Fast Food,South Indian|Meerut|Partapur|https://www.zomato.com/meerut/the-highway-kitchen-partapur/info|21|Casual Dining|7am to 11pm(Mon-Sun)|Average|3.2|5
Kandle Restaurant - Hotel Krome|1000|North Indian|Meerut|Mohkam Pur|https://www.zomato.com/meerut/kandle-restaurant-hotel-krome-mohkam-pur/info|21|Casual Dining|11am to 11pm(Mon-Sun)|Average|3.4|8
Bawa's Chicken|200|North Indian|Meerut|Meerut Cantt|https://www.zomato.com/meerut/bawas-chicken-meerut-cantt/info|21|none|5pm to 11pm(Mon-Sun)|Average|3.2|8
Chalte Chalte Food Vans|150|Chinese|Meerut|MDA|https://www.zomato.com/meerut/chalte-chalte-food-vans-mda/info|21|Food Truck|11am to 11pm(Mon-Sun)||NEW|NEW
Veg Night|600|North Indian,Chinese,Beverages|Meerut|Ganga Nagar|https://www.zomato.com/meerut/veg-night-ganga-nagar/info|21|Quick Bites|11am to 11pm(Mon-Sun)||NEW|NEW
Taste of Kolkata|150|Rolls|Meerut|Partapur|https://www.zomato.com/meerut/taste-of-kolkata-partapur/info|21|Quick Bites|11am to 1030pm(Mon-Sun)|Average|3.3|8
Spice Hut|250|North Indian|Meerut|Meerut Cantt|https://www.zomato.com/meerut/spice-hut-meerut-cantt/info|21|Quick Bites|11am to 11pm(Mon-Sun)|Average|3.1|6
EFG Mid East Restaurant|300|North Indian,Chinese|Meerut|Shastri Nagar|https://www.zomato.com/meerut/efg-mid-east-restaurant-shastri-nagar/info|21|none|10am to 11pm(Mon-Sun)|Average|3.1|4
Anup Chaat Bhandar|150|Fast Food|Meerut|Shastri Nagar|https://www.zomato.com/meerut/anup-chaat-bhandar-shastri-nagar/info|21|Quick Bites|4pm to 11pm(Mon-Sun)|Not rated|-|-
Three Brothers Food Trucks And Catering Services|600|North Indian,Italian,Chinese,Continental|Meerut|Meerut Cantt|https://www.zomato.com/meerut/three-brothers-food-trucks-and-catering-services-meerut-cantt/info|21|Quick Bites|4pm to 11pm(Mon-Sun)|Average|3.3|7
Kanhaiya Chaat Wale|150|Fast Food|Meerut|Shastri Nagar|https://www.zomato.com/meerut/kanhaiya-chaat-wale-shastri-nagar/info|21|Quick Bites|11am to 11pm(Mon-Sun)||NEW|NEW
Papa'S Pizza|300|Pizza,Fast Food|Meerut|Partapur|https://www.zomato.com/meerut/papas-pizza-partapur/info|22|Quick Bites|11am to 11pm(Mon-Sun)|Average|2.9|5
Ganga Sudh Bhojnalya|200|North Indian|Meerut|Shastri Nagar|https://www.zomato.com/meerut/ganga-sudh-bhojnalya-1-shastri-nagar/info|22|Quick Bites|10am to 11pm(Mon-Sun)||NEW|NEW
Grand Store|100|Bakery,Fast Food|Meerut|Shastri Nagar|https://www.zomato.com/meerut/grand-store-shastri-nagar/info|22|Confectionery|730am to 1030pm(Mon-Sun)|Not rated|-|-
Kaleva Fun Food|300|North Indian|Meerut|Shastri Nagar|https://www.zomato.com/meerut/kaleva-fun-food-shastri-nagar/info|22|Quick Bites|11am to 11pm(Mon-Sun)|Not rated|-|-
Hotel Highway Inn|700|North Indian,Chinese|Meerut|Partapur|https://www.zomato.com/meerut/hotel-highway-inn-partapur/info|22|Casual Dining|11am to 11pm(Mon-Sun)|Not rated|-|-
Tandoori Club|350|North Indian,Chinese,South Indian|Meerut|Ganga Nagar|https://www.zomato.com/meerut/tandoori-club-ganga-nagar/info|22|Quick Bites|11am to 11pm(Mon-Sun)|Average|3.1|4
Kailash Dairy|400|Mithai,Desserts|Meerut|MDA|https://www.zomato.com/meerut/kailash-dairy-mda/info|22|Sweet Shop|11am to 11pm(Mon-Sun)|Average|3.1|4
Pardhan Ji Dairy|300|Mithai,Desserts|Meerut|Meerut Cantt|https://www.zomato.com/meerut/pardhan-ji-dairy-meerut-cantt/info|22|none|7am to 1230AM(Mon-Sun)||NEW|NEW
SF Food|300|Fast Food|Meerut|Shastri Nagar|https://www.zomato.com/meerut/sf-food-shastri-nagar/info|22|Quick Bites|11am to 11pm(Mon-Sun)|Not rated|-|-
NFC Restaurant|300|North Indian|Meerut|Meerut Cantt|https://www.zomato.com/meerut/nfc-restaurant-meerut-cantt/info|22|Quick Bites|11am to 11pm(Mon-Sun)||NEW|NEW
Bite Of Kolkata|300|North Indian,Mughlai|Meerut|Madhavpuram|https://www.zomato.com/meerut/bite-of-kolkata-madhavpuram/info|22|Quick Bites|1pm to 11pm(Mon-Sun)|Not rated|-|-
Mint Lime Restaurant|600|North Indian|Meerut|Mohan Puri|https://www.zomato.com/meerut/mint-lime-restaurant-mohan-puri/info|22|Casual Dining|11am to 11pm(Mon-Sun)|Not rated|-|-
Lazeez Restaurant|200|North Indian,Chinese|Meerut|Shastri Nagar|https://www.zomato.com/meerut/lazeez-restaurant-shastri-nagar/info|22|Quick Bites|11am to 11pm(Mon-Sun)||NEW|NEW
Hotel Sandalwood|300|North Indian,Chinese,Fast Food|Meerut|Madhavpuram|https://www.zomato.com/meerut/hotel-sandalwood-madhavpuram/info|22|Quick Bites|11am to 11pm(Mon-Sun)|Not rated|-|-
Hotel Harmony Inn|600|North Indian,Chinese,Continental|Meerut|Shastri Nagar|https://www.zomato.com/meerut/hotel-harmony-inn-shastri-nagar/info|22|Casual Dining|11am to 11pm(Mon-Sun)||NEW|NEW
Hans Fast Food|150|South Indian,Fast Food|Meerut|Shastri Nagar|https://www.zomato.com/meerut/hans-fast-food-shastri-nagar/info|23|Quick Bites|11am to 11pm(Mon-Sun)||NEW|NEW
Sang Flavors|350|Chinese,North Indian,South Indian|Meerut|Ganga Nagar|https://www.zomato.com/meerut/sang-flavors-ganga-nagar/info|23|Quick Bites|11am to 1030pm(Mon-Sun)|Not rated|-|-
AK Chicken Corner|0|North Indian|Meerut|Shastri Nagar|https://www.zomato.com/meerut/ak-chicken-corner-shastri-nagar/info|23|Quick Bites|5pm to 11pm(Mon-Sun)|Not rated|-|-
Spicy Handi Restaurant|300|North Indian|Meerut|Partapur|https://www.zomato.com/meerut/spicy-handi-restaurant-partapur/info|23|Quick Bites|11am to 11pm(Mon-Sun)|Not rated|-|-
Hunger|300|Fast Food|Meerut|Ganga Nagar|https://www.zomato.com/meerut/hunger-ganga-nagar/info|23|Quick Bites|1230pm to 1030pm(Mon-Sun)|Not rated|-|-
Lemon Chilli|350|North Indian|Meerut|Meerut Cantt|https://www.zomato.com/meerut/lemon-chilli-meerut-cantt/info|23|Quick Bites|9am to 11pm(Mon-Sun)|Not rated|-|-
UBQ by Barbeque Nation|1000|North Indian|Meerut|Shastri Nagar|https://www.zomato.com/meerut/ubq-by-barbeque-nation-shastri-nagar/info|23|none|1230pm to 330pm,630pm to 11pm(Mon-Sun)|Not rated|-|-
Chicken & Shawarma Rolls|400|North Indian|Meerut|Shastri Nagar|https://www.zomato.com/meerut/chicken-shawarma-rolls-shastri-nagar/info|23|Quick Bites|10am to 12midnight(Mon-Sun)||NEW|NEW
Super Ice Cream|250|Ice Cream|Meerut|Devpuri|https://www.zomato.com/meerut/super-ice-cream-devpuri/info|23|Dessert Parlor|8am to 11pm(Mon-Sun)||NEW|NEW
Shree Siddhivinayak Shudh Bhojanaalya|200|North Indian|Meerut|Shastri Nagar|https://www.zomato.com/meerut/shree-siddhivinayak-shudh-bhojanaalya-shastri-nagar/info|23|none|11am to 11pm(Mon-Sun)|Not rated|-|-
Welcome Lassi|100|Fast Food|Meerut|Sadar Bazaar|https://www.zomato.com/meerut/welcome-lassi-sadar-bazaar/info|23|Quick Bites|11am to 11pm(Mon-Sun)|Not rated|-|-
Meerut Online Cakes|350|Bakery|Meerut|Meerut Cantt|https://www.zomato.com/meerut/meerut-online-cakes-meerut-cantt/info|23|none|9am to 1230AM(Mon-Sun)||NEW|NEW
Mom's Bakers|300|Bakery|Meerut|Thapar Nagar|https://www.zomato.com/meerut/moms-bakers-thapar-nagar/info|23|Bakery|8am to 11pm(Mon-Sun)||NEW|NEW
Ruhela Bakers|250|Desserts,Bakery|Meerut|Fazalpur|https://www.zomato.com/meerut/ruhela-bakers-fazalpur/info|23|Bakery|24||NEW|NEW
Machan The Chicken Point|250|Fast Food|Meerut|Mohkam Pur|https://www.zomato.com/meerut/machan-the-chicken-point-mohkam-pur/info|23|Quick Bites|6pm to 1130pm(Mon-Sun)|Not rated|-|-
Foody Brothers|300|North Indian,Mughlai,Rolls|Meerut|Mohkam Pur|https://www.zomato.com/meerut/foody-brothers-mohkam-pur/info|24|Quick Bites|1pm to 11pm(Mon-Sun)|Not rated|-|-
Royal Restaurant|400|Fast Food|Meerut|Partapur|https://www.zomato.com/meerut/royal-restaurant-partapur/info|24|Casual Dining|11am to 1030pm(Mon-Sun)|Not rated|-|-
Restro Ruk Ruk|150|North Indian,Chinese|Meerut|Partapur|https://www.zomato.com/meerut/restro-ruk-ruk-partapur/info|24|Quick Bites|11am to 11pm(Mon-Sun)||NEW|NEW
Sab Kitchen|200|South Indian,Chinese|Meerut|Meerut Cantt|https://www.zomato.com/meerut/sab-kitchen-meerut-cantt/info|24|none|||Opening|Opening
Baba ji Food Plaza|300|Fast Food|Meerut|Sadar Bazaar|https://www.zomato.com/meerut/baba-ji-food-plaza-sadar-bazaar/info|24|Food Truck|5pm to 1030pm(Mon-Sun)|Not rated|-|-
Tandoori Grills|200|North Indian|Meerut|Shastri Nagar|https://www.zomato.com/meerut/tandoori-grills-shastri-nagar/info|24|Quick Bites|11am to 11pm(Mon-Sun)|Not rated|-|-
Khana Khazana Restaurant|600|North Indian,Chinese|Meerut|Shastri Nagar|https://www.zomato.com/meerut/khana-khazana-restaurant-shastri-nagar/info|24|Casual Dining|11am to 11pm(Mon-Sun)|Not rated|-|-
Khana Khazana Restaurant|600|North Indian,Chinese|Meerut|Sadar Bazaar|https://www.zomato.com/meerut/khana-khazana-restaurant-sadar-bazaar/info|24|Casual Dining|11am to 11pm(Mon-Sun)|Not rated|-|-
Shree Ganga Fast Food|200|Fast Food|Meerut|Pallavpuram|https://www.zomato.com/meerut/shree-ganga-fast-food-pallavpuram/info|24|Quick Bites|12noon to 11pm(Mon-Sun)|Not rated|-|-
Delhi Bakers|150|Bakery,Desserts|Meerut|Thapar Nagar|https://www.zomato.com/meerut/delhi-bakers-thapar-nagar/info|24|Bakery|11am to 11pm(Mon-Sun)||NEW|NEW
Star Cafe|250|North Indian,Chinese|Meerut|Shastri Nagar|https://www.zomato.com/meerut/star-cafe-shastri-nagar/info|24|Quick Bites|12noon to 1030pm(Mon-Sun)|Not rated|-|-
Shakes Square|100|Beverages|Meerut|Devpuri|https://www.zomato.com/meerut/shakes-square-devpuri/info|24|Beverage Shop|9am to 11pm(Mon-Sun)||NEW|NEW
In The Sky Fast Food|100|Fast Food|Meerut|Partapur|https://www.zomato.com/meerut/in-the-sky-fast-food-partapur/info|24|Quick Bites|11am to 11pm(Mon-Sun)|Not rated|-|-
Monica Food Corner|200|North Indian,Street Food|Meerut|Meerut Cantt|https://www.zomato.com/meerut/monica-food-corner-meerut-cantt/info|24|none|7am to 11pm(Mon-Sun)||NEW|NEW
Raj Dharam Restaurant|150|North Indian|Meerut|Pallavpuram|https://www.zomato.com/meerut/raj-dharam-restaurant-pallavpuram/info|24|Dhaba|24||NEW|NEW
Meghna Confectionery|180|Street Food|Meerut|Mohan Puri|https://www.zomato.com/meerut/meghna-confectionery-mohan-puri/info|25|Confectionery|730am to 11pm(Mon-Sun)|Not rated|-|-
Wow Family Restaurant|200|Chinese,Fast Food|Meerut|Partapur|https://www.zomato.com/meerut/wow-family-restaurant-partapur/info|25|Quick Bites|11am to 11pm(Mon-Sun)||NEW|NEW
Prince hotel & restaurant|400|Indian|Meerut|Meerut Cantt|https://www.zomato.com/meerut/prince-hotel-restaurant-meerut-cantt/info|25|Quick Bites|11am to 11pm(Mon-Sun)|Not rated|-|-
Shivam Restaurant|200|North Indian,Fast Food|Meerut|Partapur|https://www.zomato.com/meerut/shivam-restaurant-partapur/info|25|Quick Bites|11am to 11pm(Mon-Sun)||NEW|NEW
Paratha Express|250|North Indian,Fast Food|Meerut|Melange Mall-- Pallavpuram|https://www.zomato.com/meerut/paratha-express-pallavpuram/info|3|Quick Bites|11am to 11pm(Mon-Sun)|Very Good|4.0|60
Volga Grand|500|Beverages,Continental,North Eastern|Meerut|Meerut Cantt|https://www.zomato.com/meerut/volga-grand-meerut-cantt/info|3|Casual Dining|1130am to 11pm(Mon-Sun)|Good|3.5|48
KFC|700|Burger,Fast Food|Meerut|Shopprix Mall-- Mohkam Pur|https://www.zomato.com/meerut/kfc-1-mohkam-pur/info|3|Quick Bites|11am to 11pm(Mon-Sun)|Good|3.8|85
Burger King|500|Burger,Fast Food|Meerut|Meerut Cantt|https://www.zomato.com/meerut/burger-king-meerut-cantt/info|3|Quick Bites|11am to 11pm(Mon-Sun)|Very Good|4.0|57
Subway|500|Healthy Food,Salad,Sandwich|Meerut|Meerut Cantt|https://www.zomato.com/meerut/subway-meerut-cantt/info|3|Quick Bites|11am to 11pm(Mon-Sun)|Good|3.9|64
Punjabi Tandoori Junction|200|North Indian|Meerut|Devpuri|https://www.zomato.com/meerut/punjabi-tandoori-junction-devpuri/info|3|Quick Bites|7pm to 11pm(Mon-Sun)|Good|3.8|58
Sugar Cup|500|Cafe,Fast Food,Beverages|Meerut|Thapar Nagar|https://www.zomato.com/meerut/sugar-cup-thapar-nagar/info|3|Café|11am to 11pm(Mon-Sun)|Good|3.8|21
Lean On - The Fit Food Hub|400|Healthy Food|Meerut|Shastri Nagar|https://www.zomato.com/meerut/lean-on-the-fit-food-hub-shastri-nagar/info|3|Quick Bites|9am to 1130pm(Mon-Sun)|Good|3.6|54
Ma Maa Mia|250|Fast Food|Meerut|Shastri Nagar|https://www.zomato.com/meerut/ma-maa-mia-shastri-nagar/info|3|Quick Bites|1pm to 11pm(Mon-Sun)|Average|3.0|62
Karnail Restaurant|300|North Indian|Meerut|Sadar Bazaar|https://www.zomato.com/meerut/karnail-restaurant-sadar-bazaar/info|3|Casual Dining|1030am to 1030pm(Mon-Sun)|Good|3.8|60
Cafe Gastronomia|650|Cafe|Meerut|Sadar Bazaar|https://www.zomato.com/meerut/cafe-gastronomia-sadar-bazaar/info|3|Café|10am to 11pm(Mon-Sun)|Good|3.7|64
Pinki Chole Bhandar|100|North Indian|Meerut|Sadar Bazaar|https://www.zomato.com/meerut/pinki-chole-bhandar-sadar-bazaar/info|3|Quick Bites|815am to 615pm(Mon-Sun)|Excellent|4.5|215
Food O Fest|350|Fast Food|Meerut|Shastri Nagar|https://www.zomato.com/meerut/food-o-fest-shastri-nagar/info|3|Quick Bites|11am to 11pm(Mon-Sun)|Good|3.7|51
S K Chicken Corner|200|North Indian|Meerut|Shastri Nagar|https://www.zomato.com/meerut/s-k-chicken-corner-shastri-nagar/info|3|Quick Bites|11am to 11pm(Mon-Sun)|Good|3.9|27
Olivia|1000|Thai,North Indian,Continental,Chinese|Meerut|Meerut Cantt|https://www.zomato.com/meerut/olivia-meerut-cantt/info|3|Fine Dining|11am to 11pm(Mon-Sun)|Good|3.7|61
Noodle Heights|150|Fast Food,Chinese|Meerut|Shastri Nagar|https://www.zomato.com/meerut/noodle-heights-shastri-nagar/info|4|Quick Bites|10am to 10pm(Mon-Sun)|Good|3.8|127
China Town|150|Chinese|Meerut|Meerut Cantt|https://www.zomato.com/meerut/china-town-meerut-cantt/info|4|Casual Dining|11am to 1030pm(Mon-Sun)|Average|3.4|58
Biggies|300|Pizza,North Indian|Meerut|Pallavpuram|https://www.zomato.com/meerut/biggies-pallavpuram/info|4|Quick Bites|830am to 11pm(Mon-Sun)|Good|3.8|70
Planet F|150|Chinese|Meerut|Meerut Cantt|https://www.zomato.com/meerut/planet-f-meerut-cantt/info|4|Quick Bites|5pm to 11pm(Mon-Sun)|Good|3.8|35
Tim Buk Too|500|North Indian|Meerut|Shastri Nagar|https://www.zomato.com/meerut/tim-buk-too-shastri-nagar/info|4|Casual Dining|11am to 11pm(Mon-Sun)|Good|3.7|61
Chulha Chowka Restaurant|600|North Indian,South Indian,Chinese|Meerut|Meerut Cantt|https://www.zomato.com/meerut/chulha-chowka-restaurant-meerut-cantt/info|4|Casual Dining|11am to 11pm(Mon-Sun)|Good|3.6|39
Raju Chaat Bhandar|100|Street Food|Meerut|Sadar Bazaar|https://www.zomato.com/meerut/raju-chaat-bhandar-sadar-bazaar/info|4|Quick Bites|1030am to 1030pm(Mon-Sun)|Good|3.6|40
Chinese Hut|100|Chinese|Meerut|Madhavpuram|https://www.zomato.com/meerut/chinese-hut-madhavpuram/info|4|Quick Bites|11am to 11pm(Mon-Sun)|Good|3.8|49
Hariya Ji Lassi Wale|100|Mithai,Beverages|Meerut|Shastri Nagar|https://www.zomato.com/meerut/hariya-ji-lassi-wale-1-shastri-nagar/info|4|Sweet Shop|930am to 11pm(Mon-Sun)||NEW|NEW
Snackers|200|Fast Food|Meerut|Meerut Cantt|https://www.zomato.com/meerut/snackers-meerut-cantt/info|4|Quick Bites|1030am to 10pm(Mon-Sun)|Very Good|4.4|142
Avon Bakers|300|Bakery|Meerut|Meerut Cantt|https://www.zomato.com/meerut/avon-bakers-meerut-cantt/info|4|Bakery|10am to 10pm(Mon-Sun)|Very Good|4.3|149
Son Of Swad|300|North Indian,Chinese|Meerut|Devpuri|https://www.zomato.com/meerut/son-of-swad-devpuri/info|4|Quick Bites|12noon to 12pm(Mon-Sun)|Good|3.8|77
Dug Out Cafe|600|Cafe|Meerut|Shastri Nagar|https://www.zomato.com/meerut/dug-out-cafe-shastri-nagar/info|4|Café|1030am to 11pm(Mon-Sun)|Good|3.7|58
Villa 183|950|Cafe|Meerut|Sadar Bazaar|https://www.zomato.com/meerut/villa-183-sadar-bazaar/info|4|Café|10am to 10pm(Mon-Sun)|Very Good|4.2|114
Sheetal Hotel And Restaurant|300|North Indian,Chinese|Meerut|Mohkam Pur|https://www.zomato.com/meerut/sheetal-hotel-and-restaurant-mohkam-pur/info|4|Quick Bites|11am to 11pm(Mon-Sun)|Good|3.5|29
Cooking Mama|250|Momos,Fast Food|Meerut|Shastri Nagar|https://www.zomato.com/meerut/cooking-mama-shastri-nagar/info|5|Quick Bites|5pm to 11pm(Mon-Sun)|Average|3.0|34
Koper Kitchen|600|North Indian|Meerut|Shastri Nagar|https://www.zomato.com/meerut/koper-kitchen-shastri-nagar/info|5|Casual Dining|11am to 11pm(Mon-Sun)|Average|2.6|55
Ashok Fast Food|150|Fast Food|Meerut|MDA|https://www.zomato.com/meerut/ashok-fast-food-mda/info|5|none|11am to 11pm(Mon-Sun)||NEW|NEW
NK  Chicken Corner|350|North Indian,Mughlai|Meerut|Devpuri|https://www.zomato.com/meerut/nk-chicken-corner-devpuri/info|5|Quick Bites|4pm to 11pm(Mon-Sun)|Very Good|4.0|35
Biggies Pizza|350|Pizza|Meerut|Sadar Bazaar|https://www.zomato.com/meerut/biggies-pizza-sadar-bazaar/info|5|Quick Bites|10am to 10pm(Mon-Sun)|Good|3.8|106
Seven Eleven|800|North Indian,Chinese|Meerut|Shastri Nagar|https://www.zomato.com/meerut/seven-eleven-shastri-nagar/info|5|Casual Dining|1230pm to 11pm(Mon-Sun)|Good|3.5|37
Pappi Vaishno Dhabha|250|North Indian,Chinese|Meerut|Meerut Cantt|https://www.zomato.com/meerut/pappi-vaishno-dhabha-meerut-cantt/info|5|Quick Bites|11am to 11pm(Mon-Sun)|Very Good|4.0|32
Wazwan|200|Mughlai|Meerut|Meerut Cantt|https://www.zomato.com/meerut/wazwan-meerut-cantt/info|5|Quick Bites|11am to 11pm(Mon-Sun)||NEW|NEW
Hotel Mayur (Kaiser Restaurent)|300|North Indian,Chinese,Fast Food,Mughlai|Meerut|Thapar Nagar|https://www.zomato.com/meerut/hotel-mayur-kaiser-restaurent-thapar-nagar/info|5|Quick Bites|11am to 11pm(Mon-Sun)|Good|3.9|39
The Rovers Restaurant & Cafe|250|North Indian,Chinese,Fast Food|Meerut|Meerut Cantt|https://www.zomato.com/meerut/the-rovers-restaurant-cafe-meerut-cantt/info|5|Quick Bites|11am to 1030pm(Mon-Sun)|Good|3.5|15
New York Slice|400|Pizza|Meerut|Meerut Cantt|https://www.zomato.com/meerut/new-york-slice-meerut-cantt/info|5|Quick Bites|11am to 1045am(Mon),11am to 11pm(Tue-Sun)|Good|3.8|41
Ram Lal Chole Bhature|80|Fast Food|Meerut|Meerut Cantt|https://www.zomato.com/meerut/ram-lal-chole-bhature-meerut-cantt/info|5|Quick Bites|9am to 4pm(Mon-Sun)|Very Good|4.1|47
Raj Bhog|250|North Indian,Fast Food|Meerut|Shastri Nagar|https://www.zomato.com/meerut/raj-bhog-shastri-nagar/info|5|Casual Dining|11am to 1045pm(Mon-Sun)|Average|2.6|45
Burger Xpress|450|Fast Food|Meerut|Shastri Nagar|https://www.zomato.com/meerut/burger-xpress-shastri-nagar/info|5|Quick Bites|11am to 9pm(Mon-Sun)|Average|3.0|54
Pizza Hut|650|Pizza|Meerut|PVS Mall-- Shastri Nagar|https://www.zomato.com/meerut/pizza-hut-shastri-nagar/info|5|Casual Dining|1pm to 10pm(Mon-Sun)|Good|3.9|92
Zafraan Family Restaurant|300|North Indian|Meerut|Meerut Cantt|https://www.zomato.com/meerut/zafraan-family-restaurant-1-meerut-cantt/info|6|Quick Bites|1130am to 11pm(Mon-Sun)|Good|3.5|35
Desibite|400|North Indian|Meerut|Shastri Nagar|https://www.zomato.com/meerut/desibite-shastri-nagar/info|6|Quick Bites|11am to 11pm(Mon-Sun)|Average|3.3|44
Roms Pizza|250|Pizza|Meerut|Pallavpuram|https://www.zomato.com/meerut/roms-pizza-pallavpuram/info|6|Quick Bites|11am to 9pm(Mon-Sun)|Very Good|4.0|39
Bikanervala|500|Mithai,North Indian,South Indian,Street Food|Meerut|Pallavpuram|https://www.zomato.com/meerut/bikanervala-pallavpuram/info|6|Casual Dining|10am to 10pm(Mon-Sun)|Good|3.7|97
Chai Pie|100|Fast Food|Meerut|Shastri Nagar|https://www.zomato.com/meerut/chai-pie-shastri-nagar/info|6|Quick Bites|11am to 10pm(Mon-Sun)|Good|3.9|41
Vaidehi Rasoi|150|North Indian|Meerut|Meerut Cantt|https://www.zomato.com/meerut/vaidehi-rasoi-meerut-cantt/info|6|Quick Bites|9am to 10pm(Mon-Sun)|Good|3.9|56
Chote Bhai Ki Choti Dukan|150|Beverages|Meerut|Shastri Nagar|https://www.zomato.com/meerut/chote-bhai-ki-choti-dukan-shastri-nagar/info|6|Beverage Shop|10am to 1030pm(Mon-Sun)|Good|3.7|25
Foodies Heaven|200|North Indian,Chinese,Rolls,Momos|Meerut|Shastri Nagar|https://www.zomato.com/meerut/foodies-heaven-shastri-nagar/info|6|Quick Bites|1230pm to 10pm(Mon-Sun)|Average|3.2|40
Everfresh|120|Fast Food|Meerut|Pallavpuram|https://www.zomato.com/meerut/everfresh-2-pallavpuram/info|6|Quick Bites|3pm to 10pm(Mon-Sun)|Good|3.9|38
Indiana|800|North Indian,Chinese|Meerut|Meerut Cantt|https://www.zomato.com/meerut/indiana-meerut-cantt/info|6|Casual Dining|12noon to 11pm(Mon-Sun)|Good|3.8|51
Lettuce Berry Cafe|800|Cafe|Meerut|MDA|https://www.zomato.com/meerut/lettuce-berry-cafe-mda/info|6|Café|11am to 10pm(Mon-Sun)|Good|3.7|31
Maanchow|500|Chinese|Meerut|Meerut Cantt|https://www.zomato.com/meerut/maanchow-meerut-cantt/info|6|Casual Dining|10am to 12midnight(Mon-Sun)|Good|3.9|41
Meatwala|300|North Indian,Mughlai|Meerut|MDA|https://www.zomato.com/meerut/meatwala-mda/info|6|Quick Bites|1pm to 10pm(Mon,Wed,Thu,Fri,Sat,Sun),Closed...|Good|3.5|49
Manzziare|200|Sandwich,Fast Food,Beverages|Meerut|Mohan Puri|https://www.zomato.com/meerut/manzziare-mohan-puri/info|6|Quick Bites|10am to 10pm(Mon-Sun)|Good|3.9|56
Fantastic Four Fast Food|150|Fast Food,Momos,Chinese|Meerut|Shastri Nagar|https://www.zomato.com/meerut/fantastic-four-fast-food-shastri-nagar/info|6|Kiosk|4pm to 9pm(Mon-Sun)|Average|2.8|45
Jay Bakers|200|Fast Food|Meerut|Shastri Nagar|https://www.zomato.com/meerut/jay-bakers-shastri-nagar/info|7|Quick Bites|11am to 11pm(Mon-Sun)|Good|3.9|23
TFC Family Restaurant|850|North Indian|Meerut|Meerut Cantt|https://www.zomato.com/meerut/tfc-family-restaurant-meerut-cantt/info|7|Casual Dining|11am to 11pm(Mon-Sun)|Good|3.6|51
Shree Fast Food|200|Street Food|Meerut|Shastri Nagar|https://www.zomato.com/meerut/shree-fast-food-shastri-nagar/info|7|Quick Bites|11am to 10pm(Mon-Sun)|Good|3.8|56
Rajwara Grills|200|North Indian|Meerut|Ganga Nagar|https://www.zomato.com/meerut/rajwara-grills-ganga-nagar/info|7|Quick Bites|11am to 11pm(Mon-Sun)|Good|3.7|26
Chill Out Food Cafe|150|Fast Food,Beverages|Meerut|Meerut Cantt|https://www.zomato.com/meerut/chill-out-food-cafe-meerut-cantt/info|7|Quick Bites|10am to 10pm(Mon-Sun)|Average|3.3|49
Sagar Ratna|600|North Indian,South Indian,Chinese|Meerut|Sadar Bazaar|https://www.zomato.com/meerut/sagar-ratna-sadar-bazaar/info|7|Casual Dining|11am to 11pm(Mon-Sun)|Good|3.9|40
King Bakeries|400|Bakery|Meerut|Meerut Cantt|https://www.zomato.com/meerut/king-bakeries-meerut-cantt/info|7|Bakery|9am to 1030pm(Mon-Sun)|Good|3.6|28
Kathi King Roll|250|North Indian|Meerut|Meerut Cantt|https://www.zomato.com/meerut/kathi-king-roll-meerut-cantt/info|7|Quick Bites|12noon to 9pm(Mon-Sun)|Good|3.8|36
Mom's Thali Restaurant|250|North Indian|Meerut|Shastri Nagar|https://www.zomato.com/meerut/moms-thali-restaurant-shastri-nagar/info|7|Quick Bites|1130am to 930pm(Mon-Sun)|Average|3.4|31
Mittal Dhaba|150|Indian|Meerut|Sadar Bazaar|https://www.zomato.com/meerut/mittal-dhaba-sadar-bazaar/info|7|Dhaba|1230pm to 11pm(Mon-Sun)|Good|3.6|21
Dosa 50|200|South Indian,Chinese|Meerut|Thapar Nagar|https://www.zomato.com/meerut/dosa-50-thapar-nagar/info|7|Quick Bites|12noon to 10pm(Mon-Sun)|Average|3.4|29
Rozana|500|Cafe,Fast Food|Meerut|Sadar Bazaar|https://www.zomato.com/meerut/rozana-sadar-bazaar/info|7|Café|(Mon-Sun)|Good|3.5|43
Chilly Punjab|250|North Indian|Meerut|Meerut Cantt|https://www.zomato.com/meerut/chilly-punjab-meerut-cantt/info|7|Quick Bites|6pm to 10pm(Mon-Sun)|Good|3.8|46
Green Chilli|200|North Indian|Meerut|Madhavpuram|https://www.zomato.com/meerut/green-chilli-madhavpuram/info|7|Quick Bites|1pm to 10pm(Mon-Sun)|Average|3.1|28
Rolls and Foods|200|Rolls,Fast Food|Meerut|Madhavpuram|https://www.zomato.com/meerut/rolls-and-foods-madhavpuram/info|7|Quick Bites|1pm to 10pm(Mon-Sun)|Good|3.7|20
Biggies Pizza|350|Pizza|Meerut|Mohan Puri|https://www.zomato.com/meerut/biggies-pizza-mohan-puri/info|8|Quick Bites|10am to 10pm(Mon-Sun)|Good|3.9|40
Ice Cream By The Way|300|Ice Cream,Bakery|Meerut|Sadar Bazaar|https://www.zomato.com/meerut/ice-cream-by-the-way-sadar-bazaar/info|8|Dessert Parlor|11am to 11pm(Mon-Sun)|Good|3.8|18
Gupta Sweets And Caterers|100|Mithai,Street Food|Meerut|Shastri Nagar|https://www.zomato.com/meerut/gupta-sweets-and-caterers-shastri-nagar/info|8|Quick Bites|7am to 8pm(Mon-Sun)|Average|3.3|17
Chula Chowka|300|South Indian,North Indian|Meerut|Sadar Bazaar|https://www.zomato.com/meerut/chula-chowka-sadar-bazaar/info|8|Casual Dining|11am to 11pm(Mon-Sun)|Good|3.8|35
Ziggi Cafe & Restaurant|100|North Indian|Meerut|Ganga Nagar|https://www.zomato.com/meerut/ziggi-cafe-restaurant-ganga-nagar/info|8|Quick Bites|1pm to 930pm(Mon-Sun)|Average|2.9|9
Bhukkads Point|150|Fast Food,Chinese|Meerut|Madhavpuram|https://www.zomato.com/meerut/bhukkads-point-madhavpuram/info|8|Quick Bites|6pm to 11pm(Mon-Sun)|Good|3.8|26
Downtown Family Restaurant & Cafe|500|North Indian,Continental,Chinese|Meerut|Devpuri|https://www.zomato.com/meerut/downtown-family-restaurant-cafe-devpuri/info|8|Casual Dining|11am to 11pm(Mon-Sun)|Good|3.6|23
Flavor Box|200|Fast Food|Meerut|Shastri Nagar|https://www.zomato.com/meerut/flavor-box-shastri-nagar/info|8|Quick Bites|Closed(Mon),12noon to 1030pm(Tue-Sun)|Good|3.8|23
YOur's Chinese|200|Fast Food|Meerut|Meerut Cantt|https://www.zomato.com/meerut/yours-chinese-meerut-cantt/info|8|Quick Bites|12noon to 10pm(Mon-Sun)|Good|3.6|26
The Macroni Point|300|Momos|Meerut|Meerut Cantt|https://www.zomato.com/meerut/the-macroni-point-meerut-cantt/info|8|none|3pm to 10pm(Mon-Sun)|Good|3.6|27
Chicago Pizza|400|Pizza,Italian|Meerut|Mohan Puri|https://www.zomato.com/meerut/chicago-pizza-mohan-puri/info|8|Quick Bites|11am to 11pm(Mon-Sun)||NEW|NEW
Grill Inn Broccoli Restaurant|200|Italian|Meerut|Madhavpuram|https://www.zomato.com/meerut/grill-inn-broccoli-restaurant-madhavpuram/info|8|Quick Bites|11am to 11pm(Mon-Sun)|Good|3.6|21
The Chill And Grill|200|Chinese|Meerut|Meerut Cantt|https://www.zomato.com/meerut/the-chill-and-grill-meerut-cantt/info|8|Quick Bites|12noon to 10pm(Mon-Sun)||NEW|NEW
Manu Restaurant|300|North Indian|Meerut|Mohan Puri|https://www.zomato.com/meerut/manu-restaurant-mohan-puri/info|8|Quick Bites|9am to 9pm(Mon-Sun)|Average|3.2|31
Om Sai Satya Bhojnalya|200|North Indian|Meerut|Pallavpuram|https://www.zomato.com/meerut/om-sai-satya-bhojnalya-pallavpuram/info|8|Bhojanalya|1130am to 9pm(Mon-Sun)|Good|3.6|17
3 Foodies|500|North Indian|Meerut|Shastri Nagar|https://www.zomato.com/meerut/3-foodies-shastri-nagar/info|9|Casual Dining|12noon to 11pm(Mon-Sun)|Average|3.4|30
Big Bite|400|North Indian,Continental,Chinese|Meerut|Partapur|https://www.zomato.com/meerut/big-bite-partapur/info|9|Casual Dining|730am to 11pm(Mon-Sun)|Good|3.6|33
Punjab Sweets & Family Restaurant|400|Fast Food|Meerut|Ganga Nagar|https://www.zomato.com/meerut/punjab-sweets-family-restaurant-ganga-nagar/info|9|Quick Bites|9am to 10pm(Mon-Sun)|Average|3.4|22
Tasty Bite|150|Fast Food,Chinese|Meerut|Shastri Nagar|https://www.zomato.com/meerut/tasty-bite-1-shastri-nagar/info|9|Quick Bites|12noon to 10pm(Mon-Sun)||NEW|NEW
Khalsa Restaurant|650|North Indian|Meerut|Thapar Nagar|https://www.zomato.com/meerut/khalsa-restaurant-thapar-nagar/info|9|Quick Bites|8am to 12midnight(Mon-Sun)|Average|2.6|33
New Shakti Bakers|100|Fast Food,Bakery|Meerut|Shastri Nagar|https://www.zomato.com/meerut/new-shakti-bakers-shastri-nagar/info|9|Bakery|11am to 945pm(Mon-Sun)|Good|3.5|17
Dosa By Gujrat Sweet and namkeen|200|Mithai,South Indian,Fast Food|Meerut|Shastri Nagar|https://www.zomato.com/meerut/dosa-by-gujrat-sweet-and-namkeen-shastri-nagar/info|9|Sweet Shop|1pm to 10pm(Mon-Sun)|Average|3.3|11
Crazy About Pizzaa|200|Italian,Pizza|Meerut|Partapur|https://www.zomato.com/meerut/crazy-about-pizzaa-1-partapur/info|9|Quick Bites|11am to 930pm(Mon-Sun)|Average|3.2|12
YOur's chinese|350|Chinese|Meerut|MDA|https://www.zomato.com/meerut/yours-chinese-mda/info|9|Quick Bites|12noon to 1030pm(Mon-Sun)|Good|3.5|20
Chur Chur Naan Special (CFC)|250|Fast Food,Chinese|Meerut|Shastri Nagar|https://www.zomato.com/meerut/chur-chur-naan-special-cfc-shastri-nagar/info|9|Quick Bites|12noon to 9pm(Mon-Sun)|Average|2.8|19
Om Satya Sai Restaurant|100|North Indian|Meerut|Pallavpuram|https://www.zomato.com/meerut/om-satya-sai-restaurant-pallavpuram/info|9|Quick Bites|11am to 9pm(Mon-Sun)|Average|3.4|9
Bengal Sweets Palace|150|Bakery,Mithai,Desserts,Fast Food|Meerut|Shastri Nagar|https://www.zomato.com/meerut/bengal-sweets-palace-shastri-nagar/info|9|Bakery|8am to 11pm(Mon-Sun)|Good|3.5|27
Golden Moments|400|North Indian,Chinese|Meerut|Pallavpuram|https://www.zomato.com/meerut/golden-moments-1-pallavpuram/info|9|Casual Dining|11am to 11pm(Mon-Sun)|Good|3.8|25
Baba Restaurant|200|North Indian|Meerut|Shastri Nagar|https://www.zomato.com/meerut/baba-restaurant-shastri-nagar/info|9|Quick Bites|11am to 745pm(Mon-Sun)|Good|3.6|17
Sher e Punjab|300|North Indian|Meerut|Meerut Cantt|https://www.zomato.com/meerut/sher-e-punjab-meerut-cantt/info|9|Quick Bites|11am to 11pm(Mon-Sun)|Good|3.7|28
