NAME|PRICE|CUSINE_CATEGORY|CITY|REGION|URL|PAGE NO|CUSINE TYPE|TIMING|RATING_TYPE|RATING|VOTES
Onesta|600|Pizza,Italian,Fast Food,Beverages,Desserts|Mysore|Gokulam|https://www.zomato.com/mysore/onesta-gokulam/info|1|Casual Dining|1230pm to 11pm(Mon-Sun)|Excellent|4.9|2609
Empire Restaurant|500|North Indian,Mughlai,South Indian,Chinese,Andhra|Mysore|Gokulam|https://www.zomato.com/mysore/empire-restaurant-gokulam/info|1|Casual Dining|1230pm to 2am(Mon-Sun)|Very Good|4.2|2031
Hotel RRR|300|Biryani,South Indian,Andhra|Mysore|Mandi Mohalla|https://www.zomato.com/mysore/hotel-rrr-mandi-mohalla/info|1|Casual Dining|12noon to 4pm,6pm to 1130pm(Mon-Sun)|Very Good|4.2|534
Highway 18|400|South Indian,North Indian,Chinese,Desserts,Beverages|Mysore|Gokulam|https://www.zomato.com/mysore/highway-18-gokulam/info|1|Casual Dining|730am to 1130pm(Mon-Sun)|Very Good|4.0|361
Kafe Biryani Corner|500|Biryani|Mysore|Kuvempunagar|https://www.zomato.com/mysore/kafe-biryani-corner-kuvempunagar/info|1|Casual Dining|1145am to 11pm(Mon,Wed,Sat),1145am to ...|Very Good|4.3|383
Etihad Arabian Restaurant|200|Arabian,Biryani|Mysore|Bannimantap|https://www.zomato.com/mysore/etihad-arabian-restaurant-bannimantap/info|1|Quick Bites|1pm to 4pm,615pm to 11pm(Mon-Sun)|Very Good|4.1|318
Big Chicken|500|North Indian,Chinese,Burger,Biryani,Arabian|Mysore|Gokulam|https://www.zomato.com/mysore/big-chicken-gokulam/info|1|Casual Dining|1130am to 11pm(Mon-Sun)|Very Good|4.3|556
Gufha Restaurant|1000|North Indian,Biryani,Chinese|Mysore|Pai Hotels-- Doora|https://www.zomato.com/mysore/gufha-restaurant-doora/info|1|Casual Dining|1230pm to 11pm(Mon-Sun)|Very Good|4.3|956
Kapoor's Cafe|800|North Indian,Desserts,Beverages|Mysore|Jayalakhsmipuram|https://www.zomato.com/mysore/kapoors-cafe-jayalakhsmipuram/info|1|Casual Dining|12noon to 415pm,6pm to 1045pm(Mon-Sun)|Very Good|4.3|282
KFC|550|Burger,Fast Food|Mysore|Habitat Mall-- Jayalakhsmipuram|https://www.zomato.com/mysore/kfc-jayalakhsmipuram/info|1|Quick Bites|11am to 11pm(Mon-Sun)|Good|3.9|485
Nanking|550|Chinese,Momos,Thai|Mysore|Vijay Nagar|https://www.zomato.com/mysore/nanking-vijay-nagar/info|1|Casual Dining|12noon to 11pm(Mon-Sun)|Very Good|4.2|482
Domino's Pizza|400|Pizza,Fast Food|Mysore|Kuvempunagar|https://www.zomato.com/mysore/dominos-pizza-kuvempunagar/info|1|Quick Bites|11am to 11pm(Mon-Sun)|Good|3.9|485
Dhadoom|600|Continental,North Indian,Burger,Fast Food,Mexican,Beverages,Desserts|Mysore|Gokulam|https://www.zomato.com/mysore/dhadoom-gokulam/info|1|Casual Dining|11am to 1115pm(Mon-Thu),11am to 1130pm(Fri-Sun)|Good|3.8|216
Big Chicken|1000|Arabian,North Indian,Chinese,Burger,Biryani|Mysore|Bannimantap|https://www.zomato.com/mysore/big-chicken-bannimantap/info|1|Casual Dining|11am to 11pm(Mon-Sun)|Good|3.8|311
Pizza Hut|700|Pizza,Italian|Mysore|Jayalakhsmipuram|https://www.zomato.com/mysore/pizza-hut-jayalakhsmipuram/info|1|Casual Dining|10am to 11pm(Mon-Sun)|Very Good|4.1|484
Pizza Da Dhaba|300|Pizza,Fast Food|Mysore|Vidyaranyapura|https://www.zomato.com/mysore/pizza-da-dhaba-vidyaranyapura/info|10|Quick Bites|1130am to 930pm(Mon-Sun)|Average|3.2|53
Tegu Mess|200|South Indian|Mysore|Mandi Mohalla|https://www.zomato.com/mysore/tegu-mess-mandi-mohalla/info|10|Quick Bites|Closed(Mon),630am to 330pm,7pm to 1030pm...|Very Good|4.0|68
Home Cafe|400|Fast Food,Pizza,Burger|Mysore|Jayalakhsmipuram|https://www.zomato.com/mysore/home-cafe-jayalakhsmipuram/info|10|Café|10am to 10pm(Mon-Sun)|Average|3.4|35
Fast Cake|250|Bakery|Mysore|Vijay Nagar|https://www.zomato.com/mysore/fast-cake-1-vijay-nagar/info|10|Bakery|930am to 10pm(Mon-Sun)|Good|3.6|60
Mysuru Rolls|300|Rolls|Mysore|Kuvempunagar|https://www.zomato.com/mysore/mysuru-rolls-kuvempunagar/info|10|Quick Bites|12noon to 10pm(Mon,Tue,Wed,Fri,Sat,Sun)...|Good|3.7|83
Mysore Dhonne Biriyani|1000|Biryani,Chinese,Desserts,Beverages|Mysore|Gokulam|https://www.zomato.com/mysore/mysore-dhonne-biriyani-gokulam/info|10|Casual Dining|10am to 9pm(Mon-Sun)|Good|3.5|38
Shree Guru Sasyahari|400|South Indian,North Indian,Chinese|Mysore|Kuvempunagar|https://www.zomato.com/mysore/shree-guru-sasyahari-kuvempunagar/info|10|Casual Dining|7am to 1030pm(Mon-Sun)|Average|3.3|52
I Gate Biriyani House|400|Biryani,North Indian,South Indian|Mysore|Vijay Nagar|https://www.zomato.com/mysore/i-gate-biriyani-house-vijay-nagar/info|10|Quick Bites|12noon to 330pm,7pm to 1030pm(Mon-Sun)|Average|3.3|52
Cafe Unplugged|600|Chinese,Beverages,Desserts|Mysore|Vijay Nagar|https://www.zomato.com/mysore/cafe-unplugged-vijay-nagar/info|10|Café|1030am to 1030pm(Mon-Sun)|Good|3.8|49
American Cuisine|400|Burger,American,Rolls|Mysore|Kuvempunagar|https://www.zomato.com/mysore/american-cuisine-kuvempunagar/info|10|Quick Bites|10am to 10pm(Mon-Sun)|Good|3.7|35
Hotel Dadaboudi|400|Seafood|Mysore|Vijay Nagar|https://www.zomato.com/mysore/hotel-dadaboudi-vijay-nagar/info|10|Casual Dining|12noon to 4pm,7pm to 10pm(Mon-Sun)|Good|3.7|59
Penguin Ice Cream Parlor|200|Desserts,Ice Cream,Street Food|Mysore|Chamrajpura|https://www.zomato.com/mysore/penguin-ice-cream-parlor-chamrajpura/info|10|Dessert Parlor|10am to 1030pm(Mon-Sun)|Average|3.1|51
Santrupthi Restaurant|100|Fast Food,Chinese,Pizza|Mysore|Vijay Nagar|https://www.zomato.com/mysore/santrupthi-restaurant-vijay-nagar/info|10|Quick Bites|5pm to 10pm(Mon-Fri),8am to 3pm,5pm to 10pm...|Good|3.5|60
Smallies Food Truck|250|Rolls,Fast Food,Beverages,Burger|Mysore|Vijay Nagar|https://www.zomato.com/mysore/smallies-food-truck-vijay-nagar/info|10|Food Truck|5pm to 1030pm(Mon-Sun)|Average|3.3|25
Ambari|750|North Indian,Chinese,Continental|Mysore|Doora|https://www.zomato.com/mysore/ambari-doora/info|10|Casual Dining|24|Average|3.3|43
Artz Trattorias-The German Bakery|400|German,Italian,Continental,North Indian|Mysore|Gokulam|https://www.zomato.com/mysore/artz-trattorias-the-german-bakery-gokulam/info|11|Bakery|9am to 10pm(Mon-Sun)|Average|3.3|39
Beijing Bites|500|Chinese|Mysore|Chamrajpura|https://www.zomato.com/mysore/beijing-bites-1-chamrajpura/info|11|Quick Bites|1130am to 10pm(Mon-Fri),1130am to 1015pm...|Average|3.4|40
Taaja Tindi|300|South Indian,Fast Food,Street Food,Juices|Mysore|Kuvempunagar|https://www.zomato.com/mysore/taaja-tindi-kuvempunagar/info|11|Quick Bites|8am to 10pm(Mon-Sun)|Average|3.3|47
Kolhapuri Bhel|100|Street Food|Mysore|Chamrajpura|https://www.zomato.com/mysore/kolhapuri-bhel-chamrajpura/info|11|Quick Bites|1230pm to 930pm(Mon-Sun)|Good|3.7|48
Hotel Hanumanthu|450|Biryani|Mysore|Mandi Mohalla|https://www.zomato.com/mysore/hotel-hanumanthu-2-mandi-mohalla/info|11|Quick Bites|7am to 10pm(Mon-Sun)|Average|3.4|64
Flavor Twist|250|Fast Food,Beverages|Mysore|Kuvempunagar|https://www.zomato.com/mysore/flavor-twist-1-kuvempunagar/info|11|Quick Bites|11am to 10pm(Mon-Sun)|Good|3.6|35
Indra's Sweet & Spice|500|South Indian,Mithai|Mysore|Gokulam|https://www.zomato.com/mysore/indras-sweet-spice-gokulam/info|11|Casual Dining|8am to 230pm,530pm to 9pm(Mon,Tue,Thu,Fri...|Good|3.6|38
Aloka Treats|300|Fast Food,Beverages|Mysore|Kuvempunagar|https://www.zomato.com/mysore/aloka-treats-kuvempunagar/info|11|Quick Bites|1030am to 1030pm(Mon-Sun)|Average|2.7|56
Dolphin Bakes N Ice Cream|250|Desserts,Fast Food,Beverages|Mysore|Kuvempunagar|https://www.zomato.com/mysore/dolphin-bakes-n-ice-cream-kuvempunagar/info|11|Quick Bites|930am to 10pm(Mon-Sun)|Good|3.7|42
Chat N Chill|350|Fast Food,Chinese|Mysore|Gokulam|https://www.zomato.com/mysore/chat-n-chill-gokulam/info|11|Quick Bites|9am to 9pm(Mon-Sun)|Average|3.4|33
Homley Meals|450|Kerala|Mysore|Vijay Nagar|https://www.zomato.com/mysore/homley-meals-vijay-nagar/info|11|Quick Bites|11am to 1030pm(Mon-Sun)|Average|3.1|8
UBQ By Barbeque Nation|450|North Indian,BBQ,Biryani,Fast Food|Mysore|Habitat Mall-- Jayalakhsmipuram|https://www.zomato.com/mysore/ubq-by-barbeque-nation-jayalakhsmipuram/info|11|none|12noon to 315pm,7pm to 1015pm(Mon-Sun)|Good|3.7|20
Goli Vada Pav No.1|150|Fast Food|Mysore|Jayalakhsmipuram|https://www.zomato.com/mysore/goli-vada-pav-no-1-jayalakhsmipuram/info|11|Quick Bites|11am to 10pm(Mon-Sun)|Good|3.5|44
Cafe Li La Lo|400|Healthy Food,Continental,Fast Food,Beverages,Desserts,South Indian|Mysore|Gokulam|https://www.zomato.com/mysore/cafe-li-la-lo-gokulam/info|11|Café|11am to 9pm(Mon-Sun)|Good|3.5|25
Honey Drops|400|Fast Food,Italian,Beverages|Mysore|Vijay Nagar|https://www.zomato.com/mysore/honey-drops-vijay-nagar/info|11|Quick Bites|11am to 1030pm(Mon-Sun)|Good|3.5|37
Dose Corner|200|South Indian,Chinese,Fast Food,Beverages|Mysore|Ittige Gudu|https://www.zomato.com/mysore/dose-corner-1-ittige-gudu/info|12|Quick Bites|730am to 10pm(Mon-Sun)|Good|3.5|27
Bangarpet Pani Puri|150|Street Food|Mysore|Kuvempunagar|https://www.zomato.com/mysore/bangarpet-pani-puri-kuvempunagar/info|12|Quick Bites|1pm to 1030pm(Mon-Sun)|Good|3.6|37
Om Shanthi - Hotel Siddhartha|400|Chinese,Continental,North Indian|Mysore|Chamrajpura|https://www.zomato.com/mysore/om-shanthi-hotel-siddhartha-chamrajpura/info|12|Casual Dining|6am to 1030pm(Mon-Sun)|Average|3.2|28
Hotel Sridurga Bhavan|150|South Indian|Mysore|Vijay Nagar|https://www.zomato.com/mysore/hotel-sridurga-bhavan-vijay-nagar/info|12|Casual Dining|7am to 5pm(Mon-Sun)|Good|3.7|27
My Foodiez|300|North Indian|Mysore|Vijay Nagar|https://www.zomato.com/mysore/my-foodiez-vijay-nagar/info|12|Quick Bites|11am to 9pm(Mon-Sun)|Good|3.7|29
Hotel GP Paradise|350|Biryani,Chinese,North Indian,South Indian|Mysore|Vijay Nagar|https://www.zomato.com/mysore/hotel-gp-paradise-vijay-nagar/info|12|Quick Bites|11am to 1030pm(Mon-Sun)|Average|3.3|31
Shreyas De Grande|500|South Indian,North Indian,Street Food,Beverages,Desserts|Mysore|Kuvempunagar|https://www.zomato.com/mysore/shreyas-de-grande-kuvempunagar/info|12|Casual Dining|8am to 1030pm(Mon-Sun)|Good|3.5|25
Kornish|500|Beverages,Fast Food,Desserts,Ice Cream|Mysore|Gokulam|https://www.zomato.com/mysore/kornish-gokulam/info|12|Quick Bites|11am to 11pm(Mon-Sun)|Good|3.8|65
ABS Arabia|450|Fast Food,Chinese|Mysore|Mall Of Mysore-- Jayalakshmipuram|https://www.zomato.com/mysore/abs-arabia-ittige-gudu/info|12|Food Court|11am to 10pm(Mon-Sun)|Average|3.3|30
Ramyaa Restaurant|200|North Indian,South Indian|Mysore|Chamrajpura|https://www.zomato.com/mysore/ramyaa-restaurant-chamrajpura/info|12|Casual Dining|630am to 10pm(Mon-Sun)|Average|3.2|25
Yummy Junction|350|Fast Food|Mysore|Kuvempunagar|https://www.zomato.com/mysore/yummy-junction-kuvempunagar/info|12|Quick Bites|5pm to 10pm(Mon-Sun)|Good|3.5|27
Blue Inn|600|Biryani,Mughlai,North Indian|Mysore|Bannimantap|https://www.zomato.com/mysore/blue-inn-bannimantap/info|12|Casual Dining|12noon to 12midnight(Mon-Sun)|Average|2.7|109
Kailash Parbat|400|North Indian,Fast Food|Mysore|Chamrajpura|https://www.zomato.com/mysore/kailash-parbat-chamrajpura/info|12|Casual Dining|11am to 1030pm(Mon-Sun)|Average|3.2|28
Royal Mess|300|Biryani,Mughlai|Mysore|Bannimantap|https://www.zomato.com/mysore/royal-mess-bannimantap/info|12|Quick Bites|1230pm to 1030pm(Mon-Sun)|Good|3.5|33
Wrap Club|300|Burger,Rolls,Wraps,Fast Food|Mysore|Vijay Nagar|https://www.zomato.com/mysore/wrap-club-vijay-nagar/info|12|Quick Bites|530pm to 9pm(Mon-Sun)|Good|3.8|28
Sambrama|500|South Indian|Mysore|Chamrajpura|https://www.zomato.com/mysore/sambrama-chamrajpura/info|13|Casual Dining|630am to 9pm(Mon-Sun)|Average|3.4|30
New Udupi Darshini|200|South Indian,North Indian,Desserts,Beverages|Mysore|Kuvempunagar|https://www.zomato.com/mysore/new-udupi-darshini-kuvempunagar/info|13|Quick Bites|10am to 10pm(Mon-Sun)|Good|3.5|19
Cafe Frappe|500|North Indian,Beverages|Mysore|Vijay Nagar|https://www.zomato.com/mysore/cafe-frappe-vijay-nagar/info|13|Bakery|930am to 915pm(Mon-Sun)|Average|3.4|22
Foodie's Zone|200|Burger,Sandwich,Beverages|Mysore|Kuvempunagar|https://www.zomato.com/mysore/foodies-zone-kuvempunagar/info|13|Quick Bites|12noon to 10pm(Mon-Sun)|Good|3.6|32
Cafe Grand Restaurant|400|Arabian,Biryani,Chinese,Desserts,Beverages|Mysore|Vijay Nagar|https://www.zomato.com/mysore/cafe-grand-restaurant-vijay-nagar/info|13|Quick Bites|1130am to 1130pm(Mon-Sun)|Average|3.3|100
Suggi Hatti|300|South Indian,North Indian|Mysore|Bogadi|https://www.zomato.com/mysore/suggi-hatti-bogadi/info|13|Quick Bites|7am to 10pm(Mon-Sun)|Good|3.5|24
Caravan Family Restaurant|550|Arabian,North Indian,Chinese|Mysore|Bannimantap|https://www.zomato.com/mysore/caravan-family-restaurant-bannimantap/info|13|Casual Dining|12noon to 11pm(Mon-Sun)|Good|3.6|90
Temptations|500|North Indian,South Indian|Mysore|Gokulam|https://www.zomato.com/mysore/temptations-gokulam/info|13|Casual Dining|12noon to 1030pm(Mon-Sun)|Good|3.5|22
Aahara Vegetarian Cuisines|600|North Indian,South Indian|Mysore|Ittige Gudu|https://www.zomato.com/mysore/aahara-vegetarian-cuisines-ittige-gudu/info|13|Casual Dining|8am to 9pm(Mon-Sun)|Average|2.5|18
Mysore Tiffanys|500|South Indian|Mysore|Kuvempunagar|https://www.zomato.com/mysore/mysore-tiffanys-kuvempunagar/info|13|Quick Bites|530am to 12midnight(Mon),730am to 12noon...|Average|2.9|24
Shree Mahalakshmi Sweets|350|Mithai|Mysore|Kuvempunagar|https://www.zomato.com/mysore/shree-mahalakshmi-sweets-kuvempunagar/info|13|Sweet Shop|8am to 10pm(Mon-Sun)|Good|3.6|17
Nonsense Cafe|600|Chinese,Beverages|Mysore|Jayalakhsmipuram|https://www.zomato.com/mysore/nonsense-cafe-jayalakhsmipuram/info|13|Café|10am to 10pm(Mon-Sun)|Average|3.3|20
Best Of Bengal|350|Bengali,North Indian|Mysore|Gokulam|https://www.zomato.com/mysore/best-of-bengal-gokulam/info|13|Quick Bites|8am to 3pm(Mon-Sun)|Good|3.5|22
Crunchy Punch|300|Biryani|Mysore|Kuvempunagar|https://www.zomato.com/mysore/crunchy-punch-kuvempunagar/info|13|Quick Bites|Closed(Mon),11am to 1130pm(Tue-Sun)|Good|3.7|101
Mysore Thindi Mane|300|South Indian|Mysore|Gokulam|https://www.zomato.com/mysore/mysore-thindi-mane-gokulam/info|13|Quick Bites|8am to 10pm(Mon-Sun)|Average|3.3|17
Bhatra Mane|300|South Indian|Mysore|Bogadi|https://www.zomato.com/mysore/bhatra-mane-1-bogadi/info|14|Quick Bites|8am to 11am,1pm to 9pm(Mon-Sun)|Average|3.3|9
Sepoy's Sweets and Chats|250|Mithai,Street Food|Mysore|Vidyaranyapura|https://www.zomato.com/mysore/sepoys-sweets-and-chats-vidyaranyapura/info|14|Sweet Shop|9am to 10pm(Mon-Sun)|Good|3.6|16
TKS Iyengars|300|South Indian|Mysore|Gokulam|https://www.zomato.com/mysore/tks-iyengars-gokulam/info|14|Quick Bites|5pm to 9pm(Mon-Sun)|Average|3.3|12
Kalyani Restaurant|800|North Indian,Biryani,Chinese|Mysore|Chamrajpura|https://www.zomato.com/mysore/kalyani-restaurant-chamrajpura/info|14|Casual Dining|730am to 1030pm(Mon-Sun)|Average|3.4|24
Hotel Mysuru Naatikoli|300|South Indian,Biryani|Mysore|Jayalakhsmipuram|https://www.zomato.com/mysore/hotel-mysuru-naatikoli-jayalakhsmipuram/info|14|Quick Bites|1130am to 1030pm(Mon-Sun)|Average|2.6|12
Shree Dosa Point|300|South Indian|Mysore|Kuvempunagar|https://www.zomato.com/mysore/shree-dosa-point-kuvempunagar/info|14|Quick Bites|8am to 1130am,5pm to 10pm(Mon-Sun)|Good|3.7|13
Cafe Delight|500|North Indian,Fast Food|Mysore|Gokulam|https://www.zomato.com/mysore/cafe-delight-gokulam/info|14|Quick Bites|10am to 10pm(Mon-Sun)|Average|3.3|19
The Waffles Hut|300|Desserts|Mysore|Chamrajpura|https://www.zomato.com/mysore/the-waffles-hut-chamrajpura/info|14|Dessert Parlor|11am to 10pm(Mon-Sun)|Average|3.4|12
Kamadhenu Restaurant|150|South Indian|Mysore|Mandi Mohalla|https://www.zomato.com/mysore/kamadhenu-restaurant-mandi-mohalla/info|14|Quick Bites|630am to 930pm(Mon-Sun)|Average|3.3|21
Just Bake|300|Desserts,Fast Food|Mysore|Gokulam|https://www.zomato.com/mysore/just-bake-gokulam/info|14|Dessert Parlor|9am to 10pm(Mon-Sun)|Average|3.4|17
Village Veg Restaurant|400|South Indian|Mysore|Chamrajpura|https://www.zomato.com/mysore/village-veg-restaurant-chamrajpura/info|14|Quick Bites|11am to 10pm(Mon-Sun)|Average|3.0|4
Thalassery Mess|250|Kerala|Mysore|Gokulam|https://www.zomato.com/mysore/thalassery-mess-gokulam/info|14|Mess|12noon to 9pm(Mon-Sun)|Good|3.5|20
Five Star Chicken|300|Burger|Mysore|Kuvempunagar|https://www.zomato.com/mysore/five-star-chicken-1-kuvempunagar/info|14|Quick Bites|10am to 10pm(Mon-Sun)|Average|3.3|32
Desi Bites|500|North Indian,Italian,Fast Food,Beverages,Desserts|Mysore|Mall Of Mysore-- Jayalakshmipuram|https://www.zomato.com/mysore/desi-bites-ittige-gudu/info|14|Quick Bites|1130am to 10pm(Mon-Sun)|Average|3.1|15
Hotel Taste Maker Authentic Hyderabadi|500|Hyderabadi,Biryani|Mysore|Vijay Nagar|https://www.zomato.com/mysore/hotel-taste-maker-authentic-hyderabadi-vijay-nagar/info|14|Quick Bites|11am to 1030pm(Mon-Sun)|Average|3.1|13
Mexican Bites|200|Mexican,Fast Food|Mysore|Vijay Nagar|https://www.zomato.com/mysore/mexican-bites-vijay-nagar/info|15|Quick Bites|10am to 10pm(Mon-Sun)|Average|3.3|14
Rasooi Sagar|150|Fast Food,Street Food,Sandwich,Beverages|Mysore|Gokulam|https://www.zomato.com/mysore/rasooi-sagar-gokulam/info|15|Quick Bites|10am to 10pm(Mon-Sun)|Average|3.4|19
Madhu Shree Rotti Mane|200|South Indian|Mysore|Kuvempunagar|https://www.zomato.com/mysore/madhu-shree-rotti-mane-kuvempunagar/info|15|Quick Bites|12noon to 3pm,630pm to 10pm(Mon-Sun)|Good|3.5|12
Sri Krishna Uphaar|400|South Indian|Mysore|Kuvempunagar|https://www.zomato.com/mysore/sri-krishna-uphaar-kuvempunagar/info|15|Quick Bites|8am to 1030pm(Mon-Sun)|Average|3.1|7
The Cubs Veg|600|Continental|Mysore|Chamrajpura|https://www.zomato.com/mysore/the-cubs-veg-chamrajpura/info|15|Casual Dining|11am to 10pm(Mon-Sun)|Average|3.1|9
Welcome Drivers Hotel|400|Biryani|Mysore|Mandi Mohalla|https://www.zomato.com/mysore/welcome-drivers-hotel-mandi-mohalla/info|15|Quick Bites|11am to 12midnight(Mon),Closed(Tue-Sun)|Average|3.4|13
Udupi Dharshini Hotel|300|South Indian,Beverages,Desserts|Mysore|Kuvempunagar|https://www.zomato.com/mysore/udupi-dharshini-hotel-kuvempunagar/info|15|Quick Bites|10am to 930pm(Mon-Sun)|Good|3.5|15
Vaishnavi Sweets & Snacks|250|Street Food,Mithai|Mysore|Kuvempunagar|https://www.zomato.com/mysore/vaishnavi-sweets-snacks-kuvempunagar/info|15|Quick Bites|10am to 10pm(Mon-Sun)|Average|3.2|19
VB Food Court|600|South Indian|Mysore|Vijay Nagar|https://www.zomato.com/mysore/vb-food-court-vijay-nagar/info|15|Casual Dining|8am to 3pm,6pm to 1030pm(Mon-Sun)|Good|3.5|17
Pabrai's Fresh And Naturelle Ice Creams|200|Ice Cream,Desserts|Mysore|Jayalakhsmipuram|https://www.zomato.com/mysore/pabrais-fresh-and-naturelle-ice-creams-jayalakhsmipuram/info|15|Dessert Parlor|830am to 1030pm(Mon-Sun)|Average|2.6|13
Hot Momo's|200|Momos|Mysore|Vijay Nagar|https://www.zomato.com/mysore/hot-momos-vijay-nagar/info|15|Quick Bites|5pm to 1030pm(Mon-Sun)|Average|3.2|15
Di Lemon Restaurant|500|North Indian,Chinese,Desserts,Beverages|Mysore|Doora|https://www.zomato.com/mysore/di-lemon-restaurant-doora/info|15|Quick Bites|12noon to 430pm,7pm to 1030pm(Mon-Sun)|Average|2.7|14
Kolhapuri Bhel|100|Fast Food|Mysore|Kuvempunagar|https://www.zomato.com/mysore/kolhapuri-bhel-kuvempunagar/info|15|Quick Bites|1230pm to 930pm(Mon-Sun)|Average|3.2|11
Rock n Roll|300|Rolls,Fast Food|Mysore|Gayathripuram|https://www.zomato.com/mysore/rock-n-roll-gayathripuram/info|15|Quick Bites|11am to 10pm(Mon-Sun)|Average|3.2|8
Spoon Feed|450|North Indian,Chinese|Mysore|Vijay Nagar|https://www.zomato.com/mysore/spoon-feed-vijay-nagar/info|15|Quick Bites|Closed(Mon),845am to 145pm,430pm to 930pm...|Average|3.3|11
Fish Curry Rice|400|Seafood|Mysore|Vijay Nagar|https://www.zomato.com/mysore/fish-curry-rice-vijay-nagar/info|16|Casual Dining|11am to 1130pm(Mon-Sun)|Good|3.8|79
Cake Bells|100|Desserts|Mysore|Kuvempunagar|https://www.zomato.com/mysore/cake-bells-kuvempunagar/info|16|Dessert Parlor|10am to 1030pm(Mon-Sun)|Average|3.2|9
Vaishnavi Upahar|600|South Indian,Chinese|Mysore|Vidyaranyapura|https://www.zomato.com/mysore/vaishnavi-upahar-vidyaranyapura/info|16|Quick Bites|730am to 1030pm(Mon-Sun)|Average|3.4|20
Tender Fresh|250|Ice Cream|Mysore|Gokulam|https://www.zomato.com/mysore/tender-fresh-gokulam/info|16|Dessert Parlor|11am to 10pm(Mon-Sun)|Average|3.3|4
Bonkers Ice Cream Cafe|404|Desserts,Beverages|Mysore|Ittige Gudu|https://www.zomato.com/mysore/bonkers-ice-cream-cafe-1-ittige-gudu/info|16|Food Court|11am to 1015pm(Mon-Sun)|Average|3.0|12
Annabrahama|400|South Indian|Mysore|Kuvempunagar|https://www.zomato.com/mysore/annabrahama-kuvempunagar/info|16|Casual Dining|10am to 10pm(Mon-Sun)|Average|2.9|15
Agarwal Chats|200|Street Food|Mysore|Kuvempunagar|https://www.zomato.com/mysore/agarwal-chats-kuvempunagar/info|16|Quick Bites|5pm to 10pm(Mon-Sun)|Average|3.1|12
Santosha Cafe|300|Cafe,European,Healthy Food|Mysore|Gokulam|https://www.zomato.com/mysore/santosha-cafe-gokulam/info|16|Café|7am to 8pm(Mon-Sun)|Average|2.9|6
Alfresco - The Quorum|500|North Indian,Italian,Chinese,Desserts,Beverages|Mysore|The Quorum Hotel-- Yadavgiri|https://www.zomato.com/mysore/alfresco-the-quorum-yadavgiri/info|16|Casual Dining|1230pm to 330pm,7pm to 1030pm(Mon-Sun)|Average|2.8|13
Desi Paratha's|400|North Indian|Mysore|Vijay Nagar|https://www.zomato.com/mysore/desi-parathas-vijay-nagar/info|16|Casual Dining|12noon to 1030pm(Mon-Sun)|Average|3.1|9
Momos Chats & Ice cream|300|Momos,Fast Food|Mysore|Vijay Nagar|https://www.zomato.com/mysore/momos-chats-ice-cream-vijay-nagar/info|16|Quick Bites|12noon to 10pm(Mon-Sun)|Average|3.1|5
"Sai's Café Rhythms Of Food"""|300|Fast Food,Street Food,Cafe|Mysore|Vidyaranyapura|https://www.zomato.com/mysore/sais-café-rhythms-of-food-1-vidyaranyapura/info|16|Quick Bites|11am to 1030pm(Mon-Sun)|Average|2.8|9
Golden Landmark Resort|900|North Indian,Chinese,Fast Food,Beverages,Desserts|Mysore|Vijay Nagar|https://www.zomato.com/mysore/golden-landmark-resort-vijay-nagar/info|16|Casual Dining|12noon to 1030pm(Mon-Sun)|Average|3.1|7
Chandra Cafe|700|North Indian,South Indian,Chinese|Mysore|Chamrajpura|https://www.zomato.com/mysore/chandra-cafe-2-chamrajpura/info|16|Casual Dining|8am to 10pm(Mon-Sun)|Average|3.1|6
Patel's Biryani|400|Biryani|Mysore|Ittige Gudu|https://www.zomato.com/mysore/patels-biryani-ittige-gudu/info|16|Quick Bites|11am to 10pm(Mon-Sun)|Average|3.3|15
Pragma Inn|500|South Indian,North Indian,Chinese|Mysore|Ittige Gudu|https://www.zomato.com/mysore/pragma-inn-ittige-gudu/info|17|Quick Bites|10am to 1030pm(Mon-Sun)||NEW|NEW
Lettuce Eat|200|Fast Food|Mysore|Kuvempunagar|https://www.zomato.com/mysore/lettuce-eat-1-kuvempunagar/info|17|Quick Bites|11am to 10pm(Mon-Sun)|Not rated|-|-
Zen Kitchen|200|North Indian|Mysore|Gokulam|https://www.zomato.com/mysore/zen-kitchen-gokulam/info|17|Café|7am to 6pm(Mon-Sun)|Average|2.9|7
Nature Fresh Juice Corner|200|Juices,Ice Cream|Mysore|Kuvempunagar|https://www.zomato.com/mysore/nature-fresh-juice-corner-kuvempunagar/info|17|Beverage Shop|10am to 10pm(Mon-Sun)|Average|3.2|12
The Shruti's Kitchen|400|North Indian|Mysore|Kuvempunagar|https://www.zomato.com/mysore/the-shrutis-kitchen-kuvempunagar/info|17|none|11am to 9pm(Mon-Sun)|Not rated|-|-
Soul Boat|400|South Indian|Mysore|Vijay Nagar|https://www.zomato.com/mysore/soul-boat-vijay-nagar/info|17|Quick Bites|4pm to 10pm(Mon-Sun)|Average|3.1|7
Nuts And Berries|250|Desserts,Beverages|Mysore|Gokulam|https://www.zomato.com/mysore/nuts-and-berries-gokulam/info|17|Quick Bites|11am to 10pm(Mon-Sun)|Average|3.0|4
Bombay Sweets & Chats|150|Mithai,Street Food|Mysore|Kuvempunagar|https://www.zomato.com/mysore/bombay-sweets-chats-kuvempunagar/info|17|Sweet Shop|5pm to 10pm(Mon-Sun)|Average|3.0|8
Hotel Regent|0|Indian|Mysore|Yadavgiri|https://www.zomato.com/mysore/hotel-regent-yadavgiri/info|17|Casual Dining|8am to 930pm(Mon-Sun)|Average|3.1|9
Cafe C9|600|North Indian,Chinese,Beverages,Desserts|Mysore|Vijay Nagar|https://www.zomato.com/mysore/cafe-c9-1-vijay-nagar/info|17|Quick Bites|12noon to 1030pm(Mon-Sun)|Average|2.7|7
Mycakemart|500|Bakery|Mysore|Chamrajpura|https://www.zomato.com/mysore/mycakemart-chamrajpura/info|17|Bakery|11am to 10pm(Mon-Sun)|Average|3.1|7
Dolphin Bakes N Ice Cream|450|Bakery|Mysore|Gokulam|https://www.zomato.com/mysore/dolphin-bakes-n-ice-cream-gokulam/info|17|Quick Bites|930am to 1030pm(Mon-Sun)|Average|3.1|4
Madhu Fast Food|400|South Indian,North Indian,Chinese|Mysore|Chamrajpura|https://www.zomato.com/mysore/madhu-fast-food-chamrajpura/info|17|Quick Bites|7am to 10pm(Mon-Sun)|Not rated|-|-
Just Bake|400|Bakery|Mysore|Vijay Nagar|https://www.zomato.com/mysore/just-bake-vijay-nagar/info|17|Bakery|10am to 1030pm(Mon-Sun)|Average|3.1|7
Sip|250|Beverages,Desserts|Mysore|Vijay Nagar|https://www.zomato.com/mysore/sip-vijay-nagar/info|17|Quick Bites|11am to 10pm(Mon-Sun)|Average|3.1|4
Dosa Adda|200|South Indian|Mysore|Vijay Nagar|https://www.zomato.com/mysore/dosa-adda-vijay-nagar/info|18|Quick Bites|8am to 11am,6pm to 10pm(Mon-Sun)||NEW|NEW
Lokapavani Upahar|300|South Indian,Chinese|Mysore|Chamrajpura|https://www.zomato.com/mysore/lokapavani-upahar-chamrajpura/info|18|Quick Bites|9am to 10pm(Mon-Sun)|Average|3.1|4
Hotel New Shivprasad|300|South Indian,North Indian|Mysore|Chamrajpura|https://www.zomato.com/mysore/hotel-new-shivprasad-chamrajpura/info|18|Casual Dining|7am to 10pm(Mon-Sun)|Average|3.1|8
Hill Down Cafe|300|Fast Food,Beverages|Mysore|Ittige Gudu|https://www.zomato.com/mysore/hill-down-cafe-ittige-gudu/info|18|Café|11am to 930pm(Mon-Sun)|Average|3.1|6
Bakers Nation|500|Bakery|Mysore|Vijay Nagar|https://www.zomato.com/mysore/bakers-nation-vijay-nagar/info|18|Bakery|10am to 10pm(Mon-Sun)||NEW|NEW
The Pastry Shop|500|Bakery|Mysore|Hotel Southern Star-- Yadavgiri|https://www.zomato.com/mysore/the-pastry-shop-yadavgiri/info|18|Bakery|11am to 10pm(Mon-Sun)|Average|3.0|4
Hotel Uncle Lobo's Suggi Mane|450|Chinese,North Indian,South Indian|Mysore|Bogadi|https://www.zomato.com/mysore/hotel-uncle-lobos-suggi-mane-bogadi/info|18|Casual Dining|1030am to 1130pm(Mon-Sun)|Good|3.7|91
Dose of Desserts|300|Ice Cream,Beverages,Desserts|Mysore|Mandi Mohalla|https://www.zomato.com/mysore/dose-of-desserts-mandi-mohalla/info|18|Dessert Parlor|10am to 10pm(Mon,Wed,Thu,Fri,Sat,Sun),Closed...|Not rated|-|-
Eat & Drink|200|Beverages,Fast Food|Mysore|Bogadi|https://www.zomato.com/mysore/eat-drink-bogadi/info|18|Quick Bites|1030am to 1030pm(Mon-Sun)|Average|3.1|5
Khatta Meeta|0|Chinese,North Indian|Mysore|Vijay Nagar|https://www.zomato.com/mysore/khatta-meeta-vijay-nagar/info|18|Quick Bites|830am to 3pm,6pm to 1030pm(Mon-Sun)|Average|3.0|6
Donne Biryani House|350|Biryani|Mysore|Jayalakhsmipuram|https://www.zomato.com/mysore/donne-biryani-house-jayalakhsmipuram/info|18|Quick Bites|8am to 11pm(Mon-Sun)|Good|3.8|55
Keralapura Sapthagiri Hindu Military Hotel|500|South Indian|Mysore|Vijay Nagar|https://www.zomato.com/mysore/keralapura-sapthagiri-hindu-military-hotel-vijay-nagar/info|18|Quick Bites|Closed(Mon),12noon to 930pm(Tue-Sun)|Not rated|-|-
Sri Durgambha Mess|200|North Indian,South Indian|Mysore|Chamrajpura|https://www.zomato.com/mysore/sri-durgambha-mess-chamrajpura/info|18|Quick Bites|1130am to 4pm,730pm to 10pm(Mon-Sun)|Average|3.0|4
Zafran Restaurant Veg & Nonveg|400|North Indian,Chinese,Biryani|Mysore|Mandi Mohalla|https://www.zomato.com/mysore/zafran-restaurant-veg-nonveg-mandi-mohalla/info|18|Casual Dining|8am to 12midnight(Mon-Sun)|Average|3.4|87
Casa Meridian|500|North Indian,South Indian,Chinese|Mysore|Yadavgiri|https://www.zomato.com/mysore/casa-meridian-yadavgiri/info|18|Casual Dining|7am to 1030pm(Mon-Sun)|Not rated|-|-
Cafe Mysuru|250|Fast Food,Juices,Ice Cream|Mysore|Kuvempunagar|https://www.zomato.com/mysore/cafe-mysuru-kuvempunagar/info|19|Quick Bites|1030am to 930pm(Mon-Sun)||NEW|NEW
Sri Lakshmi Tiffanis|300|North Indian|Mysore|Chamrajpura|https://www.zomato.com/mysore/sri-lakshmi-tiffanis-chamrajpura/info|19|none|630am to 10pm(Mon-Sun)|Not rated|-|-
New Gyatri Bhawan|300|North Indian,South Indian|Mysore|Vijay Nagar|https://www.zomato.com/mysore/new-gyatri-bhawan-vijay-nagar/info|19|Quick Bites|730am to 1030pm(Mon-Sun)||NEW|NEW
Sri Guru Sweet & Bakes|200|Bakery,Mithai|Mysore|Kuvempunagar|https://www.zomato.com/mysore/sri-guru-sweet-bakes-kuvempunagar/info|19|Bakery|10am to 10pm(Mon-Sun)|Not rated|-|-
Hotel Maduwe Mane|200|South Indian|Mysore|Chamrajpura|https://www.zomato.com/mysore/hotel-maduwe-mane-chamrajpura/info|19|Quick Bites|1130am to 330pm(Mon-Sun)|Not rated|-|-
House Of Candy|200|Desserts|Mysore|Jayalakhsmipuram|https://www.zomato.com/mysore/house-of-candy-jayalakhsmipuram/info|19|Confectionery|11am to 10pm(Mon-Sun)|Not rated|-|-
New Lakshmi Bhavan|300|South Indian|Mysore|Chamrajpura|https://www.zomato.com/mysore/new-lakshmi-bhavan-chamrajpura/info|19|Quick Bites|10am to 10pm(Mon-Sun)|Not rated|-|-
Deepa Veg|300|South Indian|Mysore|Kuvempunagar|https://www.zomato.com/mysore/deepa-veg-kuvempunagar/info|19|Quick Bites|11am to 4pm(Mon-Sun)|Not rated|-|-
Vaishnavi Sweets|500|Mithai|Mysore|Yadavgiri|https://www.zomato.com/mysore/vaishnavi-sweets-yadavgiri/info|19|Sweet Shop|10am to 10pm(Mon-Sun)|Not rated|-|-
Sri Durga Nivasa|300|South Indian,Chinese|Mysore|Vijay Nagar|https://www.zomato.com/mysore/sri-durga-nivasa-vijay-nagar/info|19|Quick Bites|730am to 1030pm(Mon-Sun)||NEW|NEW
Market Cafe|300|Fast Food,Beverages|Mysore|Chamrajpura|https://www.zomato.com/mysore/market-cafe-chamrajpura/info|19|Quick Bites|11am to 10pm(Mon-Sun)|Not rated|-|-
Cubs|250|Fast Food|Mysore|Ittige Gudu|https://www.zomato.com/mysore/cubs-ittige-gudu/info|19|Quick Bites|1030am to 1030pm(Mon-Sun)|Not rated|-|-
Snack Attack|150|Street Food,Burger|Mysore|Kuvempunagar|https://www.zomato.com/mysore/snack-attack-kuvempunagar/info|19|Quick Bites|4pm to 10pm(Mon-Sun)|Not rated|-|-
Mukhtalif Biryanis|300|Biryani,Fast Food|Mysore|Rajendra Nagar|https://www.zomato.com/mysore/mukhtalif-biryanis-rajendra-nagar/info|19|Quick Bites|10am to 10pm(Mon-Sun)||NEW|NEW
Aroma The Bakers|250|Bakery|Mysore|Vijay Nagar|https://www.zomato.com/mysore/aroma-the-bakers-1-vijay-nagar/info|19|Bakery|10am to 10pm(Mon-Sun)|Not rated|-|-
Andhra Ruchulu|1000|Biryani,Desserts|Mysore|Pai Hotels-- Doora|https://www.zomato.com/mysore/andhra-ruchulu-doora/info|2|Casual Dining|12noon to 4pm,7pm to 11pm(Mon-Sun)|Very Good|4.1|409
Oyster Bay|1000|Burger,Sandwich,Fast Food,Beverages,Desserts|Mysore|Vijay Nagar|https://www.zomato.com/mysore/oyster-bay-vijay-nagar/info|2|Casual Dining|1130am to 11pm(Mon),1130am to 1130pm(Tue-Sun)|Very Good|4.1|582
The Barge Restaurant|1500|Continental,Chinese,North Indian,Italian|Mysore|Vijay Nagar|https://www.zomato.com/mysore/the-barge-restaurant-vijay-nagar/info|2|Casual Dining|12noon to 11pm(Mon-Sun)|Very Good|4.4|377
Pakva Lounge|650|North Indian,Thai,Italian,Beverages|Mysore|Gokulam|https://www.zomato.com/mysore/pakva-lounge-gokulam/info|2|Casual Dining|11am to 11pm(Mon-Sun)|Very Good|4.1|539
Lemon Three Restaurant|300|Arabian,Mughlai,North Indian,Chinese,Biryani|Mysore|Vijay Nagar|https://www.zomato.com/mysore/lemon-three-restaurant-vijay-nagar/info|2|Quick Bites|11am to 11pm(Mon-Sun)|Good|3.9|240
Hyderabadi Biryani House|350|Andhra,South Indian,Biryani|Mysore|Vijay Nagar|https://www.zomato.com/mysore/hyderabadi-biryani-house-vijay-nagar/info|2|Casual Dining|1130am to 330pm,7pm to 11pm(Mon-Sun)|Good|3.8|434
Cafe Cornucopia|800|Italian,Continental,Beverages|Mysore|Vijay Nagar|https://www.zomato.com/mysore/cafe-cornucopia-vijay-nagar/info|2|Café|11am to 11pm(Mon-Sun)|Very Good|4.1|358
The Lemon Three|500|Arabian,Fast Food,Beverages,North Indian|Mysore|Kuvempunagar|https://www.zomato.com/mysore/the-lemon-three-kuvempunagar/info|2|Casual Dining|12noon to 11pm(Mon-Sun)|Good|3.8|282
Sepoy's Phirangi|1000|North Indian,Chinese,Pizza|Mysore|Chamrajpura|https://www.zomato.com/mysore/sepoys-phirangi-chamrajpura/info|2|Casual Dining|730am to 1130pm(Mon-Sun)|Good|3.9|307
Hotel Janani|400|North Indian,Biryani|Mysore|Vijay Nagar|https://www.zomato.com/mysore/hotel-janani-2-vijay-nagar/info|2|Quick Bites|12noon to 330pm,7pm to 11pm(Mon-Sun)|Very Good|4.1|214
1000 Days|700|Arabian,Mughlai,Chinese,Desserts|Mysore|Vijay Nagar|https://www.zomato.com/mysore/1000-days-vijay-nagar/info|2|Casual Dining|11am to 11pm(Mon-Sun)|Good|3.7|253
Purple Haze|1200|North Indian,Chinese,Salad|Mysore|Vijay Nagar|https://www.zomato.com/mysore/purple-haze-vijay-nagar/info|2|Pub|11am to 11pm(Mon-Sun)|Very Good|4.1|293
Olive Garden|1250|North Indian,Chinese,Continental,Italian|Mysore|Ittige Gudu|https://www.zomato.com/mysore/olive-garden-ittige-gudu/info|2|Casual Dining|12noon to 3pm,7pm to 11pm(Mon-Sun)|Very Good|4.0|283
White Lantern|800|Italian,Chinese,Continental,North Indian|Mysore|Jayalakhsmipuram|https://www.zomato.com/mysore/white-lantern-jayalakhsmipuram/info|2|Café|10am to 11pm(Mon-Sun)|Very Good|4.0|171
McDonald's|500|Burger,Fast Food|Mysore|Chamrajpura|https://www.zomato.com/mysore/mcdonalds-chamrajpura/info|2|Quick Bites|11am to 1am(Mon-Sun)|Good|3.8|196
Chai Spot|150|Beverages,Tea|Mysore|Jayalakhsmipuram|https://www.zomato.com/mysore/chai-spot-jayalakhsmipuram/info|20|none|930am to 915pm(Mon-Sun)|Not rated|-|-
Spanish De Monk|300|Italian,Mexican,Spanish|Mysore|Chamrajpura|https://www.zomato.com/mysore/spanish-de-monk-chamrajpura/info|20|none|10am to 10pm(Mon-Sun)||NEW|NEW
Hotel Kasthuri Nivasa|300|South Indian,Biryani|Mysore|Chamrajpura|https://www.zomato.com/mysore/hotel-kasthuri-nivasa-chamrajpura/info|20|Quick Bites|(Mon-Sun)||NEW|NEW
Shree Mahadeshwara Juice Centre|70|Juices,Sandwich|Mysore|Bannimantap|https://www.zomato.com/mysore/shree-mahadeshwara-juice-centre-bannimantap/info|20|none|9am to 9pm(Mon-Sun)||NEW|NEW
Grand Kitchen|400|South Indian|Mysore|Vijay Nagar|https://www.zomato.com/mysore/grand-kitchen-1-vijay-nagar/info|20|none|8am to 330pm,630pm to 10pm(Mon-Sun)|Not rated|-|-
La Gardenia|1500|North Indian,Continental|Mysore|Hotel Southern Star-- Yadavgiri|https://www.zomato.com/mysore/la-gardenia-yadavgiri/info|20|Casual Dining|630am to 10am,1230pm to 3pm,730pm to 11pm...|Good|3.9|78
Olives Italian Grill|700|Continental,Italian,Lebanese|Mysore|Chamrajpura|https://www.zomato.com/mysore/olives-italian-grill-chamrajpura/info|20|Café|24|Good|3.5|52
Hotel Ruchi the Prince|600|North Indian,Chinese,Seafood|Mysore|Ruchi the Prince-- Vijay Nagar|https://www.zomato.com/mysore/hotel-ruchi-the-prince-vijay-nagar/info|20|Casual Dining|11am to 1130pm(Mon-Sun)|Good|3.8|66
Vaibhav Annexe|550|South Indian,Biryani|Mysore|Chamrajpura|https://www.zomato.com/mysore/vaibhav-annexe-2-chamrajpura/info|20|Casual Dining|11am to 11pm(Mon-Sat),8am to 11pm(Sun)|Good|3.6|78
Biryani Paradise|450|Biryani|Mysore|Bannimantap|https://www.zomato.com/mysore/biryani-paradise-bannimantap/info|20|Casual Dining|11am to 11pm(Mon-Sun)|Average|2.9|88
Arz Bakes & Snacks|250|Ice Cream,Beverages,North Indian|Mysore|Ittige Gudu|https://www.zomato.com/mysore/arz-bakes-snacks-ittige-gudu/info|20|Dessert Parlor|830am to 1130pm(Mon-Sun)|Good|3.6|74
Crumbs|400|Burger,Italian,Sandwich,Fast Food,Desserts|Mysore|Chamrajpura|https://www.zomato.com/mysore/crumbs-1-chamrajpura/info|20|Bakery|10am to 11pm(Mon-Sun)|Good|3.6|43
Mysore Donne Biryani|500|Biryani,South Indian|Mysore|Kuvempunagar|https://www.zomato.com/mysore/mysore-donne-biryani-kuvempunagar/info|20|Casual Dining|11am to 11pm(Mon-Sun)|Good|3.5|75
Akshaya Restaurant|500|Biryani,Chinese,North Indian|Mysore|Vijay Nagar|https://www.zomato.com/mysore/akshaya-restaurant-vijay-nagar/info|20|Casual Dining|11am to 330pm,7pm to 11pm(Mon-Sun)|Average|2.9|54
Vaibhav Family Restaurant|500|Biryani,South Indian,North Indian|Mysore|Kuvempunagar|https://www.zomato.com/mysore/vaibhav-family-restaurant-kuvempunagar/info|20|Casual Dining|1230pm to 4pm,7pm to 11pm(Mon-Sun)|Good|3.5|50
New Dilli Darbar|300|South Indian,North Indian,Biryani|Mysore|Vijay Nagar|https://www.zomato.com/mysore/new-dilli-darbar-vijay-nagar/info|21|Quick Bites|1230pm to 3pm,630pm to 11pm(Mon-Sun)|Good|3.7|50
Taco Bell|500|Mexican,American,Fast Food|Mysore|Tilak Nagar|https://www.zomato.com/mysore/taco-bell-tilak-nagar/info|21|Quick Bites|11am to 11pm(Mon-Sun)|Good|3.8|36
Red Pepper|450|North Indian,Chinese|Mysore|Mandi Mohalla|https://www.zomato.com/mysore/red-pepper-mandi-mohalla/info|21|Casual Dining|12noon to 1130pm(Mon-Sun)|Poor|2.3|56
Veg Kourt|700|North Indian,Chinese|Mysore|Doora|https://www.zomato.com/mysore/veg-kourt-doora/info|21|Casual Dining|7am to 11pm(Mon-Sun)|Good|3.7|63
Bonkers Ice Cream Cafe|250|Ice Cream,Beverages|Mysore|Jayalakhsmipuram|https://www.zomato.com/bonkersicecreamcafe/info|21|Dessert Parlor|11am to 11pm(Mon-Sun)|Good|3.7|59
Cafe De Arabia|400|Arabian,Biryani,Desserts,Beverages|Mysore|Bogadi|https://www.zomato.com/mysore/cafe-de-arabia-bogadi/info|21|Café|11am to 11pm(Mon-Sun)|Average|2.9|59
Hot Burger|450|Burger,Lebanese,Fast Food,Desserts,Beverages|Mysore|Vijay Nagar|https://www.zomato.com/mysore/hot-burger-vijay-nagar/info|21|Casual Dining|10am to 11pm(Mon-Sun)|Average|2.8|49
Mysore Donne Biryani|300|Biryani,South Indian|Mysore|Chamrajpura|https://www.zomato.com/mysore/mysore-donne-biryani-chamrajpura/info|21|Quick Bites|1130pm to 430pm,730pm to 1130pm(Mon-Sun)|Good|3.5|46
Eats Of Arab|700|Arabian,Mughlai|Mysore|Bannimantap|https://www.zomato.com/mysore/eats-of-arab-bannimantap/info|21|Casual Dining|12noon to 11pm(Mon-Sun)|Average|3.0|57
Rio Merdian|800|North Indian,South Indian,Seafood,Chinese,Thai,Beverages,Desserts|Mysore|Bannimantap|https://www.zomato.com/mysore/rio-merdian-bannimantap/info|21|Casual Dining|7am to 11pm(Mon-Sun)|Average|3.2|16
Freddy's Kitchen|200|Biryani,North Indian,Chinese|Mysore|Bogadi|https://www.zomato.com/mysore/freddys-kitchen-bogadi/info|21|Quick Bites|11am to 11pm(Mon-Sun)|Good|3.5|33
Real Lemon Tree|800|Arabian,Mughlai,North Indian,Chinese,Biryani|Mysore|Vijay Nagar|https://www.zomato.com/mysore/real-lemon-tree-1-vijay-nagar/info|21|Casual Dining|12noon to 11pm(Mon-Sun)|Good|3.6|41
Balaji Mess|300|Biryani|Mysore|Kuvempunagar|https://www.zomato.com/mysore/balaji-mess-kuvempunagar/info|21|Quick Bites|8am to 4pm,7pm to 11pm(Mon-Sun)|Good|3.7|38
Lassi N Cafe|200|Fast Food,Ice Cream,Beverages|Mysore|Jayalakhsmipuram|https://www.zomato.com/mysore/lassi-n-cafe-jayalakhsmipuram/info|21|Beverage Shop|11am to 11pm(Mon-Sun)|Good|3.6|20
Sizzlers 24|500|Chinese|Mysore|Gokulam|https://www.zomato.com/mysore/sizzlers-24-gokulam/info|21|Quick Bites|11am to 1130pm(Mon-Sun)|Good|3.6|23
Krussh|250|Italian,Sandwich,Fast Food,Beverages,Desserts|Mysore|Gokulam|https://www.zomato.com/mysore/krussh-gokulam/info|22|Dessert Parlor|11am to 11pm(Mon-Sun)|Average|3.0|30
Tender Fresh Ice Cream|200|Ice Cream|Mysore|Kuvempunagar|https://www.zomato.com/mysore/tender-fresh-ice-cream-1-kuvempunagar/info|22|Dessert Parlor|10am to 11pm(Mon-Sun)|Good|3.8|33
Khan's Majlis|600|Biryani,North Indian,Chinese,Desserts,Beverages|Mysore|Bannimantap|https://www.zomato.com/mysore/khans-majlis-bannimantap/info|22|Casual Dining|7am to 11pm(Mon-Sun)|Average|2.7|53
Dynasty|600|North Indian,Chinese,Desserts|Mysore|Mandi Mohalla|https://www.zomato.com/mysore/dynasty-mandi-mohalla/info|22|Casual Dining|1030am to 1130pm(Mon-Sun)|Good|3.5|37
Hyderabad Biryaani House|800|Biryani,North Indian|Mysore|Mandi Mohalla|https://www.zomato.com/mysore/hyderabad-biryaani-house-mandi-mohalla/info|22|Casual Dining|11am to 11pm(Mon-Sun)|Average|3.3|56
Lassi Shop|250|Fast Food,Desserts,Beverages|Mysore|Chamrajpura|https://www.zomato.com/mysore/lassi-shop-1-chamrajpura/info|22|Beverage Shop|11am to 11pm(Mon-Sun)|Average|3.4|34
Rongkup's Lee|400|Chinese,Beverages,Desserts|Mysore|Vijay Nagar|https://www.zomato.com/mysore/rongkups-lee-vijay-nagar/info|22|Quick Bites|12noon to 11pm(Mon-Sun)|Good|3.5|17
Scirocco|600|North Indian,Chinese,Continental|Mysore|Vijay Nagar|https://www.zomato.com/mysore/scirocco-vijay-nagar/info|22|Casual Dining|11am to 11pm(Mon-Sun)|Average|2.9|36
Chings Chinese Corner|300|Chinese|Mysore|Chamrajpura|https://www.zomato.com/mysore/chings-chinese-corner-1-chamrajpura/info|22|Quick Bites|1pm to 1130pm(Mon-Sun)||NEW|NEW
The Veg Kitchen|1200|North Indian,Fast Food|Mysore|Chamrajpura|https://www.zomato.com/mysore/the-veg-kitchen-3-chamrajpura/info|22|Casual Dining|9am to 11pm(Mon-Sun)|Average|2.9|30
Dolphin Bakes N Ice Cream|200|Bakery,Beverages,Fast Food|Mysore|Gokulam|https://www.zomato.com/mysore/dolphin-bakes-n-ice-cream-1-gokulam/info|22|Bakery|1030am to 11pm(Mon-Sun)|Good|3.5|16
Nityotsava Residency Rooftop Restaurant|600|South Indian,North Indian|Mysore|Kuvempunagar|https://www.zomato.com/mysore/nityotsava-residency-rooftop-restaurant-kuvempunagar/info|22|Casual Dining|7am to 12midnight(Mon-Sun)|Good|3.8|38
Salt & Pepper|500|North Indian,Fast Food|Mysore|Gokulam|https://www.zomato.com/mysore/salt-pepper-gokulam/info|22|Quick Bites|11am to 11pm(Mon-Sun)|Good|3.7|28
STARLIGHT|750|North Indian,Chinese,Desserts,Beverages|Mysore|Kuvempunagar|https://www.zomato.com/mysore/starlight-kuvempunagar/info|22|Quick Bites|11am to 11pm(Mon-Sun)|Average|3.3|42
Coastal Pearl Restaurant|800|North Indian,Chinese,Seafood|Mysore|Bogadi|https://www.zomato.com/mysore/coastal-pearl-restaurant-bogadi/info|22|Bar|11am to 11pm(Mon-Sun)|Good|3.6|39
JustBake|300|Bakery,Ice Cream|Mysore|Kuvempunagar|https://www.zomato.com/mysore/justbake-1-kuvempunagar/info|23|Bakery|10am to 11pm(Mon-Sun)|Average|3.2|17
Lobos Multi Cuisine Restaurant And Bar|1100|North Indian,South Indian|Mysore|Kuvempunagar|https://www.zomato.com/mysore/lobos-multi-cuisine-restaurant-and-bar-kuvempunagar/info|23|Casual Dining|1030am to 12midnight(Mon-Sun)|Average|2.9|6
New Hanuman Pulao|150|Biryani,South Indian|Mysore|Vijay Nagar|https://www.zomato.com/mysore/new-hanuman-pulao-vijay-nagar/info|23|Quick Bites|8am to 5pm,7pm to 11pm(Mon-Sun)|Good|3.5|33
Laziz Pizza|500|Pizza|Mysore|Vijay Nagar|https://www.zomato.com/mysore/laziz-pizza-vijay-nagar/info|23|Quick Bites|10am to 11pm(Mon-Sun)||NEW|NEW
Is'fahan|1500|North Indian,Mughlai,Biryani|Mysore|Hotel Southern Star-- Yadavgiri|https://www.zomato.com/mysore/isfahan-yadavgiri/info|23|Casual Dining|730pm to 11pm(Mon-Sun)|Good|3.5|23
Kempaa's Family Restaurant|600|North Indian,Chinese|Mysore|Kuvempunagar|https://www.zomato.com/mysore/kempaas-family-restaurant-kuvempunagar/info|23|Casual Dining|9am to 11pm(Mon-Sun)|Average|3.3|35
Smokinstone|250|Fast Food,Ice Cream,Beverages|Mysore|Ittige Gudu|https://www.zomato.com/mysore/smokinstone-2-ittige-gudu/info|23|Quick Bites|11am to 11pm(Mon-Sun)|Average|3.2|19
Cafe Coffee Day|650|Cafe,Fast Food|Mysore|Chamrajpura|https://www.zomato.com/mysore/cafe-coffee-day-chamrajpura/info|23|Café|9am to 12midnight(Mon-Sun)|Average|3.4|22
Arz Restaurant & Bakes|400|Bakery,Chinese,North Indian|Mysore|Gokulam|https://www.zomato.com/mysore/arz-restaurant-bakes-gokulam/info|23|Bakery|11am to 11pm(Mon-Sun)|Average|3.4|21
Mysore Nandhini Family Restaurant|500|Andhra,Biryani,North Indian|Mysore|Mandi Mohalla|https://www.zomato.com/mysore/mysore-nandhini-family-restaurant-1-mandi-mohalla/info|23|Casual Dining|1130am to 430pm,645pm to 1115pm(Mon-Sun)|Good|3.6|23
0821 Restaurant|300|Chinese,North Indian|Mysore|Bogadi|https://www.zomato.com/mysore/0821-restaurant-1-bogadi/info|23|Casual Dining|11am to 11pm(Mon-Sun)|Average|3.3|27
Malabar Kitchen|400|Seafood|Mysore|Vijay Nagar|https://www.zomato.com/mysore/malabar-kitchen-vijay-nagar/info|23|Quick Bites|10am to 11pm(Mon-Sun)|Good|3.5|19
Sutra Bistro|500|Pizza,Chinese,Beverages,Desserts|Mysore|Mall Of Mysore-- Jayalakshmipuram|https://www.zomato.com/mysore/sutra-bistro-ittige-gudu/info|23|Food Court|11am to 11pm(Mon-Sun)|Average|3.3|22
Brew Bakes|500|Bakery,Beverages|Mysore|Vijay Nagar|https://www.zomato.com/mysore/brew-bakes-vijay-nagar/info|23|Bakery|10am to 11pm(Mon-Sun)|Average|3.3|6
Biryani Land Restaurant|300|Biryani,North Indian,Chinese|Mysore|Vijay Nagar|https://www.zomato.com/mysore/biryani-land-restaurant-vijay-nagar/info|23|Casual Dining|11am to 5pm,7pm to 11pm(Mon-Sun)|Average|3.1|21
Cream & Fudge|300|Ice Cream,Bakery,Fast Food,Desserts,Beverages|Mysore|Jayalakhsmipuram|https://www.zomato.com/mysore/cream-fudge-jayalakhsmipuram/info|24|Quick Bites|10am to 11pm(Mon-Sun)|Good|3.6|19
Baskin Robbins|300|Ice Cream,Desserts|Mysore|Vijay Nagar|https://www.zomato.com/mysore/baskin-robbins-vijay-nagar/info|24|Dessert Parlor|1030am to 1130pm(Mon-Sun)|Average|3.3|14
The Cabana Garden|600|Chinese,Desserts,Beverages|Mysore|Bogadi|https://www.zomato.com/mysore/the-cabana-garden-bogadi/info|24|Quick Bites|1030am to 11pm(Mon-Sun)|Good|3.5|24
Skyway The Family Restaurant|500|Fast Food,Biryani,Beverages,Desserts|Mysore|Vijay Nagar|https://www.zomato.com/mysore/skyway-the-family-restaurant-vijay-nagar/info|24|Casual Dining|8am to 11pm(Mon-Sun)|Average|3.4|22
Burger Lounge|400|Burger|Mysore|Vijay Nagar|https://www.zomato.com/mysore/burger-lounge-vijay-nagar/info|24|Quick Bites|11am to 11pm(Mon-Sun)|Good|3.5|17
Galaxy Cafe & Restaurant|800|North Indian,Chinese|Mysore|Jayalakhsmipuram|https://www.zomato.com/mysore/galaxy-cafe-restaurant-jayalakhsmipuram/info|24|Casual Dining|9am to 11pm(Mon-Sun)|Average|3.1|11
New Ambur Hot Dum Biriyani|400|Biryani|Mysore|Kuvempunagar|https://www.zomato.com/mysore/new-ambur-hot-dum-biriyani-kuvempunagar/info|24|Quick Bites|12noon to 11pm(Mon-Sun)|Average|3.4|9
The Taste Bud|500|Fast Food|Mysore|Jayalakhsmipuram|https://www.zomato.com/mysore/the-taste-bud-jayalakhsmipuram/info|24|Quick Bites|11am to 11pm(Mon-Sun)|Average|3.3|23
Chops|300|South Indian,Biryani|Mysore|Vidyaranyapura|https://www.zomato.com/mysore/chops-vidyaranyapura/info|24|Quick Bites|12noon to 11pm(Mon-Sun)|Average|3.2|12
The Belgian Waffle co|250|Desserts|Mysore|Gokulam|https://www.zomato.com/mysore/the-belgian-waffle-co-1-gokulam/info|24|Dessert Parlor|11am to 11pm(Mon-Sun)||NEW|NEW
Dosa  Corner|200|Chinese,North Indian,South Indian|Mysore|Ittige Gudu|https://www.zomato.com/mysore/dosa-corner-ittige-gudu/info|24|Quick Bites|7am to 11pm(Mon-Sun)|Average|3.4|15
Grand Chilies Multicuisine Restaurant|400|North Indian,Chinese,Fast Food,Beverages|Mysore|Vijay Nagar|https://www.zomato.com/mysore/grand-chilies-multicuisine-restaurant-vijay-nagar/info|24|Quick Bites|11am to 11pm(Mon-Sun)|Average|3.3|14
Southern Spice|800|North Indian,Chinese,Fast Food,Desserts|Mysore|Doora|https://www.zomato.com/mysore/southern-spice-doora/info|24|Casual Dining|630am to 11pm(Mon-Sun)|Average|3.3|15
True Spices|500|North Indian,Biryani,Italian,Desserts|Mysore|Jayalakhsmipuram|https://www.zomato.com/mysore/true-spices-jayalakhsmipuram/info|24|Quick Bites|10am to 11pm(Mon-Sun)|Average|3.1|9
Hotel Regent|300|North Indian,Chinese|Mysore|Mandi Mohalla|https://www.zomato.com/mysore/hotel-regent-mandi-mohalla/info|24|Casual Dining|12noon to 1130pm(Mon-Sun)|Average|3.3|17
Chang May Chinese restaurant|500|Chinese|Mysore|Gokulam|https://www.zomato.com/mysore/chang-may-chinese-restaurant-gokulam/info|25|Quick Bites|11am to 11pm(Mon-Sun)||NEW|NEW
Twisto Cafe|200|Sandwich,Burger,Beverages|Mysore|Mandi Mohalla|https://www.zomato.com/mysore/twisto-cafe-mandi-mohalla/info|25|Beverage Shop|11am to 1130pm(Mon-Sun)|Average|3.0|8
Cafelicious|300|Bakery,Fast Food,Beverages,Desserts|Mysore|Kuvempunagar|https://www.zomato.com/mysore/cafelicious-kuvempunagar/info|25|Bakery|10am to 11pm(Mon-Sun)|Average|2.8|5
Dolphin Bakes N Ice Cream|350|Bakery,Fast Food,Desserts,Beverages|Mysore|Vidyaranyapura|https://www.zomato.com/mysore/dolphin-bakes-n-ice-cream-vidyaranyapura/info|25|Bakery|10am to 11pm(Mon-Sun)|Average|3.4|13
Hotel Maharajas|400|North Indian,Chinese,South Indian,Biryani|Mysore|Doora|https://www.zomato.com/mysore/hotel-maharajas-doora/info|25|Casual Dining|7am to 11pm(Mon-Sun)|Average|3.2|12
Taj Biriyani  Pardise|0|Biryani,Chinese,North Indian|Mysore|Vijay Nagar|https://www.zomato.com/mysore/taj-biriyani-pardise-vijay-nagar/info|25|Quick Bites|1130am to 11pm(Mon-Sun)|Average|2.7|19
Sukhadhare|500|North Indian,Chinese|Mysore|Vijay Nagar|https://www.zomato.com/mysore/sukhadhare-vijay-nagar/info|25|Casual Dining|11am to 11pm(Mon-Sun)|Average|2.7|12
Green Park|1200|North Indian,South Indian,Chinese,Continental|Mysore|Grand Maurya Hotel|https://www.zomato.com/mysore/green-park-vijay-nagar/info|25|Casual Dining|7am to 1030am,1130am to 330pm,630pm to 11pm...|Average|3.3|14
Five Star Chicken|350|Fast Food|Mysore|Vidyaranyapura|https://www.zomato.com/mysore/five-star-chicken-vidyaranyapura/info|25|Quick Bites|11am to 11pm(Mon-Sun)|Average|2.9|13
Saffron - Jade Garden|800|North Indian,Biryani,Desserts,Beverages|Mysore|Chamrajpura|https://www.zomato.com/mysore/saffron-jade-garden-chamrajpura/info|25|Casual Dining|11am to 315pm,7pm to 1045pm(Mon-Sun)|Average|3.4|10
Auburn|500|North Indian,Biryani,Chinese,Sandwich,Desserts|Mysore|Yadavgiri|https://www.zomato.com/mysore/auburn-yadavgiri/info|25|Casual Dining|11am to 11pm(Mon-Sun)|Average|2.8|12
Manthop Restaurant|0|Chinese,Kerala,South Indian|Mysore|Bannimantap|https://www.zomato.com/mysore/manthop-restaurant-bannimantap/info|25|Quick Bites|7am to 11pm(Mon-Sun)|Average|2.9|17
Sizzling Bakes & Cafe|0|Beverages,Fast Food|Mysore|Bogadi|https://www.zomato.com/mysore/sizzling-bakes-cafe-bogadi/info|25|Quick Bites|10am to 11pm(Mon-Sun)|Average|3.4|14
Food Adda|300|Chinese,North Indian|Mysore|Vijay Nagar|https://www.zomato.com/mysore/food-adda-2-vijay-nagar/info|25|Quick Bites|10am to 330pm,6pm to 11pm(Mon-Sun)|Average|2.9|9
The Foodie|450|North Indian,Chinese,Beverages,Desserts|Mysore|Mandi Mohalla|https://www.zomato.com/mysore/the-foodie-mandi-mohalla/info|25|Casual Dining|11am to 11pm(Mon-Sun)|Average|3.3|16
Vafs Cafe|300|Cafe,Burger,Fast Food|Mysore|Gokulam|https://www.zomato.com/mysore/vafs-cafe-gokulam/info|26|Quick Bites|11am to 11pm(Mon-Sun)|Average|3.4|13
Annapoorna Restaurant|250|South Indian|Mysore|Ittige Gudu|https://www.zomato.com/mysore/annapoorna-restaurant-ittige-gudu/info|26|Casual Dining|7am to 11pm(Mon-Sun)|Average|3.1|11
Kornish|300|Ice Cream,Beverages|Mysore|Bannimantap|https://www.zomato.com/mysore/kornish-bannimantap/info|26|Dessert Parlor|11am to 11pm(Mon-Sun)|Average|3.2|7
Hotel White Parrot|445|North Indian,South Indian,Chinese|Mysore|Bannimantap|https://www.zomato.com/mysore/hotel-white-parrot-bannimantap/info|26|Casual Dining|630am to 330pm,5pm to 11pm(Mon-Sun)|Average|3.0|13
Purple Restaurant|300|Chinese,Kerala,North Indian,South Indian|Mysore|Ittige Gudu|https://www.zomato.com/mysore/purple-restaurant-ittige-gudu/info|26|Casual Dining|8am to 11pm(Mon-Sun)|Average|2.8|12
Dosa Cafe|200|South Indian|Mysore|Kuvempunagar|https://www.zomato.com/mysore/dosa-cafe-kuvempunagar/info|26|Quick Bites|7am to 12noon,7pm to 11pm(Mon-Sun)|Average|3.3|12
Ratsky Sports Bar|1000|North Indian,Fast Food,Continental|Mysore|Chamrajpura|https://www.zomato.com/mysore/ratsky-sports-bar-chamrajpura/info|26|Bar|11am to 11pm(Mon-Sun)|Average|3.1|10
Hotel Hanumantu|300|Biryani,South Indian|Mysore|Bogadi|https://www.zomato.com/mysore/hotel-hanumantu-bogadi/info|26|Quick Bites|11am to 11pm(Mon-Sun)|Average|3.0|14
Qisseria|400|Burger,Fast Food|Mysore|Gokulam|https://www.zomato.com/mysore/qisseria-gokulam/info|26|Quick Bites|11am to 11pm(Mon-Sun)|Average|3.3|9
Aroma The Bakers|250|Bakery,Fast Food,Beverages|Mysore|Vijay Nagar|https://www.zomato.com/mysore/aroma-the-bakers-vijay-nagar/info|26|Bakery|10am to 11pm(Mon-Sun)|Average|3.3|6
By The Way Multicuisine Restaurant|900|North Indian,Italian,Chinese|Mysore|Jayalakhsmipuram|https://www.zomato.com/mysore/by-the-way-multicuisine-restaurant-jayalakhsmipuram/info|26|Casual Dining|12noon to 11pm(Mon-Sun)|Average|3.4|9
Marhaba|400|North Indian|Mysore|Ittige Gudu|https://www.zomato.com/mysore/marhaba-ittige-gudu/info|26|Quick Bites|11am to 11pm(Mon-Sun)|Average|3.2|5
Flavours Ice Cream|300|Ice Cream|Mysore|Bogadi|https://www.zomato.com/mysore/flavours-ice-cream-bogadi/info|26|Beverage Shop|11am to 11pm(Mon-Sun)||NEW|NEW
JLM Tiffany's|350|South Indian|Mysore|Ittige Gudu|https://www.zomato.com/mysore/jlm-tiffanys-ittige-gudu/info|26|Casual Dining|7am to 11pm(Mon-Sun)|Average|3.4|14
Hatti Kaapi|200|Beverages|Mysore|Chamrajpura|https://www.zomato.com/mysore/hatti-kaapi-chamrajpura/info|26|Quick Bites|9am to 11pm(Mon-Sun)|Average|3.2|5
Swadhdesi - Hotel Le Ruchi|800|North Indian,Biryani,Chinese|Mysore|Vijay Nagar|https://www.zomato.com/mysore/swadhdesi-hotel-le-ruchi-vijay-nagar/info|27|Casual Dining|11am to 11pm(Mon-Sun)|Average|3.2|6
Hoysala Drive-inn Garden Restaurant|600|Indian,Fast Food|Mysore|Ittige Gudu|https://www.zomato.com/mysore/hoysala-drive-inn-garden-restaurant-ittige-gudu/info|27|Casual Dining|7am to 11pm(Mon-Sun)|Average|3.2|10
New Hyderabadi Biriyani House|300|Andhra,Hyderabadi,South Indian|Mysore|Jayalakhsmipuram|https://www.zomato.com/mysore/new-hyderabadi-biriyani-house-jayalakhsmipuram/info|27|Quick Bites|1130am to 330pm,7pm to 11pm(Mon-Sun)|Average|3.2|9
Tindipotha Food On Wheels|200|Fast Food|Mysore|Jayalakhsmipuram|https://www.zomato.com/mysore/tindipotha-food-on-wheels-jayalakhsmipuram/info|27|Food Truck|6pm to 11pm(Mon-Sun)|Average|3.3|5
Wok & Rolls|500|Rolls,Chinese,North Indian|Mysore|Ittige Gudu|https://www.zomato.com/mysore/wok-rolls-ittige-gudu/info|27|Food Court|Closed(Mon-Tue),11am to 11pm(Wed-Sun)|Average|2.8|8
Grandpa's Kitchen Bar & Restaurant|600|North Indian,Biryani,Chinese,Seafood|Mysore|Jayalakhsmipuram|https://www.zomato.com/mysore/grandpas-kitchen-bar-restaurant-jayalakhsmipuram/info|27|Casual Dining|11am to 11pm(Mon-Sun)|Average|3.1|5
Harish Hotel|400|South Indian|Mysore|Doora|https://www.zomato.com/mysore/harish-hotel-doora/info|27|Casual Dining|11am to 1130pm(Mon-Sun)|Not rated|-|-
Pupa Pub|400|Cuisine Varies,Beverages|Mysore|Mandi Mohalla|https://www.zomato.com/mysore/pupa-pub-mandi-mohalla/info|27|Quick Bites|11am to 11pm(Mon-Sun)||NEW|NEW
Sha's|500|Chinese,Kebab,North Indian,South Indian|Mysore|Ittige Gudu|https://www.zomato.com/mysore/shas-ittige-gudu/info|27|Casual Dining|12noon to 4pm,7pm to 1045pm(Mon-Sun)|Average|2.9|7
Pavilion|750|North Indian,Chinese|Mysore|Mandi Mohalla|https://www.zomato.com/mysore/pavilion-mandi-mohalla/info|27|Casual Dining|10am to 1130pm(Mon-Sun)|Average|2.9|6
Cafe De Kerala|300|Kerala,South Indian,Biryani|Mysore|Doora|https://www.zomato.com/mysore/cafe-de-kerala-doora/info|27|Quick Bites|7am to 1130pm(Mon-Sun)|Average|3.0|5
Karama Restaurant|400|North Indian,Chinese,Continental|Mysore|Chamrajpura|https://www.zomato.com/mysore/karama-restaurant-1-chamrajpura/info|27|Casual Dining|1130am to 3pm,730pm to 11pm(Mon-Sun)|Average|2.9|4
The Bowl Factory|200|North Indian,Chinese|Mysore|Jayalakhsmipuram|https://www.zomato.com/mysore/the-bowl-factory-jayalakhsmipuram/info|27|none|11am to 11pm(Mon-Sun)|Not rated|-|-
Joy Ice Cream Factory|100|Ice Cream|Mysore|Yadavgiri|https://www.zomato.com/mysore/joy-ice-cream-factory-yadavgiri/info|27|Dessert Parlor|11am to 11pm(Mon-Sun)|Not rated|-|-
New Shravana Bhavan Restaurant|350|South Indian|Mysore|Ittige Gudu|https://www.zomato.com/mysore/new-shravana-bhavan-restaurant-ittige-gudu/info|27|Casual Dining|8am to 11pm(Mon-Sun)|Average|3.0|5
Hangout Multicuisine Restaurant|700|North Indian,South Indian,Chinese|Mysore|Bogadi|https://www.zomato.com/mysore/hangout-multicuisine-restaurant-bogadi/info|28|Casual Dining|11am to 11pm(Mon-Sun)|Average|2.9|4
Al- Saffa Restaurant|400|Biryani,Mughlai|Mysore|Kalyangiri|https://www.zomato.com/mysore/al-saffa-restaurant-kalyangiri/info|28|Quick Bites|1030am to 11pm(Mon-Sun)|Not rated|-|-
Cherry Berry Natural Icecreams|150|Ice Cream|Mysore|Gokulam|https://www.zomato.com/mysore/cherry-berry-natural-icecreams-1-gokulam/info|28|Dessert Parlor|11am to 11pm(Mon-Fri),11am to 1130pm(Sat-Sun)|Average|3.1|4
S.L.V Veg|100|South Indian,Fast Food|Mysore|Kuvempunagar|https://www.zomato.com/mysore/s-l-v-veg-kuvempunagar/info|28|Quick Bites|5pm to 11pm(Mon-Sun)|Not rated|-|-
Amul Ice Cream|150|Desserts,Ice Cream|Mysore|Vijay Nagar|https://www.zomato.com/mysore/amul-ice-cream-vijay-nagar/info|28|Dessert Parlor|12noon to 11pm(Mon-Sun)|Average|3.0|4
Mysore Darbar|700|South Indian,North Indian,Chinese|Mysore|Kuvempunagar|https://www.zomato.com/mysore/mysore-darbar-kuvempunagar/info|28|Casual Dining|12noon to 11pm(Mon-Sun)||NEW|NEW
Athithi Restaurant|800|Chinese,North Indian|Mysore|Vijay Nagar|https://www.zomato.com/mysore/athithi-restaurant-vijay-nagar/info|28|Bar|1130am to 330pm,630pm to 11pm(Mon-Sun)|Not rated|-|-
Bonkers|300|Desserts|Mysore|Jayalakhsmipuram|https://www.zomato.com/mysore/bonkers-jayalakhsmipuram/info|28|Quick Bites|1030am to 11pm(Mon-Sun)|Not rated|-|-
Domino's Pizza|400|Pizza,Fast Food|Mysore|Chamrajpura|https://www.zomato.com/mysore/dominos-pizza-2-chamrajpura/info|28|Casual Dining|11am to 11pm(Mon-Sun)|Not rated|-|-
Nalas Aappakadai|350|South Indian|Mysore|Chamrajpura|https://www.zomato.com/mysore/nalas-aappakadai-chamrajpura/info|28|Quick Bites|11am to 11pm(Mon-Sun)|Not rated|-|-
Koorg Kitchen|400|North Indian,South Indian|Mysore|Vidyaranyapura|https://www.zomato.com/mysore/koorg-kitchen-vidyaranyapura/info|28|Casual Dining|11am to 11pm(Mon-Sun)|Not rated|-|-
ISIRI Multi Cuisine Family Restaurant|450|South Indian,North Indian,Chinese|Mysore|Kuvempunagar|https://www.zomato.com/mysore/isiri-multi-cuisine-family-restaurant-kuvempunagar/info|28|Quick Bites|10am to 11pm(Mon-Sun)||NEW|NEW
Taste Of Andhra|500|Andhra,Biryani|Mysore|Tilak Nagar|https://www.zomato.com/mysore/taste-of-andhra-tilak-nagar/info|28|Casual Dining|11am to 11pm(Mon-Sun)||NEW|NEW
Box 5|150|North Indian|Mysore|Kuvempunagar|https://www.zomato.com/mysore/box-5-kuvempunagar/info|28|none|11am to 11pm(Mon-Sun)|Not rated|-|-
Mysore Darbar|300|Chinese,North Indian,South Indian|Mysore|Kuvempunagar|https://www.zomato.com/mysore/mysore-darbar-1-kuvempunagar/info|28|Quick Bites|11am to 11pm(Mon-Sun)||NEW|NEW
Trio Splash|200|Rolls,Sandwich|Mysore|Gokulam|https://www.zomato.com/mysore/trio-splash-gokulam/info|29|Quick Bites|11am to 11pm(Mon-Sun)|Not rated|-|-
Biryaniwala|250|Biryani,North Indian|Mysore|Vijay Nagar|https://www.zomato.com/mysore/biryaniwala-vijay-nagar/info|29|Quick Bites|11am to 11pm(Mon-Sun)||NEW|NEW
Kung Fu Kitchen|500|Chinese|Mysore|Habitat Mall-- Jayalakhsmipuram|https://www.zomato.com/mysore/kung-fu-kitchen-jayalakhsmipuram/info|3|Quick Bites|11am to 11pm(Mon-Sun)|Average|3.4|88
Fresh Catch Seafood Restaurant|600|Seafood|Mysore|Gokulam|https://www.zomato.com/mysore/fresh-catch-seafood-restaurant-gokulam/info|3|Quick Bites|11am to 11pm(Mon-Sun)|Very Good|4.0|171
Cubs|600|Bakery,Italian,Chinese,Burger,Desserts,Beverages|Mysore|Gokulam|https://www.zomato.com/mysore/cubs-gokulam/info|3|Casual Dining|10am to 1045pm(Mon-Sun)|Good|3.8|195
TANDOORIE SWAAGATH|450|North Indian,Biryani,Beverages|Mysore|Vijay Nagar|https://www.zomato.com/mysore/tandoorie-swaagath-1-vijay-nagar/info|3|Casual Dining|Closed(Mon),11am to 4pm,6pm to 11pm(Tue-Sun)|Good|3.8|159
Swami's|300|South Indian|Mysore|Habitat Mall-- Jayalakhsmipuram|https://www.zomato.com/mysore/swamis-jayalakhsmipuram/info|3|Quick Bites|830am to 11pm(Mon-Sun)|Average|3.1|90
Corner House Ice Cream|150|Ice Cream,Desserts|Mysore|Kuvempunagar|https://www.zomato.com/mysore/corner-house-ice-cream-kuvempunagar/info|3|Dessert Parlor|11am to 11pm(Mon-Sun)|Very Good|4.4|145
Polar Bear|150|Ice Cream,Desserts|Mysore|Jayalakhsmipuram|https://www.zomato.com/mysore/polar-bear-jayalakhsmipuram/info|3|Dessert Parlor|11am to 11pm(Mon-Sun)|Very Good|4.1|156
Adyar Ananda Bhavan|350|South Indian,North Indian,Street Food|Mysore|Yadavgiri|https://www.zomato.com/mysore/adyar-ananda-bhavan-yadavgiri/info|3|Casual Dining|7am to 11pm(Mon-Sun)|Good|3.7|114
The Old House|800|Italian,Pizza|Mysore|Chamrajpura|https://www.zomato.com/mysore/the-old-house-chamrajpura/info|3|Casual Dining|730am to 945pm(Mon-Thu),730am to 1015pm...|Excellent|4.7|754
Frosting|600|Italian,Continental,Burger|Mysore|Gokulam|https://www.zomato.com/mysore/frosting-gokulam/info|3|Café|730am to 10pm(Mon-Sun)|Excellent|4.5|375
Green Leaf|400|North Indian,Chinese,South Indian,Bakery|Mysore|Gokulam|https://www.zomato.com/mysore/green-leaf-gokulam/info|3|Casual Dining|730am to 1015pm(Mon-Sun)|Very Good|4.0|479
Mosaic - Country Inn & Suites By Radisson|1100|Continental,North Indian,Asian|Mysore|Country Inn & Suites By Radisson|https://www.zomato.com/mysore/mosaic-country-inn-suites-by-radisson-vijay-nagar/info|3|Fine Dining|8am to 11pm(Mon-Sun)|Good|3.7|127
Da Chinese House|400|Chinese,Rolls,Fast Food,Momos|Mysore|Kuvempunagar|https://www.zomato.com/mysore/da-chinese-house-kuvempunagar/info|3|Casual Dining|11am to 345pm,6pm to 1045pm(Mon-Sun)|Good|3.9|156
Original Vinayaka Mylari|300|South Indian|Mysore|Doora|https://www.zomato.com/mysore/original-vinayaka-mylari-doora/info|3|Casual Dining|630am to 130pm,3pm to 9pm(Mon,Tue,Thu,Fri...|Excellent|4.7|814
Jalpaan Dining Saga|900|Italian,North Indian,Chinese|Mysore|Chamrajpura|https://www.zomato.com/mysore/jalpaan-dining-saga-chamrajpura/info|3|Casual Dining|12noon to 330pm,7pm to 1030pm(Mon-Sun)|Very Good|4.3|438
Amrutha Veg Restaurant|300|South Indian,Chinese|Mysore|Chamrajpura|https://www.zomato.com/mysore/amrutha-veg-restaurant-chamrajpura/info|4|Casual Dining|630am to 1030pm(Mon,Wed,Thu,Fri,Sat,Sun)...|Very Good|4.0|261
Keventers|400|Beverages|Mysore|Jayalakhsmipuram|https://www.zomato.com/mysore/keventers-jayalakhsmipuram/info|4|Beverage Shop|11am to 11pm(Mon-Sun)|Very Good|4.2|128
Hotel Hanumanthu|150|Biryani,South Indian|Mysore|Mandi Mohalla|https://www.zomato.com/mysore/hotel-hanumanthu-mandi-mohalla/info|4|Casual Dining|Closed(Mon),7am to 9am(Tue-Sun)|Very Good|4.2|449
Tonif|250|North Indian|Mysore|Vijay Nagar|https://www.zomato.com/mysore/tonif-vijay-nagar/info|4|Casual Dining|11am to 3pm,6pm to 10pm(Mon-Fri),1030am to ...|Very Good|4.0|370
Khan's Restaurant|500|Biryani,Mughlai,North Indian|Mysore|Bannimantap|https://www.zomato.com/mysore/khans-restaurant-3-bannimantap/info|4|Casual Dining|12noon to 10pm(Mon-Sun)|Good|3.9|428
Mezzaluna|650|Continental,South Indian|Mysore|Gokulam|https://www.zomato.com/mysore/mezzaluna-1-gokulam/info|4|Casual Dining|1230pm to 330pm,630pm to 1030pm(Mon-Sun)|Excellent|4.5|461
Neon Castle|300|Italian,Burger,Beverages,Desserts|Mysore|Gokulam|https://www.zomato.com/mysore/neon-castle-gokulam/info|4|Quick Bites|4pm to 10pm(Mon),12noon to 10pm(Tue-Sun)|Very Good|4.2|174
SPR Veg Restaurant|350|South Indian,North Indian,Burger,Sandwich,Desserts,Beverages|Mysore|Gokulam|https://www.zomato.com/mysore/spr-veg-restaurant-gokulam/info|4|Casual Dining|730am to 10pm(Mon-Sun)|Very Good|4.0|227
Sutra Bistro|400|Pizza,Chinese,Beverages,Desserts|Mysore|Vijay Nagar|https://www.zomato.com/mysore/sutra-bistro-1-vijay-nagar/info|4|Café|Closed(Mon),1030am to 830pm(Tue-Sun)|Very Good|4.1|235
Khau Galli|400|North Indian,Chinese|Mysore|Gokulam|https://www.zomato.com/mysore/khau-galli-gokulam/info|4|Quick Bites|12noon to 11pm(Mon-Sun)|Average|3.2|110
Tandooriwala|700|North Indian,Chinese|Mysore|Kuvempunagar|https://www.zomato.com/mysore/tandooriwala-kuvempunagar/info|4|Casual Dining|1230pm to 4pm,630pm to 1030pm(Mon-Sun)|Good|3.7|324
US Pizza|500|Pizza|Mysore|Jayalakhsmipuram|https://www.zomato.com/mysore/us-pizza-1-jayalakhsmipuram/info|4|Quick Bites|9am to 1030pm(Mon-Sun)|Average|2.7|161
Sidewalk Cafe|250|North Indian,Salad|Mysore|Kuvempunagar|https://www.zomato.com/mysore/sidewalk-cafe-kuvempunagar/info|4|Quick Bites|1030am to 11pm(Mon-Sun)|Very Good|4.1|121
Chatori Street|400|North Indian,Street Food,Desserts|Mysore|Jayalakhsmipuram|https://www.zomato.com/mysore/chatori-street-jayalakhsmipuram/info|4|Casual Dining|8am to 1030pm(Mon-Fri),8am to 1045pm(Sat-Sun)|Good|3.7|253
Sri Chamundeshwari Donne Biriyani Center|350|Biryani|Mysore|Vijay Nagar|https://www.zomato.com/mysore/sri-chamundeshwari-donne-biriyani-center-vijay-nagar/info|4|Quick Bites|Closed(Mon),12noon to 11pm(Tue-Sun)|Very Good|4.2|131
Cafelicious|600|Bakery,Beverages,Desserts|Mysore|Jayalakhsmipuram|https://www.zomato.com/mysore/cafelicious-jayalakhsmipuram/info|5|Café|9am to 1030pm(Mon-Sun)|Good|3.5|136
Momo House|450|Momos,Chinese,Beverages,Desserts|Mysore|Vijay Nagar|https://www.zomato.com/mysore/momo-house-vijay-nagar/info|5|Casual Dining|11am to 1030pm(Mon-Sun)|Good|3.8|172
Infinit|450|North Indian,South Indian,Continental,Italian,Chinese,Pizza,Burger|Mysore|Doora|https://www.zomato.com/mysore/infinit-doora/info|5|Casual Dining|12noon to 1030pm(Mon-Sun)|Good|3.9|200
Infinit|1000|North Indian,Biryani,Chinese,Desserts,Beverages|Mysore|Gokulam|https://www.zomato.com/mysore/infinit-gokulam/info|5|Fine Dining|7am to 11pm(Mon-Sun)|Good|3.8|90
Roy's Cafe|500|Continental,Italian,Desserts,Beverages|Mysore|Jayalakhsmipuram|https://www.zomato.com/mysore/roys-cafe-jayalakhsmipuram/info|5|Café|11am to 9pm(Mon-Sun)|Very Good|4.3|150
Pataka - Mannar's|250|Street Food,Desserts,Fast Food,Beverages|Mysore|Gokulam|https://www.zomato.com/mysore/pataka-mannars-gokulam/info|5|Quick Bites|12noon to 1030pm(Mon-Sun)|Very Good|4.3|224
Sip and snacks|200|Fast Food,Beverages|Mysore|Bannimantap|https://www.zomato.com/mysore/sip-and-snacks-bannimantap/info|5|Quick Bites|12noon to 11pm(Mon-Sun)|Very Good|4.0|192
Mughal Durbar|500|Biryani,Mughlai,North Indian|Mysore|Bannimantap|https://www.zomato.com/mysore/mughal-durbar-1-bannimantap/info|5|Casual Dining|12noon to 11pm(Mon-Sun)|Average|2.7|134
Gowdru Mess|350|Biryani|Mysore|Kuvempunagar|https://www.zomato.com/mysore/gowdru-mess-kuvempunagar/info|5|Quick Bites|8am to 4pm,630pm to 10pm(Mon-Sun)|Good|3.9|127
Jalandhar Express|300|North Indian,Biryani|Mysore|Habitat Mall-- Jayalakhsmipuram|https://www.zomato.com/mysore/jalandhar-express-jayalakhsmipuram/info|5|Food Court|1030am to 1030pm(Mon-Sun)|Average|3.1|106
KT Cafe|400|North Indian,Biryani,Chinese|Mysore|Mandi Mohalla|https://www.zomato.com/mysore/kt-cafe-mandi-mohalla/info|5|Café|11am to 1110pm(Mon),11am to 11pm(Tue-Fri),11am...|Good|3.6|93
Rhythm N Brews|750|Continental,Burger,Mexican,Fast Food,Italian|Mysore|Jayalakhsmipuram|https://www.zomato.com/mysore/rhythm-n-brews-4-jayalakhsmipuram/info|5|Casual Dining||Very Good|4.4|151
Subway|500|Burger,Desserts,Beverages|Mysore|Jayalakhsmipuram|https://www.zomato.com/mysore/subway-jayalakhsmipuram/info|5|Quick Bites|930am to 11pm(Mon-Sun)|Good|3.8|141
Rasooi Magic|400|North Indian,Biryani,Chinese,Sandwich|Mysore|Jayalakhsmipuram|https://www.zomato.com/mysore/rasooi-magic-1-jayalakhsmipuram/info|5|Casual Dining|11am to 1030pm(Mon-Sun)|Good|3.8|152
Flavours Fresh|200|Bakery,Desserts,Beverages|Mysore|Vijay Nagar|https://www.zomato.com/mysore/flavours-fresh-vijay-nagar/info|5|Quick Bites|10am to 10pm(Mon-Sun)|Very Good|4.0|155
Nalpak Restaurant|600|South Indian,North Indian|Mysore|Gokulam|https://www.zomato.com/mysore/nalpak-restaurant-gokulam/info|6|Casual Dining|7am to 1030pm(Mon-Sun)|Average|2.8|190
Hotel Sri Durga Bhavan|100|South Indian|Mysore|Gokulam|https://www.zomato.com/mysore/hotel-sri-durga-bhavan-gokulam/info|6|Casual Dining|7am to 10pm(Mon-Sun)|Very Good|4.2|152
Goal - Villa Park|700|North Indian,Chinese|Mysore|Doora|https://www.zomato.com/mysore/goal-villa-park-doora/info|6|Casual Dining|830am to 11pm(Mon-Sun)|Good|3.8|82
DeliverFood2Me|350|North Indian,Salad|Mysore|Yadavgiri|https://www.zomato.com/mysore/deliverfood2me-yadavgiri/info|6|none|1030am to 1030pm(Mon,Tue,Wed,Fri,Sat,Sun)...|Very Good|4.0|168
Mysore Mylari|400|South Indian,Fast Food,Juices|Mysore|Kuvempunagar|https://www.zomato.com/mysore/mysore-mylari-kuvempunagar/info|6|Casual Dining|7am to 1030pm(Mon-Sun)|Good|3.7|184
Donut House|250|Desserts,Fast Food|Mysore|Gokulam|https://www.zomato.com/mysore/donut-house-gokulam/info|6|Dessert Parlor|10am to 10pm(Mon-Sun)|Good|3.9|128
Bhavani Hotel|150|Biryani|Mysore|Kuvempunagar|https://www.zomato.com/mysore/bhavani-hotel-kuvempunagar/info|6|Casual Dining|Closed(Mon),1230pm to 4pm,730pm to 10pm(Tue-Sun)|Very Good|4.0|180
Casino Park Restaurant|500|Biryani,Mughlai,Arabian,North Indian,Chinese|Mysore|Gokulam|https://www.zomato.com/mysore/casino-park-restaurant-gokulam/info|6|Casual Dining|1130am to 1130pm(Mon-Sun)|Good|3.7|110
Manvaar-The True Desi Hospitality|750|North Indian,Chinese|Mysore|Gokulam|https://www.zomato.com/mysore/manvaar-the-true-desi-hospitality-gokulam/info|6|Casual Dining|11am to 11pm(Mon-Sun)|Good|3.8|113
Chinese Corner|700|Chinese,Thai,Seafood|Mysore|Gokulam|https://www.zomato.com/mysore/chinese-corner-gokulam/info|6|Casual Dining|1030am to 1030pm(Mon-Sun)|Very Good|4.0|149
Dosa Point|300|South Indian,Beverages|Mysore|Kuvempunagar|https://www.zomato.com/mysore/dosa-point-kuvempunagar/info|6|Quick Bites|8am to 10pm(Mon-Sun)|Good|3.8|153
Green Food Court|500|North Indian,South Indian,Chinese|Mysore|Vijay Nagar|https://www.zomato.com/mysore/green-food-court-vijay-nagar/info|6|Casual Dining|7am to 10pm(Mon-Sun)|Good|3.7|140
Al Osra|200|Biryani,Arabian,Mughlai|Mysore|Bannimantap|https://www.zomato.com/mysore/al-osra-bannimantap/info|6|Quick Bites|11am to 10pm(Mon-Sun)|Average|3.2|123
Pelican Pub|600|North Indian,South Indian,Continental,Chinese|Mysore|Jayalakhsmipuram|https://www.zomato.com/mysore/pelican-pub-jayalakhsmipuram/info|6|Casual Dining|11am to 1030pm(Mon-Sun)|Very Good|4.0|112
Pasta Mexican|350|Italian,Fast Food|Mysore|Habitat Mall-- Jayalakhsmipuram|https://www.zomato.com/mysore/pasta-mexican-jayalakhsmipuram/info|6|Food Court|1030am to 1030pm(Mon-Sun)|Good|3.5|63
Lassi Shop|300|Fast Food,Desserts,Beverages|Mysore|Kuvempunagar|https://www.zomato.com/mysore/lassi-shop-kuvempunagar/info|7|Café|11am to 1120pm(Mon),11am to 1030pm(Tue-Sun)|Very Good|4.1|112
Cafe Good Vibes|500|Fast Food,Italian,Desserts|Mysore|Chamrajpura|https://www.zomato.com/mysore/cafe-good-vibes-chamrajpura/info|7|Café|12noon to 945pm(Mon-Sun)|Good|3.7|101
Coco Grove Multi-Cuisine Restaurant|500|North Indian,Chinese,Seafood|Mysore|Bogadi|https://www.zomato.com/mysore/coco-grove-multi-cuisine-restaurant-bogadi/info|7|Casual Dining|11am to 1030pm(Mon-Sun)|Good|3.9|83
This And That|300|Pizza,Desserts,Beverages|Mysore|Habitat Mall-- Jayalakhsmipuram|https://www.zomato.com/mysore/this-and-that-jayalakhsmipuram/info|7|Food Court|9am to 1030pm(Mon-Sun)|Good|3.5|68
Hotel Mylari Original|200|South Indian|Mysore|Doora|https://www.zomato.com/mysore/hotel-mylari-original-doora/info|7|Quick Bites|7am to 12noon,3pm to 8pm(Mon-Sun)|Very Good|4.1|124
Neelanjana Mahesh Prasad|550|South Indian,Chinese,North Indian,Fast Food|Mysore|Kuvempunagar|https://www.zomato.com/mysore/neelanjana-mahesh-prasad-1-kuvempunagar/info|7|Casual Dining|730am to 1030pm(Mon-Sun)|Average|3.4|27
Donne Biryani Mane|300|Biryani,Beverages|Mysore|Kuvempunagar|https://www.zomato.com/mysore/donne-biryani-mane-kuvempunagar/info|7|Quick Bites|1230pm to 4pm(Mon),11am to 11pm(Tue-Sun)|Good|3.8|114
Simply Kodavas|300|South Indian,North Indian|Mysore|Vijay Nagar|https://www.zomato.com/mysore/simply-kodavas-vijay-nagar/info|7|Casual Dining|11am to 1030pm(Mon-Sun)|Very Good|4.0|102
Rasooi Delite|500|North Indian,Chinese,Fast Food,Beverages,Desserts|Mysore|Vijay Nagar|https://www.zomato.com/mysore/rasooi-delite-vijay-nagar/info|7|Casual Dining|11am to 1030pm(Mon-Sun)|Good|3.6|84
Chicken Hut|300|North Indian,Chinese,Biryani|Mysore|Kuvempunagar|https://www.zomato.com/mysore/chicken-hut-kuvempunagar/info|7|Casual Dining|12noon to 330pm,6pm to 1030pm(Mon-Sun)|Good|3.8|141
Northern Flavors|300|North Indian,Chinese|Mysore|Gokulam|https://www.zomato.com/mysore/northern-flavors-gokulam/info|7|Quick Bites|1130am to 11pm(Mon-Sun)|Good|3.7|110
Rasa Dhatu|400|South Indian,Healthy Food,Fast Food|Mysore|Gokulam|https://www.zomato.com/mysore/rasa-dhatu-gokulam/info|7|Quick Bites|8am to 10pm(Mon-Sun)|Very Good|4.2|77
Cafe Roots|400|Continental,Burger,North Indian,Biryani|Mysore|Gokulam|https://www.zomato.com/mysore/cafe-roots-gokulam/info|7|Café|8am to 930pm(Mon,Wed,Thu,Fri,Sat,Sun)...|Good|3.7|102
Guru Darshini Dosa Palace|300|South Indian|Mysore|Gokulam|https://www.zomato.com/mysore/guru-darshini-dosa-palace-gokulam/info|7|Quick Bites|7am to 12noon,4pm to 10pm(Mon-Sun)|Good|3.8|77
Depth n Green|400|Sandwich,Burger,Italian,Desserts,Beverages|Mysore|Gokulam|https://www.zomato.com/mysore/depth-n-green-gokulam/info|7|Café|Closed(Mon),830am to 930pm(Tue-Sun)|Good|3.9|95
Donne Biriyani Mane|300|Biryani,South Indian|Mysore|Vijay Nagar|https://www.zomato.com/mysore/donne-biriyani-mane-vijay-nagar/info|8|Quick Bites|Closed(Mon),11am to 330pm,630pm to 1030pm...|Good|3.7|125
New Mysore Refreshment|250|South Indian|Mysore|Ittige Gudu|https://www.zomato.com/mysore/new-mysore-refreshment-ittige-gudu/info|8|Quick Bites|8am to 10pm(Mon-Sun)|Good|3.9|78
Minus21Degree|500|Ice Cream,Beverages|Mysore|Gokulam|https://www.zomato.com/mysore/minus21degree-gokulam/info|8|Dessert Parlor|11am to 1130pm(Mon-Fri),11am to 1230AM(Sat-Sun)|Good|3.8|49
Cheezy Omelettes|150|Street Food,Beverages|Mysore|Jayalakhsmipuram|https://www.zomato.com/mysore/cheezy-omelettes-jayalakhsmipuram/info|8|Quick Bites|1230pm to 10pm(Mon,Tue,Wed,Thu,Fri,Sun)...|Good|3.9|59
Suvarana Bhavan|200|South Indian,Street Food,Beverages,Desserts|Mysore|Kuvempunagar|https://www.zomato.com/mysore/suvarana-bhavan-kuvempunagar/info|8|Casual Dining|630am to 1015pm(Mon-Fri),630am to 1030pm...|Good|3.6|111
Hotel Golden Grass|600|North Indian,Chinese,South Indian|Mysore|Jayalakhsmipuram|https://www.zomato.com/mysore/hotel-golden-grass-jayalakhsmipuram/info|8|Casual Dining|11am to 11pm(Mon-Sun)|Average|2.7|148
Hyderabadi Restaurant|400|Biryani|Mysore|Bannimantap|https://www.zomato.com/mysore/hyderabadi-restaurant-bannimantap/info|8|Casual Dining|12noon to 1030pm(Mon-Sun)|Average|3.2|134
Hotel Vaibhav Original|400|South Indian,Biryani|Mysore|Mandi Mohalla|https://www.zomato.com/mysore/hotel-vaibhav-original-mandi-mohalla/info|8|Casual Dining|12noon to 10pm(Mon-Sun)|Good|3.9|102
New Palav Point|200|North Indian,South Indian,Chinese|Mysore|Kuvempunagar|https://www.zomato.com/mysore/new-palav-point-kuvempunagar/info|8|Casual Dining|12noon to 1030pm(Mon-Sun)|Good|3.8|102
Oye Punjabi|400|North Indian,Beverages,Desserts|Mysore|Vijay Nagar|https://www.zomato.com/mysore/oye-punjabi-1-vijay-nagar/info|8|Quick Bites|12noon to 3pm,5pm to 10pm(Mon-Sun)|Good|3.8|104
Tandooriwala|700|North Indian,Chinese|Mysore|Bannimantap|https://www.zomato.com/mysore/tandooriwala-bannimantap/info|8|Casual Dining|12noon to 4pm,630pm to 1030pm(Mon-Sun)|Good|3.5|68
Fog House|200|Fast Food,Beverages,Desserts|Mysore|Vijay Nagar|https://www.zomato.com/mysore/fog-house-vijay-nagar/info|8|Dessert Parlor|11am to 10pm(Mon-Sun)|Good|3.8|65
Apoorva|400|South Indian,North Indian,Chinese,Desserts,Beverages|Mysore|Vidyaranyapura|https://www.zomato.com/mysore/apoorva-vidyaranyapura/info|8|Quick Bites|7am to 1030pm(Mon-Sun)|Good|3.9|67
Shree Guru Residency|500|South Indian|Mysore|Yadavgiri|https://www.zomato.com/mysore/shree-guru-residency-1-yadavgiri/info|8|Casual Dining|7am to 10pm(Mon-Sun)|Good|3.8|61
Ashirwad Grand|350|South Indian,North Indian,Chinese|Mysore|Bannimantap|https://www.zomato.com/mysore/ashirwad-grand-bannimantap/info|8|Quick Bites|8am to 1030pm(Mon-Sun)|Good|3.9|49
Anima Madhva Bhavan|400|South Indian|Mysore|Jayalakhsmipuram|https://www.zomato.com/mysore/anima-madhva-bhavan-jayalakhsmipuram/info|9|Casual Dining|12noon to 330pm,5pm to 10pm(Mon,Wed,Thu,Fri...|Good|3.6|82
Nalpak Restaurant|350|South Indian,North Indian,Chinese|Mysore|Kuvempunagar|https://www.zomato.com/mysore/nalpak-restaurant-kuvempunagar/info|9|Casual Dining|7am to 3pm,430pm to 10pm(Mon-Sun)|Average|2.6|87
KR Nati Style Mess|250|Biryani|Mysore|Kuvempunagar|https://www.zomato.com/mysore/kr-nati-style-mess-kuvempunagar/info|9|Mess|10am to 1030pm(Mon-Sun)|Average|3.2|65
M2M Foods|300|North Indian,Biryani,Rolls,Momos,Beverages|Mysore|Vijay Nagar|https://www.zomato.com/mysore/m2m-foods-1-vijay-nagar/info|9|Quick Bites|830am to 1030am,12noon to 3pm,6pm to 930pm...|Good|3.5|68
Top Stuff|450|North Indian,Chinese|Mysore|Jayalakhsmipuram|https://www.zomato.com/mysore/top-stuff-jayalakhsmipuram/info|9|Casual Dining|1130am to 330pm,630pm to 1030pm(Mon,Tue...|Good|3.6|91
Dolphins Bakes n Cakes|200|Bakery,Desserts,Beverages|Mysore|Vijay Nagar|https://www.zomato.com/mysore/dolphins-bakes-n-cakes-vijay-nagar/info|9|Bakery|930am to 1030pm(Mon-Sun)|Good|3.9|51
Shree Dosa Point|150|South Indian|Mysore|Chamrajpura|https://www.zomato.com/mysore/shree-dosa-point-chamrajpura/info|9|Quick Bites|8am to 1130am,530pm to 1030pm(Mon-Sun)|Good|3.9|66
Dolphin Bakes N Icecreams|250|Bakery,Fast Food,Desserts,Beverages|Mysore|Bannimantap|https://www.zomato.com/mysore/dolphin-bakes-n-icecreams-bannimantap/info|9|Bakery|930am to 10pm(Mon-Sun)|Good|3.7|83
The Roost|550|Chinese,North Indian,Continental,Beverages,Desserts|Mysore|Vijay Nagar|https://www.zomato.com/mysore/the-roost-vijay-nagar/info|9|Casual Dining|730am to 11pm(Mon-Sun)|Good|3.5|118
Bombay Tiffanys Annexe|100|Desserts|Mysore|Chamrajpura|https://www.zomato.com/mysore/bombay-tiffanys-annexe-chamrajpura/info|9|Quick Bites|8am to 10pm(Mon-Sun)|Good|3.7|77
Food Lover Restaurant|300|North Indian,Biryani|Mysore|Vijay Nagar|https://www.zomato.com/mysore/food-lover-restaurant-vijay-nagar/info|9|Quick Bites|7pm to 1130pm(Mon),11am to 11pm(Tue-Sun)|Very Good|4.0|92
Aroma The Bakers|200|Bakery,Desserts|Mysore|Bogadi|https://www.zomato.com/mysore/aroma-the-bakers-bogadi/info|9|Bakery|9am to 10pm(Mon-Sun)|Good|3.8|58
The Sea Fish Multi Cuisine Restaurant|600|Chinese,North Indian,South Indian,Seafood,Mangalorean|Mysore|Kuvempunagar|https://www.zomato.com/mysore/the-sea-fish-multi-cuisine-restaurant-kuvempunagar/info|9|none|Closed(Mon),1130am to 1030pm(Tue-Sun)|Good|3.6|69
Just Dilli Street|200|Street Food,Fast Food|Mysore|Jayalakhsmipuram|https://www.zomato.com/mysore/just-dilli-street-jayalakhsmipuram/info|9|Quick Bites|1030am to 930pm(Mon-Sun)|Average|3.4|66
The Cafe - The Quorum|500|North Indian,Italian,Chinese,Desserts,Beverages|Mysore|The Quorum Hotel-- Yadavgiri|https://www.zomato.com/mysore/the-cafe-the-quorum-yadavgiri/info|9|Casual Dining|1230pm to 330pm,7pm to 1030pm(Mon-Sun)|Good|3.5|35
