NAME|PRICE|CUSINE_CATEGORY|CITY|REGION|URL|PAGE NO|CUSINE TYPE|TIMING|RATING_TYPE|RATING|VOTES
Anupam Restaurant|700|North Indian|Nainital|Mall Road|https://www.zomato.com/nainital/anupam-restaurant-mall-road/info|1|Casual Dining|11am to 11pm(Mon-Sun)|Good|3.6|73
Sweet Home Cuisine Restaurant|350|North Indian,Chinese,Rolls|Nainital|Tallital|https://www.zomato.com/nainital/sweet-home-cuisine-restaurant-tallital/info|1|Quick Bites|9am to 1030pm(Mon-Sun)|Average|3.4|40
Pots & Stones Cafe|1100|Beverages|Nainital|Mall Road|https://www.zomato.com/nainital/pots-stones-cafe-mall-road/info|1|Café|1030am to 1030pm(Mon-Sun)|Good|3.5|72
New Sher E Punjab|350|North Indian|Nainital|Tallital|https://www.zomato.com/nainital/new-sher-e-punjab-tallital/info|1|Casual Dining|10am to 430pm,630pm to 11pm(Mon-Sun)|Average|3.3|27
Shiva Pure Vegetarian Restaurant|500|North Indian|Nainital|Mall Road|https://www.zomato.com/nainital/shiva-pure-vegetarian-restaurant-mall-road/info|1|Quick Bites|11am to 11pm(Mon-Sun)|Average|3.4|18
Nanak Restaurant|600|North Indian|Nainital|Mall Road|https://www.zomato.com/nainital/nanak-restaurant-mall-road/info|1|Casual Dining|9am to 5pm,7pm to 1030pm(Mon-Sun)|Average|3.3|26
The Chocolate Room|700|Desserts|Nainital|Mall Road|https://www.zomato.com/nainital/the-chocolate-room-mall-road/info|1|Dessert Parlor|10am to 10pm(Mon-Sun)|Average|3.4|21
Cafe UK 04|200|Bakery,Fast Food|Nainital|Ayarpatta|https://www.zomato.com/nainital/cafe-uk-04-ayarpatta/info|1|Bakery|9am to 10pm(Mon-Sun)|Average|3.3|25
Al Kareem Restaurant|200|Mughlai|Nainital|Mall Road|https://www.zomato.com/nainital/al-kareem-restaurant-mall-road/info|1|Quick Bites|10am to 10pm(Mon-Sun)|Average|3.4|21
Shiva Restaurant|400|North Indian|Nainital|Mall Road|https://www.zomato.com/nainital/shiva-restaurant-mall-road/info|1|Casual Dining|9am to 1130pm(Mon-Sun)|Average|3.4|10
Kathi Junction|250|Rolls|Nainital|Tallital|https://www.zomato.com/nainital/kathi-junction-tallital/info|1|Quick Bites|10am to 10pm(Mon-Sun)|Average|3.4|12
The 2nd Wife Restaurant|1000|North Indian|Nainital|Mall Road|https://www.zomato.com/nainital/the-2nd-wife-restaurant-mall-road/info|1|Quick Bites|10am to 11pm(Mon-Sun)|Average|3.3|9
Dilli Darbaar Dlx|800|North Indian,Chinese,Mughlai|Nainital|Mall Road|https://www.zomato.com/nainital/dilli-darbaar-dlx-mall-road/info|1|Casual Dining|12noon to 11pm(Mon-Sun)|Average|3.2|15
Wow Momos|200|Fast Food|Nainital|Mall Road|https://www.zomato.com/nainital/wow-momos-mall-road/info|1|Quick Bites|11am to 10pm(Mon-Sun)|Average|3.4|5
Mamu's Snacks & Bakery|300|Bakery,Fast Food|Nainital|Mall Road|https://www.zomato.com/nainital/mamus-snacks-bakery-mall-road/info|1|Bakery|9am to 9pm(Mon-Sun)|Average|3.3|10
Baker's Hut|500|Bakery,Cafe|Nainital|Ayarpatta|https://www.zomato.com/nainital/bakers-hut-ayarpatta/info|2|Bakery|7am to 10pm(Mon-Sun)|Average|3.2|19
Hunger Strike|150|Fast Food|Nainital|Tallital|https://www.zomato.com/nainital/hunger-strike-tallital/info|2|Quick Bites|9am to 9pm(Mon-Sun)|Average|3.2|4
Zaiqa Restaurant|600|Mughlai,North Indian|Nainital|Mall Road|https://www.zomato.com/nainital/zaiqa-restaurant-mall-road/info|2|Quick Bites|10am to 4pm,7pm to 10pm(Mon-Sun)|Average|3.4|8
Crazy Chinese Hut|250|Chinese|Nainital|Mall Road|https://www.zomato.com/nainital/crazy-chinese-hut-mall-road/info|2|Quick Bites|10am to 9pm(Mon-Sun)||NEW|NEW
Yo Momo's|250|Chinese,Momos|Nainital|Mall Road|https://www.zomato.com/nainital/yo-momos-mall-road/info|2|Quick Bites|10am to 9pm(Mon-Sun)||NEW|NEW
The Paradise Restaurant|500|Mughlai,North Indian|Nainital|Mall Road|https://www.zomato.com/nainital/the-paradise-restaurant-mall-road/info|2|Quick Bites|10am to 5pm,7pm to 10pm(Mon-Sun)|Average|3.2|5
Rolls N Kababs|250|Rolls,Kebab|Nainital|Ayarpatta|https://www.zomato.com/nainital/rolls-n-kababs-ayarpatta/info|2|none|10am to 9pm(Mon-Sun)||NEW|NEW
The Dhaba By Royal Kitchen|600|North Indian|Nainital|Mall Road|https://www.zomato.com/nainital/the-dhaba-by-royal-kitchen-mall-road/info|2|Casual Dining|10am to 11pm(Mon-Tue),10pm to 11pm(Wed-Sun)|Average|3.2|11
N.K. Store|300|Fast Food,Beverages,North Indian|Nainital|Mall Road|https://www.zomato.com/nainital/n-k-store-mall-road/info|2|Quick Bites|11am to 9pm(Mon-Sun)|Not rated|-|-
Balaji Vaishnav Bhojnalaya|500|North Indian|Nainital|Mall Road|https://www.zomato.com/nainital/balaji-vaishnav-bhojnalaya-mall-road/info|2|Quick Bites|10am to 10pm(Mon-Sun)|Average|3.2|4
Heart Rock Restaurant|400|Fast Food|Nainital|Ayarpatta|https://www.zomato.com/nainital/heart-rock-restaurant-ayarpatta/info|2|Quick Bites|9am to 10pm(Mon-Sun)|Not rated|-|-
Aaban Murabadi Biryani|300|Biryani|Nainital|Mall Road|https://www.zomato.com/nainital/aaban-murabadi-biryani-mall-road/info|2|Quick Bites|10am to 9pm(Mon-Sun)||NEW|NEW
Quick Bites|0|Kebab,Cuisine Varies,Pizza|Nainital|Mall Road|https://www.zomato.com/nainital/quick-bites-mall-road/info|2|Quick Bites|11am to 9pm(Mon-Sun)|Not rated|-|-
Singh Restaurant|500|Mughlai,North Indian|Nainital|Mall Road|https://www.zomato.com/nainital/singh-restaurant-mall-road/info|2|Quick Bites|10am to 4pm,7pm to 10pm(Mon-Sun)|Not rated|-|-
Kohinoor  Alam|500|Hyderabadi|Nainital|Mall Road|https://www.zomato.com/nainital/kohinoor-alam-mall-road/info|2|Quick Bites|10am to 10pm(Mon-Sun)|Not rated|-|-
Embassy Restaurant|600|North Indian|Nainital|Mall Road|https://www.zomato.com/nainital/embassy-restaurant-mall-road/info|3|Casual Dining|9am to 5pm,7pm to 11pm(Mon-Sun)|Average|3.2|12
Masala Twist Food Corner|400|North Indian|Nainital|Tallital|https://www.zomato.com/nainital/masala-twist-food-corner-tallital/info|3|Quick Bites|8am to 10pm(Mon-Sun)|Not rated|-|-
The Raikwals Hotel and Restaurant|700|North Indian|Nainital|Tallital|https://www.zomato.com/nainital/the-raikwals-hotel-and-restaurant-1-tallital/info|3|Casual Dining|730am to 9pm(Mon-Sun)||NEW|NEW
Negi Restaurant|500|North Indian|Nainital|Mall Road|https://www.zomato.com/nainital/negi-restaurant-mall-road/info|3|Quick Bites|930am to 1030pm(Mon-Sun)|Average|3.2|7
Dilli Darbar|500|North Indian|Nainital|Mall Road|https://www.zomato.com/nainital/dilli-darbar-mall-road/info|3|Quick Bites|930am to 12midnight(Mon-Sun)|Average|3.2|6
Purohit|500|North Indian|Nainital|Mall Road|https://www.zomato.com/nainital/purohit-mall-road/info|3|Casual Dining|9am to 11pm(Mon-Sun)|Average|3.2|6
Aaban Restaurant|500|North Indian|Nainital|Mall Road|https://www.zomato.com/nainital/aaban-restaurant-mall-road/info|3|Quick Bites|10am to 11pm(Mon-Sun)|Average|3.2|5
Apni Rasoi|500|North Indian|Nainital|Mall Road|https://www.zomato.com/nainital/apni-rasoi-mall-road/info|3|Quick Bites|930am to 4pm,630pm to 1030pm(Mon-Sun)|Not rated|-|-
Mahima Restaurant|450|North Indian|Nainital|Ayarpatta|https://www.zomato.com/nainital/mahima-restaurant-ayarpatta/info|3|Quick Bites|8am to 12midnight(Mon-Sun)|Not rated|-|-
Chaudhary Cafe & Restaurant|500|Bengali,Chinese,North Indian|Nainital|Mall Road|https://www.zomato.com/nainital/chaudhary-cafe-restaurant-mall-road/info|3|Quick Bites|9am to 4pm,7pm to 11pm(Mon-Sun)|Not rated|-|-
Vyanjan|300||Nainital|Tallital|https://www.zomato.com/nainital/vyanjan-tallital/info|3|Quick Bites|9am to 1030pm(Mon-Sun)|Not rated|-|-
Zara Food Corner|300|North Indian|Nainital|Tallital|https://www.zomato.com/nainital/zara-food-corner-tallital/info|3|Quick Bites|11am to 11pm(Mon-Sun)|Not rated|-|-
Alfaz Restaurant|300|North Indian|Nainital|Tallital|https://www.zomato.com/nainital/alfaz-restaurant-tallital/info|3|Quick Bites|9am to 11pm(Mon-Sun)||NEW|NEW
