NAME|PRICE|CUSINE_CATEGORY|CITY|REGION|URL|PAGE NO|CUSINE TYPE|TIMING|RATING_TYPE|RATING|VOTES
Angaara|1000|Arabian,Chinese,Continental,South Indian|Ooty|Elk Hill|https://www.zomato.com/ooty/angaara-elk-hill/info|1|Casual Dining|1130am to 1130pm(Mon-Sun)|Good|3.6|144
Domino's Pizza|500|Pizza,Fast Food|Ooty|Elk Hill|https://www.zomato.com/ooty/dominos-pizza-elk-hill/info|1|Quick Bites|11am to 12midnight(Mon-Sun)|Average|3.3|75
Pankaj Bhojanalaya|400|North Indian|Ooty|Elk Hill|https://www.zomato.com/ooty/pankaj-bhojanalaya-elk-hill/info|1|Quick Bites|9am to 11pm(Mon-Sun)|Average|3.3|23
A2B- Adyar Ananda Bhavan|300|South Indian,North Indian|Ooty|Elk Hill|https://www.zomato.com/ooty/a2b-adyar-ananda-bhavan-elk-hill/info|1|Casual Dining|730am to 1030pm(Mon-Sun)|Average|3.4|139
Hyderabad Biriyani House|500|Andhra,Biryani|Ooty|Kandal|https://www.zomato.com/ooty/hyderabad-biriyani-house-kandal/info|1|Casual Dining|11am to 1030pm(Mon-Sun)|Average|3.3|39
Cocoapods|450|Cafe|Ooty|Kandal|https://www.zomato.com/ooty/cocoapods-kandal/info|1|Café|1030am to 930pm(Mon-Sun)|Average|3.3|24
Willy's Coffee Pub|350|Cafe|Ooty|Elk Hill|https://www.zomato.com/ooty/willys-coffee-pub-elk-hill/info|1|Café|10am to 930pm(Mon-Sun)|Average|3.3|39
Thalassery Restaurant|600|South Indian|Ooty|Elk Hill|https://www.zomato.com/ooty/thalassery-restaurant-elk-hill/info|1|Casual Dining|8am to 1030pm(Mon-Sun)|Average|3.3|42
Darjeeling Spicy Momo|250|Chinese,Tibetan,Momos|Ooty|Elk Hill|https://www.zomato.com/ooty/darjeeling-spicy-momo-elk-hill/info|1|Kiosk|2pm to 930pm(Mon-Sun)|Average|3.4|20
New Ooty Bakery|300|Mithai,Bakery,Chinese,Fast Food|Ooty|Elk Hill|https://www.zomato.com/ooty/new-ooty-bakery-elk-hill/info|1|Bakery|830am to 9pm(Mon-Sun)|Average|3.3|22
Kabab Corner|600|Chinese,North Indian,Biryani|Ooty|Kandal|https://www.zomato.com/ooty/kabab-corner-kandal/info|1|Casual Dining|1230pm to 11pm(Mon-Sun)|Average|3.2|11
Quality Restaurant|650|Chinese,South Indian,North Indian|Ooty|Elk Hill|https://www.zomato.com/ooty/quality-restaurant-elk-hill/info|1|Casual Dining|1030am to 1030pm(Mon-Sun)|Average|3.2|15
Hotel Junior Kuppanna|400|Chettinad,South Indian|Ooty|Elk Hill|https://www.zomato.com/ooty/hotel-junior-kuppanna-elk-hill/info|1|Casual Dining|830am to 430pm,630pm to 10pm(Mon-Sun)|Average|3.3|20
Syedi Restaurant|250|North Indian|Ooty|Elk Hill|https://www.zomato.com/ooty/syedi-restaurant-1-elk-hill/info|1|Quick Bites|(Mon-Sun)|Average|3.4|9
Thendral Restaurant|450|South Indian|Ooty|Elk Hill|https://www.zomato.com/ooty/thendral-restaurant-elk-hill/info|1|Casual Dining|730am to 10pm(Mon-Sun)|Average|3.4|7
Cliff Top|800|North Indian,South Indian,European|Ooty|Kandal|https://www.zomato.com/ooty/cliff-top-kandal/info|2|Casual Dining|8am to 10am,730pm to 1030pm,1230pm to 3pm...|Average|3.3|10
LaakDe Café|400|Cafe,Bakery|Ooty|Elk Hill|https://www.zomato.com/ooty/laakde-café-elk-hill/info|2|Café|8am to 9pm(Mon-Sun)|Average|3.3|14
Hotel Coonoor Ramachandra|500|South Indian,North Indian|Ooty|Elk Hill|https://www.zomato.com/ooty/hotel-coonoor-ramachandra-elk-hill/info|2|Casual Dining|8am to 9pm(Mon-Sun)|Average|3.3|8
KE's Restaurant|600|North Indian,South Indian|Ooty|Kandal|https://www.zomato.com/ooty/kes-restaurant-kandal/info|2|Casual Dining|8am to 11pm(Mon-Sun)|Average|3.2|28
Turntable|650|Chinese,North Indian|Ooty|Elk Hill|https://www.zomato.com/ooty/turntable-elk-hill/info|2|Casual Dining|8am to 10pm(Mon-Sun)|Average|3.4|18
Adarsh Veg Kitchen|300|North Indian,Fast Food,Chinese|Ooty|Elk Hill|https://www.zomato.com/ooty/adarsh-veg-kitchen-elk-hill/info|2|none|10am to 10pm(Mon-Sun)||NEW|NEW
Lemongrass Restaurant|600|Chinese,North Indian,South Indian|Ooty|Kandal|https://www.zomato.com/ooty/lemongrass-restaurant-kandal/info|2|Casual Dining|8am to 10am,730pm to 1030pm,12noon to 3pm...|Average|3.2|6
Abad Hot Chicken|200|North Indian|Ooty|Elk Hill|https://www.zomato.com/ooty/abad-hot-chicken-1-elk-hill/info|2|Quick Bites|(Mon-Sun)|Not rated|-|-
Hotel Welcome|200|South Indian|Ooty|Elk Hill|https://www.zomato.com/ooty/hotel-welcome-elk-hill/info|2|Quick Bites|(Mon-Sun)||NEW|NEW
V. Krishnan Bakery|150|Bakery|Ooty|Elk Hill|https://www.zomato.com/ooty/v-krishnan-bakery-elk-hill/info|2|none|(Mon-Sun)||NEW|NEW
ibaco|200|Ice Cream|Ooty|Marlimund|https://www.zomato.com/ooty/ibaco-marlimund/info|2|Dessert Parlor|10am to 10pm(Mon-Sun)|Average|3.2|6
Green Nasco Food Court|200|Fast Food,North Indian|Ooty|Elk Hill|https://www.zomato.com/ooty/green-nasco-food-court-elk-hill/info|2|Food Court|(Mon-Sun)|Average|3.2|4
Deliceiux|100|Bakery|Ooty|Elk Hill|https://www.zomato.com/ooty/deliceiux-elk-hill/info|2|Bakery|9am to 1030pm(Mon-Sun)|Average|3.2|5
Hotel Aryaas|300|South Indian|Ooty|Elk Hill|https://www.zomato.com/ooty/hotel-aryaas-elk-hill/info|2|Quick Bites|7am to 10pm(Mon-Sun)|Not rated|-|-
Madras Rasoi|350|Biryani,Chinese,South Indian|Ooty|Elk Hill|https://www.zomato.com/ooty/madras-rasoi-elk-hill/info|2|Casual Dining|8am to 11pm(Mon-Sun)|Average|3.2|13
Hotel Pushpa|200|South Indian|Ooty|Elk Hill|https://www.zomato.com/ooty/hotel-pushpa-elk-hill/info|3|Quick Bites|8am to 1030pm(Mon-Sun)|Not rated|-|-
Hotel Blue Hills|300|North Indian,South Indian|Ooty|Elk Hill|https://www.zomato.com/ooty/hotel-blue-hills-elk-hill/info|3|Casual Dining|1230pm to 11pm(Mon-Sun)|Average|3.3|17
Madras Rasoi|300|Biryani,Chinese,North Indian|Ooty|Anna Nagar|https://www.zomato.com/ooty/madras-rasoi-anna-nagar/info|3|Quick Bites|(Mon-Sun)|Not rated|-|-
New Aazam Bakery|200|Bakery|Ooty|Elk Hill|https://www.zomato.com/ooty/new-aazam-bakery-elk-hill/info|3|Bakery|830am to 9pm(Mon-Sun)|Not rated|-|-
Tasty Fruits and Juices|100|Beverages|Ooty|Elk Hill|https://www.zomato.com/ooty/tasty-fruits-and-juices-elk-hill/info|3|Beverage Shop|(Mon-Sun)||NEW|NEW
Jain Restaurant|200|South Indian,North Indian|Ooty|Anna Nagar|https://www.zomato.com/ooty/jain-restaurant-anna-nagar/info|3|none|(Mon-Sun)||NEW|NEW
Kabab Corner|200|Kebab|Ooty|Elk Hill|https://www.zomato.com/ooty/kabab-corner-1-elk-hill/info|3|Quick Bites|12noon to 1045pm(Mon-Sun)|Not rated|-|-
Blue Hills Restaurant|300|North Indian|Ooty|Elk Hill|https://www.zomato.com/ooty/blue-hills-restaurant-elk-hill/info|3|Quick Bites|(Mon-Sun)|Not rated|-|-
Hakkem's Fruits world|100|Beverages,Juices|Ooty|Anna Nagar|https://www.zomato.com/ooty/hakkems-fruits-world-anna-nagar/info|3|Beverage Shop|(Mon-Sun)|Not rated|-|-
Hotel Sanjay Tharavadu|400|South Indian|Ooty|Elk Hill|https://www.zomato.com/ooty/hotel-sanjay-tharavadu-elk-hill/info|3|Casual Dining|8am to 10pm(Mon-Sun)|Not rated|-|-
Hotel Taj|500|Chinese,North Indian,South Indian|Ooty|Elk Hill|https://www.zomato.com/ooty/hotel-taj-elk-hill/info|3|Casual Dining|11am to 11pm(Mon-Sun)|Average|3.2|5
Table Cafe Restaurant|500|Arabian,South Indian|Ooty|Elk Hill|https://www.zomato.com/ooty/table-cafe-restaurant-elk-hill/info|3|Casual Dining|12noon to 1030pm(Mon-Sun)|Not rated|-|-
Sri Ayyappa Mess|150|South Indian,Kerala|Ooty|Elk Hill|https://www.zomato.com/ooty/sri-ayyappa-mess-elk-hill/info|3|Quick Bites|7am to 9pm(Mon-Sun)|Not rated|-|-
Sumukha's Kitchen|350|Chinese,North Indian,South Indian|Ooty|Elk Hill|https://www.zomato.com/ooty/sumukhas-kitchen-elk-hill/info|3|Casual Dining|7am to 1030pm(Mon-Sun)|Not rated|-|-
Hotel A- One|500|Arabian,South Indian|Ooty|Elk Hill|https://www.zomato.com/ooty/hotel-a-one-elk-hill/info|3|Casual Dining|11am to 10pm(Mon-Sun)|Not rated|-|-
RA Fresh Juices And Milkshakes|100|North Indian|Ooty|Elk Hill|https://www.zomato.com/ooty/ra-fresh-juices-and-milkshakes-elk-hill/info|4|Beverage Shop|(Mon-Sun)|Not rated|-|-
Pathayam Restaurant|150|North Indian|Ooty|Elk Hill|https://www.zomato.com/ooty/pathayam-restaurant-elk-hill/info|4|none|(Mon-Sun)||NEW|NEW
Silver Spoon|800|North Indian,South Indian|Ooty|Elk Hill|https://www.zomato.com/ooty/silver-spoon-elk-hill/info|4|Casual Dining|12noon to 1030pm(Mon-Sun)|Not rated|-|-
Ooty Palace Restaurant|200|North Indian|Ooty|Elk Hill|https://www.zomato.com/ooty/ooty-palace-restaurant-elk-hill/info|4|Quick Bites|(Mon-Sun)|Not rated|-|-
Hotel Dharshan|500|South Indian,North Indian|Ooty|Kandal|https://www.zomato.com/ooty/hotel-dharshan-kandal/info|4|Casual Dining|630am to 1030pm(Mon-Sun)|Not rated|-|-
Sree Lakshmi Illam|400|South Indian,North Indian|Ooty|Elk Hill|https://www.zomato.com/ooty/sree-lakshmi-illam-elk-hill/info|4|Casual Dining|730am to 1030pm(Mon-Sun)|Not rated|-|-
Pani puri center|100|Street Food|Ooty|Elk Hill|https://www.zomato.com/ooty/pani-puri-center-elk-hill/info|4|none|(Mon-Sun)||NEW|NEW
Pepper N Salt|450|North Indian,South Indian|Ooty|Kandal|https://www.zomato.com/ooty/pepper-n-salt-kandal/info|4|Casual Dining|630am to 10pm(Mon-Sun)|Not rated|-|-
Hotel Abhi Ruchi|500|South Indian|Ooty|Thalayathimund|https://www.zomato.com/ooty/hotel-abhi-ruchi-thalayathimund/info|4|Casual Dining|8am to 9pm(Mon-Sun)|Not rated|-|-
New Nilgiri Restaurant|200|North Indian,South Indian,Chinese|Ooty|Elk Hill|https://www.zomato.com/ooty/new-nilgiri-restaurant-elk-hill/info|4|Quick Bites|730am to 10pm(Mon-Sun)|Not rated|-|-
Azam Bakery|200|Bakery|Ooty|Elk Hill|https://www.zomato.com/ooty/azam-bakery-elk-hill/info|4|Bakery|9am to 9pm(Mon-Sun)|Not rated|-|-
Hindustan Bakery  & Sweets|300|Bakery|Ooty|Anna Nagar|https://www.zomato.com/ooty/hindustan-bakery-sweets-anna-nagar/info|4|Bakery|8am to 10pm(Mon-Sun)|Not rated|-|-
Hotel Biriyani Hut|500|Biryani,South Indian,Kerala|Ooty|Kandal|https://www.zomato.com/ooty/hotel-biriyani-hut-kandal/info|4|Casual Dining|8am to 10pm(Mon-Sun)|Not rated|-|-
Sha Biryani mess|100|Biryani|Ooty|Elk Hill|https://www.zomato.com/ooty/sha-biryani-mess-elk-hill/info|4|Quick Bites|(Mon-Sun)||NEW|NEW
The Baron|200|North Indian|Ooty|Elk Hill|https://www.zomato.com/ooty/the-baron-elk-hill/info|4|Quick Bites|(Mon-Sun)||NEW|NEW
Hotel Mughal|200|North Indian|Ooty|Elk Hill|https://www.zomato.com/ooty/hotel-mughal-elk-hill/info|5|Quick Bites|(Mon-Sun)||NEW|NEW
Tasty Kitchen|200|North Indian|Ooty|Elk Hill|https://www.zomato.com/ooty/tasty-kitchen-elk-hill/info|5|Quick Bites|(Mon-Sun)||NEW|NEW
Hotel Best|250|Chinese,South Indian|Ooty|Elk Hill|https://www.zomato.com/ooty/hotel-best-elk-hill/info|5|Quick Bites|11am to 11pm(Mon-Sun)|Not rated|-|-
Yummy Restaurant|350|Chinese,North Indian,South Indian|Ooty|Kandal|https://www.zomato.com/ooty/yummy-restaurant-kandal/info|5|Casual Dining|12noon to 11pm(Mon-Sun)|Not rated|-|-
Akash Rhythm Restaurant|600|Chinese,South Indian|Ooty|Thalayathimund|https://www.zomato.com/ooty/akash-rhythm-restaurant-thalayathimund/info|5|Casual Dining|7am to 11pm(Mon-Sun)|Not rated|-|-
Green Spicy Restaurant|300|South Indian,Chinese,Kerala|Ooty|Thalayathimund|https://www.zomato.com/ooty/green-spicy-restaurant-thalayathimund/info|5|Quick Bites|11am to 11pm(Mon-Sun)|Not rated|-|-
Cafe Coffee Day|650|Cafe,Fast Food|Ooty|Marlimund|https://www.zomato.com/ooty/cafe-coffee-day-marlimund/info|5|Café|9am to 11pm(Mon-Sun)|Not rated|-|-
