NAME|PRICE|CUSINE_CATEGORY|CITY|REGION|URL|PAGE NO|CUSINE TYPE|TIMING|RATING_TYPE|RATING|VOTES
Dominick Pizza|400|Pizza,Fast Food,Burger|Patiala|Tripuri|https://www.zomato.com/patiala/dominick-pizza-tripuri/info|1|Quick Bites|1130am to 1030pm(Mon-Sun)|Very Good|4.4|496
Kohli Sweets|200|Bakery,Mithai,North Indian,South Indian,Chinese|Patiala|Tripuri|https://www.zomato.com/patiala/kohli-sweets-tripuri/info|1|Sweet Shop|11am to 11pm(Mon-Sun)|Very Good|4.3|347
Boston bites|500|Burger,Pizza,Italian|Patiala|Model Town|https://www.zomato.com/patiala/boston-bites-model-town/info|1|Quick Bites|11am to 11pm(Mon-Sun)|Very Good|4.4|374
PiFi Pizza|600|Fast Food,Pizza|Patiala|Model Town|https://www.zomato.com/patiala/pifi-pizza-model-town/info|1|Quick Bites|11am to 1030pm(Mon-Sun)|Very Good|4.1|337
Domino's Pizza|400|Pizza|Patiala|Model Town|https://www.zomato.com/patiala/dominos-pizza-model-town/info|1|Quick Bites|11am to 12midnight(Mon-Sun)|Very Good|4.1|682
KFC|500|Fast Food|Patiala|Model Town|https://www.zomato.com/patiala/kfc-model-town/info|1|Casual Dining|11am to 11pm(Mon-Sun)|Very Good|4.4|259
Burger House|250|Burger|Patiala|Adalat Bazaar|https://www.zomato.com/patiala/burger-house-1-adalat-bazaar/info|1|Quick Bites|11am to 1am(Mon-Sun)|Excellent|4.5|378
Aneja's|700|North Indian|Patiala|Urban Estate|https://www.zomato.com/patiala/anejas-2-urban-estate/info|1|Casual Dining|9am to 1030pm(Mon-Sun)|Very Good|4.1|150
Mocha Cafe and Bar|800|Continental,North Indian,Italian|Patiala|Model Town|https://www.zomato.com/patiala/mocha-cafe-and-bar-model-town/info|1|Casual Dining|11am to 12midnight(Mon-Sun)|Excellent|4.5|189
Jaggis|500|Chinese,North Indian,Beverages,Fast Food|Patiala|Model Town|https://www.zomato.com/patiala/jaggis-model-town/info|1|Quick Bites|11am to 1030pm(Mon-Sun)|Very Good|4.0|258
McDonald's|500|Burger,Fast Food|Patiala|Model Town|https://www.zomato.com/patiala/mcdonalds-model-town/info|1|Quick Bites|11am to 11pm(Mon-Sun)|Very Good|4.4|343
Nagpal Restaurant Since 1999|450|North Indian|Patiala|Model Town|https://www.zomato.com/patiala/nagpal-restaurant-since-1999-model-town/info|1|Quick Bites|1130am to 1015pm(Mon-Sun)|Very Good|4.1|248
K Sahni|150|Fast Food,Chinese|Patiala|Tripuri|https://www.zomato.com/patiala/k-sahni-tripuri/info|1|Quick Bites|8am to 1030pm(Mon-Sun)|Very Good|4.0|174
Vegas 21|400|Fast Food,Continental|Patiala|Model Town|https://www.zomato.com/patiala/vegas-21-4-model-town/info|1|Quick Bites|12noon to 11pm(Mon-Sun)|Very Good|4.4|163
Jaggi's Restaurant|700|North Indian|Patiala|Model Town|https://www.zomato.com/patiala/jaggis-restaurant-model-town/info|1|Casual Dining|11am to 11pm(Mon-Sun)|Good|3.8|217
Chawlas 2|400|North Indian|Patiala|Urban Estate|https://www.zomato.com/patiala/chawlas-2-1-urban-estate/info|10|Casual Dining|1130am to 10pm(Mon-Sun)|Good|3.7|34
Pahuja Cake|150|Fast Food,Bakery|Patiala|Tripuri|https://www.zomato.com/patiala/pahuja-cake-tripuri/info|10|Quick Bites|9am to 930pm(Mon-Sun)|Average|3.4|45
Pashori Chicken Centre|200|Fast Food|Patiala|Tripuri|https://www.zomato.com/patiala/pashori-chicken-centre-tripuri/info|10|Quick Bites|430pm to 10pm(Mon,Wed,Thu,Fri,Sat,Sun)...|Good|3.6|35
Scotland Yard|1000|North Indian|Patiala|Model Town|https://www.zomato.com/patiala/scotland-yard-model-town/info|10|Bar|11am to 1030pm(Mon-Wed),11am to 1045pm(Thu...|Very Good|4.0|90
Pritam De Mashoor Pakode|200|Street Food|Patiala|Tripuri|https://www.zomato.com/patiala/pritam-de-mashoor-pakode-tripuri/info|10|Quick Bites|10am to 930pm(Mon-Sun)|Good|3.7|34
Jaidka|300|Fast Food|Patiala|Gurbax Colony|https://www.zomato.com/patiala/jaidka-gurbax-colony/info|10|Quick Bites|8am to 10pm(Mon-Sun)|Good|3.5|32
Republic Of Chicken|300|Burger,Sandwich,Beverages,Fast Food|Patiala|Urban Estate|https://www.zomato.com/patiala/republic-of-chicken-urban-estate/info|10|Quick Bites|11am to 1030pm(Mon-Sun)|Good|3.7|30
Patiala Pizza|300|Pizza|Patiala|Tripuri|https://www.zomato.com/patiala/patiala-pizza-tripuri/info|10|Quick Bites|12noon to 10pm(Mon-Sun)|Good|3.6|30
2 States|250|North Indian,South Indian|Patiala|New Officers Colony|https://www.zomato.com/patiala/2-states-new-officers-colony/info|10|Quick Bites|11am to 11pm(Mon-Sun)|Good|3.6|35
Baskin Robbins|300|Ice Cream|Patiala|Urban Estate|https://www.zomato.com/patiala/baskin-robbins-urban-estate/info|10|Dessert Parlor|12noon to 10pm(Mon-Sun)|Good|3.5|19
Taste Hunt|200|Burger|Patiala|Urban Estate|https://www.zomato.com/patiala/taste-hunt-2-urban-estate/info|10|Quick Bites|10am to 10pm(Mon-Sun)||NEW|NEW
The Live Baker Hut|500|Fast Food,Bakery|Patiala|Urban Estate|https://www.zomato.com/patiala/the-live-baker-hut-urban-estate/info|10|Bakery|9am to 12noon,130pm to 9pm(Mon-Sun)|Average|2.8|6
Shyam Vegetarian|200|North Indian|Patiala|Adalat Bazaar|https://www.zomato.com/patiala/shyam-vegetarian-adalat-bazaar/info|10|Quick Bites|745am to 4pm(Mon),7am to 4pm(Tue-Sun)|Average|3.3|13
Hunger Jack's|150|Burger,Beverages|Patiala|New Officers Colony|https://www.zomato.com/patiala/hunger-jacks-1-new-officers-colony/info|10|Quick Bites|1030am to 10pm(Mon-Sun)||NEW|NEW
Simran Juice & Confectionery|200|Juices,Salad|Patiala|Model Town|https://www.zomato.com/patiala/simran-juice-confectionery-model-town/info|10|Quick Bites|8am to 945pm(Mon-Sun)|Good|3.5|30
Bhupinder Veg Chaap|300|North Indian,Fast Food|Patiala|Prem Nagar|https://www.zomato.com/patiala/bhupinder-veg-chaap-prem-nagar/info|11|none|4pm to 10pm(Mon-Sun)|Good|3.5|20
New Kohli Sweets|150|Mithai|Patiala|Model Town|https://www.zomato.com/patiala/new-kohli-sweets-model-town/info|11|Sweet Shop|730am to 10pm(Mon-Sun)|Average|3.3|16
Sunder Chat|100|Street Food|Patiala|Urban Estate|https://www.zomato.com/patiala/sunder-chat-urban-estate/info|11|Quick Bites|1230pm to 930pm(Mon-Sun)||NEW|NEW
Param Bakers|150|Bakery|Patiala|Lahori Gate|https://www.zomato.com/patiala/param-bakers-lahori-gate/info|11|Bakery|8am to 10pm(Mon-Sun)|Average|3.4|19
Patiala Bites|500|Pizza,Burger|Patiala|Urban Estate|https://www.zomato.com/patiala/patiala-bites-urban-estate/info|11|Quick Bites|11am to 11pm(Mon-Sun)|Good|3.7|52
Henry Veg Snacker|0||Patiala|Adalat Bazaar|https://www.zomato.com/patiala/henry-veg-snacker-adalat-bazaar/info|11|Quick Bites|(Mon-Sun)||NEW|NEW
Ashoka's Juice Bar|300|Beverages|Patiala|New Officers Colony|https://www.zomato.com/patiala/ashokas-juice-bar-new-officers-colony/info|11|Beverage Shop|8am to 930pm(Mon-Sun)|Good|3.6|19
Yo!China|600|Chinese,Fast Food|Patiala|New Officers Colony|https://www.zomato.com/patiala/yo-china-new-officers-colony/info|11|Quick Bites|9am to 10pm(Mon-Sun)|Average|3.3|4
Santa Di Hatti|400|North Indian|Patiala|Tripuri|https://www.zomato.com/patiala/santa-di-hatti-tripuri/info|11|Quick Bites|11am to 830pm(Mon-Sun)|Good|3.5|17
Punjabi Tadka Family Restaurant|300|North Indian|Patiala|Tripuri|https://www.zomato.com/patiala/punjabi-tadka-family-restaurant-tripuri/info|11|Casual Dining|11am to 10pm(Mon-Sun)|Average|2.7|26
The Yellow Chilli|600|North Indian|Patiala|Model Town|https://www.zomato.com/patiala/the-yellow-chilli-model-town/info|11|Casual Dining|11am to 10pm(Mon-Sun)|Average|2.6|29
Lahore Chowk|400|North Indian|Patiala|New Officers Colony|https://www.zomato.com/patiala/lahore-chowk-new-officers-colony/info|11|Quick Bites|9am to 10pm(Mon-Sun)|Average|3.0|7
Aussie Kitchen|500|Fast Food|Patiala|New Officers Colony|https://www.zomato.com/patiala/aussie-kitchen-1-new-officers-colony/info|11|Quick Bites|1030am to 930pm(Mon-Sun)|Good|3.5|22
Patiala Pizza|350|North Indian|Patiala|Adalat Bazaar|https://www.zomato.com/patiala/patiala-pizza-adalat-bazaar/info|11|Casual Dining|11am to 10pm(Mon-Sun)|Average|3.3|22
Pizza Corner|300|Pizza,Burger,Fast Food|Patiala|Tripuri|https://www.zomato.com/patiala/pizza-corner-1-tripuri/info|11|Casual Dining|11am to 10pm(Mon-Sun)|Average|2.7|28
New York Pizzeria|300|Pizza,Fast Food|Patiala|Tripuri|https://www.zomato.com/patiala/new-york-pizzeria-tripuri/info|12|Quick Bites|11am to 10pm(Mon-Sun)|Average|3.4|19
Royal Meal's|200|North Indian|Patiala|Urban Estate|https://www.zomato.com/patiala/royal-meals-urban-estate/info|12|Quick Bites|10am to 9pm(Mon-Sun)|Average|3.1|10
Paapi Paet|200|North Indian|Patiala|Adalat Bazaar|https://www.zomato.com/patiala/paapi-paet-adalat-bazaar/info|12|Quick Bites|5pm to 10pm(Mon-Sun)|Good|3.5|24
Fresh Bytes|350|Fast Food|Patiala|Lahori Gate|https://www.zomato.com/patiala/fresh-bytes-lahori-gate/info|12|Quick Bites|11am to 9pm(Mon-Sun)|Average|3.4|19
Zafran|700|Mughlai|Patiala|Model Town|https://www.zomato.com/patiala/zafran-model-town/info|12|Casual Dining|11am to 11pm(Mon-Sun)|Good|3.8|47
Bawa Spicy Treat|200|North Indian|Patiala|Lahori Gate|https://www.zomato.com/patiala/bawa-spicy-treat-lahori-gate/info|12|Casual Dining|4pm to 11pm(Mon-Sun)|Good|3.7|60
Anand Bakery|300|Bakery|Patiala|Lahori Gate|https://www.zomato.com/patiala/anand-bakery-lahori-gate/info|12|Bakery|7am to 10pm(Mon-Sun)|Average|3.3|9
Buzz & Byte Italian Pizza|150|Sandwich,Burger,Italian,Pizza|Patiala|Urban Estate|https://www.zomato.com/patiala/buzz-byte-italian-pizza-urban-estate/info|12|Quick Bites|11am to 10pm(Mon-Sun)||NEW|NEW
India Bakers|300|Bakery|Patiala|Adalat Bazaar|https://www.zomato.com/patiala/india-bakers-1-adalat-bazaar/info|12|Bakery|8am to 10pm(Mon-Sun)|Average|3.2|10
Ambala Chaat House|200|Fast Food|Patiala|New Officers Colony|https://www.zomato.com/patiala/ambala-chaat-house-new-officers-colony/info|12|Quick Bites|5pm to 10pm(Mon-Sun)|Average|3.0|14
Taj Indian Dhaba|600|North Indian|Patiala|Model Town|https://www.zomato.com/patiala/taj-indian-dhaba-model-town/info|12|Dhaba|12noon to 4pm,6pm to 10pm(Mon-Sun)|Average|2.7|22
Buns 'N' Bunnies|350|Sandwich,Burger,Pizza|Patiala|Omaxe Mall-- Lahori Gate|https://www.zomato.com/patiala/buns-n-bunnies-lahori-gate/info|12|Quick Bites|11am to 9pm(Mon-Sun)|Average|3.4|22
Burger Hut|200|Burger,Sandwich,Pizza|Patiala|Urban Estate|https://www.zomato.com/patiala/burger-hut-1-urban-estate/info|12|Quick Bites|10am to 930pm(Mon-Sun)||NEW|NEW
Fountain Food Court|600|North Indian|Patiala|Model Town|https://www.zomato.com/patiala/fountain-food-court-model-town/info|12|Casual Dining|11am to 11pm(Mon-Sun)|Average|3.2|52
Ravi Tikki Wala|200|Fast Food|Patiala|Prem Nagar|https://www.zomato.com/patiala/ravi-tikki-wala-prem-nagar/info|12|Quick Bites|930am to 930pm(Mon-Sun)|Average|3.2|10
Amarjeet Tea Stall|200|North Indian|Patiala|Model Town|https://www.zomato.com/patiala/amarjeet-tea-stall-model-town/info|13|Quick Bites|8am to 3pm(Mon-Sun)|Average|3.4|21
Kake Di Mashoor Rehdi|300|North Indian|Patiala|Model Town|https://www.zomato.com/patiala/kake-di-mashoor-rehdi-model-town/info|13|Quick Bites|12noon to 10pm(Mon-Sun)|Average|3.2|10
New Hotel Ranjit|500|North Indian,Chinese|Patiala|Model Town|https://www.zomato.com/patiala/new-hotel-ranjit-model-town/info|13|Casual Dining|11am to 10pm(Mon-Sun)|Average|3.2|15
Hot Meals|500|North Indian,Chinese|Patiala|Urban Estate|https://www.zomato.com/patiala/hot-meals-urban-estate/info|13|none|10am to 10pm(Mon-Sun)|Average|2.9|9
Patiala Fish & Chicken Corner|250|North Indian|Patiala|Model Town|https://www.zomato.com/patiala/patiala-fish-chicken-corner-model-town/info|13|none|(Mon-Sun)|Average|3.2|13
The Tasty Pav Bhaji|300|Fast Food,Street Food|Patiala|Prem Nagar|https://www.zomato.com/patiala/the-tasty-pav-bhaji-prem-nagar/info|13|Quick Bites|1230pm to 930pm(Mon-Sun)|Average|3.3|15
Bombay Pav Bhaji|200|Maharashtrian|Patiala|Model Town|https://www.zomato.com/patiala/bombay-pav-bhaji-1-model-town/info|13|Quick Bites|12noon to 930pm(Mon-Sun)||NEW|NEW
Ghar Ki Rasoi|120|North Indian|Patiala|Model Town|https://www.zomato.com/patiala/ghar-ki-rasoi-1-model-town/info|13|Quick Bites|10am to 10pm(Mon-Sun)|Average|3.1|11
Meals On Wheels|100|Fast Food,Salad,Beverages|Patiala|Model Town|https://www.zomato.com/patiala/meals-on-wheels-1-model-town/info|13|none|530pm to 930pm(Mon-Sun)|Average|3.3|15
Nanaksar Vaishno Dhaba|300|North Indian|Patiala|Lahori Gate|https://www.zomato.com/patiala/nanaksar-vaishno-dhaba-lahori-gate/info|13|Dhaba|8am to 10pm(Mon-Sun)|Average|3.1|8
China Express|400|North Indian,Chinese|Patiala|Urban Estate|https://www.zomato.com/patiala/china-express-urban-estate/info|13|Quick Bites|11am to 10pm(Mon-Sun)||NEW|NEW
New Sheetal Restaurant|400|North Indian|Patiala|Model Town|https://www.zomato.com/patiala/new-sheetal-restaurant-model-town/info|13|Quick Bites|11am to 11pm(Mon-Sun)|Average|3.4|46
Kohli Sweets|200|Mithai|Patiala|Prem Nagar|https://www.zomato.com/patiala/kohli-sweets-prem-nagar/info|13|Sweet Shop|11am to 930pm(Mon-Sun)|Average|2.9|9
Khalsa Chaap|300|North Indian|Patiala|Prem Nagar|https://www.zomato.com/patiala/khalsa-chaap-prem-nagar/info|13|none|4pm to 10pm(Mon-Sun)|Average|3.2|9
Pappu Fruit Juice|120||Patiala|Lahori Gate|https://www.zomato.com/patiala/pappu-fruit-juice-lahori-gate/info|13|Quick Bites|(Mon-Sun)|Average|3.2|10
Bon Appetit|600|Cafe|Patiala|New Officers Colony|https://www.zomato.com/patiala/bon-appetit-1-new-officers-colony/info|14|Café|1pm to 1030pm(Mon-Sun)|Good|3.7|25
Sahib Burger|150|Burger,Fast Food|Patiala|Prem Nagar|https://www.zomato.com/patiala/sahib-burger-prem-nagar/info|14|Kiosk|9am to 10pm(Mon-Sun)|Average|3.2|13
Patialvi's Food Joint|150|North Indian,Chinese,Continental|Patiala|Urban Estate|https://www.zomato.com/patiala/patialvis-food-joint-urban-estate/info|14|Quick Bites|10am to 10pm(Mon-Sun)|Average|3.0|6
Sheetal Restaurant|300|North Indian|Patiala|Model Town|https://www.zomato.com/patiala/sheetal-restaurant-model-town/info|14|Quick Bites|9am to 415pm,630pm to 1030pm(Mon),1130am to ...|Average|3.3|38
Burger Bite|300|Burger|Patiala|New Officers Colony|https://www.zomato.com/patiala/burger-bite-new-officers-colony/info|14|Quick Bites|10am to 10pm(Mon-Sun)|Average|3.2|7
Singh Food|500|North Indian,Filipino|Patiala|Urban Estate|https://www.zomato.com/patiala/singh-food-urban-estate/info|14|none|(Mon-Sun)|Average|3.2|9
Shah Ji Restaurant|300|North Indian|Patiala|Model Town|https://www.zomato.com/patiala/shah-ji-restaurant-model-town/info|14|Quick Bites|10am to 10pm(Mon-Sun)|Average|3.3|19
Hangout|500|Pizza,Burger,Fast Food|Patiala|Model Town|https://www.zomato.com/patiala/hangout-model-town/info|14|Quick Bites|1030am to 11pm(Mon-Fri),1030am to 1130pm...|Good|3.7|53
91 Number Dhaba|200|North Indian|Patiala|Model Town|https://www.zomato.com/patiala/91-number-dhaba-1-model-town/info|14|Dhaba|830am to 4pm,7pm to 10pm(Mon-Sun)|Average|3.3|16
Shahi Juice & Shakes|200|Beverages,Juices|Patiala|Model Town|https://www.zomato.com/patiala/shahi-juice-shakes-model-town/info|14|Beverage Shop|9am to 9pm(Mon-Sun)|Average|3.1|4
Mehfil Restaurant|400|North Indian,Chinese|Patiala|Urban Estate|https://www.zomato.com/patiala/mehfil-restaurant-urban-estate/info|14|Casual Dining|12noon to 10pm(Mon-Sun)|Average|2.9|7
Street 360 Cafe|500|Cafe|Patiala|Urban Estate|https://www.zomato.com/patiala/street-360-cafe-urban-estate/info|14|Café|11am to 930pm(Mon-Sun)|Average|3.1|8
Bhinder Dairy|200|Beverages|Patiala|Adalat Bazaar|https://www.zomato.com/patiala/bhinder-dairy-adalat-bazaar/info|14|Beverage Shop|10am to 10pm(Mon-Sun)|Average|3.0|5
New Harbans Icecream & Sons|250|Ice Cream|Patiala|Tripuri|https://www.zomato.com/patiala/new-harbans-icecream-sons-tripuri/info|14|Dessert Parlor|9am to 9pm(Mon-Sun)|Average|3.0|7
Naveen Taste Creators|400|North Indian|Patiala|New Officers Colony|https://www.zomato.com/patiala/naveen-taste-creators-new-officers-colony/info|14|Quick Bites|2pm to 950pm(Mon-Sun)|Average|3.1|9
Burgh Bites|400|Fast Food|Patiala|Urban Estate|https://www.zomato.com/patiala/burgh-bites-urban-estate/info|15|Quick Bites|5pm to 10pm(Mon-Sun)|Average|2.9|10
R Chef|500|North Indian,Chinese|Patiala|Urban Estate|https://www.zomato.com/patiala/r-chef-1-urban-estate/info|15|Casual Dining|10am to 10pm(Mon-Sun)|Average|2.7|6
B21 Fast Food|150|Fast Food|Patiala|Model Town|https://www.zomato.com/patiala/b21-fast-food-3-model-town/info|15|none|9am to 930pm(Mon-Sun)|Average|3.0|8
Mr. Shakes|150|Beverages|Patiala|Model Town|https://www.zomato.com/patiala/mr-shakes-model-town/info|15|Beverage Shop|11am to 1040pm(Mon-Sun)|Good|3.6|19
SFC|400|North Indian|Patiala|Gurbax Colony|https://www.zomato.com/patiala/sfc-gurbax-colony/info|15|Casual Dining|11am to 10pm(Mon-Sun)|Average|2.7|8
Fudo - The Courtyard Cafe|450|Cafe,Fast Food|Patiala|Urban Estate|https://www.zomato.com/patiala/fudo-the-courtyard-cafe-urban-estate/info|15|Café|1130am to 11pm(Mon-Sun)||NEW|NEW
Food Haus|200|North Indian|Patiala|Adalat Bazaar|https://www.zomato.com/patiala/food-haus-adalat-bazaar/info|15|Quick Bites|12noon to 10pm(Mon-Sat),12noon to 930pm(Sun)|Average|3.2|10
Wrapchick By Kababchi|300|Kebab,Wraps,Fast Food|Patiala|Urban Estate|https://www.zomato.com/patiala/wrapchick-by-kababchi-urban-estate/info|15|Quick Bites|12noon to 930pm(Mon-Sun)|Average|2.9|15
Raheja Food Point|100|Fast Food,Sandwich|Patiala|Lahori Gate|https://www.zomato.com/patiala/raheja-food-point-lahori-gate/info|15|Quick Bites|11am to 9pm(Mon-Sun)|Average|3.0|6
F5 Fast Food|300|Fast Food|Patiala|Lahori Gate|https://www.zomato.com/patiala/f5-fast-food-1-lahori-gate/info|15|Quick Bites|1pm to 9pm(Mon-Sat),Closed(Sun)|Average|3.0|9
Kashmir For You|400|North Indian|Patiala|New Officers Colony|https://www.zomato.com/patiala/kashmir-for-you-new-officers-colony/info|15|Quick Bites|9am to 10pm(Mon-Sun)|Not rated|-|-
Top Notch Pub|900|Beverages,Fast Food,North Indian|Patiala|Lahori Gate|https://www.zomato.com/patiala/top-notch-pub-lahori-gate/info|15|Bar|11am to 10pm(Mon-Sun)|Not rated|-|-
A - Karim|200|North Indian,Chinese|Patiala|Nabha Gate|https://www.zomato.com/patiala/a-karim-nabha-gate/info|15|Quick Bites|11am to 10pm(Mon-Sun)|Not rated|-|-
Happy Chick Shack|200|Fast Food|Patiala|Prem Nagar|https://www.zomato.com/patiala/happy-chick-shack-prem-nagar/info|15|Quick Bites|6pm to 10pm(Mon-Sun)||NEW|NEW
Vaishnoo Rasoi|250|North Indian|Patiala|Lahori Gate|https://www.zomato.com/patiala/vaishnoo-rasoi-4-lahori-gate/info|15|Quick Bites|8am to 10pm(Mon-Sun)|Not rated|-|-
Pappu Fruit Juice|100|Juices|Patiala|Lahori Gate|https://www.zomato.com/patiala/pappu-fruit-juice-2-lahori-gate/info|16|Beverage Shop|11am to 11pm(Mon-Sun)|Good|3.6|22
Hotel AD Crown|800|North Indian,Chinese|Patiala|Lahori Gate|https://www.zomato.com/patiala/hotel-ad-crown-lahori-gate/info|16|Casual Dining|11am to 10pm(Mon-Sun)|Average|2.9|5
Lucky 22 Fresh Juice Corner|150|Juices,Beverages|Patiala|Urban Estate|https://www.zomato.com/patiala/lucky-22-fresh-juice-corner-urban-estate/info|16|Beverage Shop|11am to 10pm(Mon-Sun)|Not rated|-|-
Fun Food 2|100|Chinese|Patiala|Tripuri|https://www.zomato.com/patiala/fun-food-2-tripuri/info|16|Quick Bites|4pm to 10pm(Mon-Sun)|Average|3.0|6
Mota Halwai|100|Mithai,Street Food|Patiala|Lahori Gate|https://www.zomato.com/patiala/mota-halwai-lahori-gate/info|16|Sweet Shop|515am to 10pm(Mon-Sun)|Average|3.2|7
Manchanda Sweets & Restaurants|300|North Indian,Chinese,Mithai|Patiala|Model Town|https://www.zomato.com/patiala/manchanda-sweets-restaurants-model-town/info|16|Casual Dining|730am to 1030pm(Mon-Sun)|Average|3.4|55
Shivo Juices|200|Beverages|Patiala|Adalat Bazaar|https://www.zomato.com/patiala/shivo-juices-adalat-bazaar/info|16|Beverage Shop|930am to 10pm(Mon-Sun)|Not rated|-|-
Ghar ka khaana Tiffin service|200|North Indian|Patiala|Gurbax Colony|https://www.zomato.com/patiala/ghar-ka-khaana-tiffin-service-gurbax-colony/info|16|none|9am to 2pm,4pm to 9pm(Mon-Sun)|Average|3.0|5
Green Pan Parlour|200|Street Food,Beverages|Patiala|Adalat Bazaar|https://www.zomato.com/patiala/green-pan-parlour-adalat-bazaar/info|16|Quick Bites|10am to 10pm(Mon-Sun)|Average|3.0|6
Chaat Adda|200|Fast Food|Patiala|Adalat Bazaar|https://www.zomato.com/patiala/chaat-adda-adalat-bazaar/info|16|Quick Bites|11am to 9pm(Mon-Sun)|Not rated|-|-
Chicken Food Centre|350|Fast Food|Patiala|Tripuri|https://www.zomato.com/patiala/chicken-food-centre-1-tripuri/info|16|Quick Bites|10am to 10pm(Mon-Sun)|Average|2.9|5
Burger Bites|300|Burger|Patiala|Adalat Bazaar|https://www.zomato.com/patiala/burger-bites-adalat-bazaar/info|16|Quick Bites|10am to 9pm(Mon-Sun)|Average|2.8|4
Minna Paratha House|300|North Indian|Patiala|Lahori Gate|https://www.zomato.com/patiala/minna-paratha-house-lahori-gate/info|16|Quick Bites|6am to 330pm(Mon-Sun)|Not rated|-|-
Food Library Express Delivery|300|Fast Food|Patiala|Model Town|https://www.zomato.com/patiala/food-library-express-delivery-model-town/info|16|none|(Mon-Sun)|Not rated|-|-
Cafe Choco Treat|300|Cafe,Desserts|Patiala|Omaxe Mall-- Lahori Gate|https://www.zomato.com/patiala/cafe-choco-treat-lahori-gate/info|16|Café|10am to 9pm(Mon-Sun)|Not rated|-|-
Crunch N Munch|300|Fast Food,Continental,Beverages|Patiala|Model Town|https://www.zomato.com/patiala/crunch-n-munch-1-model-town/info|17|Quick Bites|11am to 10pm(Mon-Sun)|Not rated|-|-
Sachin Fast Food|150|Fast Food|Patiala|Model Town|https://www.zomato.com/patiala/sachin-fast-food-model-town/info|17|Quick Bites|12noon to 10pm(Mon-Sun)|Not rated|-|-
Food Kiings|250|North Indian|Patiala|Lahori Gate|https://www.zomato.com/patiala/food-kiings-lahori-gate/info|17|Quick Bites|9am to 9pm(Mon-Sun)||NEW|NEW
Burger Hut|150|Pizza,Burger|Patiala|Urban Estate|https://www.zomato.com/patiala/burger-hut-urban-estate/info|17|Quick Bites|10am to 930pm(Mon-Sun)||NEW|NEW
Amritsari Nutri Kulcha|200|Street Food|Patiala|Leela Bhavan-- Model Town|https://www.zomato.com/patiala/amritsari-nutri-kulcha-model-town/info|17|Quick Bites|5pm to 10pm(Mon-Sun)||NEW|NEW
The Canadian Cappuccino|250|American|Patiala|Urban Estate|https://www.zomato.com/patiala/the-canadian-cappuccino-urban-estate/info|17|Café|9am to 9pm(Mon-Sun)||NEW|NEW
Bikaner Misthan Bhandar|200|North Indian,Desserts|Patiala|Patiala Cantt|https://www.zomato.com/patiala/bikaner-misthan-bhandar-patiala-cantt/info|17|Sweet Shop|8am to 10pm(Mon-Sun)||NEW|NEW
Cafe N Food Corner|200|Wraps,Pizza,Cafe,Burger|Patiala|Lahori Gate|https://www.zomato.com/patiala/cafe-n-food-corner-lahori-gate/info|17|Quick Bites|10am to 10pm(Mon-Sun)||NEW|NEW
R.K JUICE|100|Juices|Patiala|Abchal Nagar|https://www.zomato.com/patiala/r-k-juice-abchal-nagar/info|17|Beverage Shop|9am to 9pm(Mon-Sun)|Not rated|-|-
Saini Juice|200|Juices|Patiala|Lahori Gate|https://www.zomato.com/patiala/saini-juice-lahori-gate/info|17|Quick Bites|9am to 9pm(Mon-Sun)||NEW|NEW
ROXY Nation Momma's Kitchen|250|North Indian|Patiala|Model Town|https://www.zomato.com/patiala/roxy-nation-mommas-kitchen-model-town/info|17|none|9am to 9pm(Mon-Sun)||NEW|NEW
Burger Boys|0|Sandwich,Burger|Patiala|Nabha Gate|https://www.zomato.com/patiala/burger-boys-nabha-gate/info|17|Quick Bites|9am to 9pm(Mon-Sun)||NEW|NEW
Krishan's Ice cream|0|Ice Cream|Patiala|Nabha Gate|https://www.zomato.com/patiala/krishans-ice-cream-nabha-gate/info|17|Dessert Parlor|9am to 930pm(Mon-Sun)||NEW|NEW
Urban Food Cafe|0|Sandwich,Coffee,Cafe,Burger|Patiala|Nabha Gate|https://www.zomato.com/patiala/urban-food-cafe-nabha-gate/info|17|Quick Bites|9am to 10pm(Mon-Sun)||NEW|NEW
City Heart Hotel & Restaurant|0|North Indian|Patiala|Nabha Gate|https://www.zomato.com/patiala/city-heart-hotel-restaurant-nabha-gate/info|17|Fine Dining|11am to 10pm(Mon-Sun)||NEW|NEW
Burgwrap|0|Wraps,Burger|Patiala|Urban Estate|https://www.zomato.com/patiala/burgwrap-urban-estate/info|18|Quick Bites|10am to 10pm(Mon-Sun)||NEW|NEW
Madrasi Dosa|0|South Indian|Patiala|Leela Bhavan-- Model Town|https://www.zomato.com/patiala/madrasi-dosa-1-model-town/info|18|Quick Bites|6pm to 10pm(Mon-Sun)||NEW|NEW
Food Court Fast Food|0|Chinese|Patiala|Urban Estate|https://www.zomato.com/patiala/food-court-fast-food-urban-estate/info|18|Quick Bites|4pm to 10pm(Mon-Sun)||NEW|NEW
Papa G Kitchen|150|North Indian|Patiala|Model Town|https://www.zomato.com/patiala/papa-g-kitchen-model-town/info|18|none|8am to 12midnight(Mon-Sun)||NEW|NEW
Pizza Plaza|300|Fast Food,Pizza|Patiala|Adalat Bazaar|https://www.zomato.com/patiala/pizza-plaza-1-adalat-bazaar/info|18|Quick Bites|12midnight to 11pm(Mon-Sun)|Good|3.6|41
Burger Bar|400|Fast Food,Burger|Patiala|Prem Nagar|https://www.zomato.com/patiala/burger-bar-prem-nagar/info|18|Quick Bites|11am to 1030pm(Mon-Sun)|Good|3.5|39
London Shakes|400|Fast Food,Beverages|Patiala|Model Town|https://www.zomato.com/patiala/london-shakes-model-town/info|18|Quick Bites|11am to 1030pm(Mon-Sat),2pm to 9pm(Sun)|Good|3.5|57
Cafe Yorker|1000|North Indian|Patiala|Model Town|https://www.zomato.com/patiala/cafe-yorker-model-town/info|18|Bar|11am to 11pm(Mon-Sun)|Good|3.6|40
Chawla's Heavenz|500|North Indian|Patiala|Urban Estate|https://www.zomato.com/patiala/chawlas-heavenz-urban-estate/info|18|Quick Bites|1030am to 11pm(Mon-Sun)|Good|3.5|38
Amarpali Restaurant|300|North Indian|Patiala|Abchal Nagar|https://www.zomato.com/patiala/amarpali-restaurant-abchal-nagar/info|18|none|11am to 1045pm(Mon-Sun)|Average|3.4|24
New Madrasi Dosa|250|South Indian|Patiala|Lahori Gate|https://www.zomato.com/patiala/new-madrasi-dosa-lahori-gate/info|18|Quick Bites|2pm to 11pm(Mon-Sun)|Good|3.7|27
The Shaurya|1000|North Indian|Patiala|Tripuri|https://www.zomato.com/patiala/the-shaurya-tripuri/info|18|Casual Dining|1130am to 1030pm(Mon-Sun)|Average|3.2|11
Dumpling Hood|200|Momos|Patiala|Model Town|https://www.zomato.com/patiala/dumpling-hood-2-model-town/info|18|Quick Bites|11am to 1030pm(Mon-Sun)|Good|3.7|39
Lucky Snacks & Champs Point|350|Chinese,Fast Food,North Indian|Patiala|Gurbax Colony|https://www.zomato.com/patiala/lucky-snacks-champs-point-gurbax-colony/info|18|Quick Bites|2pm to 1030pm(Mon-Sun)|Good|3.5|47
King Burger|150|Chinese,Fast Food|Patiala|Model Town|https://www.zomato.com/patiala/king-burger-model-town/info|18|Quick Bites|11am to 11pm(Mon-Sun)||NEW|NEW
Dawat Bhena Da Dhaba|200|North Indian|Patiala|Tripuri|https://www.zomato.com/patiala/dawat-bhena-da-dhaba-1-tripuri/info|19|Quick Bites|8am to 12midnight(Mon-Sun)|Average|3.3|22
The Royal Kitchen|800|North Indian|Patiala|Lahori Gate|https://www.zomato.com/patiala/the-royal-kitchen-lahori-gate/info|19|Casual Dining|11am to 1030pm(Mon-Sun)|Good|3.7|45
PUBG-11|250|Pizza,Fast Food|Patiala|Nabha Gate|https://www.zomato.com/patiala/pubg-11-nabha-gate/info|19|Quick Bites|11am to 11pm(Mon-Sun)||NEW|NEW
Pal Dhaba|500|North Indian|Patiala|Lahori Gate|https://www.zomato.com/patiala/pal-dhaba-lahori-gate/info|19|Dhaba|1030am to 1030pm(Mon-Fri),1030am to 1130pm...|Average|3.0|34
Brew Lounge|1000|Chinese,Continental,North Indian|Patiala|Model Town|https://www.zomato.com/patiala/brew-lounge-model-town/info|19|Quick Bites|11am to 11pm(Mon-Sun)|Good|3.6|20
Yellow Pizza|600||Patiala|Tripuri|https://www.zomato.com/patiala/yellow-pizza-tripuri/info|19|Casual Dining|10am to 11pm(Mon-Sun)|Good|3.6|31
El Ideas|800|North Indian,Chinese|Patiala|Model Town|https://www.zomato.com/patiala/el-ideas-model-town/info|19|Casual Dining|12noon to 1030pm(Mon-Sun)|Good|3.5|42
Grill Heaven|100|North Indian|Patiala|Tripuri|https://www.zomato.com/patiala/grill-heaven-tripuri/info|19|Quick Bites|4pm to 1030pm(Mon-Sun)|Average|3.4|25
Ice n De'lish|600|Chinese,Desserts,Ice Cream,Coffee,North Indian|Patiala|Lahori Gate|https://www.zomato.com/patiala/ice-n-delish-2-lahori-gate/info|19|Casual Dining|11am to 1030pm(Mon-Sun)|Good|3.6|19
Sapper Sama|500|North Indian,Chinese|Patiala|Model Town|https://www.zomato.com/patiala/sapper-sama-model-town/info|19|Quick Bites|12noon to 11pm(Mon-Sun)|Average|3.4|31
Aman Tandoori Momos|150|Chinese,Momos|Patiala|Adalat Bazaar|https://www.zomato.com/patiala/aman-tandoori-momos-adalat-bazaar/info|19|Quick Bites|6pm to 1030pm(Mon-Sun)||NEW|NEW
Chawlas|500|North Indian|Patiala|Model Town|https://www.zomato.com/patiala/chawlas-model-town/info|19|Quick Bites|11am to 4pm,7pm to 1030pm(Mon-Sun)|Average|3.4|42
Heavenz|800|North Indian,Fast Food,Chinese|Patiala|Model Town|https://www.zomato.com/patiala/heavenz-model-town/info|19|Casual Dining|1130am to 1030pm(Mon-Sun)|Good|3.5|36
Chaurasia Pan Parlour|120|Paan|Patiala|Model Town|https://www.zomato.com/patiala/chaurasia-pan-parlour-model-town/info|19|Paan Shop|930am to 1130pm(Mon-Sun)|Good|3.6|28
Kohli Pure Veg Chaap|200|Mughlai|Patiala|Tripuri|https://www.zomato.com/patiala/kohli-pure-veg-chaap-tripuri/info|19|Quick Bites|5pm to 1030pm(Mon-Sun)|Average|3.4|30
Sahni's Bakery and Restaurant|500|Bakery,Fast Food|Patiala|Model Town|https://www.zomato.com/patiala/sahnis-bakery-and-restaurant-model-town/info|2|Bakery|7am to 1030pm(Mon-Sun)|Very Good|4.0|161
Temple Run|300|Fast Food|Patiala|Adalat Bazaar|https://www.zomato.com/patiala/temple-run-adalat-bazaar/info|2|Quick Bites|11am to 11pm(Mon-Sun)|Very Good|4.2|214
Food Library|800|North Indian,Fast Food|Patiala|Lahori Gate|https://www.zomato.com/patiala/food-library-lahori-gate/info|2|Casual Dining|11am to 11pm(Mon-Sun)|Good|3.8|218
Chaibubble|600|Cafe|Patiala|Model Town|https://www.zomato.com/patiala/chaibubble-model-town/info|2|Café|10am to 1030pm(Mon-Sun)|Good|3.9|165
Hotel Mohan Continental|600|North Indian,Continental|Patiala|Model Town|https://www.zomato.com/patiala/hotel-mohan-continental-model-town/info|2|Casual Dining|11am to 1030pm(Mon-Sun)|Very Good|4.0|101
Brewbakes|400|Cafe|Patiala|Model Town|https://www.zomato.com/patiala/brewbakes-model-town/info|2|Café|10am to 11pm(Mon-Sun)|Very Good|4.1|81
The Night Factory|500|Chinese,Continental,North Indian,Pizza|Patiala|Model Town|https://www.zomato.com/patiala/the-night-factory-model-town/info|2|none|7am to 4am(Mon-Sun)|Very Good|4.1|88
Spice Roof|500|North Indian,Continental,Chinese,Bakery,Mithai|Patiala|Urban Estate|https://www.zomato.com/patiala/spice-roof-urban-estate/info|2|Casual Dining|11am to 1030pm(Mon-Sun)|Good|3.8|84
Gopal's|500|Fast Food,Chinese,North Indian|Patiala|Model Town|https://www.zomato.com/patiala/gopals-1-model-town/info|2|Quick Bites|11am to 1030pm(Mon-Sun)|Good|3.8|190
HC Burger|300|Burger,Sandwich,Pizza,Wraps,Fast Food|Patiala|Model Town|https://www.zomato.com/patiala/hc-burger-model-town/info|2|Quick Bites|11am to 1030pm(Mon-Sun)|Very Good|4.0|146
The No Objection Cafe|650|Continental,Italian,Fast Food|Patiala|Model Town|https://www.zomato.com/patiala/the-no-objection-cafe-model-town/info|2|Café|10am to 11pm(Mon),10am to 111pm(Tue),11am to ...|Good|3.8|106
BBQ Theka|350|Fast Food,North Indian|Patiala|Urban Estate|https://www.zomato.com/patiala/bbq-theka-3-urban-estate/info|2|Quick Bites|11am to 11pm(Mon-Sun)|Good|3.6|159
Apna Dhaba|400|Fast Food|Patiala|Abchal Nagar|https://www.zomato.com/patiala/apna-dhaba-abchal-nagar/info|2|Quick Bites|11am to 11pm(Mon-Sun)|Good|3.8|130
Mohan Murga|200|North Indian,Chinese|Patiala|Model Town|https://www.zomato.com/patiala/mohan-murga-model-town/info|2|Quick Bites|11am to 11pm(Mon-Sun)|Very Good|4.1|113
Bhangu Dhabha|200|North Indian|Patiala|Prem Nagar|https://www.zomato.com/patiala/bhangu-dhabha-prem-nagar/info|2|none|11am to 330pm,630pm to 11pm(Mon-Sun)|Very Good|4.3|134
Dominis Pizza|300|North Indian|Patiala|Lahori Gate|https://www.zomato.com/patiala/dominis-pizza-1-lahori-gate/info|20|Casual Dining|1030am to 1030pm(Mon-Sun)|Average|3.4|32
Hotel Lazeez|200|North Indian|Patiala|Tripuri|https://www.zomato.com/patiala/hotel-lazeez-1-tripuri/info|20|Quick Bites|12noon to 1030pm(Mon-Sun)||NEW|NEW
New Harbans Icecream & Sons|150|Ice Cream,Beverages|Patiala|Model Town|https://www.zomato.com/patiala/new-harbans-icecream-sons-model-town/info|20|Dessert Parlor|9am to 12midnight(Mon-Sun)|Average|3.3|9
Treat Up|250|Fast Food|Patiala|Urban Estate|https://www.zomato.com/patiala/treat-up-urban-estate/info|20|Quick Bites|1pm to 1030pm(Mon-Sun)|Good|3.5|26
Meenu Paratha House|200|North Indian|Patiala|Model Town|https://www.zomato.com/patiala/meenu-paratha-house-model-town/info|20|Quick Bites|11am to 11pm(Mon-Sun)|Good|3.5|36
Kundan Soya Chaap|300|North Indian|Patiala|Model Town|https://www.zomato.com/patiala/kundan-soya-chaap-model-town/info|20|none|5pm to 1030pm(Mon-Sun)|Good|3.5|20
Green's Restobar|600|North Indian|Patiala|Nabha Gate|https://www.zomato.com/patiala/greens-restobar-nabha-gate/info|20|Casual Dining|10am to 11pm(Mon-Sun)|Average|3.3|20
Dominis Pizza|300|North Indian|Patiala|Adalat Bazaar|https://www.zomato.com/patiala/dominis-pizza-adalat-bazaar/info|20|Casual Dining|1030am to 1030pm(Mon-Sun)|Good|3.5|32
Royal Baba Chicken|500|North Indian|Patiala|Tripuri|https://www.zomato.com/patiala/royal-baba-chicken-1-tripuri/info|20|Quick Bites|550pm to 1030pm(Mon-Sun)|Average|2.8|32
Gold Club|700|North Indian,Chinese|Patiala|Model Town|https://www.zomato.com/patiala/gold-club-model-town/info|20|Casual Dining|11am to 1030pm(Mon-Sun)|Average|3.3|25
Delhi Sehaj Dhaba|200|North Indian|Patiala|Prem Nagar|https://www.zomato.com/patiala/delhi-sehaj-dhaba-prem-nagar/info|20|Quick Bites|11am to 11pm(Mon-Sun)|Average|3.4|25
Baba Chicken|300|North Indian|Patiala|Lahori Gate|https://www.zomato.com/patiala/baba-chicken-lahori-gate/info|20|Quick Bites|12noon to 4pm,6pm to 1030pm(Mon-Sun)|Average|3.3|11
Dawat Restaurant|500|Mughlai,North Indian|Patiala|Patiala Cantt|https://www.zomato.com/patiala/dawat-restaurant-patiala-cantt/info|20|Casual Dining|11am to 1030pm(Mon-Sun)|Average|2.7|25
Mohan Chicken Wala|300|Fast Food,North Indian|Patiala|Prem Nagar|https://www.zomato.com/patiala/mohan-chicken-wala-prem-nagar/info|20|Quick Bites|3pm to 1030pm(Mon-Sun)|Average|3.3|20
Pizza Nation|400|Pizza|Patiala|Lahori Gate|https://www.zomato.com/patiala/pizza-nation-lahori-gate/info|20|Quick Bites|11am to 11pm(Mon-Sun)|Average|3.4|12
PB 11|1000|North Indian,Chinese|Patiala|Model Town|https://www.zomato.com/patiala/pb-11-model-town/info|21|Casual Dining|1pm to 11pm(Mon-Sun)|Average|3.3|34
AMUL FUZZIES ICE CREAM PARLOUR|150|Ice Cream|Patiala|Model Town|https://www.zomato.com/patiala/amul-fuzzies-ice-cream-parlour-model-town/info|21|Dessert Parlor|11am to 11pm(Mon-Sun)|Good|3.6|23
Lovely Vaishnu Dhaba|150|North Indian|Patiala|Tripuri|https://www.zomato.com/patiala/lovely-vaishnu-dhaba-tripuri/info|21|Quick Bites|9am to 4pm,6pm to 1030pm(Mon-Sun)|Average|3.3|16
Hari Da Vaishnoo Dhaba|300|North Indian|Patiala|Lahori Gate|https://www.zomato.com/patiala/hari-da-vaishnoo-dhaba-lahori-gate/info|21|Dhaba|6am to 11pm(Mon-Sun)||NEW|NEW
Lucky Juice Bar|150|Juices|Patiala|Urban Estate|https://www.zomato.com/patiala/lucky-juice-bar-urban-estate/info|21|Beverage Shop|11am to 11pm(Mon-Sun)|Good|3.5|20
KCC- Kohli Chicken Centre|300|North Indian|Patiala|Tripuri|https://www.zomato.com/patiala/kcc-kohli-chicken-centre-tripuri/info|21|none|5pm to 1030pm(Mon-Sun)|Average|3.4|23
The Food Code|300|Fast Food,Beverages|Patiala|New Officers Colony|https://www.zomato.com/patiala/the-food-code-new-officers-colony/info|21|Quick Bites|12noon to 11pm(Mon-Sun)|Average|3.4|15
The Groove's Cafe|150|Burger,Fast Food|Patiala|Model Town|https://www.zomato.com/patiala/the-grooves-cafe-model-town/info|21|Quick Bites|11am to 1030pm(Mon-Sun)|Average|3.4|27
Hotel Dhillon Residency|350|North Indian,Chinese|Patiala|Model Town|https://www.zomato.com/patiala/hotel-dhillon-residency-model-town/info|21|Quick Bites|10am to 11pm(Mon-Sun)|Average|3.2|17
Mirch Masala Food Point|400|North Indian|Patiala|Urban Estate|https://www.zomato.com/patiala/mirch-masala-food-point-urban-estate/info|21|none|11am to 1030pm(Mon-Sun)|Average|3.4|31
Shiva Fast Food|100|Fast Food,Chinese|Patiala|Lahori Gate|https://www.zomato.com/patiala/shiva-fast-food-lahori-gate/info|21|none|4pm to 11pm(Mon-Sun)|Average|2.9|9
Gazal Zaika|400|North Indian|Patiala|Urban Estate|https://www.zomato.com/patiala/gazal-zaika-urban-estate/info|21|Quick Bites|11am to 11pm(Mon-Sun)|Average|3.0|16
Rolla Costa|400|Rolls,Lebanese|Patiala|Model Town|https://www.zomato.com/patiala/rolla-costa-model-town/info|21|Quick Bites|11am to 11pm(Mon-Sun)|Average|3.4|28
Dawat Dhabha|400|North Indian|Patiala|Abchal Nagar|https://www.zomato.com/patiala/dawat-dhabha-abchal-nagar/info|21|Quick Bites|834am to 11pm(Mon),836am to 11pm(Tue),836am...|Average|3.3|16
Food Junction|300|North Indian|Patiala|Model Town|https://www.zomato.com/patiala/food-junction-model-town/info|21|Quick Bites|11am to 11pm(Mon-Sun)|Average|3.4|20
New Wah Ji Wah|400|North Indian|Patiala|New Officers Colony|https://www.zomato.com/patiala/new-wah-ji-wah-new-officers-colony/info|22|Quick Bites|4pm to 1030pm(Mon-Sun)|Average|3.3|16
Giani's|300|Desserts,Ice Cream,Beverages|Patiala|New Officers Colony|https://www.zomato.com/patiala/gianis-new-officers-colony/info|22|Casual Dining|11am to 1am(Mon-Sun)|Average|3.1|10
Verma's Restaurant & Fast Food|200|North Indian,Fast Food|Patiala|New Officers Colony|https://www.zomato.com/patiala/vermas-restaurant-fast-food-new-officers-colony/info|22|Quick Bites|11am to 11pm(Mon-Sun)|Average|3.3|13
Green Pan Parlour|200|Street Food,Beverages|Patiala|Model Town|https://www.zomato.com/patiala/green-pan-parlour-model-town/info|22|Quick Bites|10am to 12midnight(Mon-Sun)|Good|3.5|26
Harbans|250|Desserts,Pizza,Burger,Sandwich,Fast Food,Ice Cream|Patiala|Urban Estate|https://www.zomato.com/patiala/harbans-urban-estate/info|22|Quick Bites|11am to 11pm(Mon-Sun)|Average|3.3|11
Chick Blast|500|North Indian|Patiala|Model Town|https://www.zomato.com/patiala/chick-blast-model-town/info|22|Casual Dining|11am to 11pm(Mon-Sun)|Average|3.3|15
Hungry Hunt|250|Chinese,Fast Food|Patiala|Lahori Gate|https://www.zomato.com/patiala/hungry-hunt-lahori-gate/info|22|Quick Bites|1030am to 1030pm(Mon-Sun)|Good|3.6|25
Chaurasia Paan|100|Paan|Patiala|Model Town|https://www.zomato.com/patiala/chaurasia-paan-model-town/info|22|Paan Shop|10am to 11pm(Mon-Sun)|Average|3.4|16
Vip Rasoi Tadka|400||Patiala|Tripuri|https://www.zomato.com/patiala/vip-rasoi-tadka-tripuri/info|22|Casual Dining|10am to 11pm(Mon-Sun)|Average|3.3|17
Tummy Full|250|Fast Food|Patiala|Model Town|https://www.zomato.com/patiala/tummy-full-model-town/info|22|Quick Bites|1pm to 1030pm(Mon-Sun)|Average|3.4|21
The HotShots|1500|North Indian|Patiala|Model Town|https://www.zomato.com/patiala/the-hotshots-model-town/info|22|Bar|11am to 11pm(Mon-Sun)|Average|3.2|7
Food Anytime|600|North Indian,Chinese|Patiala|Urban Estate|https://www.zomato.com/patiala/food-anytime-urban-estate/info|22|Quick Bites|8am to 12midnight(Mon-Sun)|Average|3.2|5
Bhaijaan Biryani|200|Biryani|Patiala|Model Town|https://www.zomato.com/patiala/bhaijaan-biryani-model-town/info|22|Quick Bites|10am to 12midnight(Mon-Sun)|Not rated|-|-
Cool'n Hot|250|Fast Food|Patiala|Prem Nagar|https://www.zomato.com/patiala/cooln-hot-prem-nagar/info|22|Quick Bites|9am to 11pm(Mon-Sun)|Average|2.9|7
Ambala Chaat World|250|Fast Food|Patiala|Model Town|https://www.zomato.com/patiala/ambala-chaat-world-model-town/info|22|Quick Bites|3pm to 1030pm(Mon-Sun)||NEW|NEW
Roll'D|250|North Indian|Patiala|Model Town|https://www.zomato.com/patiala/rolld-model-town/info|23|Quick Bites|12noon to 1030pm(Mon-Sun)||NEW|NEW
Silver Spoon - Hotel Grand Park|1000|North Indian|Patiala|Model Town|https://www.zomato.com/patiala/silver-spoon-hotel-grand-park-model-town/info|23|Casual Dining|10am to 11pm(Mon-Sun)|Average|3.3|14
Kitchenette 29|500|Fast Food,Pizza|Patiala|Model Town|https://www.zomato.com/patiala/kitchenette-29-model-town/info|23|Quick Bites|11am to 11pm(Mon-Sun)|Average|3.3|20
Bobby Fish & Chicken Corner|500|Fast Food|Patiala|Model Town|https://www.zomato.com/patiala/bobby-fish-chicken-corner-model-town/info|23|none|6pm to 1030pm(Mon-Sun)|Average|3.3|12
Heart of Pizza|400|Fast Food,Pizza|Patiala|Model Town|https://www.zomato.com/patiala/heart-of-pizza-model-town/info|23|Quick Bites|11am to 11pm(Mon-Sun)|Average|3.2|17
Hotel Harbans Residency|500|North Indian,Chinese,Continental|Patiala|Model Town|https://www.zomato.com/patiala/hotel-harbans-residency-model-town/info|23|Quick Bites|11am to 11pm(Mon-Sun)|Average|3.1|12
Egg Junction|300|Fast Food|Patiala|Urban Estate|https://www.zomato.com/patiala/egg-junction-urban-estate/info|23|Quick Bites|4pm to 1030pm(Mon-Sun)|Average|3.1|9
Ice Cream Station|150|Ice Cream|Patiala|Tripuri|https://www.zomato.com/patiala/ice-cream-station-tripuri/info|23|Dessert Parlor|8am to 11pm(Mon-Sun)|Average|3.0|6
Sonu Juice & Bakers|200|Juices,Bakery|Patiala|Gurbax Colony|https://www.zomato.com/patiala/sonu-juice-bakers-gurbax-colony/info|23|Beverage Shop|9am to 1030pm(Mon-Sun)|Not rated|-|-
KhanSama|350|North Indian|Patiala|New Officers Colony|https://www.zomato.com/patiala/khansama-new-officers-colony/info|23|Quick Bites|12noon to 1045pm(Mon-Sun)|Average|3.1|16
Narayan Soya Chaap|100|North Indian|Patiala|Urban Estate|https://www.zomato.com/patiala/narayan-soya-chaap-urban-estate/info|23|none|5pm to 1030pm(Mon-Sun)|Average|3.0|6
Green's Restaurant & Hotel|800|North Indian,Chinese|Patiala|Model Town|https://www.zomato.com/patiala/greens-restaurant-hotel-model-town/info|23|Casual Dining|8am to 11pm(Mon-Sun)|Average|3.2|16
Shivam Restaurant|500|North Indian|Patiala|Model Town|https://www.zomato.com/patiala/shivam-restaurant-model-town/info|23|Quick Bites|8am to 4pm,6pm to 1030pm(Mon-Sun)|Average|2.7|10
22 Ji Snacks Food|500|Fast Food,North Indian|Patiala|Urban Estate|https://www.zomato.com/patiala/22-ji-snacks-food-urban-estate/info|23|none|10am to 11pm(Mon-Sun)|Not rated|-|-
Hotel TNG|1000|North Indian,Chinese,Continental|Patiala|Model Town|https://www.zomato.com/patiala/hotel-tng-model-town/info|23|Bar|1130am to 11pm(Mon-Sun)|Average|3.0|12
Papa G Kitchen|300|North Indian|Patiala|Model Town|https://www.zomato.com/patiala/papa-g-kitchen-1-model-town/info|24|none|8am to 12midnight(Mon-Sun)||NEW|NEW
Garden Cafe|250|Fast Food|Patiala|Model Town|https://www.zomato.com/patiala/garden-cafe-model-town/info|24|Café|11am to 11pm(Mon-Sun)|Average|3.0|5
Krishan's New Corner Restaurant|650|North Indian|Patiala|Lahori Gate|https://www.zomato.com/patiala/krishans-new-corner-restaurant-1-lahori-gate/info|24|Quick Bites|9am to 11pm(Mon-Sun)|Average|3.2|7
Godwin Hotel Vegetarian Restaurant|300||Patiala|Tripuri|https://www.zomato.com/patiala/godwin-hotel-vegetarian-restaurant-tripuri/info|24|Casual Dining|10am to 11pm(Mon-Sun)|Average|2.9|5
Sehaj Fast Food|250|Fast Food|Patiala|Tripuri|https://www.zomato.com/patiala/sehaj-fast-food-tripuri/info|24|Quick Bites|4pm to 1030pm(Mon-Sun)|Average|3.1|8
Lamba Bakery|200|Bakery|Patiala|Lahori Gate|https://www.zomato.com/patiala/lamba-bakery-lahori-gate/info|24|Bakery|6am to 1030pm(Mon-Sun)|Average|3.3|12
Home Food Restaurant|200|North Indian,Chinese|Patiala|Prem Nagar|https://www.zomato.com/patiala/home-food-restaurant-prem-nagar/info|24|Quick Bites|930am to 4pm,6pm to 1030pm(Mon-Sun)|Average|3.1|4
The Roll Bar|200|Fast Food|Patiala|Urban Estate|https://www.zomato.com/patiala/the-roll-bar-urban-estate/info|24|Quick Bites|11am to 11pm(Mon-Sun)|Average|3.3|7
Sardar Icecream|200|Ice Cream|Patiala|Lahori Gate|https://www.zomato.com/patiala/sardar-icecream-lahori-gate/info|24|Dessert Parlor|11am to 11pm(Mon-Sun)|Average|3.1|7
Bubblys  Veg Family Dhaba|400|North Indian,Chinese|Patiala|Adalat Bazaar|https://www.zomato.com/patiala/bubblys-veg-family-dhaba-adalat-bazaar/info|24|Quick Bites|11am to 11pm(Mon-Sun)|Not rated|-|-
Aman Food Point|500|North Indian|Patiala|Urban Estate|https://www.zomato.com/patiala/aman-food-point-urban-estate/info|24|none|5pm to 11pm(Mon-Sun)|Average|3.1|11
Shahi Patialvi|450|Beverages|Patiala|Model Town|https://www.zomato.com/patiala/shahi-patialvi-model-town/info|24|Beverage Shop|11am to 11pm(Mon-Sun)|Average|3.0|6
Lucky Dhaba|150|North Indian|Patiala|Model Town|https://www.zomato.com/patiala/lucky-dhaba-model-town/info|24|Quick Bites|9am to 3pm,7pm to 1030pm(Mon-Sun)|Average|3.1|8
Food Junction|300|Fast Food|Patiala|Adalat Bazaar|https://www.zomato.com/patiala/food-junction-adalat-bazaar/info|24|none|4pm to 1030pm(Mon-Sun)||NEW|NEW
Pishori Chicken|250|Fast Food|Patiala|Adalat Bazaar|https://www.zomato.com/patiala/pishori-chicken-adalat-bazaar/info|24|Quick Bites|5pm to 1030pm(Mon-Sun)|Average|3.0|5
Green Corner Dhaba|250|North Indian|Patiala|Lahori Gate|https://www.zomato.com/patiala/green-corner-dhaba-lahori-gate/info|25|Quick Bites|11am to 4pm,630pm to 11pm(Mon-Sun)|Average|3.2|12
Ahuja Vegetarian Restaurant|200|North Indian|Patiala|Lahori Gate|https://www.zomato.com/patiala/ahuja-vegetarian-restaurant-lahori-gate/info|25|Quick Bites|8am to 11pm(Mon-Sun)|Average|3.0|8
Kaka Hotel|800|North Indian|Patiala|Lahori Gate|https://www.zomato.com/patiala/kaka-hotel-lahori-gate/info|25|Casual Dining|11am to 1030pm(Mon-Sun)|Average|2.8|9
Pick n Move|250|North Indian|Patiala|Model Town|https://www.zomato.com/patiala/pick-n-move-model-town/info|25|none|10am to 1015pm(Mon-Sun)|Average|3.2|11
Hungroo|300|Fast Food|Patiala|New Officers Colony|https://www.zomato.com/patiala/hungroo-new-officers-colony/info|25|Quick Bites|10am to 11pm(Mon-Sun)||NEW|NEW
Bollyfood|700|North Indian|Patiala|Model Town|https://www.zomato.com/patiala/bollyfood-model-town/info|25|Quick Bites|11am to 11pm(Mon-Sun)|Average|2.7|10
The Downtown Cafe|400|Cafe|Patiala|New Officers Colony|https://www.zomato.com/patiala/the-downtown-cafe-new-officers-colony/info|25|Café|11am to 11pm(Mon-Sun)||NEW|NEW
Nescafe Fast Food|250|Pizza,Burger,Sandwich|Patiala|Prem Nagar|https://www.zomato.com/patiala/nescafe-fast-food-prem-nagar/info|25|Quick Bites|1030am to 1030pm(Mon-Sun)|Average|2.8|4
Verma Soup And Chat Bhandar|300|North Indian,Street Food|Patiala|Tripuri|https://www.zomato.com/patiala/verma-soup-and-chat-bhandar-tripuri/info|25|Quick Bites|2pm to 11pm(Mon-Sun)|Average|2.9|8
T.I.F. Ice Cream Parlour|200|Ice Cream|Patiala|Urban Estate|https://www.zomato.com/patiala/t-i-f-ice-cream-parlour-urban-estate/info|25|Dessert Parlor|12noon to 11pm(Mon-Sun)|Not rated|-|-
Delhi Chicken Shop|350|Fast Food|Patiala|Tripuri|https://www.zomato.com/patiala/delhi-chicken-shop-tripuri/info|25|Quick Bites|11am to 11pm(Mon-Sun)|Average|2.6|8
Sunrise Motel|1000|North Indian,Chinese,Continental|Patiala|Tripuri|https://www.zomato.com/patiala/sunrise-motel-tripuri/info|25|Casual Dining|10am to 1030pm(Mon-Sun)|Not rated|-|-
Parkash Sweets|100|Mithai|Patiala|Adalat Bazaar|https://www.zomato.com/patiala/parkash-sweets-adalat-bazaar/info|25|Sweet Shop|7am to 1015pm(Mon-Sun)|Average|3.0|6
Cafe Route 64|400|Fast Food,Cafe|Patiala|Prem Nagar|https://www.zomato.com/patiala/cafe-route-64-prem-nagar/info|25|Café|11am to 11pm(Mon-Sun)|Not rated|-|-
Chandok Chicken Corner|250|Fast Food|Patiala|Prem Nagar|https://www.zomato.com/patiala/chandok-chicken-corner-prem-nagar/info|25|Quick Bites|6pm to 11pm(Mon-Sun)|Average|3.0|4
Chandok Chicken Corner|250|Fast Food|Patiala|Prem Nagar|https://www.zomato.com/patiala/chandok-chicken-corner-prem-nagar/info|26|Quick Bites|6pm to 11pm(Mon-Sun)|Average|3.0|4
Red Roaster|400|Fast Food|Patiala|Prem Nagar|https://www.zomato.com/patiala/red-roaster-prem-nagar/info|26|Quick Bites|11am to 11pm(Mon-Sun)|Not rated|-|-
Lazeez Fast Food|200|Fast Food|Patiala|Patiala Cantt|https://www.zomato.com/patiala/lazeez-fast-food-patiala-cantt/info|26|Quick Bites|430pm to 1130pm(Mon-Sun)|Not rated|-|-
Shahi Foods|300|Fast Food|Patiala|Model Town|https://www.zomato.com/patiala/shahi-foods-model-town/info|26|Quick Bites|2pm to 1030pm(Mon-Sun)|Not rated|-|-
Fish Point|400|North Indian|Patiala|Model Town|https://www.zomato.com/patiala/fish-point-1-model-town/info|26|Quick Bites|4pm to 11pm(Mon-Sun)|Average|2.9|4
Hotel Uttam Residency|200|North Indian|Patiala|Urban Estate|https://www.zomato.com/patiala/hotel-uttam-residency-urban-estate/info|26|Quick Bites|11am to 11pm(Mon-Sun)|Not rated|-|-
HeadQuarters Cafe|250|American|Patiala|Urban Estate|https://www.zomato.com/patiala/headquarters-cafe-urban-estate/info|26|Café|11am to 1030pm(Mon-Sun)||NEW|NEW
Dhaliwal Foods|400|North Indian|Patiala|Model Town|https://www.zomato.com/patiala/dhaliwal-foods-model-town/info|26|none|11am to 1030pm(Mon-Sun)|Not rated|-|-
UBQ by Barbeque Nation|1000|North Indian|Patiala|Urban Estate|https://www.zomato.com/patiala/ubq-by-barbeque-nation-urban-estate/info|26|none|1230pm to 330pm,630pm to 11pm(Mon-Sun)|Not rated|-|-
The Dosa Co.|250|South Indian|Patiala|Model Town|https://www.zomato.com/patiala/the-dosa-co-model-town/info|26|Quick Bites|11am to 1040pm(Mon-Sun)|Not rated|-|-
Shiv Kirpa Dairy & Departmental Store|250|Ice Cream|Patiala|Tripuri|https://www.zomato.com/patiala/shiv-kirpa-dairy-departmental-store-tripuri/info|26|Dessert Parlor|7am to 11pm(Mon-Sun)||NEW|NEW
Recharge Resto Bar|250|North Indian,Beverages|Patiala|Tripuri|https://www.zomato.com/patiala/recharge-resto-bar-1-tripuri/info|26|Quick Bites|11am to 11pm(Mon-Sun)|Not rated|-|-
Eko Foodz|200|North Indian,Mughlai,American|Patiala|Lahori Gate|https://www.zomato.com/patiala/eko-foodz-lahori-gate/info|26|Quick Bites|6pm to 11pm(Mon-Sun)||NEW|NEW
California Fresh Corns|250|Fast Food|Patiala|Model Town|https://www.zomato.com/patiala/california-fresh-corns-model-town/info|26|Quick Bites|11am to 11pm(Mon-Sun)|Not rated|-|-
Laizees Food Point|0|Sandwich,Burger|Patiala|Nabha Gate|https://www.zomato.com/patiala/laizees-food-point-nabha-gate/info|26|Quick Bites|11am to 11pm(Mon-Sun)||NEW|NEW
Quality Chicken|0|Roast Chicken,North Indian|Patiala|Nabha Gate|https://www.zomato.com/patiala/quality-chicken-nabha-gate/info|27|Dhaba|1030am to 1030pm(Mon-Sun)||NEW|NEW
Hello Food|0|Wraps,Sandwich,Rolls,Pizza,Burger|Patiala|Nabha Gate|https://www.zomato.com/patiala/hello-food-nabha-gate/info|27|Quick Bites|10am to 11pm(Mon-Sun)||NEW|NEW
Gastro Eatery Hub|700|Cafe,Fast Food,Italian|Patiala|Model Town|https://www.zomato.com/patiala/gastro-eatery-hub-1-model-town/info|3|Café|11am to 11pm(Mon-Sun)|Good|3.5|84
Grill Masters|450|American,Desserts,Beverages|Patiala|Urban Estate|https://www.zomato.com/patiala/grill-masters-urban-estate/info|3|Quick Bites|1030am to 11pm(Mon-Sun)|Very Good|4.1|110
Burger King|500|Burger,Fast Food|Patiala|Urban Estate|https://www.zomato.com/patiala/burger-king-2-urban-estate/info|3|Quick Bites|11am to 11pm(Mon-Sun)|Good|3.9|117
Jack Box|200|Fast Food,Beverages|Patiala|Model Town|https://www.zomato.com/patiala/jack-box-1-model-town/info|3|Quick Bites|11am to 11pm(Mon-Sun)|Good|3.7|32
Asli Madrasi Dosa|300|South Indian|Patiala|Lahori Gate|https://www.zomato.com/patiala/asli-madrasi-dosa-lahori-gate/info|3|Quick Bites|4pm to 1030pm(Mon-Sun)|Very Good|4.0|135
Biryani Chef|300|Biryani,North Indian|Patiala|Model Town|https://www.zomato.com/patiala/biryani-chef-model-town/info|3|Quick Bites|11am to 1040pm(Mon-Sun)|Good|3.9|73
Drum of Beans|500|Cafe|Patiala|Model Town|https://www.zomato.com/patiala/drum-of-beans-model-town/info|3|Café|11am to 11pm(Mon-Sun)|Good|3.8|130
Burger Hub|350|Fast Food,Burger|Patiala|Model Town|https://www.zomato.com/patiala/burger-hub-2-model-town/info|3|Quick Bites|12midnight to 11pm(Mon-Sat),2pm to 11pm(Sun)|Very Good|4.1|140
Gopal's|500|Fast Food,Chinese,North Indian|Patiala|Model Town|https://www.zomato.com/patiala/gopals-model-town/info|3|Quick Bites|11am to 11pm(Mon-Sun)|Good|3.8|106
Tandoori Bites|300|North Indian,Fast Food|Patiala|Tripuri|https://www.zomato.com/patiala/tandoori-bites-tripuri/info|3|Quick Bites|6pm to 1030pm(Mon-Sun)|Very Good|4.1|167
Aggarwal Vaishnu Dhaba|250|North Indian|Patiala|Model Town|https://www.zomato.com/patiala/aggarwal-vaishnu-dhaba-model-town/info|3|Dhaba|830am to 4pm,630pm to 1020pm(Mon-Sun)|Good|3.9|121
Charan Juice & Confectionery|250|Juices,Beverages|Patiala|Adalat Bazaar|https://www.zomato.com/patiala/charan-juice-confectionery-adalat-bazaar/info|3|Beverage Shop|9am to 10pm(Mon-Sun)|Excellent|4.6|252
Veg King Wah Ji Wah|400|North Indian|Patiala|Model Town|https://www.zomato.com/patiala/veg-king-wah-ji-wah-model-town/info|3|Quick Bites|1pm to 11pm(Mon-Sun)|Good|3.9|107
Keventers|400|Beverages,Ice Cream,Desserts|Patiala|Model Town|https://www.zomato.com/patiala/keventers-model-town/info|3|Beverage Shop|11am to 11pm(Mon-Sun)|Very Good|4.0|74
Rolls Nation|100|Rolls|Patiala|Urban Estate|https://www.zomato.com/patiala/rolls-nation-urban-estate/info|3|Casual Dining|11am to 11pm(Mon-Sun)|Very Good|4.0|90
Mohan Murge Wala|400|North Indian|Patiala|Lahori Gate|https://www.zomato.com/patiala/mohan-murge-wala-lahori-gate/info|4|Quick Bites|11am to 11pm(Mon,Wed,Thu,Fri,Sat,Sun),Closed...|Good|3.8|110
Red Dragon|900|Seafood,Chinese|Patiala|Model Town|https://www.zomato.com/patiala/red-dragon-model-town/info|4|Quick Bites|11am to 1030pm(Mon-Sun)|Good|3.9|97
Burger Bite|300|Fast Food|Patiala|Tripuri|https://www.zomato.com/patiala/burger-bite-tripuri/info|4|Quick Bites|11am to 11pm(Mon-Sun)|Good|3.9|90
Dosa Express|200|South Indian|Patiala|Lahori Gate|https://www.zomato.com/patiala/dosa-express-lahori-gate/info|4|Quick Bites|11am to 11pm(Mon-Sun)|Good|3.7|72
Elevate|1400|North Indian|Patiala|Model Town|https://www.zomato.com/patiala/elevate-model-town/info|4|Bar|1130am to 1030pm(Mon,Tue,Wed,Thu,Sun)...|Good|3.6|96
Jaggi's Restaurant|700|North Indian,Street Food|Patiala|Adalat Bazaar|https://www.zomato.com/patiala/jaggis-restaurant-adalat-bazaar/info|4|Casual Dining|9am to 10pm(Mon-Sun)|Very Good|4.1|248
Burgrill|400|Burger,Fast Food|Patiala|Model Town|https://www.zomato.com/patiala/burgrill-model-town/info|4|Quick Bites|11am to 11pm(Mon-Sun)|Very Good|4.1|84
Subway|500|Sandwich,Healthy Food,Salad|Patiala|Model Town|https://www.zomato.com/patiala/subway-model-town/info|4|Quick Bites|10am to 10pm(Mon-Sun)|Very Good|4.3|318
My Rolls|300|Rolls,Fast Food|Patiala|Model Town|https://www.zomato.com/patiala/my-rolls-model-town/info|4|Quick Bites|11am to 1030pm(Mon-Sun)|Good|3.5|47
Royal Nutrition House|500|Healthy Food|Patiala|Model Town|https://www.zomato.com/patiala/royal-nutrition-house-model-town/info|4|Quick Bites|11am to 10pm(Mon-Sat),Closed(Sun)|Very Good|4.4|178
The Beer Street|1500|North Indian,Chinese,Continental|Patiala|Model Town|https://www.zomato.com/patiala/the-beer-street-model-town/info|4|Casual Dining|11am to 11pm(Mon-Sun)|Very Good|4.0|85
Hungry Point|500|Pizza|Patiala|Prem Nagar|https://www.zomato.com/patiala/hungry-point-prem-nagar/info|4|Quick Bites|11am to 11pm(Mon-Sun)|Good|3.7|80
Roll Express|200|Rolls|Patiala|Adalat Bazaar|https://www.zomato.com/patiala/roll-express-adalat-bazaar/info|4|Quick Bites|10am to 1030pm(Mon-Sun)|Good|3.9|74
Agya Singh's Dhaba|250|North Indian|Patiala|Adalat Bazaar|https://www.zomato.com/patiala/agya-singhs-dhaba-adalat-bazaar/info|4|Dhaba|11am to 10pm(Mon-Sun)|Very Good|4.3|265
Wrapchik|200|Wraps,Burger,Fast Food|Patiala|Model Town|https://www.zomato.com/patiala/wrapchik-model-town/info|4|Quick Bites|11am to 10pm(Mon-Sun)|Very Good|4.1|216
Basant Restaurant|400|North Indian,Chinese,Ice Cream|Patiala|Model Town|https://www.zomato.com/patiala/basant-restaurant-2-model-town/info|5|Quick Bites|930am to 12midnight(Mon-Sun)|Average|3.0|63
Pizza Hut|600|Pizza|Patiala|Model Town|https://www.zomato.com/patiala/pizza-hut-model-town/info|5|Quick Bites|11am to 1030pm(Mon-Sun)|Good|3.7|115
Jaggi Sweets|200|Mithai|Patiala|Adalat Bazaar|https://www.zomato.com/patiala/jaggi-sweets-adalat-bazaar/info|5|Sweet Shop|9am to 10pm(Mon-Sun)|Very Good|4.1|324
Super Panda|500|Chinese|Patiala|Model Town|https://www.zomato.com/patiala/super-panda-model-town/info|5|Quick Bites|11am to 1030pm(Mon-Sun)|Good|3.7|74
The Jacks|300|Fast Food|Patiala|Model Town|https://www.zomato.com/patiala/the-jacks-model-town/info|5|Quick Bites|1030am to 12midnight(Mon-Sun)|Average|3.3|73
Bachan's Vaishnu Dhaba|200|North Indian|Patiala|Model Town|https://www.zomato.com/patiala/bachans-vaishnu-dhaba-model-town/info|5|Dhaba|730am to 11am,12noon to 4pm,630pm to 10pm...|Very Good|4.0|134
Mings|500|Chinese|Patiala|Model Town|https://www.zomato.com/patiala/mings-model-town/info|5|Quick Bites|11am to 1030pm(Mon-Sun)|Good|3.6|45
Nagpal restaurant|450|North Indian|Patiala|Model Town|https://www.zomato.com/patiala/nagpal-restaurant-model-town/info|5|Quick Bites|10am to 10pm(Mon-Sun)|Very Good|4.2|136
Kala Chicken Corner|500|Fast Food|Patiala|Adalat Bazaar|https://www.zomato.com/patiala/kala-chicken-corner-adalat-bazaar/info|5|Quick Bites|11am to 12noon(Mon-Sun)|Good|3.8|192
Peddler's Patiala|1200|North Indian,Chinese,Fast Food|Patiala|Model Town|https://www.zomato.com/patiala/peddlers-patiala-model-town/info|5|Casual Dining|11am to 11pm(Mon-Sun)|Good|3.7|82
Nagpal Dhaba|500|North Indian|Patiala|Model Town|https://www.zomato.com/patiala/nagpal-dhaba-model-town/info|5|Quick Bites|11am to 1050pm(Mon-Sun)|Good|3.7|91
Canadian Pizza|600|Pizza|Patiala|Model Town|https://www.zomato.com/patiala/canadian-pizza-model-town/info|5|Quick Bites|(Mon-Sun)|Very Good|4.1|182
Hashtag The Multicuisine|800|North Indian,Chinese|Patiala|Model Town|https://www.zomato.com/patiala/hashtag-the-multicuisine-model-town/info|5|Casual Dining|11am to 11pm(Mon-Sun)|Good|3.8|51
La Pino'z Pizza|500|Pizza,Fast Food|Patiala|Model Town|https://www.zomato.com/patiala/la-pinoz-pizza-model-town/info|5|Quick Bites|11am to 11pm(Mon-Sun)|Good|3.7|33
Kababchi|400|Mughlai,North Indian,Kebab|Patiala|Model Town|https://www.zomato.com/patiala/kababchi-model-town/info|5|Quick Bites|12noon to 1030pm(Mon-Sun)|Good|3.8|64
Tandoori Flames|300|North Indian|Patiala|Tripuri|https://www.zomato.com/patiala/tandoori-flames-2-tripuri/info|6|Quick Bites|10am to 11pm(Mon-Sun)|Good|3.6|68
GoGo Restaurant|400|North Indian|Patiala|Lahori Gate|https://www.zomato.com/patiala/gogo-restaurant-lahori-gate/info|6|Quick Bites|11am to 1030pm(Mon-Sun)|Good|3.7|75
Super Donuts|400|Desserts,Fast Food,Burger|Patiala|Model Town|https://www.zomato.com/patiala/super-donuts-3-model-town/info|6|Dessert Parlor|11am to 10pm(Mon-Sun)|Good|3.5|55
Sahni Dhaba|300|North Indian|Patiala|Adalat Bazaar|https://www.zomato.com/patiala/sahni-dhaba-adalat-bazaar/info|6|Dhaba|12noon to 10pm(Mon-Sun)|Good|3.8|146
Yo China|700|Chinese|Patiala|Model Town|https://www.zomato.com/patiala/yo-china-model-town/info|6|Casual Dining|11am to 11pm(Mon-Sun)|Good|3.6|81
Uttam's Buffet & Restaurant|600|North Indian|Patiala|Urban Estate|https://www.zomato.com/patiala/uttams-buffet-restaurant-urban-estate/info|6|Casual Dining|8am to 11pm(Mon-Sun)|Average|3.4|63
Food Jail|500|North Indian|Patiala|Model Town|https://www.zomato.com/patiala/food-jail-model-town/info|6|Quick Bites|11am to 1030pm(Mon-Sun)|Average|3.3|89
Sizzling Grill|200|Fast Food|Patiala|Model Town|https://www.zomato.com/patiala/sizzling-grill-model-town/info|6|Quick Bites|11am to 10pm(Mon-Sun)|Good|3.8|117
Roll Express|150|Rolls|Patiala|Urban Estate|https://www.zomato.com/patiala/roll-express-urban-estate/info|6|none|11am to 10pm(Mon-Sun)|Very Good|4.1|160
Super Panda|600|Fast Food,Pizza|Patiala|Urban Estate|https://www.zomato.com/patiala/super-panda-urban-estate/info|6|Quick Bites|11am to 11pm(Mon-Sun)|Average|3.3|81
Live Pasta|200|Italian|Patiala|Lahori Gate|https://www.zomato.com/patiala/live-pasta-1-lahori-gate/info|6|Quick Bites|430pm to 10pm(Mon-Sun)|Very Good|4.2|145
The Garden Resort|800|North Indian,Chinese,Continental|Patiala|Model Town|https://www.zomato.com/patiala/the-garden-resort-model-town/info|6|Casual Dining|11am to 11pm(Mon-Sun)|Very Good|4.1|56
Chawlas|400|North Indian|Patiala|Tripuri|https://www.zomato.com/patiala/chawlas-tripuri/info|6|Quick Bites|1130am to 1030pm(Mon),11am to 10pm(Tue-Sun)|Average|2.7|158
Eat 'N' Repeat|500|Chinese,North Indian|Patiala|Model Town|https://www.zomato.com/patiala/eat-n-repeat-model-town/info|6|Quick Bites|11am to 11pm(Mon-Sun)|Good|3.7|114
Kwality Bakers|200|Bakery|Patiala|Adalat Bazaar|https://www.zomato.com/patiala/kwality-bakers-1-adalat-bazaar/info|6|Bakery|8am to 920pm(Mon-Sun)|Good|3.8|97
Phul On Gabru|350|Fast Food|Patiala|Nabha Gate|https://www.zomato.com/patiala/phul-on-gabru-nabha-gate/info|7|Quick Bites|10am to 1am(Mon-Sun)|Good|3.7|29
Patiala Shahi Lassi|150|Beverages|Patiala|Nabha Gate|https://www.zomato.com/patiala/patiala-shahi-lassi-nabha-gate/info|7|Beverage Shop|830am to 930pm(Mon-Sun)|Good|3.9|69
Jeet's Confectionary|300|North Indian|Patiala|Tripuri|https://www.zomato.com/patiala/jeets-confectionary-tripuri/info|7|Quick Bites|9am to 11pm(Mon-Sun)|Good|3.8|60
Gopal's|500|Fast Food,Chinese,North Indian|Patiala|Urban Estate|https://www.zomato.com/patiala/gopals-urban-estate/info|7|Quick Bites|10am to 10pm(Mon-Sun)|Good|3.6|124
Delhi Dhaba|300|North Indian|Patiala|Tripuri|https://www.zomato.com/patiala/delhi-dhaba-2-tripuri/info|7|Quick Bites|1130am to 1045pm(Mon-Sun)|Good|3.7|44
Cool n Fire|600|Pizza,Fast Food,Burger|Patiala|Model Town|https://www.zomato.com/patiala/cool-n-fire-model-town/info|7|Quick Bites|11am to 1030pm(Mon-Sun)|Good|3.8|63
Drive Thru 22 No. Food Bites|300|North Indian|Patiala|Model Town|https://www.zomato.com/patiala/drive-thru-22-no-food-bites-model-town/info|7|Quick Bites|2pm to 10pm(Mon-Sun)|Good|3.9|105
Hungry Point|500|Pizza|Patiala|Model Town|https://www.zomato.com/patiala/hungry-point-model-town/info|7|Quick Bites|10am to 10pm(Mon,Tue,Thu,Fri,Sat,Sun),10am...|Good|3.7|101
City Fussion|250|Fast Food|Patiala|Urban Estate|https://www.zomato.com/patiala/city-fussion-urban-estate/info|7|none|11am to 1030pm(Mon-Sat),12noon to 1030pm(Sun)|Good|3.8|61
Wah Ji Wah|400|Fast Food|Patiala|Abchal Nagar|https://www.zomato.com/patiala/wah-ji-wah-abchal-nagar/info|7|Quick Bites|11am to 10pm(Mon-Sun)|Average|3.1|82
Amritsari Kulcha|200|Street Food|Patiala|Adalat Bazaar|https://www.zomato.com/patiala/amritsari-kulcha-adalat-bazaar/info|7|Quick Bites|930am to 330pm(Mon-Sun)|Good|3.9|132
Vatsa Food Factory|600|Fast Food|Patiala|Model Town|https://www.zomato.com/patiala/vatsa-food-factory-model-town/info|7|Quick Bites|1130am to 10pm(Mon-Sat),1230pm to 10pm(Sun)|Good|3.9|107
Sahni's Chic|200|Fast Food,North Indian|Patiala|Tripuri|https://www.zomato.com/patiala/sahnis-chic-tripuri/info|7|Quick Bites|830am to 11pm(Mon-Sun)|Good|3.5|56
Barista|400|Cafe|Patiala|Model Town|https://www.zomato.com/patiala/barista-model-town/info|7|Café|9am to 10pm(Mon-Sun)|Good|3.9|73
Sahni Bakery|150|Bakery,Mithai|Patiala|Lahori Gate|https://www.zomato.com/patiala/sahni-bakery-1-lahori-gate/info|7|Bakery|11am to 11pm(Mon-Sun)|Good|3.6|47
Ganpati Fast Food|300|North Indian|Patiala|Prem Nagar|https://www.zomato.com/patiala/ganpati-fast-food-prem-nagar/info|8|Quick Bites|9am to 10pm(Mon-Sun)|Good|3.9|90
Vikram Burgers|100|Fast Food,Burger|Patiala|Model Town|https://www.zomato.com/patiala/vikram-burgers-model-town/info|8|none|1030am to 9pm(Mon-Sun)|Good|3.9|97
Aneja's|500|North Indian,Fast Food|Patiala|Prem Nagar|https://www.zomato.com/patiala/anejas-prem-nagar/info|8|Casual Dining|11am to 11pm(Mon-Sun)|Good|3.7|40
Yogesh Dhaba|180|North Indian|Patiala|Tripuri|https://www.zomato.com/patiala/yogesh-dhaba-tripuri/info|8|Dhaba|11am to 1030pm(Mon-Sun)|Average|2.9|88
Goli Vada Pav|200|Street Food,Maharashtrian|Patiala|Model Town|https://www.zomato.com/patiala/goli-vada-pav-model-town/info|8|none|11am to 10pm(Mon-Sun)|Good|3.8|77
Manu Lassi|150|Beverages|Patiala|Tripuri|https://www.zomato.com/patiala/manu-lassi-tripuri/info|8|Beverage Shop|10am to 930pm(Mon-Sun)|Good|3.8|71
Kataria Bakers & Confectioners|200|Bakery|Patiala|Tripuri|https://www.zomato.com/patiala/kataria-bakers-confectioners-tripuri/info|8|Bakery|11am to 10pm(Mon-Sun)|Good|3.5|26
Santa Di Hatti|200|Street Food|Patiala|Model Town|https://www.zomato.com/patiala/santa-di-hatti-model-town/info|8|Quick Bites|11am to 830pm(Mon-Sun)|Good|3.8|67
Pure Madrasi dosa|300|South Indian|Patiala|Tripuri|https://www.zomato.com/patiala/pure-madrasi-dosa-tripuri/info|8|Quick Bites|4pm to 10pm(Mon-Sun)|Average|2.6|81
Mojo's|250|Fast Food|Patiala|Tripuri|https://www.zomato.com/patiala/mojos-4-tripuri/info|8|Quick Bites|10am to 10pm(Mon-Sun)|Good|3.8|52
Charanjeet Food Point|200|Fast Food|Patiala|Tripuri|https://www.zomato.com/patiala/charanjeet-food-point-tripuri/info|8|Quick Bites|8am to 330pm(Mon-Sun)|Good|3.9|42
Dosa-i|400|North Indian,South Indian|Patiala|Prem Nagar|https://www.zomato.com/patiala/dosa-i-prem-nagar/info|8|Quick Bites|1030am to 10pm(Mon-Sun)|Good|3.7|68
Proboscis|450|Beverages,Fast Food|Patiala|Urban Estate|https://www.zomato.com/patiala/proboscis-urban-estate/info|8|Café|1130am to 10pm(Mon-Sun)|Good|3.8|49
Fun Foods|400|Fast Food|Patiala|Model Town|https://www.zomato.com/patiala/fun-foods-model-town/info|8|Quick Bites|1pm to 10pm(Mon-Sun)|Average|2.5|64
Mauji'S|200|Fast Food|Patiala|Model Town|https://www.zomato.com/patiala/maujis-model-town/info|8|Confectionery|10am to 10pm(Mon-Sun)|Good|3.8|64
Pizza Square|600|Pizza|Patiala|Urban Estate|https://www.zomato.com/patiala/pizza-square-urban-estate/info|9|none|11am to 1030pm(Mon-Sun)|Good|3.5|51
Spice Roof|500|North Indian,Continental,Chinese,Bakery,Mithai|Patiala|Urban Estate|https://www.zomato.com/patiala/spice-roof-urban-estate/info|9|Casual Dining|11am to 1030pm(Mon-Sun)|Good|3.8|84
Joker Burger Bar|500|Burger|Patiala|Urban Estate|https://www.zomato.com/patiala/joker-burger-bar-urban-estate/info|9|Quick Bites|11am to 10pm(Mon-Sun)|Good|3.7|61
Neelgiri Hot Meals Services|200|North Indian|Patiala|Lahori Gate|https://www.zomato.com/patiala/neelgiri-hot-meals-services-lahori-gate/info|9|Quick Bites|12noon to 3pm,630pm to 930pm(Mon-Sun)|Good|3.9|45
Prem Chat|200|Fast Food|Patiala|Tripuri|https://www.zomato.com/patiala/prem-chat-1-tripuri/info|9|Quick Bites|12noon to 10pm(Mon-Sun)|Good|3.6|43
Burgrill|400|Burger,Fast Food,Beverages|Patiala|New Officers Colony|https://www.zomato.com/patiala/burgrill-new-officers-colony/info|9|Quick Bites|9am to 10pm(Mon-Sun)|Good|3.6|20
Koko's Kitchen|400|Cafe|Patiala|Model Town|https://www.zomato.com/patiala/kokos-kitchen-2-model-town/info|9|Café|1030am to 11pm(Mon-Sun)|Average|3.4|36
Red Cafe|400|Fast Food|Patiala|Prem Nagar|https://www.zomato.com/patiala/red-cafe-prem-nagar/info|9|Quick Bites|10am to 10pm(Mon-Sun)|Good|3.6|40
Cafe Vozzo|400|Cafe|Patiala|Urban Estate|https://www.zomato.com/patiala/cafe-vozzo-urban-estate/info|9|Café|11am to 10pm(Mon-Sun)|Average|3.4|39
Aneja's|500|North Indian,Fast Food|Patiala|Prem Nagar|https://www.zomato.com/patiala/anejas-prem-nagar/info|9|Casual Dining|11am to 11pm(Mon-Sun)|Good|3.7|40
Clarion Inn Amps|800|North Indian,Continental|Patiala|Tripuri|https://www.zomato.com/patiala/clarion-inn-amps-tripuri/info|9|Casual Dining|6am to 11pm(Mon-Sun)|Good|3.6|31
Manu Lassi|200|Ice Cream,Beverages|Patiala|Model Town|https://www.zomato.com/patiala/manu-lassi-model-town/info|9|Beverage Shop|10am to 1010pm(Mon),10am to 10pm(Tue-Sun)|Average|3.4|51
Rolls King|300|Rolls,Fast Food|Patiala|Urban Estate|https://www.zomato.com/patiala/rolls-king-urban-estate/info|9|none|11am to 10pm(Mon-Sun)|Good|3.5|28
Harbans Ice Cream|250|Ice Cream|Patiala|Adalat Bazaar|https://www.zomato.com/patiala/harbans-ice-cream-adalat-bazaar/info|9|Dessert Parlor|10am to 10pm(Mon-Sun)|Good|3.5|21
Kohli Dhaba|650|North Indian|Patiala|Nabha Gate|https://www.zomato.com/patiala/kohli-dhaba-nabha-gate/info|9|Dhaba|1230pm to 4pm,7pm to 11pm(Mon-Sun)|Good|3.9|78
