NAME|PRICE|CUSINE_CATEGORY|CITY|REGION|URL|PAGE NO|CUSINE TYPE|TIMING|RATING_TYPE|RATING|VOTES
McDonald's|500|Burger,Fast Food|Rajkot|Kotecha Nagar|https://www.zomato.com/rajkot/mcdonalds-kotecha-nagar/info|1|Quick Bites|10am to 11pm(Mon-Sun)|Very Good|4.4|262
The Grand Thakar|700|North Indian,Gujarati,South Indian,Continental|Rajkot|Kothi Compound|https://www.zomato.com/rajkot/the-grand-thakar-kothi-compound/info|1|Casual Dining|11am to 330pm,7pm to 11pm(Mon-Sun)|Excellent|4.7|396
DNS- Desserts N Shakes|400|Desserts,Beverages|Rajkot|Race Course|https://www.zomato.com/rajkot/dns-desserts-n-shakes-race-course/info|1|Dessert Parlor|12noon to 1125pm(Mon-Sun)|Excellent|4.6|168
Domino's Pizza|700|Pizza|Rajkot|Sardar Nagar|https://www.zomato.com/rajkot/dominos-pizza-sardar-nagar/info|1|Quick Bites|11am to 11pm(Mon-Sun)|Very Good|4.0|166
Pizza Hut|700|Pizza|Rajkot|150 Feet Ring Road|https://www.zomato.com/rajkot/pizza-hut-150-feet-ring-road/info|1|Quick Bites|11am to 11pm(Mon-Sun)|Very Good|4.1|288
Cheelizza|500|Pizza|Rajkot|Kotecha Nagar|https://www.zomato.com/rajkot/cheelizza-kotecha-nagar/info|1|Quick Bites|11am to 1130pm(Mon-Sun)|Very Good|4.3|293
Shree Chinese & Punjabi|300|South Indian,North Indian,Chinese|Rajkot|Dr Yagnik Road|https://www.zomato.com/rajkot/shree-chinese-punjabi-dr-yagnik-road/info|1|Quick Bites|10am to 12midnight(Mon-Sun)|Good|3.7|139
Verona Italica|400|Fast Food|Rajkot|Race Course|https://www.zomato.com/rajkot/verona-italica-1-race-course/info|1|Quick Bites|11am to 11pm(Mon-Sun)|Good|3.6|128
Big Bite|500|Fast Food|Rajkot|Race Course|https://www.zomato.com/rajkot/big-bite-race-course/info|1|Quick Bites|10am to 1130pm(Mon-Sun)|Very Good|4.2|194
Sonali Restaurant|350|Street Food,South Indian|Rajkot|Race Course|https://www.zomato.com/rajkot/sonali-restaurant-race-course/info|1|Quick Bites|11am to 11pm(Mon-Sun)|Very Good|4.0|151
La Pinoz Pizza|500|Pizza|Rajkot|150 Feet Ring Road|https://www.zomato.com/rajkot/la-pinoz-pizza-150-feet-ring-road/info|1|Quick Bites|11am to 11pm(Mon-Sun)|Excellent|4.9|368
Jassi De Parathe|600|North Indian|Rajkot|Kotecha Nagar|https://www.zomato.com/rajkot/jassi-de-parathe-kotecha-nagar/info|1|Casual Dining|11am to 3pm,7pm to 11pm(Mon-Sun)|Very Good|4.3|180
Mehul's Kitchen|400|North Indian,Fast Food|Rajkot|Dr Yagnik Road|https://www.zomato.com/rajkot/mehuls-kitchen-dr-yagnik-road/info|1|Quick Bites|11am to 11pm(Mon-Sun)|Very Good|4.3|167
The Maggi Center|200|Fast Food|Rajkot|Kotecha Nagar|https://www.zomato.com/rajkot/the-maggi-center-kotecha-nagar/info|1|Quick Bites|11am to 11pm(Mon-Sun)|Very Good|4.2|92
House Of Size Zero|300|Cafe|Rajkot|Kotecha Nagar|https://www.zomato.com/rajkot/house-of-size-zero-kotecha-nagar/info|1|Café|11am to 11pm(Mon-Fri),11am to 1130pm(Sat-Sun)|Very Good|4.4|213
Fun Bite Foodzone|300|South Indian,Fast Food|Rajkot|Kotecha Nagar|https://www.zomato.com/rajkot/fun-bite-foodzone-kotecha-nagar/info|10|Quick Bites|11am to 11pm(Mon-Sun)|Good|3.6|19
DHABA CAFE - LONDON SHAKE|300|Cafe|Rajkot|Nana Mava|https://www.zomato.com/rajkot/dhaba-cafe-london-shake-nana-mava/info|10|Café|11am to 11pm(Mon-Sun)|Average|3.4|30
S S Foodzone|250|North Indian,Chinese|Rajkot|150 Feet Ring Road|https://www.zomato.com/rajkot/s-s-foodzone-150-feet-ring-road/info|10|Quick Bites|6pm to 11pm(Mon-Sun)|Good|3.5|22
Jayshankar Panpuri & Fast food|100|Street Food,Fast Food|Rajkot|Kotecha Nagar|https://www.zomato.com/rajkot/jayshankar-panpuri-fast-food-kotecha-nagar/info|10|Quick Bites|530pm to 11pm(Mon-Sun)|Average|3.3|18
Five Guys Foods- Symbol of taste|200|South Indian|Rajkot|Kotecha Nagar|https://www.zomato.com/rajkot/five-guys-foods-symbol-of-taste-kotecha-nagar/info|10|Quick Bites|11am to 11pm(Mon-Sun)|Average|3.3|13
Senso - The Imperial Palace|500|North Indian,Continental,Fast Food|Rajkot|Dr Yagnik Road|https://www.zomato.com/rajkot/senso-the-imperial-palace-dr-yagnik-road/info|10|Quick Bites|24||NEW|NEW
JD Fastfood|300|Pizza,Sandwich,Hot dogs,Burger,Fast Food|Rajkot|Race Course|https://www.zomato.com/rajkot/jd-fastfood-race-course/info|10|Quick Bites|11am to 11pm(Mon-Sun)|Average|3.3|12
Mahadev Vadapav|100|Maharashtrian|Rajkot|Kotecha Nagar|https://www.zomato.com/rajkot/mahadev-vadapav-kotecha-nagar/info|10|none|430pm to 10pm(Mon,Tue,Wed,Fri),428pm to ...|Good|3.6|22
Agadbam|300|Fast Food|Rajkot|Arya Nagar|https://www.zomato.com/rajkot/agadbam-arya-nagar/info|10|Food Truck|6pm to 1130pm(Mon,Wed,Thu,Fri,Sat,Sun)...|Good|3.6|28
Sasu Ji Ka Dhaba|400|Chinese,North Indian|Rajkot|Race Course|https://www.zomato.com/rajkot/sasu-ji-ka-dhaba-race-course/info|10|Food Court|7pm to 11pm(Mon-Sun)|Average|3.4|15
Santosh Chapdi Undhyu|200|Gujarati|Rajkot|Dr Yagnik Road|https://www.zomato.com/rajkot/santosh-chapdi-undhyu-dr-yagnik-road/info|10|Quick Bites|430pm to 830pm(Mon-Sun)||NEW|NEW
Santosh Pav Bhaji|250|Street Food|Rajkot|Kotecha Nagar|https://www.zomato.com/rajkot/santosh-pav-bhaji-kotecha-nagar/info|10|Quick Bites|113am to 111pm(Mon),5pm to 11pm(Tue-Sun)|Good|3.6|30
Bhavani Jambu|200|Mithai|Rajkot|Arya Nagar|https://www.zomato.com/rajkot/bhavani-jambu-arya-nagar/info|10|Sweet Shop|10am to 9pm(Mon-Sun)|Average|3.4|16
The London Curry Co.|600|North Indian|Rajkot|Kotecha Nagar|https://www.zomato.com/rajkot/the-london-curry-co-3-kotecha-nagar/info|10|Quick Bites|1245pm to 1055pm(Mon-Sun)|Average|3.4|20
Tea Post|250|Tea,Fast Food|Rajkot|Race Course|https://www.zomato.com/rajkot/tea-post-race-course/info|10|Quick Bites|7am to 12midnight(Mon-Sun)|Good|3.9|28
Jay shankar panipuri and dal-pakwan|100|Street Food|Rajkot|Kothi Compound|https://www.zomato.com/rajkot/jay-shankar-panipuri-and-dal-pakwan-kothi-compound/info|11|Quick Bites|930am to 930pm(Mon-Sun)||NEW|NEW
Freaky|250|Cafe,Fast Food|Rajkot|Sardar Nagar|https://www.zomato.com/rajkot/freaky-sardar-nagar/info|11|Café|10am to 11pm(Mon-Sun)|Average|3.0|22
The Waffling Station|250|Desserts|Rajkot|Dr Yagnik Road|https://www.zomato.com/rajkot/the-waffling-station-dr-yagnik-road/info|11|Food Truck|630pm to 1145pm(Mon-Sun)|Good|3.7|36
Anil samosa|250|Street Food|Rajkot|Bhakti Nagar|https://www.zomato.com/rajkot/anil-samosa-bhakti-nagar/info|11|Quick Bites|11am to 9pm(Mon-Sun)|Average|2.6|7
HD Sweet Corn|150|Street Food|Rajkot|150 Feet Ring Road|https://www.zomato.com/rajkot/hd-sweet-corn-150-feet-ring-road/info|11|none|930am to 10pm(Mon-Sun)||NEW|NEW
The Corner Cafe|250|Cafe|Rajkot|150 Feet Ring Road|https://www.zomato.com/rajkot/the-corner-cafe-150-feet-ring-road/info|11|none|(Mon-Sun)||NEW|NEW
Dhara Mava na Penda|200|Mithai|Rajkot|Sardar Nagar|https://www.zomato.com/rajkot/dhara-mava-na-penda-1-sardar-nagar/info|11|Food Truck|615pm to 10pm(Mon-Sun)|Average|3.4|12
Snackers Point|300|Coffee,Fast Food|Rajkot|150 Feet Ring Road|https://www.zomato.com/rajkot/snackers-point-150-feet-ring-road/info|11|Café|9am to 1030pm(Mon-Sun)|Good|3.5|18
The Vahi Raja Restaurant|300|Fast Food,Desserts|Rajkot|Dr Yagnik Road|https://www.zomato.com/rajkot/the-vahi-raja-restaurant-dr-yagnik-road/info|11|Quick Bites|9am to 1am(Mon-Sun)||NEW|NEW
Dessert Den Cake Shop|250|Desserts,Bakery|Rajkot|Kotecha Nagar|https://www.zomato.com/rajkot/dessert-den-cake-shop-kotecha-nagar/info|11|Café|9am to 9pm(Mon-Sun)|Average|3.3|13
Pizza King|300|Pizza|Rajkot|Dr Yagnik Road|https://www.zomato.com/rajkot/pizza-king-dr-yagnik-road/info|11|none|6pm to 11pm(Mon,Tue,Thu,Sat,Sun),Closed(Wed...|Average|3.0|7
Bengal Sweets|1000|Mithai|Rajkot|Kotecha Nagar|https://www.zomato.com/rajkot/bengal-sweets-kotecha-nagar/info|11|Sweet Shop|930am to 930pm(Mon-Sun)|Average|3.0|6
KAFÈ MANIA ...The Food Hub|100|Fast Food,Pizza,Italian,Hot dogs,North Indian|Rajkot|Kotecha Nagar|https://www.zomato.com/rajkot/kafè-mania-the-food-hub-kotecha-nagar/info|11|Quick Bites|1030am to 930pm(Mon-Sun)|Average|3.3|9
Ankush Khaman House|250|Gujarati|Rajkot|Dr Yagnik Road|https://www.zomato.com/rajkot/ankush-khaman-house-dr-yagnik-road/info|11|Quick Bites|9am to 12noon(Mon-Sun)||NEW|NEW
Fill In Fast Food and Chinese|200|Fast Food,Chinese,Pizza|Rajkot|Kotecha Nagar|https://www.zomato.com/rajkot/fill-in-fast-food-and-chinese-kotecha-nagar/info|11|Quick Bites|12noon to 11pm(Mon-Sun)|Average|2.9|22
Jumbooo Vadapav|200|Maharashtrian|Rajkot|Kotecha Nagar|https://www.zomato.com/rajkot/jumbooo-vadapav-kotecha-nagar/info|12|Quick Bites|1pm to 10pm(Mon-Sun)|Average|2.8|4
Punjab Grill|200|North Indian,Chinese|Rajkot|150 Feet Ring Road|https://www.zomato.com/rajkot/punjab-grill-150-feet-ring-road/info|12|Quick Bites|6pm to 10pm(Mon-Sun)|Average|2.9|5
Balaji Panipuri|100|Street Food|Rajkot|Nana Mava|https://www.zomato.com/rajkot/balaji-panipuri-nana-mava/info|12|Quick Bites|430pm to 1030pm(Mon-Sun)|Average|3.4|22
Chandubhai Bhajiya Wala|150|Street Food|Rajkot|Kotecha Nagar|https://www.zomato.com/rajkot/chandubhai-bhajiya-wala-kotecha-nagar/info|12|Quick Bites|12noon to 8pm(Mon-Sat),11am to 2pm(Sun)|Average|3.0|6
Raj Paubhaji|350|North Indian|Rajkot|Bhakti Nagar|https://www.zomato.com/rajkot/raj-paubhaji-bhakti-nagar/info|12|Quick Bites|11am to 10pm(Mon-Sun)|Average|3.0|6
Food mantra - Stay Fit|250|Fast Food|Rajkot|Race Course|https://www.zomato.com/rajkot/food-mantra-stay-fit-race-course/info|12|Quick Bites|7am to 12noon,630pm to 1030pm(Mon-Sun)|Average|3.3|25
Jalaram Fastfood And Ice Cream|200|Fast Food,Desserts|Rajkot|150 Feet Ring Road|https://www.zomato.com/rajkot/jalaram-fastfood-and-ice-cream-150-feet-ring-road/info|12|Quick Bites|11am to 10pm(Mon-Sun)|Not rated|-|-
Rangoli Ice Cream|200|Ice Cream,Beverages|Rajkot|Kotecha Nagar|https://www.zomato.com/rajkot/rangoli-ice-cream-kotecha-nagar/info|12|Dessert Parlor|11am to 11pm(Mon-Sun)|Good|3.7|23
Chatkazz|400|Fast Food|Rajkot|Bhakti Nagar|https://www.zomato.com/rajkot/chatkazz-bhakti-nagar/info|12|Quick Bites|1030am to 1030pm(Mon-Sun)|Good|3.6|27
Radhe Dairy Farm|400|Desserts,Ice Cream|Rajkot|Kotecha Nagar|https://www.zomato.com/rajkot/radhe-dairy-farm-kotecha-nagar/info|12|Dessert Parlor|10am to 2pm,430pm to 10pm(Mon-Sun)||NEW|NEW
Bake House|250|Desserts,Bakery|Rajkot|Kotecha Nagar|https://www.zomato.com/rajkot/bake-house-kotecha-nagar/info|12|Bakery|930am to 11pm(Mon-Sun)|Good|3.5|25
National Restaurant|300|North Indian|Rajkot|Arya Nagar|https://www.zomato.com/rajkot/national-restaurant-arya-nagar/info|12|Quick Bites|11am to 11pm(Mon-Sun)|Average|3.4|16
Vinod Bakery|200|Desserts,Bakery|Rajkot|Race Course|https://www.zomato.com/rajkot/vinod-bakery-race-course/info|12|Dessert Parlor|9am to 10pm(Mon-Sun)|Not rated|-|-
Shri Mayur Bhajiya|250|Fast Food|Rajkot|Kotecha Nagar|https://www.zomato.com/rajkot/shri-mayur-bhajiya-kotecha-nagar/info|12|Quick Bites|8am to 11am,430pm to 10pm(Mon-Sun)||NEW|NEW
Tatva Naturopathy|300|Beverages,Fast Food,Gujarati,Healthy Food|Rajkot|Kotecha Nagar|https://www.zomato.com/rajkot/tatva-naturopathy-1-kotecha-nagar/info|12|Quick Bites||Average|3.2|5
Creamy Creation|250|Bakery,Desserts|Rajkot|Arya Nagar|https://www.zomato.com/rajkot/creamy-creation-arya-nagar/info|13|Dessert Parlor|10am to 11pm(Mon-Sun)|Average|3.1|5
Eleven Ice Gola|150|Ice Cream|Rajkot|150 Feet Ring Road|https://www.zomato.com/rajkot/eleven-ice-gola-150-feet-ring-road/info|13|none|7am to 10pm(Mon-Sun)||NEW|NEW
Sprinkles Cafesserie|400|Bakery,Desserts|Rajkot|Kotecha Nagar|https://www.zomato.com/rajkot/sprinkles-cafesserie-kotecha-nagar/info|13|Bakery|11am to 8pm(Mon-Sun)|Not rated|-|-
Om Khaman|200|Street Food,Fast Food|Rajkot|150 Feet Ring Road|https://www.zomato.com/rajkot/om-khaman-150-feet-ring-road/info|13|Quick Bites|9am to 2pm,530pm to 830pm(Mon-Sun)||NEW|NEW
Let's Eat|400|North Indian,Pizza,Chinese,Cafe|Rajkot|Mota Mava|https://www.zomato.com/rajkot/lets-eat-mota-mava/info|13|Café|11am to 10pm(Mon-Sun)||NEW|NEW
Bel Piattos|450|Fast Food|Rajkot|150 Feet Ring Road|https://www.zomato.com/rajkot/bel-piattos-150-feet-ring-road/info|13|Food Court|10am to 10pm(Mon-Sun)|Not rated|-|-
Chhayanshi Fast Food|300|Fast Food|Rajkot|Manharpur|https://www.zomato.com/rajkot/chhayanshi-fast-food-manharpur/info|13|Quick Bites|11am to 10pm(Mon-Sun)|Not rated|-|-
Rajen|300|Street Food|Rajkot|Dr Yagnik Road|https://www.zomato.com/rajkot/rajen-dr-yagnik-road/info|13|Quick Bites|9am to 10pm(Mon-Sun)||NEW|NEW
Navjivan Icecream|300|Ice Cream,Beverages|Rajkot|Race Course|https://www.zomato.com/rajkot/navjivan-icecream-race-course/info|13|Dessert Parlor|11am to 12midnight(Mon),Closed(Tue),11am to 11pm...|Good|3.7|22
Mahavir Gathiya|200|Mithai,Gujarati|Rajkot|Sardar Nagar|https://www.zomato.com/rajkot/mahavir-gathiya-sardar-nagar/info|13|Sweet Shop|8am to 10pm(Mon-Sun)||NEW|NEW
U Like Dining Hall|200|Gujarati,North Indian|Rajkot|Dr Yagnik Road|https://www.zomato.com/rajkot/u-like-dining-hall-dr-yagnik-road/info|13|Quick Bites|11am to 2pm,730pm to 930pm(Mon-Sun)||NEW|NEW
Mahi Live Bakery|250|Bakery,Desserts|Rajkot|Soni Bazaar|https://www.zomato.com/rajkot/mahi-live-bakery-soni-bazaar/info|13|Bakery|||NEW|NEW
Jalaram Vadapav & Snacks|200|Fast Food|Rajkot|Kotecha Nagar|https://www.zomato.com/rajkot/jalaram-vadapav-snacks-kotecha-nagar/info|13|Quick Bites|11am to 10pm(Mon-Sun)||NEW|NEW
Bombay Fast Food|400|Fast Food,Street Food|Rajkot|Soni Bazaar|https://www.zomato.com/rajkot/bombay-fast-food-soni-bazaar/info|13|Quick Bites|10am to 10pm(Mon-Sun)||NEW|NEW
Twilicious Bakery And Cakes|400|Bakery,Desserts|Rajkot|Kotecha Nagar|https://www.zomato.com/rajkot/twilicious-bakery-and-cakes-kotecha-nagar/info|13|Bakery|830am to 8pm(Mon-Sun)|Not rated|-|-
JD Restaurant|0|North Indian|Rajkot|Sardar Nagar|https://www.zomato.com/rajkot/jd-restaurant-1-sardar-nagar/info|14|Quick Bites|(Mon-Sun)|Not rated|-|-
Brajwasi Chat Corner|250|Fast Food,Beverages|Rajkot|Kotecha Nagar|https://www.zomato.com/rajkot/brajwasi-chat-corner-kotecha-nagar/info|14|Quick Bites|9am to 1030pm(Mon-Sun)|Average|3.4|18
Satpurush|200|Gujarati|Rajkot|Junction Plot|https://www.zomato.com/rajkot/satpurush-2-junction-plot/info|14|none|9am to 9pm(Mon-Fri),24|Not rated|-|-
Rajen Wafers & Namkeen|100|Fast Food|Rajkot|Bhakti Nagar|https://www.zomato.com/rajkot/rajen-wafers-namkeen-bhakti-nagar/info|14|Quick Bites|930am to 10pm(Mon-Sun)||NEW|NEW
ChaiKitli|200|Beverages,Coffee,Fast Food|Rajkot|Junction Plot|https://www.zomato.com/rajkot/chaikitli-3-junction-plot/info|14|Beverage Shop|930am to 830pm(Mon-Sat),Closed(Sun)||NEW|NEW
Taral Foods|250|Beverages|Rajkot|Nana Mava|https://www.zomato.com/rajkot/taral-foods-nana-mava/info|14|Beverage Shop|11am to 8pm(Mon-Sun)|Not rated|-|-
Smokey|250|North Indian|Rajkot|150 Feet Ring Road|https://www.zomato.com/rajkot/smokey-150-feet-ring-road/info|14|Quick Bites|11am to 10pm(Mon-Sun)|Not rated|-|-
Rollies|350|Ice Cream,Desserts|Rajkot|Race Course|https://www.zomato.com/rajkot/rollies-race-course/info|14|Dessert Parlor|9am to 1130pm(Mon-Sun)|Good|3.6|22
Tasty Vadapav|200|Street Food|Rajkot|Junction Plot|https://www.zomato.com/rajkot/tasty-vadapav-1-junction-plot/info|14|Quick Bites|1230pm to 8pm(Mon-Sun)||NEW|NEW
Hotel Ravechi|200|North Indian,Chinese|Rajkot|150 Feet Ring Road|https://www.zomato.com/rajkot/hotel-ravechi-150-feet-ring-road/info|14|Quick Bites|6am to 6pm(Mon-Sun)||NEW|NEW
Dhoklazz|200|Fast Food|Rajkot|Kotecha Nagar|https://www.zomato.com/rajkot/dhoklazz-kotecha-nagar/info|14|Quick Bites|930am to 230pm(Mon-Sun)||NEW|NEW
Kumar Khaman House|250|Street Food|Rajkot|Kotecha Nagar|https://www.zomato.com/rajkot/kumar-khaman-house-kotecha-nagar/info|14|Quick Bites|9am to 130pm(Mon-Sun)||NEW|NEW
Sameer Fastfood|200|Fast Food|Rajkot|Kothi Compound|https://www.zomato.com/rajkot/sameer-fastfood-kothi-compound/info|14|Quick Bites|10am to 10pm(Mon-Sun)||NEW|NEW
Bite Inn|200|Fast Food,North Indian,Chinese|Rajkot|Soni Bazaar|https://www.zomato.com/rajkot/bite-inn-soni-bazaar/info|14|Quick Bites|11am to 1130pm(Mon-Sat),530pm to 1130pm(Sun)|Average|3.4|13
Seggy's Cuts|250|Pizza|Rajkot|Kotecha Nagar|https://www.zomato.com/rajkot/seggys-cuts-kotecha-nagar/info|14|Quick Bites|11am to 11pm(Mon-Sun)|Average|3.4|13
Patel Vihar Restaurant|500|North Indian,Gujarati|Rajkot|150 Feet Ring Road|https://www.zomato.com/rajkot/patel-vihar-restaurant-150-feet-ring-road/info|15|Casual Dining|11am to 330pm,730pm to 11pm(Mon-Sun)|Average|3.4|35
Kitchen Country|300|Chinese,North Indian|Rajkot|Kotecha Nagar|https://www.zomato.com/rajkot/kitchen-country-kotecha-nagar/info|15|Quick Bites|11am to 11pm(Mon-Sun)||NEW|NEW
Royal Punjabi & Chinese|200|North Indian,Chinese|Rajkot|Kotecha Nagar|https://www.zomato.com/rajkot/royal-punjabi-chinese-kotecha-nagar/info|15|Quick Bites|12noon to 230pm,630pm to 12midnight(Mon-Sun)|Average|3.4|8
Crezzy Cream 14|300|Desserts,Ice Cream|Rajkot|Kotecha Nagar|https://www.zomato.com/rajkot/crezzy-cream-14-kotecha-nagar/info|15|Dessert Parlor|12midnight to 1220AM,245pm to 12midnight...|Average|3.4|14
Beer N Bites|250|Beverages|Rajkot|Kotecha Nagar|https://www.zomato.com/rajkot/beer-n-bites-kotecha-nagar/info|15|Beverage Shop|11am to 11pm(Mon-Sun)|Good|3.7|33
Moris Restaurant|200|North Indian,Chinese,Gujarati|Rajkot|Kotecha Nagar|https://www.zomato.com/rajkot/moris-restaurant-kotecha-nagar/info|15|Quick Bites|11am to 11pm(Mon-Sun)|Average|3.3|19
Aflatoon Pavbhaji|200|North Indian,Fast Food|Rajkot|Kotecha Nagar|https://www.zomato.com/rajkot/aflatoon-pavbhaji-kotecha-nagar/info|15|Quick Bites|6pm to 11pm(Mon-Sun)|Average|3.4|21
Vidhi Fast Food|200|Fast Food|Rajkot|Dr Yagnik Road|https://www.zomato.com/rajkot/vidhi-fast-food-dr-yagnik-road/info|15|Quick Bites|930am to 1030pm(Mon-Sun)||NEW|NEW
Crispy Burns|300|Burger,Fast Food|Rajkot|Kotecha Nagar|https://www.zomato.com/rajkot/crispy-burns-kotecha-nagar/info|15|Quick Bites|11am to 11pm(Mon-Sun)|Good|3.7|21
Arya Family Restaurant|250|Chinese,Indian,South Indian,Pizza|Rajkot|Race Course|https://www.zomato.com/rajkot/arya-family-restaurant-race-course/info|15|Quick Bites|11am to 11pm(Mon-Sun)|Average|3.0|13
Vadilal Hangout|300|Ice Cream,Beverages|Rajkot|Kotecha Nagar|https://www.zomato.com/rajkot/vadilal-hangout-kotecha-nagar/info|15|Dessert Parlor|11am to 12midnight(Mon-Sun)|Good|3.5|19
Snack Bite|300|Fast Food|Rajkot|Arya Nagar|https://www.zomato.com/rajkot/snack-bite-arya-nagar/info|15|Quick Bites|12noon to 11pm(Mon),11am to 11pm(Tue-Sat),6pm...|Average|3.4|15
Into The Wild Restaurant|550|North Indian,Italian,Chinese,Fast Food|Rajkot|Kotecha Nagar|https://www.zomato.com/rajkot/into-the-wild-restaurant-kotecha-nagar/info|15|Casual Dining|11am to 3pm,7pm to 11pm(Mon-Sun)|Average|3.4|17
The Sandwichian|300|Sandwich|Rajkot|Kotecha Nagar|https://www.zomato.com/rajkot/the-sandwichian-kotecha-nagar/info|15|Quick Bites|11am to 11pm(Mon-Sun)|Good|3.6|14
Wonder Chinese|250|Chinese,Pizza|Rajkot|Kotecha Nagar|https://www.zomato.com/rajkot/wonder-chinese-kotecha-nagar/info|15|Quick Bites|5pm to 1130pm(Mon-Sun)|Good|3.5|24
Sandwich Shop|200|Fast Food|Rajkot|Kotecha Nagar|https://www.zomato.com/rajkot/sandwich-shop-kotecha-nagar/info|16|Quick Bites|5pm to 12midnight(Mon-Sun)|Average|2.7|12
Kosmopolitan|500|North Indian|Rajkot|Kotecha Nagar|https://www.zomato.com/rajkot/kosmopolitan-kotecha-nagar/info|16|Casual Dining|730am to 1030am,7pm to 11pm,12noon to 3pm...|Average|3.3|10
Sentoza Multicuisine Restaurant|300|North Indian,Fast Food|Rajkot|Kotecha Nagar|https://www.zomato.com/rajkot/sentoza-multicuisine-restaurant-kotecha-nagar/info|16|Quick Bites|11am to 1130pm(Mon-Sun)|Good|3.5|8
Mom's Dhosa Parlour|200|South Indian|Rajkot|Kotecha Nagar|https://www.zomato.com/rajkot/moms-dhosa-parlour-kotecha-nagar/info|16|Quick Bites|630pm to 1045pm(Mon-Sun)|Average|3.4|15
Reflexions - Bizz The Hotel|500|North Indian|Rajkot|Dr Yagnik Road|https://www.zomato.com/rajkot/reflexions-bizz-the-hotel-dr-yagnik-road/info|16|Casual Dining|11am to 11pm(Mon-Sun)|Average|2.7|4
Shilu's Chapdi Undhyu|200|Gujarati|Rajkot|Race Course|https://www.zomato.com/rajkot/shilus-chapdi-undhyu-race-course/info|16|Quick Bites|1130am to 130pm,7pm to 11pm(Mon-Sun)|Good|3.5|22
Shree Satya Vijay Patel Icecream|300|Beverages,Ice Cream|Rajkot|Race Course|https://www.zomato.com/rajkot/shree-satya-vijay-patel-icecream-race-course/info|16|Dessert Parlor|12noon to 11pm(Mon-Sun)|Average|3.3|11
Mahi Fast Food|100|Fast Food,Pizza,Burger|Rajkot|Kotecha Nagar|https://www.zomato.com/rajkot/mahi-fast-food-1-kotecha-nagar/info|16|Quick Bites|7am to 11pm(Mon-Sun)||NEW|NEW
Meraki-Danny's Coffee Bar|300|Beverages,Sandwich|Rajkot|Kotecha Nagar|https://www.zomato.com/rajkot/meraki-dannys-coffee-bar-kotecha-nagar/info|16|Café|1pm to 1am(Mon-Sun)|Average|3.4|16
Paratha Express|400|North Indian,Pizza,Chinese,Fast Food|Rajkot|150 Feet Ring Road|https://www.zomato.com/rajkot/paratha-express-1-150-feet-ring-road/info|16|Quick Bites|930am to 1030pm(Mon-Sun)|Average|3.2|6
Rajasthan Matla Kulfi|150|Beverages,Ice Cream|Rajkot|Dr Yagnik Road|https://www.zomato.com/rajkot/rajasthan-matla-kulfi-dr-yagnik-road/info|16|Beverage Shop|11am to 11pm(Mon-Sun)|Not rated|-|-
#Selfieccino|300|Fast Food|Rajkot|Kotecha Nagar|https://www.zomato.com/rajkot/selfieccino-kotecha-nagar/info|16|Quick Bites|11am to 1130pm(Mon-Sun)|Average|3.2|20
Dark N Smokiee|400|Cafe|Rajkot|Race Course|https://www.zomato.com/rajkot/dark-n-smokiee-race-course/info|16|Café|12noon to 1130pm(Mon-Sun)|Average|3.4|23
Sona Roopa Ice Cream|300|Ice Cream|Rajkot|Bhakti Nagar|https://www.zomato.com/rajkot/sona-roopa-ice-cream-bhakti-nagar/info|16|Dessert Parlor|2pm to 1130pm(Mon-Sun)|Average|3.4|26
Lucky Snacks - The Maggi Center|200|Fast Food|Rajkot|Kotecha Nagar|https://www.zomato.com/rajkot/lucky-snacks-the-maggi-center-kotecha-nagar/info|16|Quick Bites|11am to 11pm(Mon-Sun)|Good|3.6|20
My Waffle Factory|150|Desserts|Rajkot|Arya Nagar|https://www.zomato.com/rajkot/my-waffle-factory-arya-nagar/info|17|Dessert Parlor|6pm to 11pm(Mon-Sun)|Average|2.9|19
The Grand Regency-Dhola Maru|350|North Indian,Rajasthani,Mexican,Chinese|Rajkot|Bhakti Nagar|https://www.zomato.com/rajkot/the-grand-regency-dhola-maru-bhakti-nagar/info|17|Casual Dining|11am to 245pm,7pm to 1045pm(Mon-Sun)|Average|3.3|16
Dosa - Bombay Street Food|300|South Indian|Rajkot|Kotecha Nagar|https://www.zomato.com/rajkot/dosa-bombay-street-food-kotecha-nagar/info|17|Quick Bites|11am to 11pm(Mon-Sun)|Average|3.2|7
Paul's Hub|250|Fast Food|Rajkot|Arya Nagar|https://www.zomato.com/rajkot/pauls-hub-arya-nagar/info|17|Quick Bites|7pm to 1130pm(Mon-Sun)|Average|3.3|16
Madras Alpahar|250|South Indian|Rajkot|Arya Nagar|https://www.zomato.com/rajkot/madras-alpahar-arya-nagar/info|17|Quick Bites|630pm to 11pm(Mon-Sun)|Average|3.3|13
Vahi Raja|100|Fast Food|Rajkot|Dr Yagnik Road|https://www.zomato.com/rajkot/vahi-raja-dr-yagnik-road/info|17|none|730pm to 1115pm(Mon-Sat),630pm to 1145pm(Sun)|Average|3.2|11
Moris Food Court|300|Fast Food|Rajkot|Junction Plot|https://www.zomato.com/rajkot/moris-food-court-junction-plot/info|17|Quick Bites|11am to 11pm(Mon-Sun)|Good|3.5|18
Tea Cafe|150|Fast Food,Beverages|Rajkot|Kotecha Nagar|https://www.zomato.com/rajkot/tea-cafe-kotecha-nagar/info|17|Café|9am to 1am(Mon-Sun)|Average|3.2|5
The Panchvati Hotel|300|North Indian,Gujarati|Rajkot|Mavdi|https://www.zomato.com/rajkot/the-panchvati-hotel-1-mavdi/info|17|Quick Bites|11am to 11pm(Mon-Sun)|Average|3.3|22
William John's pizza|400|Fast Food|Rajkot|Bhakti Nagar|https://www.zomato.com/rajkot/william-johns-pizza-bhakti-nagar/info|17|Quick Bites|11am to 3pm,630pm to 11pm(Mon-Sun)|Average|2.9|11
Patel Restaurant|300|North Indian,Gujarati|Rajkot|Kotecha Nagar|https://www.zomato.com/rajkot/patel-restaurant-kotecha-nagar/info|17|Quick Bites|630pm to 11pm(Mon-Sun)||NEW|NEW
Mumbai Xpress|300|Chinese,South Indian,North Indian|Rajkot|Kotecha Nagar|https://www.zomato.com/rajkot/mumbai-xpress-kotecha-nagar/info|17|Quick Bites|630pm to 11pm(Mon-Sun)|Average|3.3|15
Retro Takeaway|800|North Indian,Mexican,Chinese,Indian|Rajkot|Junction Plot|https://www.zomato.com/rajkot/retro-takeaway-1-junction-plot/info|17|none|11am to 330pm,630pm to 11pm(Mon-Sun)|Good|3.7|14
Bee Waffles|400|Fast Food,Desserts|Rajkot|Nana Mava|https://www.zomato.com/rajkot/bee-waffles-1-nana-mava/info|17|Quick Bites|11am to 11pm(Mon-Sun)|Average|3.3|13
A-1 Food Zone|100|Healthy Food,Desserts|Rajkot|Dr Yagnik Road|https://www.zomato.com/rajkot/a-1-food-zone-dr-yagnik-road/info|17|Quick Bites|6pm to 11pm(Mon-Sun)||NEW|NEW
Only Dhosa|250|South Indian|Rajkot|Nana Mava|https://www.zomato.com/rajkot/only-dhosa-nana-mava/info|18|Quick Bites|630pm to 1130pm(Mon-Sun)|Average|3.3|14
Pizza Town|500|Gujarati,North Indian,Pizza|Rajkot|Bhakti Nagar|https://www.zomato.com/rajkot/pizza-town-bhakti-nagar/info|18|Quick Bites|11am to 3pm,6pm to 11pm(Mon-Sun)|Average|3.3|14
Rich Taste|200|Gujarati,Chinese,North Indian|Rajkot|Kotecha Nagar|https://www.zomato.com/rajkot/rich-taste-kotecha-nagar/info|18|Quick Bites|11am to 330pm,630pm to 11pm(Mon-Sun)||NEW|NEW
Om Cold Drinks|200|Beverages|Rajkot|Kotecha Nagar|https://www.zomato.com/rajkot/om-cold-drinks-kotecha-nagar/info|18|Beverage Shop|11am to 11pm(Mon-Sun)||NEW|NEW
Shake N Jerk|200|Beverages,Juices|Rajkot|Arya Nagar|https://www.zomato.com/rajkot/shake-n-jerk-arya-nagar/info|18|Beverage Shop|6pm to 11pm(Mon-Sun)|Average|3.3|9
A To Z Refreshments And Pan Parlour|200|Paan,Beverages|Rajkot|Kotecha Nagar|https://www.zomato.com/rajkot/a-to-z-refreshments-and-pan-parlour-kotecha-nagar/info|18|Paan Shop|11am to 11pm(Mon-Sun)|Average|3.3|12
Inner Circle - Bizz The Hotel|500|Fast Food,Coffee|Rajkot|Dr Yagnik Road|https://www.zomato.com/rajkot/inner-circle-bizz-the-hotel-dr-yagnik-road/info|18|Quick Bites|11am to 1am(Mon-Sun)|Not rated|-|-
Dosa Hut|250|South Indian,Fast Food|Rajkot|Bhakti Nagar|https://www.zomato.com/rajkot/dosa-hut-bhakti-nagar/info|18|Quick Bites|11am to 245pm,7pm to 11pm(Mon-Sun)|Average|2.7|7
Sahjanand Restaurant|200|Gujarati|Rajkot|Junction Plot|https://www.zomato.com/rajkot/sahjanand-restaurant-junction-plot/info|18|Casual Dining|11am to 3pm,7pm to 1030pm(Mon-Sun)|Average|3.2|9
Bharat Fast Food|300|Fast Food|Rajkot|Dr Yagnik Road|https://www.zomato.com/rajkot/bharat-fast-food-1-dr-yagnik-road/info|18|Quick Bites|1030am to 1030pm(Mon-Sun)|Average|3.3|9
Om Fast Food|200|Fast Food|Rajkot|Kotecha Nagar|https://www.zomato.com/rajkot/om-fast-food-kotecha-nagar/info|18|Quick Bites|4pm to 11pm(Mon-Sun)|Good|3.7|21
Ravi Chapdi Undhyu|300|Gujarati|Rajkot|Kotecha Nagar|https://www.zomato.com/rajkot/ravi-chapdi-undhyu-kotecha-nagar/info|18|Quick Bites|6pm to 11pm(Mon-Sun)||NEW|NEW
World Of Waffles|300|Desserts|Rajkot|Kotecha Nagar|https://www.zomato.com/rajkot/world-of-waffles-kotecha-nagar/info|18|Dessert Parlor|11am to 12midnight(Mon-Sun)|Average|3.2|9
Classic Ice Cream|300|Ice Cream|Rajkot|Nana Mava|https://www.zomato.com/rajkot/classic-ice-cream-nana-mava/info|18|none|8am to 1am(Mon-Sun)||NEW|NEW
Season 3|300|North Indian,Gujarati|Rajkot|Nana Mava|https://www.zomato.com/rajkot/season-3-nana-mava/info|18|Quick Bites|11am to 130pm,7pm to 11pm(Mon-Sun)|Poor|2.3|11
Friendz Dosa Center|250|South Indian,Fast Food|Rajkot|150 Feet Ring Road|https://www.zomato.com/rajkot/friendz-dosa-center-150-feet-ring-road/info|19|Quick Bites|1130am to 1130pm(Mon-Sun)||NEW|NEW
Neel Da Dhaba|500|North Indian,Chinese,South Indian|Rajkot|Kotecha Nagar|https://www.zomato.com/rajkot/neel-da-dhaba-kotecha-nagar/info|19|Casual Dining|11am to 11pm(Mon-Sun)|Average|3.0|6
Maa Pav Bhaji and Pulav|250|Fast Food,Gujarati|Rajkot|Kotecha Nagar|https://www.zomato.com/rajkot/maa-pav-bhaji-and-pulav-kotecha-nagar/info|19|Quick Bites|11am to 11pm(Mon-Sun)|Average|3.3|8
Milan Soda|200|Beverages|Rajkot|Dr Yagnik Road|https://www.zomato.com/rajkot/milan-soda-dr-yagnik-road/info|19|Beverage Shop|11am to 11pm(Mon-Sun)||NEW|NEW
Orchid|1000|North Indian,Continental|Rajkot|150 Feet Ring Road|https://www.zomato.com/rajkot/orchid-150-feet-ring-road/info|19|Casual Dining|24|Average|3.4|12
Cozy Cafe|400|Cafe|Rajkot|Kotecha Nagar|https://www.zomato.com/rajkot/cozy-cafe-kotecha-nagar/info|19|Café|11am to 11pm(Mon-Sun)|Average|3.1|13
Hotel Park inn|500|North Indian,Chinese|Rajkot|Popat Para|https://www.zomato.com/rajkot/hotel-park-inn-popat-para/info|19|Casual Dining|8am to 11pm(Mon-Sun)|Average|3.0|11
Pizzaista|350|Pizza|Rajkot|Kotecha Nagar|https://www.zomato.com/rajkot/pizzaista-kotecha-nagar/info|19|Quick Bites|11am to 230pm,7pm to 1030pm(Mon-Sun)|Average|2.7|13
RaviRaj Bhel House|100|Street Food|Rajkot|Arya Nagar|https://www.zomato.com/rajkot/raviraj-bhel-house-arya-nagar/info|19|Quick Bites|4pm to 11pm(Mon-Sun)|Average|3.1|6
Cake's Forest|250|Desserts,Bakery|Rajkot|Kotecha Nagar|https://www.zomato.com/rajkot/cakes-forest-kotecha-nagar/info|19|Bakery|1030am to 12midnight(Mon-Sun)|Average|3.3|11
Aashirwad Restaurant|400|Gujarati,Chinese|Rajkot|Bhakti Nagar|https://www.zomato.com/rajkot/aashirwad-restaurant-bhakti-nagar/info|19|Quick Bites|11am to 3pm,5pm to 1130pm(Mon-Sun)||NEW|NEW
Shree Ram Resturant|250|Chinese,Fast Food,North Indian|Rajkot|Bhakti Nagar|https://www.zomato.com/rajkot/shree-ram-resturant-bhakti-nagar/info|19|Quick Bites|11am to 11pm(Mon-Sun)|Average|3.1|6
Mahadev Chinese & Punjabi|200|Chinese,North Indian|Rajkot|Kotharia|https://www.zomato.com/rajkot/mahadev-chinese-punjabi-kotharia/info|19|Quick Bites|5pm to 11pm(Mon-Sun)||NEW|NEW
Daily diary’s|1000|Chinese,North Indian,South Indian,Beverages,Pizza,Burger,Sandwich,Desserts|Rajkot|Kotecha Nagar|https://www.zomato.com/rajkot/daily-diarys-kotecha-nagar/info|19|Café|6pm to 1230AM(Mon-Sat),6pm to 1130pm(Sun)|Average|3.4|6
Shri Satya Vijay ice cream|250|Desserts,Beverages|Rajkot|Sardar Nagar|https://www.zomato.com/rajkot/shri-satya-vijay-ice-cream-sardar-nagar/info|19|Dessert Parlor|11am to 11pm(Mon-Sun)|Average|3.1|7
Santushti|300|Beverages,Ice Cream,Desserts|Rajkot|Dr Yagnik Road|https://www.zomato.com/rajkot/santushti-dr-yagnik-road/info|2|Beverage Shop|1130am to 1130pm(Mon-Sun)|Very Good|4.4|158
Anand Snacks|150|Fast Food,Chinese|Rajkot|Dr Yagnik Road|https://www.zomato.com/rajkot/anand-snacks-dr-yagnik-road/info|2|Quick Bites|11am to 11pm(Mon-Sun)|Very Good|4.2|104
Naples pizza|300|Pizza|Rajkot|150 Feet Ring Road|https://www.zomato.com/rajkot/naples-pizza-150-feet-ring-road/info|2|Quick Bites|11am to 11pm(Mon-Sun)|Very Good|4.1|137
Tomato's|1000|North Indian,Asian,Pizza|Rajkot|Dr Yagnik Road|https://www.zomato.com/rajkot/tomatos-dr-yagnik-road/info|2|Casual Dining|12noon to 3pm,7pm to 11pm(Mon-Sun)|Very Good|4.1|120
Babji Grill Kitchen|400|North Indian,Chinese|Rajkot|Kotecha Nagar|https://www.zomato.com/rajkot/babji-grill-kitchen-kotecha-nagar/info|2|Quick Bites|11am to 11pm(Mon-Sun)|Good|3.9|155
Rajmandir Food Zone|500|Fast Food|Rajkot|Sardar Nagar|https://www.zomato.com/rajkot/rajmandir-food-zone-sardar-nagar/info|2|Quick Bites|11am to 1130pm(Mon-Sat),814pm to 1130pm(Sun)|Very Good|4.3|162
Sona Bite|200|Fast Food|Rajkot|Kotecha Nagar|https://www.zomato.com/rajkot/sona-bite-1-kotecha-nagar/info|2|none|11am to 11pm(Mon-Sun)|Good|3.9|59
Coffee Culture|400|Cafe,Fast Food|Rajkot|Kotecha Nagar|https://www.zomato.com/rajkot/coffee-culture-kotecha-nagar/info|2|Café|12noon to 1130pm(Mon-Sun)|Good|3.9|121
Shiv Ice Cream & Fast Food|250|Fast Food,Ice Cream|Rajkot|Race Course|https://www.zomato.com/rajkot/shiv-ice-cream-fast-food-race-course/info|2|Quick Bites|11am to 11pm(Mon-Sun)|Very Good|4.1|120
Bharmal Restaurant|350|North Indian,Chinese|Rajkot|Race Course|https://www.zomato.com/rajkot/bharmal-restaurant-race-course/info|2|Casual Dining|11am to 11pm(Mon-Sun)|Good|3.7|81
The shake maker|300|Beverages,Juices|Rajkot|150 Feet Ring Road|https://www.zomato.com/rajkot/the-shake-maker-150-feet-ring-road/info|2|Quick Bites|1130am to 11pm(Mon-Sun)|Very Good|4.1|91
Patel Ice Cream|350|Ice Cream,Desserts|Rajkot|Race Course|https://www.zomato.com/rajkot/patel-ice-cream-race-course/info|2|Dessert Parlor|10am to 11pm(Mon-Sun)|Very Good|4.1|101
Honest|600|North Indian,Chinese|Rajkot|Kotecha Nagar|https://www.zomato.com/rajkot/honest-kotecha-nagar/info|2|Casual Dining|11am to 1230AM(Mon-Sun)|Very Good|4.0|169
US Pizza|500|Pizza|Rajkot|Kotecha Nagar|https://www.zomato.com/rajkot/us-pizza-kotecha-nagar/info|2|Quick Bites|11am to 11pm(Mon-Sun)|Good|3.6|71
Jalaram Restaurant|400|North Indian,South Indian,Chinese|Rajkot|Kotecha Nagar|https://www.zomato.com/rajkot/jalaram-restaurant-kotecha-nagar/info|2|Dhaba|11am to 3pm,6pm to 1130pm(Mon-Sun)|Good|3.9|60
Shrinath Ji|300|Pizza,Sandwich|Rajkot|Dr Yagnik Road|https://www.zomato.com/rajkot/shrinath-ji-dr-yagnik-road/info|20|none|11am to 11pm(Mon-Sun)|Average|3.1|7
Two Spoons|500|North Indian,Continental,Chinese,Desserts,Beverages|Rajkot|Nana Mava|https://www.zomato.com/rajkot/two-spoons-nana-mava/info|20|Café|530pm to 2am(Mon-Sun)|Average|3.2|6
Chandubhai Bhelwala|250|Street Food|Rajkot|Dr Yagnik Road|https://www.zomato.com/rajkot/chandubhai-bhelwala-dr-yagnik-road/info|20|Quick Bites|1030am to 11pm(Mon-Sun)|Average|2.9|5
Riya's Pizza|300|Pizza|Rajkot|Dr Yagnik Road|https://www.zomato.com/rajkot/riyas-pizza-dr-yagnik-road/info|20|Quick Bites|11am to 2am(Mon-Sun)||NEW|NEW
Hotel Ravi|350|North Indian,Chinese|Rajkot|Arya Nagar|https://www.zomato.com/rajkot/hotel-ravi-arya-nagar/info|20|Quick Bites|11am to 11pm(Mon-Sun)|Average|2.6|4
Selfie Point|300|Ice Cream,Beverages|Rajkot|Mota Mava|https://www.zomato.com/rajkot/selfie-point-mota-mava/info|20|Dessert Parlor|11am to 11pm(Mon-Sun)|Average|2.9|4
Crumbz - Bizz The Hotel|500|Bakery|Rajkot|Dr Yagnik Road|https://www.zomato.com/rajkot/crumbz-bizz-the-hotel-dr-yagnik-road/info|20|Bakery|11am to 12midnight(Mon-Sun)|Not rated|-|-
Jaddu's Food Field|500|North Indian,Chinese|Rajkot|Kotecha Nagar|https://www.zomato.com/rajkot/jaddus-food-field-kotecha-nagar/info|20|Casual Dining|11am to 11pm(Mon-Sun)|Average|2.6|4
Richey Rich Cafe|300|Fast Food|Rajkot|Nana Mava|https://www.zomato.com/rajkot/richey-rich-cafe-nana-mava/info|20|Quick Bites|11am to 11pm(Mon-Sun)|Average|3.2|8
Matuki Restaurant|600|Chinese,North Indian,Fast Food,South Indian|Rajkot|Sardar Nagar|https://www.zomato.com/rajkot/matuki-restaurant-sardar-nagar/info|20|Casual Dining|11am to 11pm(Mon-Sun)||NEW|NEW
Full Fresh Cake & Sweets|400|Bakery|Rajkot|Kotecha Nagar|https://www.zomato.com/rajkot/full-fresh-cake-sweets-kotecha-nagar/info|20|Bakery|11am to 11pm(Mon-Sun)|Average|3.0|5
Natraj Gola|100|Beverages,Ice Cream|Rajkot|Popat Para|https://www.zomato.com/rajkot/natraj-gola-popat-para/info|20|Quick Bites|12noon to 12midnight(Mon-Sun)||NEW|NEW
New Bhagwati Bhojnalaya|200|Gujarati|Rajkot|Bhakti Nagar|https://www.zomato.com/rajkot/new-bhagwati-bhojnalaya-bhakti-nagar/info|20|Bhojanalya|830am to 1030pm(Mon-Sun)||NEW|NEW
Shree Satyavijay Patel Ice Cream|115|Ice Cream,Beverages|Rajkot|Kotecha Nagar|https://www.zomato.com/rajkot/shree-satyavijay-patel-ice-cream-kotecha-nagar/info|20|Dessert Parlor|3pm to 11pm(Mon-Sun)|Average|3.0|6
Royal Fastfood|250|Fast Food|Rajkot|Kotecha Nagar|https://www.zomato.com/rajkot/royal-fastfood-kotecha-nagar/info|20|Quick Bites|530pm to 11pm(Mon-Sun)|Average|3.0|6
Ravi Food Zone|300|North Indian,Fast Food|Rajkot|150 Feet Ring Road|https://www.zomato.com/rajkot/ravi-food-zone-150-feet-ring-road/info|21|Quick Bites|1130am to 230pm,7pm to 1130pm(Mon-Sun)|Not rated|-|-
Cookie Man|150|Desserts|Rajkot|Nana Mava|https://www.zomato.com/rajkot/cookie-man-nana-mava/info|21|Kiosk|11am to 11pm(Mon-Sun)|Average|2.9|8
Mumbaiwala Non-Veg|250|North Indian|Rajkot|Jangleshwar|https://www.zomato.com/rajkot/mumbaiwala-non-veg-jangleshwar/info|21|Quick Bites|6pm to 11pm(Mon-Sun)||NEW|NEW
Rajen Wafers & Namkeen|300|Fast Food|Rajkot|Kotecha Nagar|https://www.zomato.com/rajkot/rajen-wafers-namkeen-kotecha-nagar/info|21|Quick Bites|10am to 11pm(Mon-Sun)||NEW|NEW
Krish Chinese & Punjabi|200|North Indian,Chinese|Rajkot|Kotecha Nagar|https://www.zomato.com/rajkot/krish-chinese-punjabi-kotecha-nagar/info|21|Quick Bites|5pm to 1130pm(Mon-Sun)||NEW|NEW
Rajkot Social|300|North Indian|Rajkot|Dr Yagnik Road|https://www.zomato.com/rajkot/rajkot-social-dr-yagnik-road/info|21|Quick Bites|12noon to 11pm(Mon-Sun)|Average|3.1|6
The Relish|550|North Indian,Chinese|Rajkot|150 Feet Ring Road|https://www.zomato.com/rajkot/the-relish-150-feet-ring-road/info|21|Food Court|10am to 1030pm(Mon-Sun)|Average|2.8|5
Minty- The Cake Shop|250|Desserts,Bakery|Rajkot|Mavdi|https://www.zomato.com/rajkot/minty-the-cake-shop-mavdi/info|21|Dessert Parlor|11am to 11pm(Mon-Sun)|Average|3.0|5
Dana Pani|300|North Indian,Fast Food|Rajkot|Race Course|https://www.zomato.com/rajkot/dana-pani-race-course/info|21|Quick Bites|5pm to 11pm(Mon-Sun)|Average|2.9|5
Saheb's Bistro|250|North Indian,Chinese,South Indian|Rajkot|Kotecha Nagar|https://www.zomato.com/rajkot/sahebs-bistro-kotecha-nagar/info|21|Quick Bites|1130am to 3pm,7pm to 11pm(Mon-Sun)|Average|2.8|4
Shreeji Prasadam|250|Gujarati|Rajkot|Bhakti Nagar|https://www.zomato.com/rajkot/shreeji-prasadam-1-bhakti-nagar/info|21|none|830am to 1030am,11am to 3pm,7pm to 1030pm...|Average|3.1|7
Atul Ice-Cream|150|Ice Cream,Beverages|Rajkot|Bhakti Nagar|https://www.zomato.com/rajkot/atul-ice-cream-bhakti-nagar/info|21|Dessert Parlor|11am to 11pm(Mon-Sun)|Average|3.2|8
Jalaram Restaurant|250|North Indian,Gujarati|Rajkot|Sardar Nagar|https://www.zomato.com/rajkot/jalaram-restaurant-sardar-nagar/info|21|Quick Bites|11am to 11pm(Mon-Sun)|Not rated|-|-
Rasraj Panipuri|200|Fast Food|Rajkot|Kotecha Nagar|https://www.zomato.com/rajkot/rasraj-panipuri-2-kotecha-nagar/info|21|Quick Bites|5pm to 1030pm(Mon-Sat),Closed(Sun)||NEW|NEW
Big Bite Celebration Restaurant|200|Gujarati,North Indian|Rajkot|Kotecha Nagar|https://www.zomato.com/rajkot/big-bite-celebration-restaurant-kotecha-nagar/info|21|Quick Bites|11am to 11pm(Mon-Sun)||NEW|NEW
Sanjha Chulha|350|North Indian,Chinese|Rajkot|150 Feet Ring Road|https://www.zomato.com/rajkot/sanjha-chulha-150-feet-ring-road/info|22|Quick Bites|7pm to 1145pm(Mon-Sun)|Not rated|-|-
Shri Jaliyan Restaurant|300|North Indian,Fast Food|Rajkot|Bhakti Nagar|https://www.zomato.com/rajkot/shri-jaliyan-restaurant-bhakti-nagar/info|22|Quick Bites|11am to 230pm,6pm to 11pm(Mon-Sun)|Not rated|-|-
YOR- Punjabi Food Parcel & Restaurant|300|North Indian,Chinese,Pizza|Rajkot|Arya Nagar|https://www.zomato.com/rajkot/yor-punjabi-food-parcel-restaurant-arya-nagar/info|22|Quick Bites|11am to 3pm,6pm to 11pm(Mon-Sun)|Average|3.1|5
Hotel Harmony|500|North Indian,Chinese|Rajkot|Arya Nagar|https://www.zomato.com/rajkot/hotel-harmony-arya-nagar/info|22|Quick Bites|11am to 11pm(Mon-Sun)|Average|3.0|4
Shri Sawami Narayan Dairy Farm|200|Street Food|Rajkot|Dr Yagnik Road|https://www.zomato.com/rajkot/shri-sawami-narayan-dairy-farm-dr-yagnik-road/info|22|Quick Bites|10am to 11pm(Mon-Sun)||NEW|NEW
Foodizz|250|Fast Food,Beverages|Rajkot|Kotecha Nagar|https://www.zomato.com/rajkot/foodizz-kotecha-nagar/info|22|Quick Bites|1130am to 11pm(Mon-Sun)|Average|3.0|5
Santosh Bhel|200|Street Food|Rajkot|150 Feet Ring Road|https://www.zomato.com/rajkot/santosh-bhel-150-feet-ring-road/info|22|Quick Bites|11am to 11pm(Mon-Sun)|Average|3.2|7
Narayan Chat Corner|150|Street Food|Rajkot|Dr Yagnik Road|https://www.zomato.com/rajkot/narayan-chat-corner-dr-yagnik-road/info|22|Quick Bites|11am to 11pm(Mon-Sun)||NEW|NEW
Ganesh Food Zone|300|Chinese,North Indian|Rajkot|150 Feet Ring Road|https://www.zomato.com/rajkot/ganesh-food-zone-150-feet-ring-road/info|22|Casual Dining|630am to 330pm,6pm to 1130pm(Mon-Sun)|Average|3.3|10
Bhagvati Restaurant|200|Gujarati|Rajkot|Kotecha Nagar|https://www.zomato.com/rajkot/bhagvati-restaurant-kotecha-nagar/info|22|Quick Bites|11am to 11pm(Mon-Sun)|Average|3.1|6
Delight Ice Cream|250|Ice Cream,Desserts|Rajkot|Kotecha Nagar|https://www.zomato.com/rajkot/delight-ice-cream-kotecha-nagar/info|22|Quick Bites|9am to 1230AM(Mon-Sun)|Average|2.8|4
Eat n Joy Fast Food|300|Fast Food,Chinese|Rajkot|Kotecha Nagar|https://www.zomato.com/rajkot/eat-n-joy-fast-food-kotecha-nagar/info|22|Quick Bites|11am to 11pm(Mon-Sun)||NEW|NEW
Crunchy Puff|100|Fast Food|Rajkot|Arya Nagar|https://www.zomato.com/rajkot/crunchy-puff-arya-nagar/info|22|Quick Bites|630pm to 11pm(Mon-Sun)|Average|2.5|4
Palji Soda Shop|250|Cafe,Sandwich|Rajkot|Bhakti Nagar|https://www.zomato.com/rajkot/palji-soda-shop-bhakti-nagar/info|22|Beverage Shop|930am to 11pm(Mon-Sun)|Not rated|-|-
Arpan's Desserts|250|Bakery,Desserts|Rajkot|150 Feet Ring Road|https://www.zomato.com/rajkot/arpans-desserts-150-feet-ring-road/info|22|Bakery|11am to 11pm(Mon-Sun)|Average|2.9|4
Sahjanand Restaurant|200|Gujarati|Rajkot|150 Feet Ring Road|https://www.zomato.com/rajkot/sahjanand-restaurant-150-feet-ring-road/info|23|Quick Bites|11am to 230pm,7pm to 1030pm(Mon-Sun)||NEW|NEW
Sadhna Pavbhaji & Dosa|200|South Indian,North Indian|Rajkot|Kotecha Nagar|https://www.zomato.com/rajkot/sadhna-pavbhaji-dosa-kotecha-nagar/info|23|Quick Bites|630pm to 1030pm(Mon-Sun)||NEW|NEW
Corner Cafe|200|Fast Food,Beverages|Rajkot|150 Feet Ring Road|https://www.zomato.com/rajkot/corner-cafe-150-feet-ring-road/info|23|Quick Bites|11am to 11pm(Mon-Sun)|Average|3.1|5
Kailash Cream Forest|350|Ice Cream,Desserts|Rajkot|Nana Mava|https://www.zomato.com/rajkot/kailash-cream-forest-nana-mava/info|23|Dessert Parlor|11am to 11pm(Mon-Sun)|Average|2.9|9
Palji Soda Shop|100|Beverages|Rajkot|Bhakti Nagar|https://www.zomato.com/rajkot/palji-soda-shop-2-bhakti-nagar/info|23|Beverage Shop|11am to 11pm(Mon-Sun)||NEW|NEW
Red Apple|600|North Indian|Rajkot|Kotecha Nagar|https://www.zomato.com/rajkot/red-apple-kotecha-nagar/info|23|Quick Bites|11am to 3pm,7pm to 11pm(Mon-Sun)|Average|2.9|5
Daawat Family Restaurant|350|North Indian,Chinese,South Indian|Rajkot|Kotecha Nagar|https://www.zomato.com/rajkot/daawat-family-restaurant-kotecha-nagar/info|23|Quick Bites|7pm to 11pm(Mon-Sun)||NEW|NEW
Drunken Bubble|200|Desserts,Ice Cream,Beverages|Rajkot|Kotecha Nagar|https://www.zomato.com/rajkot/drunken-bubble-kotecha-nagar/info|23|Dessert Parlor|11am to 11pm(Mon-Sun)||NEW|NEW
Caribbean Perks|300|Cuisine Varies|Rajkot|150 Feet Ring Road|https://www.zomato.com/rajkot/caribbean-perks-150-feet-ring-road/info|23|Quick Bites|7pm to 12midnight(Mon-Sun)||NEW|NEW
Patel ice cream|300|Ice Cream,Beverages|Rajkot|Nana Mava|https://www.zomato.com/rajkot/patel-ice-cream-nana-mava/info|23|Dessert Parlor|10am to 11pm(Mon-Sun)|Average|3.1|6
A1 Madras Cafe|200|South Indian|Rajkot|Race Course|https://www.zomato.com/rajkot/a1-madras-cafe-race-course/info|23|Quick Bites|11am to 11pm(Mon-Sun)||NEW|NEW
Vegan Crush Bakery|250|Bakery|Rajkot|Kotecha Nagar|https://www.zomato.com/rajkot/vegan-crush-bakery-kotecha-nagar/info|23|Bakery|11am to 11pm(Mon-Sun)|Average|3.1|6
Da Vinci Cafe & Restro|400|North Indian,Continental|Rajkot|150 Feet Ring Road|https://www.zomato.com/rajkot/da-vinci-cafe-restro-150-feet-ring-road/info|23|Quick Bites|10am to 11pm(Mon-Sun)||NEW|NEW
Shreeji Prasadam|250|Indian|Rajkot|Bhakti Nagar|https://www.zomato.com/rajkot/shreeji-prasadam-bhakti-nagar/info|23|Quick Bites|8am to 11pm(Mon-Sun)|Average|3.1|6
GJ-5 Sandwich And Pizza|200|Pizza,Fast Food|Rajkot|Kotecha Nagar|https://www.zomato.com/rajkot/gj-5-sandwich-and-pizza-kotecha-nagar/info|23|Quick Bites|3pm to 12midnight(Mon-Sun)||NEW|NEW
Bonito Tea Cafe & Fastfood|200|Fast Food,Beverages|Rajkot|Sardar Nagar|https://www.zomato.com/rajkot/bonito-tea-cafe-fastfood-sardar-nagar/info|24|Quick Bites|9am to 11pm(Mon-Sun)||NEW|NEW
Raj Paubhaji|200|Fast Food,North Indian|Rajkot|Mavdi|https://www.zomato.com/rajkot/raj-paubhaji-mavdi/info|24|Quick Bites|6pm to 1130pm(Mon-Sun)|Average|3.1|5
Cha Ni Kitli Cafe|300|Fast Food,Beverages|Rajkot|Nana Mava|https://www.zomato.com/rajkot/cha-ni-kitli-cafe-nana-mava/info|24|Café|10am to 12midnight(Mon-Sun)||NEW|NEW
Swaminarayan Vitamin Foodzone & Juice Parlour|250|Healthy Food,Juices|Rajkot|Kotecha Nagar|https://www.zomato.com/rajkot/swaminarayan-vitamin-foodzone-juice-parlour-kotecha-nagar/info|24|Quick Bites|9am to 11am,4pm to 11pm(Mon-Sun)||NEW|NEW
Leijing|250|Chinese,North Indian|Rajkot|Race Course|https://www.zomato.com/rajkot/leijing-race-course/info|24|Quick Bites|7am to 12midnight(Mon-Sun)||NEW|NEW
Sunshine|250|North Indian,Chinese|Rajkot|Race Course|https://www.zomato.com/rajkot/sunshine-race-course/info|24|Quick Bites|7pm to 12midnight(Mon-Sun)||NEW|NEW
Satya Patel Vijay Icecream|200|Desserts|Rajkot|Mavdi|https://www.zomato.com/rajkot/satya-patel-vijay-icecream-mavdi/info|24|Dessert Parlor|11am to 11pm(Mon-Sun)||NEW|NEW
Hungry Hub - Food Cafe|150|Fast Food|Rajkot|Kotecha Nagar|https://www.zomato.com/rajkot/hungry-hub-food-cafe-kotecha-nagar/info|24|Quick Bites|11am to 11pm(Mon-Sun)|Not rated|-|-
The Chicken Box|250|North Indian|Rajkot|Kotecha Nagar|https://www.zomato.com/rajkot/the-chicken-box-kotecha-nagar/info|24|none|11am to 11pm(Mon-Sun)||NEW|NEW
Big Bite Kitchen|200|North Indian,Fast Food|Rajkot|Kotecha Nagar|https://www.zomato.com/rajkot/big-bite-kitchen-1-kotecha-nagar/info|24|Quick Bites|10am to 11pm(Mon-Sun)||NEW|NEW
Cafe Ajanta|300|Fast Food|Rajkot|Dr Yagnik Road|https://www.zomato.com/rajkot/cafe-ajanta-2-dr-yagnik-road/info|24|Quick Bites|11am to 11pm(Mon-Sun)|Not rated|-|-
ATM Cake Shop|250|Bakery,Desserts|Rajkot|Kotecha Nagar|https://www.zomato.com/rajkot/atm-cake-shop-kotecha-nagar/info|24|Bakery|11am to 1030pm(Mon-Sun)|Not rated|-|-
Raju Pavbhaji|400|North Indian|Rajkot|Kotecha Nagar|https://www.zomato.com/rajkot/raju-pavbhaji-kotecha-nagar/info|24|Quick Bites|12noon to 3pm,6pm to 12midnight(Mon-Sun)||NEW|NEW
Patel Dining Hall|200|Gujarati|Rajkot|Kotecha Nagar|https://www.zomato.com/rajkot/patel-dining-hall-kotecha-nagar/info|24|Quick Bites|12noon to 330pm,7pm to 1030pm(Mon-Sun)||NEW|NEW
Shree Chandra Vijay Patel Ice Cream|200|Ice Cream,Beverages|Rajkot|Race Course|https://www.zomato.com/rajkot/shree-chandra-vijay-patel-ice-cream-race-course/info|24|Quick Bites|10am to 1am(Mon-Sun)|Average|2.8|4
Rajwadi Restaurant|250|Gujarati,North Indian|Rajkot|Dr Yagnik Road|https://www.zomato.com/rajkot/rajwadi-restaurant-dr-yagnik-road/info|25|Quick Bites|11am to 3pm,7pm to 11pm(Mon-Sun)||NEW|NEW
Toral Food Zone|200|Fast Food,Chinese|Rajkot|Kotecha Nagar|https://www.zomato.com/rajkot/toral-food-zone-kotecha-nagar/info|25|Quick Bites|11am to 11pm(Mon-Sun)|Not rated|-|-
Chef Akshay Gandhi's Food Truck|200|Fast Food|Rajkot|Race Course|https://www.zomato.com/rajkot/chef-akshay-gandhis-food-truck-race-course/info|25|Quick Bites|5pm to 11pm(Mon-Sun)|Not rated|-|-
Angel|200|North Indian,Chinese|Rajkot|Kotecha Nagar|https://www.zomato.com/rajkot/angel-kotecha-nagar/info|25|Dhaba|7pm to 11pm(Mon-Sun)|Not rated|-|-
Ganesh Food Zone|300|Chinese,North Indian|Rajkot|Mavdi|https://www.zomato.com/rajkot/ganesh-food-zone-mavdi/info|25|Casual Dining|630am to 3pm,6pm to 11pm(Mon-Sun)|Not rated|-|-
Kookies N Kream|500|Cafe|Rajkot|Kotecha Nagar|https://www.zomato.com/rajkot/kookies-n-kream-kotecha-nagar/info|25|Café|7am to 11pm(Mon-Sun)|Not rated|-|-
Krishna Family Food Point|250|Fast Food,Chinese|Rajkot|Dr Yagnik Road|https://www.zomato.com/rajkot/krishna-family-food-point-dr-yagnik-road/info|25|Quick Bites|10am to 1am(Mon-Sun)|Not rated|-|-
Pizza Nation|350|Pizza,Fast Food|Rajkot|Race Course|https://www.zomato.com/rajkot/pizza-nation-race-course/info|25|Quick Bites|5pm to 1am(Mon-Sun)||NEW|NEW
Chinese Tadka|300|Chinese,South Indian|Rajkot|Kotecha Nagar|https://www.zomato.com/rajkot/chinese-tadka-kotecha-nagar/info|25|Quick Bites|11am to 11pm(Mon-Sun)||NEW|NEW
Ganesh Food Zone|300|North Indian,South Indian,Tea,Fast Food|Rajkot|150 Feet Ring Road|https://www.zomato.com/rajkot/ganesh-food-zone-1-150-feet-ring-road/info|25|Quick Bites|11am to 11pm(Mon-Sun)||NEW|NEW
Satya Madras Cafe|250|South Indian,Chinese|Rajkot|Dr Yagnik Road|https://www.zomato.com/rajkot/satya-madras-cafe-dr-yagnik-road/info|25|Quick Bites|5pm to 11pm(Mon-Sun)||NEW|NEW
Nemish Sandwich|200|Sandwich|Rajkot|Kotecha Nagar|https://www.zomato.com/rajkot/nemish-sandwich-kotecha-nagar/info|25|Quick Bites|530pm to 1030pm(Mon-Sun)|Not rated|-|-
Riddhi Siddhi Farm|200|Fast Food,Juices|Rajkot|Kotecha Nagar|https://www.zomato.com/rajkot/riddhi-siddhi-farm-kotecha-nagar/info|25|Quick Bites|10am to 11pm(Mon-Sun)||NEW|NEW
Raj Restaurant|200|Gujarati,Fast Food,North Indian|Rajkot|Bhakti Nagar|https://www.zomato.com/rajkot/raj-restaurant-bhakti-nagar/info|25|Quick Bites|11am to 11pm(Mon-Sun)|Not rated|-|-
Maitri Pavbhai & Restaurant|200|North Indian,Fast Food|Rajkot|Dr Yagnik Road|https://www.zomato.com/rajkot/maitri-pavbhai-restaurant-dr-yagnik-road/info|25|Quick Bites|11am to 11pm(Mon-Sun)|Not rated|-|-
Slurp With Salads|250|Fast Food|Rajkot|Nana Mava|https://www.zomato.com/rajkot/slurp-with-salads-nana-mava/info|26|Quick Bites|11am to 11pm(Mon-Sun)|Not rated|-|-
SKY LOUNGE (The Rooftop Restaurant)|700|North Indian,Mughlai|Rajkot|Arya Nagar|https://www.zomato.com/rajkot/sky-lounge-the-rooftop-restaurant-arya-nagar/info|26|Casual Dining|730pm to 11pm(Mon-Sun)|Not rated|-|-
Dhaba Cafe- London Shakes|200|Beverages,Pizza,Sandwich,Fast Food|Rajkot|Nana Mava|https://www.zomato.com/rajkot/dhaba-cafe-london-shakes-nana-mava/info|26|Quick Bites|11am to 11pm(Mon-Sun)|Not rated|-|-
Shri Satyavijay Patel Ice cream|250|Ice Cream,Beverages|Rajkot|150 Feet Ring Road|https://www.zomato.com/rajkot/shri-satyavijay-patel-ice-cream-150-feet-ring-road/info|26|Dessert Parlor|11am to 11pm(Mon-Sun)||NEW|NEW
Narayan Fast Food|150|Fast Food,Beverages|Rajkot|Dr Yagnik Road|https://www.zomato.com/rajkot/narayan-fast-food-dr-yagnik-road/info|26|Quick Bites|9am to 11pm(Mon-Sun)||NEW|NEW
Sonal Bhel|300|Fast Food|Rajkot|Bhakti Nagar|https://www.zomato.com/rajkot/sonal-bhel-bhakti-nagar/info|26|Quick Bites|930am to 11pm(Mon-Sun)||NEW|NEW
Sagar Food Zone|200|North Indian|Rajkot|Dr Yagnik Road|https://www.zomato.com/rajkot/sagar-food-zone-dr-yagnik-road/info|26|Quick Bites|11am to 11pm(Mon-Sun)||NEW|NEW
Chatoree Katoree|100|Street Food|Rajkot|Kotecha Nagar|https://www.zomato.com/rajkot/chatoree-katoree-1-kotecha-nagar/info|26|Quick Bites|11am to 11pm(Mon-Sun)||NEW|NEW
The Wine Leaf|0|North Indian,Chinese,Pizza,South Indian|Rajkot|Mota Mava|https://www.zomato.com/rajkot/the-wine-leaf-mota-mava/info|26|Casual Dining|11am to 12midnight(Mon-Sun)||NEW|NEW
Swati Family Restaurant|250|North Indian,Gujarati|Rajkot|Kotecha Nagar|https://www.zomato.com/rajkot/swati-family-restaurant-kotecha-nagar/info|26|Quick Bites|11am to 11pm(Mon-Sun)||NEW|NEW
Punjab Grill|400|North Indian,Chinese,Gujarati|Rajkot|Kotecha Nagar|https://www.zomato.com/rajkot/punjab-grill-kotecha-nagar/info|26|Quick Bites|1130am to 3pm,730pm to 11pm(Mon-Sun)||NEW|NEW
Shri Shakti Tea & Food Zone|250|Gujarati|Rajkot|Kotecha Nagar|https://www.zomato.com/rajkot/shri-shakti-tea-food-zone-kotecha-nagar/info|26|Quick Bites|11am to 11pm(Mon-Sun)|Not rated|-|-
Dosa House|250|South Indian,Chinese,North Indian|Rajkot|Kotecha Nagar|https://www.zomato.com/rajkot/dosa-house-kotecha-nagar/info|26|Quick Bites|6pm to 11pm(Mon-Sun)||NEW|NEW
Gokul Restaurant|250|Gujarati|Rajkot|Kotecha Nagar|https://www.zomato.com/rajkot/gokul-restaurant-kotecha-nagar/info|26|none|11am to 11pm(Mon-Sun)||NEW|NEW
Sweet and Savoury|200|Bakery|Rajkot|Arya Nagar|https://www.zomato.com/rajkot/sweet-and-savoury-arya-nagar/info|26|Bakery|11am to 11pm(Mon-Sun)|Not rated|-|-
Bal Gopal|700|Gujarati|Rajkot|Junction Plot|https://www.zomato.com/rajkot/bal-gopal-junction-plot/info|27|Casual Dining|11am to 3pm,7pm to 11pm(Mon-Sun)||NEW|NEW
Dessert Den Dily Fresh Food|250|Bakery,Desserts|Rajkot|Dr Yagnik Road|https://www.zomato.com/rajkot/dessert-den-dily-fresh-food-dr-yagnik-road/info|27|Bakery|11am to 11pm(Mon-Sun)||NEW|NEW
Royal Cheese Food|100|Fast Food|Rajkot|Sardar Nagar|https://www.zomato.com/rajkot/royal-cheese-food-sardar-nagar/info|27|Quick Bites|6pm to 11pm(Mon-Sun)|Not rated|-|-
Shreeji Fancy Dosa|200|South Indian,Chinese|Rajkot|Mavdi|https://www.zomato.com/rajkot/shreeji-fancy-dosa-mavdi/info|27|Quick Bites|7pm to 1030pm(Mon),7pm to 11pm(Tue-Sun)||NEW|NEW
King's Kraft Multicuisine Restaurant|500|North Indian,Continental,Chinese|Rajkot|Mota Mava|https://www.zomato.com/rajkot/kings-kraft-multicuisine-restaurant-mota-mava/info|27|Quick Bites|9am to 11pm(Mon-Sun)||NEW|NEW
Hungry Hub|200|Fast Food|Rajkot|Nana Mava|https://www.zomato.com/rajkot/hungry-hub-nana-mava/info|27|Quick Bites|10am to 11pm(Mon-Sun)|Not rated|-|-
Little Bite|300|Fast Food|Rajkot|Kotecha Nagar|https://www.zomato.com/rajkot/little-bite-kotecha-nagar/info|27|Quick Bites|11am to 12midnight(Mon-Sun)||NEW|NEW
CreamFresh27 Icecream|300|Ice Cream|Rajkot|Dr Yagnik Road|https://www.zomato.com/rajkot/creamfresh27-icecream-dr-yagnik-road/info|27|Dessert Parlor|11am to 11pm(Mon-Sun)||NEW|NEW
Radhe Fast Food|200|Fast Food|Rajkot|Sardar Nagar|https://www.zomato.com/rajkot/radhe-fast-food-sardar-nagar/info|27|Quick Bites|11am to 11pm(Mon-Sun)||NEW|NEW
Fauji FastFood|350|Fast Food|Rajkot|Kotecha Nagar|https://www.zomato.com/rajkot/fauji-fastfood-kotecha-nagar/info|27|Quick Bites|6am to 11pm(Mon-Sun)||NEW|NEW
Mad House Mocha|400|Fast Food,Beverages,Desserts|Rajkot|Mota Mava|https://www.zomato.com/rajkot/mad-house-mocha-mota-mava/info|27|Quick Bites|5pm to 1am(Mon-Sun)||NEW|NEW
Satnam Chinese|300|Chinese,Fast Food|Rajkot|Race Course|https://www.zomato.com/rajkot/satnam-chinese-race-course/info|27|Quick Bites|730pm to 1130pm(Mon-Sun)||NEW|NEW
Hotel Swagatam Inn|250|North Indian,Fast Food|Rajkot|Dr Yagnik Road|https://www.zomato.com/rajkot/hotel-swagatam-inn-dr-yagnik-road/info|27|Quick Bites|11am to 11pm(Mon-Sun)||NEW|NEW
Peri Peri|350|Fast Food|Rajkot|150 Feet Ring Road|https://www.zomato.com/rajkot/peri-peri-150-feet-ring-road/info|27|none|7pm to 1030pm(Mon-Sun)||NEW|NEW
Aum Food Products|150|Beverages|Rajkot|150 Feet Ring Road|https://www.zomato.com/rajkot/aum-food-products-150-feet-ring-road/info|27|Beverage Shop|9am to 1am(Mon-Sun)||NEW|NEW
Evergreen Fast Food|250|Fast Food|Rajkot|Popat Para|https://www.zomato.com/rajkot/evergreen-fast-food-popat-para/info|28|Quick Bites|9am to 11pm(Mon-Sun)||NEW|NEW
Vikrambhai Chavda|300|Fast Food|Rajkot|Dr Yagnik Road|https://www.zomato.com/rajkot/vikrambhai-chavda-dr-yagnik-road/info|3|Quick Bites|12noon to 1130pm(Mon-Sun)|Good|3.8|53
9834 The Fruit Window|350|Beverages|Rajkot|Kotecha Nagar|https://www.zomato.com/rajkot/9834-the-fruit-window-kotecha-nagar/info|3|Beverage Shop|2pm to 1130pm(Mon-Sun)|Good|3.9|51
Dosa.com|400|South Indian|Rajkot|Kotecha Nagar|https://www.zomato.com/rajkot/dosa-com-kotecha-nagar/info|3|Quick Bites|7pm to 11pm(Mon-Sun)|Very Good|4.0|110
Patel Vihar Restaurant|500|Gujarati|Rajkot|Kotecha Nagar|https://www.zomato.com/rajkot/patel-vihar-restaurant-kotecha-nagar/info|3|Casual Dining|12noon to 3pm(Mon),12noon to 3pm,730pm to ...|Good|3.9|95
Chamunda The Lassi Shop|200|Beverages|Rajkot|Kotecha Nagar|https://www.zomato.com/rajkot/chamunda-the-lassi-shop-kotecha-nagar/info|3|Beverage Shop|11am to 12midnight(Mon-Sun)|Very Good|4.0|56
Pizza Castle|500|Pizza|Rajkot|Kotecha Nagar|https://www.zomato.com/rajkot/pizza-castle-kotecha-nagar/info|3|Quick Bites|11am to 11pm(Mon-Sat),11am to 12noon(Sun)|Good|3.8|65
Delux Ice Cream|250|Ice Cream|Rajkot|Race Course|https://www.zomato.com/rajkot/delux-ice-cream-race-course/info|3|Dessert Parlor|1130am to 1130pm(Mon-Sun)|Very Good|4.2|99
Jay Bhavani Vadapav|300|Fast Food|Rajkot|Dr Yagnik Road|https://www.zomato.com/rajkot/jay-bhavani-vadapav-dr-yagnik-road/info|3|Quick Bites|930am to 11pm(Mon-Sun)|Good|3.7|70
Only Parathas|400|North Indian|Rajkot|Kotecha Nagar|https://www.zomato.com/rajkot/only-parathas-kotecha-nagar/info|3|Quick Bites|11am to 3pm,6pm to 11pm(Mon-Sun)|Average|3.3|63
Madras Mahal Restaurant and Cafe|250|Burger,Sandwich,South Indian,Continental,Desserts|Rajkot|150 Feet Ring Road|https://www.zomato.com/rajkot/madras-mahal-restaurant-and-cafe-150-feet-ring-road/info|3|Casual Dining|6pm to 12midnight(Mon-Sun)|Good|3.6|58
Ram Aur Shyam Golawala|250|Desserts,Ice Cream|Rajkot|150 Feet Ring Road|https://www.zomato.com/rajkot/ram-aur-shyam-golawala-1-150-feet-ring-road/info|3|Dessert Parlor|1130am to 12midnight(Mon-Sun)|Good|3.9|58
Pallav Foods|600|North Indian,Chinese,South Indian|Rajkot|Kotecha Nagar|https://www.zomato.com/rajkot/pallav-foods-kotecha-nagar/info|3|Casual Dining|11am to 3pm,7pm to 11pm(Mon-Sun)|Good|3.9|73
9834 The Fruit Truck|300|Desserts|Rajkot|Arya Nagar|https://www.zomato.com/rajkot/9834-the-fruit-truck-arya-nagar/info|3|Food Truck|515pm to 1130pm(Mon-Sun)|Very Good|4.2|108
Shri Bhagwati Fast Food|200|Fast Food|Rajkot|Bhakti Nagar|https://www.zomato.com/rajkot/shri-bhagwati-fast-food-bhakti-nagar/info|3|Quick Bites|11am to 11pm(Mon-Sun)|Good|3.8|45
RVO Pizza Bistro|400|Pizza|Rajkot|Kotecha Nagar|https://www.zomato.com/rajkot/rvo-pizza-bistro-kotecha-nagar/info|3|Quick Bites|1130am to 11pm(Mon),11am to 11pm(Tue-Sun)|Good|3.9|92
Foodaholic|600|Fast Food|Rajkot|Sardar Nagar|https://www.zomato.com/rajkot/foodaholic-sardar-nagar/info|4|Quick Bites|11am to 11pm(Mon-Sun)|Very Good|4.1|62
Toral Food Zone|300|Chinese,Fast Food|Rajkot|Dr Yagnik Road|https://www.zomato.com/rajkot/toral-food-zone-dr-yagnik-road/info|4|Quick Bites|10am to 11pm(Mon-Sun)|Good|3.7|63
Havmor Eatery|500|North Indian,Fast Food,Desserts|Rajkot|Race Course|https://www.zomato.com/rajkot/havmor-eatery-race-course/info|4|Quick Bites|11am to 11pm(Mon-Sun)|Average|3.4|62
William John's pizza|400|Pizza|Rajkot|Kotecha Nagar|https://www.zomato.com/rajkot/william-johns-pizza-kotecha-nagar/info|4|Quick Bites|11am to 11pm(Mon-Sun)|Good|3.9|78
7 Days Shots & Shakes|250|Fast Food,Beverages|Rajkot|Kotecha Nagar|https://www.zomato.com/rajkot/7-days-shots-shakes-kotecha-nagar/info|4|Quick Bites|12midnight to 1am,6pm to 12midnight(Mon-Sun)|Good|3.6|42
Pizzazone|400|Pizza|Rajkot|150 Feet Ring Road|https://www.zomato.com/rajkot/pizzazone-150-feet-ring-road/info|4|Quick Bites|11am to 11pm(Mon-Sun)|Very Good|4.0|73
Verona Italica|700|Pizza|Rajkot|Kotecha Nagar|https://www.zomato.com/rajkot/verona-italica-kotecha-nagar/info|4|Quick Bites|11am to 11pm(Mon-Sun)|Average|3.1|65
London Bubble Co.|300|Desserts,Ice Cream,Wraps,Beverages,Bubble Tea|Rajkot|Dr Yagnik Road|https://www.zomato.com/rajkot/london-bubble-co-dr-yagnik-road/info|4|Dessert Parlor|1130am to 12midnight(Mon-Sun)|Good|3.7|46
Subway|500|Healthy Food,Sandwich,Salad|Rajkot|Race Course|https://www.zomato.com/rajkot/subway-race-course/info|4|Quick Bites|11am to 11pm(Mon-Sun)|Very Good|4.0|95
Dipak Sandwich|200|Sandwich|Rajkot|Kotecha Nagar|https://www.zomato.com/rajkot/dipak-sandwich-kotecha-nagar/info|4|Quick Bites|11am to 11pm(Mon-Sun)|Good|3.6|48
JBees|300|Desserts,Beverages|Rajkot|Kotecha Nagar|https://www.zomato.com/rajkot/jbees-kotecha-nagar/info|4|Café|11am to 11pm(Mon-Sun)|Good|3.8|48
Real Paprika|450|Pizza|Rajkot|Kotecha Nagar|https://www.zomato.com/rajkot/real-paprika-kotecha-nagar/info|4|Quick Bites|11am to 11pm(Mon-Sun)|Good|3.5|72
Red Pepper|700|North Indian|Rajkot|Kotecha Nagar|https://www.zomato.com/rajkot/red-pepper-kotecha-nagar/info|4|Casual Dining|11am to 3pm,6pm to 11pm(Mon-Sun)|Very Good|4.0|55
Crave Yard|200|Momos,Chinese|Rajkot|Arya Nagar|https://www.zomato.com/rajkot/crave-yard-arya-nagar/info|4|Quick Bites|6pm to 12midnight(Mon-Sun)|Good|3.8|60
Raju Omlet|300|Fast Food|Rajkot|Dr Yagnik Road|https://www.zomato.com/rajkot/raju-omlet-1-dr-yagnik-road/info|4|Quick Bites|4pm to 1115pm(Mon-Sun)|Good|3.9|68
Big Bite Cafe|700|Cafe|Rajkot|Kotecha Nagar|https://www.zomato.com/rajkot/big-bite-cafe-kotecha-nagar/info|5|Café|10am to 1130pm(Mon-Sun)|Good|3.9|92
Aflatoon Paubhaji|300|Fast Food,South Indian|Rajkot|Race Course|https://www.zomato.com/rajkot/aflatoon-paubhaji-race-course/info|5|Quick Bites|4pm to 12midnight(Mon-Sun)|Good|3.9|56
Sunny De Parathe|200|North Indian,Fast Food|Rajkot|Kotecha Nagar|https://www.zomato.com/rajkot/sunny-de-parathe-kotecha-nagar/info|5|Food Truck|12midnight to 1220AM,6pm to 12midnight...|Average|3.1|27
The Taj Restro & Cafe|300|Cafe,North Indian,South Indian,Continental,Beverages,Sandwich|Rajkot|Kotecha Nagar|https://www.zomato.com/rajkot/the-taj-restro-cafe-kotecha-nagar/info|5|Café|11am to 11pm(Mon-Sun)|Good|3.6|53
A-1 Caterers|350|North Indian|Rajkot|Race Course|https://www.zomato.com/rajkot/a-1-caterers-race-course/info|5|Quick Bites|10am to 2pm,430pm to 1030pm(Mon-Sun)|Good|3.7|34
Pizza Studio|400|Pizza|Rajkot|Kotecha Nagar|https://www.zomato.com/rajkot/pizza-studio-kotecha-nagar/info|5|Quick Bites|11am to 11pm(Mon-Sun)|Good|3.7|43
Chatkazz|200|Fast Food|Rajkot|Kotecha Nagar|https://www.zomato.com/rajkot/chatkazz-kotecha-nagar/info|5|Quick Bites|9am to 11pm(Mon-Sun)|Good|3.7|50
Balaji Sandwich|200|Sandwich,Burmese,Chinese|Rajkot|Kotecha Nagar|https://www.zomato.com/rajkot/balaji-sandwich-kotecha-nagar/info|5|Quick Bites|930am to 930pm(Mon-Sun)|Very Good|4.3|143
The Belgian Waffle Co.|350|Desserts|Rajkot|Kotecha Nagar|https://www.zomato.com/rajkot/the-belgian-waffle-co-kotecha-nagar/info|5|Dessert Parlor|1030am to 1130pm(Mon-Sun)|Very Good|4.0|62
Suryakant|200|Gujarati|Rajkot|Mavdi|https://www.zomato.com/rajkot/suryakant-mavdi/info|5|Quick Bites|11am to 11pm(Mon-Sun)|Good|3.7|35
Shree Riddhi Siddhi Food Parcel|300|North Indian,Gujarati,Chinese|Rajkot|Sardar Nagar|https://www.zomato.com/rajkot/shree-riddhi-siddhi-food-parcel-sardar-nagar/info|5|Quick Bites|1130am to 3pm,630pm to 11pm(Mon-Sun)|Good|3.7|45
Jay Bhojnalay|200|North Indian|Rajkot|Kotecha Nagar|https://www.zomato.com/rajkot/jay-bhojnalay-kotecha-nagar/info|5|Bhojanalya|11am to 3pm,730pm to 11pm(Mon-Sun)||NEW|NEW
Zeeya Live Cake Studio|300|Bakery|Rajkot|Kotecha Nagar|https://www.zomato.com/rajkot/zeeya-live-cake-studio-kotecha-nagar/info|5|Bakery|9am to 12midnight(Mon-Sun)||NEW|NEW
Brown Burger Co|250|Pizza,Burger,Wraps|Rajkot|Race Course|https://www.zomato.com/rajkot/brown-burger-co-race-course/info|5|Quick Bites|11am to 11pm(Mon-Sun)||NEW|NEW
Tipsy Topsy Pizza|400|Pizza|Rajkot|Dr Yagnik Road|https://www.zomato.com/rajkot/tipsy-topsy-pizza-dr-yagnik-road/info|5|Quick Bites|1030am to 11pm(Mon-Sun)|Good|3.8|73
Under 100 Food Parcel|150|Fast Food,North Indian,Desserts|Rajkot|Kotecha Nagar|https://www.zomato.com/rajkot/under-100-food-parcel-kotecha-nagar/info|6|Quick Bites|12midnight to 2am,9am to 12midnight(Mon-Sun)||NEW|NEW
Cream & More|250|Desserts|Rajkot|Race Course|https://www.zomato.com/rajkot/cream-more-race-course/info|6|Dessert Parlor|11am to 1130pm(Mon-Sun)|Good|3.7|45
Chatkazz|400|Fast Food|Rajkot|Arya Nagar|https://www.zomato.com/rajkot/chatkazz-arya-nagar/info|6|Quick Bites|11am to 1045pm(Mon-Sun)|Good|3.5|27
Frankie Nation|300|Chinese,Rolls,Beverages|Rajkot|Dr Yagnik Road|https://www.zomato.com/rajkot/frankie-nation-dr-yagnik-road/info|6|Food Truck|530pm to 12midnight(Mon-Sun)|Good|3.8|52
Pizza Country|400|Pizza|Rajkot|Kotecha Nagar|https://www.zomato.com/rajkot/pizza-country-1-kotecha-nagar/info|6|Quick Bites|11am to 11pm(Mon-Sun)|Average|3.4|47
UBQ By Barbeque Nation|450|North Indian,Kebab,BBQ|Rajkot|Nana Mava|https://www.zomato.com/rajkot/ubq-by-barbeque-nation-nana-mava/info|6|none|12noon to 3pm,630pm to 1030pm(Mon-Sun)|Good|3.6|27
Be Happy Restaurant|250|Chinese|Rajkot|Arya Nagar|https://www.zomato.com/rajkot/be-happy-restaurant-arya-nagar/info|6|Casual Dining|11am to 11pm(Mon-Sun)|Good|3.6|36
K Krunchy Republic|500|North Indian,Chinese,Fast Food|Rajkot|Kotecha Nagar|https://www.zomato.com/rajkot/k-krunchy-republic-kotecha-nagar/info|6|Casual Dining|11am to 11pm(Mon-Sun)|Good|3.7|32
Nature's Pantry|350|Healthy Food,Beverages|Rajkot|150 Feet Ring Road|https://www.zomato.com/rajkot/natures-pantry-150-feet-ring-road/info|6|Quick Bites|11am to 11pm(Mon-Sun)||NEW|NEW
Keventers|400|Beverages,Ice Cream,Desserts|Rajkot|Race Course|https://www.zomato.com/rajkot/keventers-race-course/info|6|Beverage Shop|11am to 11pm(Mon-Sun)|Good|3.7|47
Jay Bhavani Vada Pav|150|Maharashtrian|Rajkot|Arya Nagar|https://www.zomato.com/rajkot/jay-bhavani-vada-pav-arya-nagar/info|6|Quick Bites|11am to 11pm(Mon-Sun)|Good|3.5|33
Pepperazzi The Diner|600|North Indian,Italian,Mexican,Asian,Continental|Rajkot|Nana Mava|https://www.zomato.com/rajkot/pepperazzi-the-diner-nana-mava/info|6|Casual Dining|12noon to 3pm,7pm to 11pm(Mon-Sun)|Very Good|4.0|45
Rajdhani Restaurant|200|Gujarati,North Indian,Chinese,South Indian,Fast Food|Rajkot|150 Feet Ring Road|https://www.zomato.com/rajkot/rajdhani-restaurant-150-feet-ring-road/info|6|Quick Bites|11am to 3pm,7pm to 11pm(Mon-Sun)|Good|3.7|43
New Mayur Bhajiya & Fast Food|200|Fast Food,South Indian,Chinese|Rajkot|150 Feet Ring Road|https://www.zomato.com/rajkot/new-mayur-bhajiya-fast-food-150-feet-ring-road/info|6|Casual Dining|11am to 11pm(Mon-Sun)|Average|3.4|31
Hot & More|650|North Indian|Rajkot|Arya Nagar|https://www.zomato.com/rajkot/hot-more-arya-nagar/info|6|Casual Dining|930am to 11pm(Mon-Sun)|Very Good|4.0|60
Rajmandir Cold Drinks|200|Beverages|Rajkot|Arya Nagar|https://www.zomato.com/rajkot/rajmandir-cold-drinks-arya-nagar/info|7|Beverage Shop|10am to 1130pm(Mon-Sun)|Good|3.8|40
Dev Fast Food|200|Chinese,Pizza,Fast Food|Rajkot|Kotecha Nagar|https://www.zomato.com/rajkot/dev-fast-food-kotecha-nagar/info|7|Quick Bites|530pm to 11pm(Mon-Sun)|Good|3.7|40
Patil Juice Centre|150|Juices|Rajkot|Arya Nagar|https://www.zomato.com/rajkot/patil-juice-centre-arya-nagar/info|7|Beverage Shop|12midnight to 1230AM,10am to 12midnight(Mon-Sun)|Good|3.9|40
Celebration|500|North Indian,Chinese|Rajkot|Kotecha Nagar|https://www.zomato.com/rajkot/celebration-kotecha-nagar/info|7|Casual Dining|11am to 11pm(Mon-Sun)|Good|3.8|29
Bachelor's Kitchen|350|Fast Food,South Indian|Rajkot|Race Course|https://www.zomato.com/rajkot/bachelors-kitchen-race-course/info|7|Quick Bites|11am to 3pm,5pm to 11pm(Mon-Sun)|Good|3.8|40
Yadav Food Zone|250|Gujarati|Rajkot|Kotecha Nagar|https://www.zomato.com/rajkot/yadav-food-zone-kotecha-nagar/info|7|Quick Bites|12noon to 230pm,730pm to 10pm(Mon-Sun)|Good|3.9|67
Bhabha Dining Hall|300|Gujarati|Rajkot|Soni Bazaar|https://www.zomato.com/rajkot/bhabha-dining-hall-soni-bazaar/info|7|Quick Bites|1130am to 330pm,7pm to 10pm(Mon-Sun)|Good|3.5|56
K Tadka|250|Fast Food|Rajkot|150 Feet Ring Road|https://www.zomato.com/rajkot/k-tadka-150-feet-ring-road/info|7|Quick Bites|11am to 11pm(Mon-Sun)|Good|3.6|27
Maganlal Ice Cream|300|Desserts,Ice Cream|Rajkot|Race Course|https://www.zomato.com/rajkot/maganlal-ice-cream-race-course/info|7|Dessert Parlor|9am to 2am(Mon-Sun)|Good|3.7|28
Rajmandir Cold-Drinks|150|Beverages,Juices|Rajkot|Dr Yagnik Road|https://www.zomato.com/rajkot/rajmandir-cold-drinks-dr-yagnik-road/info|7|Beverage Shop|1030pm to 11pm(Mon-Sun)|Good|3.9|41
Yummyy Mummy|500|Fast Food|Rajkot|Kotecha Nagar|https://www.zomato.com/rajkot/yummyy-mummy-kotecha-nagar/info|7|Quick Bites|11am to 11pm(Mon-Sun)|Average|3.4|34
Prakash Food Parcel|300|Gujarati|Rajkot|Race Course|https://www.zomato.com/rajkot/prakash-food-parcel-race-course/info|7|none|1130am to 3pm,730pm to 10pm(Mon-Sat),1130am...|Good|3.7|49
Shake Shop|300|Beverages,Fast Food|Rajkot|Kotecha Nagar|https://www.zomato.com/rajkot/shake-shop-kotecha-nagar/info|7|Beverage Shop|11am to 1130pm(Mon-Sun)|Good|3.6|39
Delux Sandwich|300|Sandwich,Fast Food|Rajkot|Kotecha Nagar|https://www.zomato.com/rajkot/delux-sandwich-kotecha-nagar/info|7|Quick Bites|4pm to 11pm(Mon-Sun)|Average|3.4|25
Giriraj Food Parcel|150|North Indian|Rajkot|Kotecha Nagar|https://www.zomato.com/rajkot/giriraj-food-parcel-kotecha-nagar/info|7|none|11am to 1030pm(Mon-Sun)|Good|3.5|18
Suryakant Restaurant & Cafe|300|Continental,North Indian,Fast Food,Chinese|Rajkot|150 Feet Ring Road|https://www.zomato.com/rajkot/suryakant-restaurant-cafe-150-feet-ring-road/info|8|Quick Bites|9am to 1230AM(Mon-Sun)||NEW|NEW
Fit Meals|300|Healthy Food,Fast Food,North Indian|Rajkot|Kotecha Nagar|https://www.zomato.com/rajkot/fit-meals-kotecha-nagar/info|8|Quick Bites|11am to 10pm(Mon-Sun)||NEW|NEW
Adingo|700|North Indian,Chinese|Rajkot|Arya Nagar|https://www.zomato.com/rajkot/adingo-arya-nagar/info|8|Casual Dining|11am to 11pm(Mon-Sun)|Good|3.6|30
Himalay Soda & Softy|200|Pizza,Burger,Beverages,Fast Food|Rajkot|Kotecha Nagar|https://www.zomato.com/rajkot/himalay-soda-softy-kotecha-nagar/info|8|Quick Bites|10am to 11pm(Mon-Sun)|Good|3.6|28
Smith's Kitchen|700|North Indian|Rajkot|Arya Nagar|https://www.zomato.com/rajkot/smiths-kitchen-arya-nagar/info|8|Quick Bites|11am to 11pm(Mon-Sun)|Good|3.6|39
Mumbai Legacy|300|North Indian,Fast Food|Rajkot|Arya Nagar|https://www.zomato.com/rajkot/mumbai-legacy-arya-nagar/info|8|Quick Bites|12noon to 11pm(Mon-Sun)|Average|3.2|30
Mahakali  Bhel & Fast Food|200|Fast Food,Pizza|Rajkot|Kotecha Nagar|https://www.zomato.com/rajkot/mahakali-bhel-fast-food-1-kotecha-nagar/info|8|none|1145am to 1130pm(Mon-Sat),1145am to 1150pm(Sun)|Good|3.5|19
Tasty Surati Locho|100|North Indian|Rajkot|Kotecha Nagar|https://www.zomato.com/rajkot/tasty-surati-locho-kotecha-nagar/info|8|Quick Bites|830am to 230pm,5pm to 930pm(Mon-Sun)|Good|3.7|25
Bhagat Pavbhajiwala|300|Fast Food|Rajkot|Bhakti Nagar|https://www.zomato.com/rajkot/bhagat-pavbhajiwala-bhakti-nagar/info|8|Quick Bites|7pm to 11pm(Mon-Sun)|Good|3.5|29
Cake & Sweet|250|Bakery,Desserts|Rajkot|150 Feet Ring Road|https://www.zomato.com/rajkot/cake-sweet-150-feet-ring-road/info|8|Bakery|11am to 11pm(Mon-Sun)|Average|3.4|16
Shree Satya Vijay Patel Icecream|0|Ice Cream,Beverages|Rajkot|Bhakti Nagar|https://www.zomato.com/rajkot/shree-satya-vijay-patel-icecream-1-bhakti-nagar/info|8|Dessert Parlor|10am to 11pm(Mon-Sun)|Good|3.9|38
Michi's Restaurant|700|North Indian|Rajkot|Kotecha Nagar|https://www.zomato.com/rajkot/michis-restaurant-kotecha-nagar/info|8|Casual Dining|11am to 3pm,7pm to 11pm(Mon-Sun)|Good|3.7|48
Chai Junction|100|Tea,Fast Food|Rajkot|Kotecha Nagar|https://www.zomato.com/rajkot/chai-junction-kotecha-nagar/info|8|Quick Bites|8am to 1030pm(Mon-Sun)|Good|3.8|19
Hari Om Fastfood|250|Fast Food|Rajkot|Mota Mava|https://www.zomato.com/rajkot/hari-om-fastfood-mota-mava/info|8|Quick Bites|1130am to 11pm(Mon-Sun)|Good|3.8|38
Pride Delicious|250|Desserts,Bakery|Rajkot|Bhakti Nagar|https://www.zomato.com/rajkot/pride-delicious-bhakti-nagar/info|8|Bakery|9am to 10pm(Mon-Sun)|Good|3.7|30
Eat & Meet|300|Fast Food|Rajkot|Kotecha Nagar|https://www.zomato.com/rajkot/eat-meet-kotecha-nagar/info|9|Quick Bites|10am to 11pm(Mon-Sun)||NEW|NEW
Street Kitchen|300|North Indian,Chinese|Rajkot|Dr Yagnik Road|https://www.zomato.com/rajkot/street-kitchen-dr-yagnik-road/info|9|Quick Bites|11am to 230pm,7pm to 11pm(Mon-Sun)|Good|3.5|27
Kailash Farsan and Sweet Mart|200|Mithai|Rajkot|Kotecha Nagar|https://www.zomato.com/rajkot/kailash-farsan-and-sweet-mart-kotecha-nagar/info|9|Sweet Shop|7am to 10pm(Mon-Sun)|Average|3.4|10
Atul Ice Cream|300|Ice Cream|Rajkot|150 Feet Ring Road|https://www.zomato.com/rajkot/atul-ice-cream-150-feet-ring-road/info|9|Dessert Parlor|11am to 10pm(Mon-Sun)|Good|3.7|29
Woody Jhones Pizza|600|Pizza|Rajkot|Kotecha Nagar|https://www.zomato.com/rajkot/woody-jhones-pizza-kotecha-nagar/info|9|Quick Bites|11am to 11pm(Mon-Sun)|Average|3.4|27
Balaji Restaurant|250|Gujarati|Rajkot|Nana Mava|https://www.zomato.com/rajkot/balaji-restaurant-nana-mava/info|9|Casual Dining|12noon to 10pm(Mon-Sun)|Average|3.2|8
Jain Gathiya-Jalebi.Com|50|Mithai|Rajkot|150 Feet Ring Road|https://www.zomato.com/rajkot/jain-gathiya-jalebi-com-150-feet-ring-road/info|9|Quick Bites|11am to 10pm(Mon-Sun)|Good|3.5|22
Sagar Ghughra and Vadapav|100|Fast Food|Rajkot|Kotecha Nagar|https://www.zomato.com/rajkot/sagar-ghughra-and-vadapav-kotecha-nagar/info|9|Quick Bites|5pm to 9pm(Mon-Sun)|Good|3.5|21
Balaji Ghughra|100|Fast Food|Rajkot|Dr Yagnik Road|https://www.zomato.com/rajkot/balaji-ghughra-1-dr-yagnik-road/info|9|Quick Bites|5pm to 9pm(Mon-Sun)||NEW|NEW
Atul Icecream|250|Desserts,Ice Cream|Rajkot|Kotecha Nagar|https://www.zomato.com/rajkot/atul-icecream-kotecha-nagar/info|9|Dessert Parlor|10am to 12midnight(Mon,Tue,Thu,Fri,Sat,Sun)...|Good|3.6|23
Ankur Khaman House|250|Street Food|Rajkot|Dr Yagnik Road|https://www.zomato.com/rajkot/ankur-khaman-house-dr-yagnik-road/info|9|Quick Bites|9am to 3pm(Mon-Sun)|Good|3.6|14
Jamnagari Falooda|200|Desserts|Rajkot|Kotecha Nagar|https://www.zomato.com/rajkot/jamnagari-falooda-kotecha-nagar/info|9|Quick Bites|11am to 1pm,530pm to 1130pm(Mon-Sat),11am to ...|Good|3.5|27
Mor N Rich|200|Pizza,Ice Cream,Fast Food|Rajkot|Dr Yagnik Road|https://www.zomato.com/rajkot/mor-n-rich-dr-yagnik-road/info|9|Quick Bites|11am to 11pm(Mon-Sun)|Good|3.5|21
Das Surti Khaman|100|Gujarati|Rajkot|Kotecha Nagar|https://www.zomato.com/rajkot/das-surti-khaman-kotecha-nagar/info|9|Quick Bites|830am to 8pm(Mon-Sun)|Average|3.3|14
Chaikitli|300|Beverages,Cafe|Rajkot|Bhakti Nagar|https://www.zomato.com/rajkot/chaikitli-bhakti-nagar/info|9|none|10am to 10pm(Mon-Sun)||NEW|NEW
