NAME|PRICE|CUSINE_CATEGORY|CITY|REGION|URL|PAGE NO|CUSINE TYPE|TIMING|RATING_TYPE|RATING|VOTES
Saravana Parottas|300|Chettinad,South Indian|Salem|Alagapuram Pudur|https://www.zomato.com/salem/saravana-parottas-1-alagapuram-pudur/info|1|Casual Dining|11am to 11pm(Mon-Sun)|Good|3.7|37
11To11|250|Fast Food|Salem|Alagapuram Pudur|https://www.zomato.com/salem/11to11-alagapuram-pudur/info|1|Quick Bites|11am to 11pm(Mon-Sun)|Good|3.8|107
Rasikas Restaurant|400|South Indian,Fast Food|Salem|Alagapuram Pudur|https://www.zomato.com/salem/rasikas-restaurant-alagapuram-pudur/info|1|Casual Dining|11am to 11pm(Mon-Sun)|Good|3.9|93
AM Biryani|250|Biryani,North Indian,Chinese|Salem|Suramangalam|https://www.zomato.com/salem/am-biryani-suramangalam/info|1|Quick Bites|11am to 11pm(Mon-Sun)||NEW|NEW
Domino's Pizza|500|Pizza|Salem|Alagapuram Pudur|https://www.zomato.com/salem/dominos-pizza-alagapuram-pudur/info|1|Quick Bites|11am to 11pm(Mon-Sun)|Average|3.4|73
Palmyra|500|Arabian,Chinese,North Indian,South Indian|Salem|Suramangalam|https://www.zomato.com/salem/palmyra-suramangalam/info|1|Casual Dining|11am to 11pm(Mon-Sun)|Average|3.4|52
Hotel Junior Kuppanna|500|North Indian,Chinese,South Indian|Salem|Alagapuram Pudur|https://www.zomato.com/salem/hotel-junior-kuppanna-alagapuram-pudur/info|1|Casual Dining|11am to 4pm,630pm to 11pm(Mon-Sun)|Good|3.5|41
Mangala Vilas|300|Chettinad,South Indian|Salem|Alagapuram Pudur|https://www.zomato.com/salem/mangala-vilas-alagapuram-pudur/info|1|Quick Bites|8am to 4pm,6pm to 11pm(Mon-Sun)|Average|3.3|34
Cheesy Juicy Burgers|300|Burger|Salem|Alagapuram Pudur|https://www.zomato.com/salem/cheesy-juicy-burgers-alagapuram-pudur/info|1|Quick Bites|11am to 11pm(Mon-Sun)|Average|3.3|13
KFC|600|Fast Food|Salem|Shevapet|https://www.zomato.com/salem/kfc-shevapet/info|1|Quick Bites|11am to 11pm(Mon-Sun)|Average|3.4|101
Melange Restaurant & Cafe|700|North Indian,Fast Food,Chinese,Chettinad,Cafe|Salem|Alagapuram Pudur|https://www.zomato.com/salem/melange-restaurant-cafe-alagapuram-pudur/info|1|Casual Dining|11am to 11pm(Mon-Sun)|Average|3.4|37
Wangs Kitchen|600|Chinese|Salem|Alagapuram Pudur|https://www.zomato.com/salem/wangs-kitchen-alagapuram-pudur/info|1|Casual Dining|11am to 11pm(Mon-Sun)|Average|3.4|41
The French Loaf|500|Bakery|Salem|Alagapuram Pudur|https://www.zomato.com/salem/the-french-loaf-alagapuram-pudur/info|1|Bakery|8am to 11pm(Mon-Sun)|Average|3.3|24
Meat & Eat|300|Fast Food|Salem|Nirmal Skywin Shopping Mall-- Alagapuram Pudur|https://www.zomato.com/salem/meat-eat-alagapuram-pudur/info|1|Quick Bites|11am to 1030pm(Mon-Sun)|Good|3.5|33
Tandooriwala|500|Arabian,BBQ,Chinese,North Indian|Salem|Suramangalam|https://www.zomato.com/salem/tandooriwala-suramangalam/info|1|Casual Dining|12noon to 4pm,6pm to 11pm(Mon-Sun)|Average|3.4|51
Midtown Dhaba - Hotel LRN|500|South Indian,North Indian,Chinese|Salem|Hotel LRN-- Alagapuram Pudur|https://www.zomato.com/salem/midtown-dhaba-hotel-lrn-alagapuram-pudur/info|10|none|11am to 11pm(Mon-Sun)|Not rated|-|-
Palladam Chilli Chicken Chop|150|Street Food|Salem|Gugai|https://www.zomato.com/salem/palladam-chilli-chicken-chop-gugai/info|10|Quick Bites|5pm to 1030pm(Mon-Sun)||NEW|NEW
Adayrusi|250|BBQ,Cuisine Varies,Fast Food,South Indian,Street Food|Salem|Alagapuram Pudur|https://www.zomato.com/salem/adayrusi-alagapuram-pudur/info|10|Casual Dining|8am to 11am,6pm to 1030pm,1230pm to 3pm...||NEW|NEW
SuperDine|800|North Indian,South Indian|Salem|Suramangalam|https://www.zomato.com/salem/superdine-suramangalam/info|10|Casual Dining|7am to 11pm(Mon-Sun)||NEW|NEW
Cherry On Top|300|Bakery|Salem|Suramangalam|https://www.zomato.com/salem/cherry-on-top-suramangalam/info|10|Bakery|9am to 1030pm(Mon-Sun)|Not rated|-|-
Chennai Kulfi|250|Desserts,Ice Cream|Salem|Gugai|https://www.zomato.com/salem/chennai-kulfi-gugai/info|10|Dessert Parlor|11am to 11pm(Mon-Sun)|Not rated|-|-
Pearl Restaurant|550|Arabian,Chinese,South Indian|Salem|Alagapuram Pudur|https://www.zomato.com/salem/pearl-restaurant-alagapuram-pudur/info|10|Casual Dining|630am to 11pm(Mon-Sun)|Not rated|-|-
Delicacy Restaurant- Hotel LRN|0|South Indian,North Indian,Chinese|Salem|Hotel LRN-- Alagapuram Pudur|https://www.zomato.com/salem/delicacy-restaurant-hotel-lrn-alagapuram-pudur/info|10|Casual Dining|730am to 11pm(Mon-Sun)|Not rated|-|-
ChefB|200|Fast Food,Beverages,Juices|Salem|Shevapet|https://www.zomato.com/salem/chefb-1-shevapet/info|10|Quick Bites|1130am to 1030pm(Mon-Sun)||NEW|NEW
Pure Juice|250|Juices|Salem|Cross Town Eatery-- Narosthipatty|https://www.zomato.com/salem/pure-juice-narasothipatti/info|10|Beverage Shop|8am to 11pm(Mon-Sun)|Not rated|-|-
Hotel Ayothi Bhavan|300|South Indian|Salem|Alagapuram Pudur|https://www.zomato.com/salem/hotel-ayothi-bhavan-alagapuram-pudur/info|10|Quick Bites|7am to 11pm(Mon-Sun)||NEW|NEW
Deja Vu Restaurant|500|Continental,Chinese|Salem|Alagapuram Pudur|https://www.zomato.com/salem/deja-vu-restaurant-alagapuram-pudur/info|2|Casual Dining|11am to 11pm(Mon-Sun)|Good|3.5|44
Seasons  All Day Dining|1000|Chinese,Indian,North Indian,South Indian,Mexican|Salem|Grand Estancia-- Narsothipatty|https://www.zomato.com/salem/seasons-all-day-dining-narasothipatti/info|2|Casual Dining|24|Average|3.2|19
Adyar Anandha Bhavan|500|South Indian,North Indian,Chinese|Salem|Alagapuram Pudur|https://www.zomato.com/salem/adyar-anandha-bhavan-alagapuram-pudur/info|2|Casual Dining|7am to 11pm(Mon-Sun)|Average|3.4|45
Star Briyani|450|Biryani,Chinese,South Indian|Salem|Shevapet|https://www.zomato.com/salem/star-briyani-shevapet/info|2|Casual Dining|11am to 11pm(Mon-Sun)|Average|3.3|45
Anjappar Chettinadu Restaurant|600|South Indian,Asian,Chettinad|Salem|Alagapuram Pudur|https://www.zomato.com/salem/anjappar-chettinadu-restaurant-alagapuram-pudur/info|2|Casual Dining|11am to 11pm(Mon-Sun)|Average|3.3|24
Saffron|1000|Chinese,Continental,North Indian,Italian,South Indian|Salem|CJ Palazzio-- Suramangalam|https://www.zomato.com/salem/saffron-suramangalam/info|2|Fine Dining|6am to 530am(Mon-Sun)|Average|3.3|21
Long Live Pizza|350|Pizza|Salem|Alagapuram Pudur|https://www.zomato.com/salem/long-live-pizza-alagapuram-pudur/info|2|Quick Bites|11am to 11pm(Mon-Sun)|Average|3.3|31
Kokkarako Biriyani|200|Biryani|Salem|Seelanaickenpatti|https://www.zomato.com/salem/kokkarako-biriyani-seelanaickenpatti/info|2|Quick Bites|11am to 1030pm(Mon-Sun)|Average|3.2|53
Mangiamo - Sivaraj Holiday Inn|800|South Indian,North Indian,Chinese,Arabian|Salem|Sivaraj Holiday Inn-- Suramangalam|https://www.zomato.com/salem/mangiamo-sivaraj-holiday-inn-suramangalam/info|2|Casual Dining|7am to 11pm(Mon-Sun)|Average|3.3|20
Juice Mall|200|Cafe,Beverages|Salem|Gugai|https://www.zomato.com/salem/juice-mall-gugai/info|2|none|11am to 11pm(Mon-Sun)|Average|3.4|15
Polar Bear|300|Desserts,Ice Cream|Salem|Alagapuram Pudur|https://www.zomato.com/salem/polar-bear-alagapuram-pudur/info|2|Dessert Parlor|11am to 11pm(Mon-Sun)|Average|3.3|24
Super Star Pizza|500|Pizza|Salem|Alagapuram Pudur|https://www.zomato.com/salem/super-star-pizza-alagapuram-pudur/info|2|Quick Bites|11am to 1030pm(Mon-Fri),11am to 1045pm(Sat-Sun)|Average|3.3|18
Salem RR Biryani|300|Biryani|Salem|Reliance Mega Mall-- Alagapuram Pudur|https://www.zomato.com/salem/salem-rr-biryani-alagapuram-pudur/info|2|Quick Bites|11am to 10pm(Mon-Sun)|Good|3.6|77
Lakshmi Hotels|200|Biryani,Chinese,North Indian,South Indian|Salem|Gugai|https://www.zomato.com/salem/lakshmi-hotels-gugai/info|2|Quick Bites|7am to 11pm(Mon-Sun)||NEW|NEW
Lassi Shop|200|Beverages|Salem|Alagapuram Pudur|https://www.zomato.com/salem/lassi-shop-alagapuram-pudur/info|2|Beverage Shop|11am to 11pm(Mon-Sun)|Good|3.5|16
Vanakkam Punjab|350|North Indian|Salem|Alagapuram Pudur|https://www.zomato.com/salem/vanakkam-punjab-1-alagapuram-pudur/info|3|Casual Dining|24|Average|3.3|21
Henry & Wolsey|400|Bakery,Mithai|Salem|Shevapet|https://www.zomato.com/salem/henry-wolsey-shevapet/info|3|Bakery|8am to 10pm(Mon-Sun)|Good|3.5|41
Sai Annapoorna|250|South Indian|Salem|Reliance Mega Mall-- Alagapuram Pudur|https://www.zomato.com/salem/sai-annapoorna-alagapuram-pudur/info|3|Quick Bites|10am to 1030pm(Mon-Sun)|Average|3.4|16
Cream & Fudge|400|Desserts,Ice Cream|Salem|Alagapuram Pudur|https://www.zomato.com/salem/cream-fudge-alagapuram-pudur/info|3|Dessert Parlor|10am to 1130pm(Mon-Sun)|Good|3.6|15
Barbequeen Restaurant|300|South Indian,Biryani|Salem|Kitchipalayam|https://www.zomato.com/salem/barbequeen-restaurant-kitchipalayam/info|3|Quick Bites|11am to 11pm(Mon-Sun)|Average|3.2|15
Rathna Sweets|300|Mithai|Salem|Ammapet|https://www.zomato.com/salem/rathna-sweets-1-ammapet/info|3|Sweet Shop|9am to 1030pm(Mon-Sun)||NEW|NEW
Hotel Rajavirundhu|300|Arabian,Chinese,North Indian,South Indian|Salem|Ammapet|https://www.zomato.com/salem/hotel-rajavirundhu-ammapet/info|3|Quick Bites|12noon to 11pm(Mon-Sun)|Average|3.2|28
Foodbook|200|Cafe,Desserts,Fast Food|Salem|Alagapuram Pudur|https://www.zomato.com/salem/foodbook-alagapuram-pudur/info|3|Café|11am to 11pm(Mon-Sun)|Average|3.4|20
Sri Saivihar|400|South Indian,Chinese|Salem|Alagapuram Pudur|https://www.zomato.com/salem/sri-saivihar-alagapuram-pudur/info|3|Casual Dining|715am to 1015pm(Mon-Sun)|Good|3.8|40
Brewbakes|300|Cafe,Fast Food|Salem|Suramangalam|https://www.zomato.com/salem/brewbakes-suramangalam/info|3|Café|11am to 11pm(Mon-Sun)||NEW|NEW
Barbequeen Restaurant|500|Arabian,Chinese,North Indian,South Indian|Salem|Shevapet|https://www.zomato.com/salem/barbequeen-restaurant-shevapet/info|3|Casual Dining|11am to 11pm(Mon-Sun)|Average|3.3|19
Delhi Dharbar|300|South Indian,North Indian,Chinese,Seafood|Salem|Suramangalam|https://www.zomato.com/salem/delhi-dharbar-suramangalam/info|3|Casual Dining|1130am to 10pm(Mon-Sun)|Average|3.2|19
Dindigul Ponram Biryani|500|Biryani,Chettinad,South Indian|Salem|Shevapet|https://www.zomato.com/salem/dindigul-ponram-biryani-shevapet/info|3|Casual Dining|11am to 11pm(Mon-Sun)|Average|3.2|27
Yummyz|300|Fast Food|Salem|Alagapuram Pudur|https://www.zomato.com/salem/yummyz-1-alagapuram-pudur/info|3|Quick Bites|11am to 10pm(Mon-Sun)||NEW|NEW
Kulfi House|150|Desserts,Ice Cream|Salem|Alagapuram Pudur|https://www.zomato.com/salem/kulfi-house-1-alagapuram-pudur/info|3|Dessert Parlor|11am to 11pm(Mon-Sun)|Average|3.3|9
Y Not Sandwich|300|Fast Food|Salem|Suramangalam|https://www.zomato.com/salem/y-not-sandwich-suramangalam/info|4|Quick Bites|11am to 11pm(Mon-Sun)|Average|3.3|14
Vaishno Punjabi Dhaba|150|North Indian|Salem|Alagapuram Pudur|https://www.zomato.com/salem/vaishno-punjabi-dhaba-alagapuram-pudur/info|4|Dhaba|(Mon-Sun)||NEW|NEW
Shri Gupta Sweets|200|Street Food,Sandwich,Mithai,North Indian|Salem|Shevapet|https://www.zomato.com/salem/shri-gupta-sweets-shevapet/info|4|Sweet Shop|7am to 10pm(Mon-Sun)|Good|3.7|29
ibaco|200|Desserts,Ice Cream|Salem|Alagapuram Pudur|https://www.zomato.com/salem/ibaco-alagapuram-pudur/info|4|Dessert Parlor|11am to 11pm(Mon-Sun)|Average|3.3|12
Hotel Sarathy|200|South Indian|Salem|Alagapuram Pudur|https://www.zomato.com/salem/hotel-sarathy-alagapuram-pudur/info|4|Quick Bites|630am to 10pm(Mon-Sun)|Good|3.6|27
Tempteys|350|Desserts|Salem|Alagapuram Pudur|https://www.zomato.com/salem/tempteys-1-alagapuram-pudur/info|4|Dessert Parlor|11am to 11pm(Mon-Sun)|Average|3.3|8
EEET|300|Arabian,Afghan|Salem|Alagapuram Pudur|https://www.zomato.com/salem/eeet-alagapuram-pudur/info|4|Casual Dining|11am to 11pm(Mon-Sun)|Good|3.6|9
Hotel Sree Anandha Bhavan|350|South Indian,Chinese|Salem|Suramangalam|https://www.zomato.com/salem/hotel-sree-anandha-bhavan-suramangalam/info|4|Casual Dining|630am to 11pm(Mon-Sun)|Average|3.3|13
AMR hotel|400|Cuisine Varies|Salem|Alagapuram Pudur|https://www.zomato.com/salem/amr-hotel-alagapuram-pudur/info|4|none||Average|3.4|24
UBQ By Barbeque Nation|500|North Indian,BBQ,Kebab|Salem|Alagapuram Pudur|https://www.zomato.com/salem/ubq-by-barbeque-nation-alagapuram-pudur/info|4|none|2pm to 330pm,630pm to 1030pm(Mon-Sun)||NEW|NEW
The Ice Cream Cart|200|Ice Cream,Fast Food|Salem|Alagapuram Pudur|https://www.zomato.com/salem/the-ice-cream-cart-alagapuram-pudur/info|4|Dessert Parlor|11am to 1030pm(Mon-Sun)|Average|3.4|8
Chick Blast|300|Fast Food|Salem|Alagapuram Pudur|https://www.zomato.com/salem/chick-blast-alagapuram-pudur/info|4|Quick Bites|1130am to 10pm(Mon-Sun)|Average|3.4|22
Eggsclusive|100|Fast Food|Salem|Alagapuram Pudur|https://www.zomato.com/salem/eggsclusive-alagapuram-pudur/info|4|Quick Bites|11am to 10pm(Mon-Sun)||NEW|NEW
PurpleBasil|500|Healthy Food,Continental,Mediterranean,American,Vietnamese,Middle Eastern,Desserts|Salem|Alagapuram Pudur|https://www.zomato.com/salem/purplebasil-alagapuram-pudur/info|4|Casual Dining|Closed(Mon),1130am to 4pm,7pm to 11pm(Tue-Sun)|Average|3.2|8
Take Away Briyani|250|Biryani|Salem|Alagapuram Pudur|https://www.zomato.com/salem/take-away-briyani-alagapuram-pudur/info|4|Quick Bites|1130am to 4pm(Mon-Sun)|Good|3.5|14
Diet Kitchen|300|South Indian|Salem|Alagapuram Pudur|https://www.zomato.com/salem/diet-kitchen-alagapuram-pudur/info|5|Casual Dining|730am to 930pm(Mon-Sat),730am to 945pm(Sun)|Good|3.5|18
Blasta Cakery|250|Bakery,Fast Food|Salem|Periyakollappatty|https://www.zomato.com/salem/blasta-cakery-periyakollappatty/info|5|Bakery|10am to 10pm(Mon-Sun)|Average|3.3|14
Lishanth Biryani hotel|150|Biryani|Salem|Ammapet|https://www.zomato.com/salem/lishanth-biryani-hotel-ammapet/info|5|Casual Dining|(Mon-Sun)||NEW|NEW
Errol's- Kabab|200|Cuisine Varies|Salem|Alagapuram Pudur|https://www.zomato.com/salem/errols-kabab-alagapuram-pudur/info|5|none|(Mon-Sun)|Average|3.3|14
U & Me|250|Beverages|Salem|Alagapuram Pudur|https://www.zomato.com/salem/u-me-alagapuram-pudur/info|5|Beverage Shop|(Mon-Sun)|Average|3.3|15
RFC Family Restaurant|300|Chettinad,Chinese,North Indian,South Indian|Salem|Gugai|https://www.zomato.com/salem/rfc-family-restaurant-gugai/info|5|Quick Bites|(Mon-Sun)||NEW|NEW
Cinnamon - Kitchens Of India|1200|Chettinad,South Indian,North Indian|Salem|Grand Estancia-- Narsothipatty|https://www.zomato.com/salem/cinnamon-kitchens-of-india-1-narasothipatti/info|5|Casual Dining|1230pm to 330pm,7pm to 11pm(Mon-Sun)|Average|3.2|11
Shri Gupta Sweets|250|South Indian,Mithai,North Indian|Salem|Suramangalam|https://www.zomato.com/salem/shri-gupta-sweets-suramangalam/info|5|Quick Bites|6am to 10pm(Mon-Sun)|Good|3.6|14
Hotel Sri Annapoorna|200|South Indian|Salem|Alagapuram Pudur|https://www.zomato.com/salem/hotel-sri-annapoorna-alagapuram-pudur/info|5|Casual Dining|6am to 10pm(Mon-Sun)|Average|3.3|14
Shri's Bistro|300|Cafe|Salem|Suramangalam|https://www.zomato.com/salem/shris-bistro-suramangalam/info|5|Café|11am to 11pm(Mon-Sun)|Average|3.2|14
Sai fast food|250|Fast Food|Salem|Kannankurichi|https://www.zomato.com/salem/sai-fast-food-kannankurichi/info|5|Casual Dining|(Mon-Sun)|Good|3.5|9
Foodies|300|Chinese|Salem|Reliance Mega Mall-- Alagapuram Pudur|https://www.zomato.com/salem/foodies-alagapuram-pudur/info|5|Quick Bites|11am to 10pm(Mon-Sun)|Average|3.4|11
Shangeetha Mess|200|South Indian|Salem|Alagapuram Pudur|https://www.zomato.com/salem/shangeetha-mess-alagapuram-pudur/info|5|none|12noon to 4pm(Mon-Sat),Closed(Sun)|Average|3.3|8
Frizz Stone|250|Desserts,Ice Cream|Salem|Alagapuram Pudur|https://www.zomato.com/salem/frizz-stone-alagapuram-pudur/info|5|Dessert Parlor|11am to 11pm(Mon-Sun)|Average|3.3|13
Shri Gupta Sweets|250|South Indian,North Indian|Salem|Shevapet|https://www.zomato.com/salem/shri-gupta-sweets-2-shevapet/info|5|Casual Dining|(Mon-Sun)|Average|3.2|6
Burmy Food|200|Burmese,Healthy Food|Salem|Alagapuram Pudur|https://www.zomato.com/salem/burmy-food-alagapuram-pudur/info|6|Quick Bites|5pm to 10pm(Mon-Sun)||NEW|NEW
Mangala Vilas Chinese Restaurant|300|Chinese,North Indian,South Indian|Salem|Alagapuram Pudur|https://www.zomato.com/salem/mangala-vilas-chinese-restaurant-alagapuram-pudur/info|6|Fine Dining|(Mon-Sun)|Not rated|-|-
Rewind|300|Cafe|Salem|Reliance Mega Mall-- Alagapuram Pudur|https://www.zomato.com/salem/rewind-alagapuram-pudur/info|6|Café|11am to 930pm(Mon-Sun)|Good|3.5|7
Srivari Hotel|250|South Indian|Salem|Gugai|https://www.zomato.com/salem/srivari-hotel-gugai/info|6|Quick Bites|(Mon-Sun)|Average|3.2|7
Shri Boom|200|Desserts|Salem|Gorimedu|https://www.zomato.com/salem/shri-boom-gorimedu/info|6|Dessert Parlor|11am to 10pm(Mon-Sun)|Not rated|-|-
Shri Gupta Sweets|250|South Indian|Salem|Seelanaickenpatti|https://www.zomato.com/salem/shri-gupta-sweets-seelanaickenpatti/info|6|Sweet Shop|(Mon-Sun)|Not rated|-|-
F2 Food Factory|200|Fast Food|Salem|Gugai|https://www.zomato.com/salem/f2-food-factory-gugai/info|6|Casual Dining|(Mon-Sun)|Average|3.2|4
Jhiv Ras Happiness Food|300|Healthy Food|Salem|Gorimedu|https://www.zomato.com/salem/jhiv-ras-happiness-food-gorimedu/info|6|Beverage Shop||Not rated|-|-
Jack N Wenk|200|Beverages|Salem|Alagapuram Pudur|https://www.zomato.com/salem/jack-n-wenk-alagapuram-pudur/info|6|Beverage Shop|(Mon-Sun)||NEW|NEW
Frozen Hub|200|Beverages,Desserts,Ice Cream|Salem|Alagapuram Pudur|https://www.zomato.com/salem/frozen-hub-alagapuram-pudur/info|6|Dessert Parlor|11am to 11pm(Mon-Sun)|Average|3.3|8
Seakings|350|Ice Cream|Salem|Nirmal Skywin Shopping Mall-- Alagapuram Pudur|https://www.zomato.com/salem/seakings-alagapuram-pudur/info|6|Dessert Parlor|11am to 10pm(Mon-Sun)|Average|3.2|4
Mangala Vilas|250|South Indian|Salem|Gugai|https://www.zomato.com/salem/mangala-vilas-gugai/info|6|Casual Dining|730am to 9pm(Mon-Sun)||NEW|NEW
Shri Gupta Sweets|250|South Indian,Mithai|Salem|Gugai|https://www.zomato.com/salem/shri-gupta-sweets-gugai/info|6|Sweet Shop|(Mon-Sun)|Not rated|-|-
Sri Vishnu Sweets|200|Fast Food,Mithai|Salem|Alagapuram Pudur|https://www.zomato.com/salem/sri-vishnu-sweets-alagapuram-pudur/info|6|Sweet Shop|(Mon-Sun)|Not rated|-|-
Shri's Cake Zone|300|Bakery|Salem|Alagapuram Pudur|https://www.zomato.com/salem/shris-cake-zone-alagapuram-pudur/info|6|Bakery|11am to 930pm(Mon-Sun)|Not rated|-|-
Roll n Chill|250|Beverages,Fast Food|Salem|Alagapuram Pudur|https://www.zomato.com/salem/roll-n-chill-alagapuram-pudur/info|7|Quick Bites|930am to 10pm(Mon-Sun)|Not rated|-|-
Quality Foods|200|South Indian,Bakery|Salem|Kitchipalayam|https://www.zomato.com/salem/quality-foods-kitchipalayam/info|7|Bakery|11am to 9pm(Mon-Sun)||NEW|NEW
Anjappar Chettinad Restaurant|500|South Indian,North Indian|Salem|Seelanaickenpatti|https://www.zomato.com/salem/anjappar-chettinad-restaurant-seelanaickenpatti/info|7|Quick Bites|(Mon-Sun)||NEW|NEW
Salem Sherif Biriyani|300|Biryani,Chinese|Salem|Suramangalam|https://www.zomato.com/salem/salem-sherif-biriyani-suramangalam/info|7|Quick Bites|11am to 11pm(Mon-Sun)|Average|3.2|12
tempteys|350|South Indian,North Indian,Indian,Juices|Salem|Alagapuram Pudur|https://www.zomato.com/salem/tempteys-alagapuram-pudur/info|7|Casual Dining|(Mon-Sun)|Not rated|-|-
SREE Anandha Bhavan|200|South Indian,Chinese|Salem|Suramangalam|https://www.zomato.com/salem/sree-anandha-bhavan-suramangalam/info|7|Casual Dining|7am to 10pm(Mon-Sun)||NEW|NEW
pohieer kulfi|150|Desserts|Salem|Suramangalam|https://www.zomato.com/salem/pohieer-kulfi-suramangalam/info|7|Dessert Parlor|(Mon-Sun)|Not rated|-|-
Peppermint|250|Fast Food,Street Food,Beverages|Salem|Alagapuram Pudur|https://www.zomato.com/salem/peppermint-alagapuram-pudur/info|7|Quick Bites|1130am to 3pm(Mon,Thu,Fri,Sun),Closed...||NEW|NEW
Shri's Truffle|200|Bakery,Beverages|Salem|Alagapuram Pudur|https://www.zomato.com/salem/shris-truffle-alagapuram-pudur/info|7|Bakery|11am to 10pm(Mon-Sun)|Not rated|-|-
Sandwich Square|250|Sandwich|Salem|Alagapuram Pudur|https://www.zomato.com/salem/sandwich-square-alagapuram-pudur/info|7|Quick Bites|11am to 11pm(Mon-Sun)|Good|3.5|7
Thanjai Olive Sutta Kozhi|250|BBQ|Salem|Gugai|https://www.zomato.com/salem/thanjai-olive-sutta-kozhi-gugai/info|7|Casual Dining||Not rated|-|-
Tredy Foods|200|Mithai|Salem|Kitchipalayam|https://www.zomato.com/salem/tredy-foods-kitchipalayam/info|7|Quick Bites|(Mon-Sun)||NEW|NEW
Shri Gupta Sweets|250|South Indian,Indian|Salem|Shevapet|https://www.zomato.com/salem/shri-gupta-sweets-1-shevapet/info|7|Casual Dining|(Mon-Sun)|Not rated|-|-
SVSM|200|North Indian,Fast Food|Salem|Shevapet|https://www.zomato.com/salem/svsm-shevapet/info|7|none|12noon to 8pm(Mon-Sun)||NEW|NEW
BBQ Ride India|400|BBQ|Salem|Alagapuram Pudur|https://www.zomato.com/salem/bbq-ride-india-alagapuram-pudur/info|7|none|6pm to 11pm(Mon-Sun)||NEW|NEW
Thancos Natural Icecream|300|Desserts,Ice Cream|Salem|Alagapuram Pudur|https://www.zomato.com/salem/thancos-natural-icecream-alagapuram-pudur/info|8|Dessert Parlor|1030am to 1130pm(Mon-Sun)|Average|3.2|7
Shanmuga Vilas|700|North Indian|Salem|Seelanaickenpatti|https://www.zomato.com/salem/shanmuga-vilas-seelanaickenpatti/info|8|Quick Bites|1145am to 330pm,630pm to 1030pm(Mon-Sun)|Not rated|-|-
Madurai Jigarthanda|200|Beverages,Desserts|Salem|Suramangalam|https://www.zomato.com/salem/madurai-jigarthanda-suramangalam/info|8|Beverage Shop|1030am to 11pm(Mon-Sun)|Average|3.2|5
The Royal Treat|500|North Indian,Chinese|Salem|Alagapuram Pudur|https://www.zomato.com/salem/the-royal-treat-alagapuram-pudur/info|8|none|1130am to 330pm,7pm to 11pm(Mon-Sun)|Average|3.2|4
Bombay Kulfi|300|Desserts,Ice Cream|Salem|Alagapuram Pudur|https://www.zomato.com/salem/bombay-kulfi-alagapuram-pudur/info|8|Dessert Parlor|11am to 11pm(Mon-Sun)|Good|3.6|5
Crescendo|600|Fast Food|Salem|Seelanaickenpatti|https://www.zomato.com/salem/crescendo-seelanaickenpatti/info|8|Quick Bites|1145am to 330pm,630pm to 1030pm(Mon-Sun)|Not rated|-|-
Sri Vinayaga Fast Food|150|Chinese|Salem|Ammapet|https://www.zomato.com/salem/sri-vinayaga-fast-food-ammapet/info|8|Casual Dining|1pm to 11pm(Mon-Sun)||NEW|NEW
Madurai Jigarthanda|250|Desserts,Ice Cream|Salem|Shevapet|https://www.zomato.com/salem/madurai-jigarthanda-shevapet/info|8|Dessert Parlor|1030am to 11pm(Mon-Sun)|Average|3.3|4
Moddy's|200|Desserts|Salem|Alagapuram Pudur|https://www.zomato.com/salem/moddys-alagapuram-pudur/info|8|Quick Bites|11am to 1030pm(Mon-Sun)|Average|3.2|5
Eatz Corner|200|Desserts,Ice Cream|Salem|Kandaswarna Shopping Mall-- Alagapuram Pudur|https://www.zomato.com/salem/eatz-corner-alagapuram-pudur/info|8|Dessert Parlor|8am to 11pm(Mon-Sun)||NEW|NEW
Shahi Barbeque Express|250|BBQ,Kebab|Salem|Gugai|https://www.zomato.com/salem/shahi-barbeque-express-gugai/info|8|none|630pm to 1030pm(Mon-Sun)||NEW|NEW
Thaara Foods|200|South Indian,Chettinad|Salem|Narasothipatti|https://www.zomato.com/salem/thaara-foods-1-narasothipatti/info|8|none|8am to 11pm(Mon-Sun)|Not rated|-|-
Ensuvai - Multi Cuisine Restaurant|800|Chinese,South Indian|Salem|Hotel Windsor Castle-- Alagapuram Pudur|https://www.zomato.com/salem/ensuvai-multi-cuisine-restaurant-alagapuram-pudur/info|8|Casual Dining|730am to 1030am,12noon to 3pm,7pm to 11pm...|Not rated|-|-
Kulfi House|150|Desserts,Ice Cream|Salem|Alagapuram Pudur|https://www.zomato.com/salem/kulfi-house-alagapuram-pudur/info|8|Dessert Parlor|11am to 11pm(Mon-Sun)|Average|3.2|7
BBQ Ride India|200|Fast Food,BBQ|Salem|Suramangalam|https://www.zomato.com/salem/bbq-ride-india-suramangalam/info|8|Quick Bites|6pm to 1030pm(Mon-Sun)|Not rated|-|-
Mumbai Kulfi|250|Desserts,Ice Cream|Salem|Suramangalam|https://www.zomato.com/salem/mumbai-kulfi-suramangalam/info|9|Dessert Parlor|12noon to 1130pm(Mon-Sun)|Average|3.3|4
Ice Cream Land Classic|150|Juices,Cafe,Beverages|Salem|Ammapet|https://www.zomato.com/salem/ice-cream-land-classic-ammapet/info|9|none|10am to 1030pm(Mon-Sun)|Not rated|-|-
Coffee Culture|500|Cafe|Salem|Suramangalam|https://www.zomato.com/salem/coffee-culture-suramangalam/info|9|Café|6am to 530am(Mon-Sun)|Not rated|-|-
Fresh N cut BBQ Grill Hut|200|BBQ|Salem|Suramangalam|https://www.zomato.com/salem/fresh-n-cut-bbq-grill-hut-suramangalam/info|9|Casual Dining|6pm to 1030pm(Mon-Sun)|Not rated|-|-
A Village The Family Restaurant|500|South Indian,North Indian,Chinese|Salem|Shevapet|https://www.zomato.com/salem/a-village-the-family-restaurant-shevapet/info|9|none|11am to 11pm(Mon-Sun)|Not rated|-|-
Grills & Flames|550|Arabian,Chinese,Indian|Salem|Suramangalam|https://www.zomato.com/salem/grills-flames-suramangalam/info|9|Casual Dining|7pm to 11pm(Mon-Sun)|Not rated|-|-
Hotel Chellamma|400|South Indian|Salem|Narasothipatti|https://www.zomato.com/salem/hotel-chellamma-narasothipatti/info|9|Quick Bites|11am to 11pm(Mon-Sun)||NEW|NEW
Scoope Ice Cream|300|Desserts,Ice Cream|Salem|Alagapuram Pudur|https://www.zomato.com/salem/scoope-ice-cream-alagapuram-pudur/info|9|Dessert Parlor|11am to 1030pm(Mon-Sun)|Not rated|-|-
Popos Highlight|300|Fast Food|Salem|Ariyanur|https://www.zomato.com/salem/popos-highlight-ariyanur/info|9|Quick Bites|11am to 11pm(Mon-Sun)|Not rated|-|-
90's Bouffage|500|Arabian,South Indian|Salem|Alagapuram Pudur|https://www.zomato.com/salem/90s-bouffage-alagapuram-pudur/info|9|Quick Bites|11am to 1030pm(Mon-Sun)||NEW|NEW
Thalluvandi|300|Fast Food|Salem|Alagapuram Pudur|https://www.zomato.com/salem/thalluvandi-alagapuram-pudur/info|9|Quick Bites|12noon to 11pm(Mon-Sun)|Not rated|-|-
Hotel Sai Lakshmi|200|South Indian,Chinese|Salem|Suramangalam|https://www.zomato.com/salem/hotel-sai-lakshmi-suramangalam/info|9|Quick Bites|6am to 1030pm(Mon-Sun)||NEW|NEW
Star Biryani|250|Biryani|Salem|Kondalampatti|https://www.zomato.com/salem/star-biryani-kondalampatti/info|9|Quick Bites|11am to 11pm(Mon-Sun)|Not rated|-|-
Tandoori Tonight|500|BBQ,Chinese,Indian|Salem|Cross Town Eatery-- Narosthipatty|https://www.zomato.com/salem/tandoori-tonight-narasothipatti/info|9|Casual Dining|12noon to 4pm,8pm to 11pm(Mon-Sun)|Not rated|-|-
Rewind Cafe|200|Street Food|Salem|Alagapuram Pudur|https://www.zomato.com/salem/rewind-cafe-1-alagapuram-pudur/info|9|Quick Bites|11am to 11pm(Mon-Sun)|Not rated|-|-
