NAME|PRICE|CUSINE_CATEGORY|CITY|REGION|URL|PAGE NO|CUSINE TYPE|TIMING|RATING_TYPE|RATING|VOTES
Sher-E-Punjab Restaurant|600|North Indian,Chinese,Biryani,Bengali,Seafood,Fast Food,Desserts,Beverages|Siliguri|Pradhan Nagar|https://www.zomato.com/siliguri/sher-e-punjab-restaurant-pradhan-nagar/info|1|Casual Dining|11am to 12midnight(Mon),24|Very Good|4.1|133
Dhaba By Amber|900|North Indian,Chinese,Biryani|Siliguri|Khalpara|https://www.zomato.com/siliguri/dhaba-by-amber-khalpara/info|1|Bar|11am to 1045am(Mon-Sun)|Excellent|4.8|206
Punjabi Kadhai|750|North Indian,Beverages,Chinese,Continental,Healthy Food|Siliguri|Janta Nagar|https://www.zomato.com/siliguri/punjabi-kadhai-1-janta-nagar/info|1|Bar|10am to 11pm(Mon-Sun)|Excellent|4.5|144
Cafe Bohemia|500|Cafe|Siliguri|Janta Nagar|https://www.zomato.com/siliguri/cafe-bohemia-janta-nagar/info|1|Café|11am to 11pm(Mon-Sun)|Good|3.8|53
Love 2 Juice|100|Juices,Desserts|Siliguri|Khalpara|https://www.zomato.com/siliguri/love-2-juice-khalpara/info|1|Beverage Shop|11am to 11pm(Mon-Sun)|Very Good|4.2|46
Worth The Hype|700|Chinese,Italian,Continental,Lebanese|Siliguri|Bankim Nagar|https://www.zomato.com/siliguri/worth-the-hype-bankim-nagar/info|1|Casual Dining|12noon to 12midnight(Mon-Sun)|Very Good|4.2|46
Sarada Biriyani House|300|Biryani,Chinese,Tibetan|Siliguri|Pradhan Nagar|https://www.zomato.com/siliguri/sarada-biriyani-house-pradhan-nagar/info|1|Casual Dining|11am to 11pm(Mon-Sun)|Very Good|4.2|219
Domino's Pizza|700|Pizza,Fast Food|Siliguri|Khalpara|https://www.zomato.com/siliguri/dominos-pizza-khalpara/info|1|Quick Bites|11am to 11pm(Mon-Sun)|Very Good|4.0|154
Sagar Family Restaurant|600|North Indian,Continental,Chinese|Siliguri|Bankim Nagar|https://www.zomato.com/siliguri/sagar-family-restaurant-bankim-nagar/info|1|Casual Dining|10am to 11pm(Mon,Tue,Wed,Fri,Sat,Sun),11am...|Very Good|4.0|137
KFC|450|Fast Food|Siliguri|Janta Nagar|https://www.zomato.com/siliguri/kfc-janta-nagar/info|1|Quick Bites|11am to 11pm(Mon-Sun)|Very Good|4.3|127
Half Full|1000|Chinese,Italian,Mexican,North Indian,Pizza|Siliguri|Bankim Nagar|https://www.zomato.com/siliguri/half-full-bankim-nagar/info|1|Bar|12noon to 12midnight(Mon-Sun)|Excellent|4.6|207
Paul Restaurant|600|Bengali,Biryani,Chinese,North Indian,Fast Food|Siliguri|Janta Nagar|https://www.zomato.com/siliguri/paul-restaurant-janta-nagar/info|1|Casual Dining|8am to 11pm(Mon-Sun)|Good|3.7|101
Zaika Biryani|350|Biryani,Rolls|Siliguri|Khalpara|https://www.zomato.com/siliguri/zaika-biryani-khalpara/info|1|Quick Bites|11am to 11pm(Mon-Sun)|Very Good|4.3|160
KFC|700|Fast Food|Siliguri|Patiram Jote|https://www.zomato.com/siliguri/kfc-patiram-jote/info|1|Quick Bites|11am to 11pm(Mon-Sun)|Good|3.9|68
Bedween|300|North Indian,Biryani,Rolls|Siliguri|Janta Nagar|https://www.zomato.com/siliguri/bedween-janta-nagar/info|1|Quick Bites|1230pm to 1030pm(Mon-Sun)|Good|3.8|52
Coconut - South Indian Cuisine|300|South Indian|Siliguri|Janta Nagar|https://www.zomato.com/siliguri/coconut-south-indian-cuisine-janta-nagar/info|10|Quick Bites|11am to 11pm(Mon-Sun)||NEW|NEW
The Temperature|800|North Indian,Chinese|Siliguri|Bankim Nagar|https://www.zomato.com/siliguri/the-temperature-bankim-nagar/info|10|Casual Dining|1pm to 1030pm(Mon-Sun)|Average|2.8|6
Gladly Bengali|400|Bengali|Siliguri|Khalpara|https://www.zomato.com/siliguri/gladly-bengali-khalpara/info|10|Quick Bites|11am to 11pm(Mon-Sun)|Average|2.7|9
Minarva Restaurant|1200|Chinese,South Indian|Siliguri|Pradhan Nagar|https://www.zomato.com/siliguri/minarva-restaurant-pradhan-nagar/info|10|Bar|10am to 12midnight(Mon-Sun)|Not rated|-|-
Bang Onn|700|North Indian,Chinese,Italian,Continental|Siliguri|Bankim Nagar|https://www.zomato.com/siliguri/bang-onn-bankim-nagar/info|10|Casual Dining|12noon to 11pm(Mon-Sun)|Average|3.2|9
Bawarchi Restaurant|900|North Indian,South Indian,Chinese,Bengali|Siliguri|Pradhan Nagar|https://www.zomato.com/siliguri/bawarchi-restaurant-pradhan-nagar/info|10|Casual Dining|11am to 11pm(Mon-Sun)|Not rated|-|-
Sarada Hotel & Restaurant|200|North Indian,Fast Food,South Indian,Chinese|Siliguri|Khalpara|https://www.zomato.com/siliguri/sarada-hotel-restaurant-khalpara/info|10|Quick Bites|12noon to 1030pm(Mon-Sun)|Average|3.1|5
Delicious Restaurant|300|North Indian,Chinese|Siliguri|Hatiadanga|https://www.zomato.com/siliguri/delicious-restaurant-hatiadanga/info|10|Quick Bites|11am to 1030pm(Mon,Tue,Wed,Fri,Sat,Sun),2pm...||NEW|NEW
Happy Mugs|250|Cafe,Fast Food|Siliguri|Janta Nagar|https://www.zomato.com/siliguri/happy-mugs-janta-nagar/info|10|Café|11am to 11pm(Mon-Sun)|Average|3.1|8
Apple Garden Club|600|North Indian,Chinese|Siliguri|Bankim Nagar|https://www.zomato.com/siliguri/apple-garden-club-bankim-nagar/info|10|Dhaba|12noon to 11pm(Mon-Sun)|Average|3.1|8
Gopal Pera Bhandar|200|Mithai|Siliguri|Khalpara|https://www.zomato.com/siliguri/gopal-pera-bhandar-khalpara/info|10|Quick Bites|11am to 11pm(Mon-Sun)|Average|3.2|6
Lee Chinese Restaurant|400|Chinese|Siliguri|Khalpara|https://www.zomato.com/siliguri/lee-chinese-restaurant-khalpara/info|10|Quick Bites|11am to 11pm(Mon-Sun)|Average|3.1|5
Amilo|1500|North Indian,Chinese,Continental|Siliguri|Bankim Nagar|https://www.zomato.com/siliguri/amilo-bankim-nagar/info|10|Bar|5pm to 11pm(Mon-Sun)||NEW|NEW
Hotel Mayor Restaurant|800|North Indian,South Indian,Chinese|Siliguri|Khalpara|https://www.zomato.com/siliguri/hotel-mayor-restaurant-khalpara/info|10|Casual Dining|1130am to 1030pm(Mon-Sun)|Average|3.2|6
Bakers Village|400|Bakery|Siliguri|Bankim Nagar|https://www.zomato.com/siliguri/bakers-village-bankim-nagar/info|10|Bakery|11am to 11pm(Mon-Sun)|Not rated|-|-
Ghar Ki Rasoi|200|North Indian|Siliguri|Khalpara|https://www.zomato.com/siliguri/ghar-ki-rasoi-khalpara/info|11|Quick Bites|11am to 11pm(Mon-Sun)|Not rated|-|-
Sizzling Sizzler|600|Continental|Siliguri|Bankim Nagar|https://www.zomato.com/siliguri/sizzling-sizzler-bankim-nagar/info|11|Quick Bites|11am to 11pm(Mon-Sun)||NEW|NEW
Icy Hot|400|Desserts|Siliguri|Janta Nagar|https://www.zomato.com/siliguri/icy-hot-janta-nagar/info|11|Dessert Parlor|12noon to 1030pm(Mon-Sun)|Average|2.9|4
Spice Restaurant By Hotel Malisca|750|North Indian,Chinese,South Indian|Siliguri|Bankim Nagar|https://www.zomato.com/siliguri/spice-restaurant-by-hotel-malisca-bankim-nagar/info|11|Casual Dining|11am to 11pm(Mon-Sun)|Not rated|-|-
Lazeez Restaurant|300|North Indian|Siliguri|Bankim Nagar|https://www.zomato.com/siliguri/lazeez-restaurant-bankim-nagar/info|11|none|11am to 11pm(Mon-Sun)|Not rated|-|-
Hongkong Momo's|200|Momos|Siliguri|Khalpara|https://www.zomato.com/siliguri/hongkong-momos-khalpara/info|11|Quick Bites|11am to 11pm(Mon-Sun)|Not rated|-|-
New Sikkim Restaurant|500|North Indian,Chinese|Siliguri|Bankim Nagar|https://www.zomato.com/siliguri/new-sikkim-restaurant-bankim-nagar/info|11|Casual Dining|11am to 11pm(Mon-Sun)|Not rated|-|-
The Paan Palace|100|Paan|Siliguri|Khalpara|https://www.zomato.com/siliguri/the-paan-palace-khalpara/info|11|Quick Bites|11am to 11pm(Mon-Sun)|Not rated|-|-
Herbs|650|North Indian,Chinese,Continental|Siliguri|Bankim Nagar|https://www.zomato.com/siliguri/herbs-bankim-nagar/info|11|Casual Dining|1130am to 11pm(Mon-Sun)|Not rated|-|-
Amrapali|1500|North Indian,Chinese,Portuguese,Continental|Siliguri|Bankim Nagar|https://www.zomato.com/siliguri/amrapali-bankim-nagar/info|11|Casual Dining|11am to 11pm(Mon-Sun)|Not rated|-|-
Hidden Dragon - Chinese Cuisine|400|Chinese|Siliguri|Bankim Nagar|https://www.zomato.com/siliguri/hidden-dragon-chinese-cuisine-bankim-nagar/info|11|Quick Bites|11am to 11pm(Mon-Sun)||NEW|NEW
Spice Garden|300|North Indian|Siliguri|Janta Nagar|https://www.zomato.com/siliguri/spice-garden-janta-nagar/info|11|Quick Bites|10am to 11pm(Mon-Sun)|Not rated|-|-
Hotel Food Plaza|200|Chinese,Bengali|Siliguri|Pradhan Nagar|https://www.zomato.com/siliguri/hotel-food-plaza-pradhan-nagar/info|11|Quick Bites|11am to 11pm(Mon-Sun)|Not rated|-|-
Fresh and Fine Fast Food Center|250|Street Food,Chinese|Siliguri|Khalpara|https://www.zomato.com/siliguri/fresh-and-fine-fast-food-center-khalpara/info|11|Quick Bites|11am to 11pm(Mon-Sun)|Not rated|-|-
Aalishan Biriyani|200|Biryani|Siliguri|Dabgram|https://www.zomato.com/siliguri/aalishan-biriyani-dabgram/info|11|Quick Bites|12noon to 11pm(Mon-Sun)|Not rated|-|-
Mughal's|500|North Indian,Mughlai|Siliguri|Bankim Nagar|https://www.zomato.com/siliguri/mughals-bankim-nagar/info|12|Casual Dining|530pm to 11pm(Mon-Sun)|Not rated|-|-
Prantika Biryani House|500|Biryani,Fast Food,Beverages|Siliguri|Pradhan Nagar|https://www.zomato.com/siliguri/prantika-biryani-house-pradhan-nagar/info|12|Casual Dining|11am to 1030pm(Mon-Sun)|Not rated|-|-
Hazi Biryani & Celebration Caterers|200|North Indian,Mughlai|Siliguri|Khalpara|https://www.zomato.com/siliguri/hazi-biryani-celebration-caterers-khalpara/info|12|none|11am to 11pm(Mon-Sun)|Not rated|-|-
Nimki Express|200|Fast Food|Siliguri|Janta Nagar|https://www.zomato.com/siliguri/nimki-express-janta-nagar/info|12|none|||Opening|Opening
Reshu Ki Rasoi|200|Chinese|Siliguri|Patiram Jote|https://www.zomato.com/siliguri/reshu-ki-rasoi-patiram-jote/info|12|none|11am to 11pm(Mon-Sun)||NEW|NEW
Eats & Treats|200|North Indian,Bengali,Chinese|Siliguri|Khalpara|https://www.zomato.com/siliguri/eats-treats-khalpara/info|12|Quick Bites|11am to 1130pm(Mon-Sun)|Not rated|-|-
Traditional Food Centre|400|North Indian,Bengali,Chinese|Siliguri|Khalpara|https://www.zomato.com/siliguri/traditional-food-centre-khalpara/info|12|Quick Bites|9am to 11pm(Mon-Sun)|Not rated|-|-
Triple 8|400|Thai,Chinese|Siliguri|Pradhan Nagar|https://www.zomato.com/siliguri/triple-8-2-pradhan-nagar/info|12|Quick Bites|11am to 11pm(Mon-Sun)||NEW|NEW
Rannaghar|400|North Indian|Siliguri|Khalpara|https://www.zomato.com/siliguri/rannaghar-khalpara/info|12|Quick Bites|11am to 11pm(Mon-Sun)|Not rated|-|-
My Kitchen|200|Chinese,Bengali|Siliguri|Khalpara|https://www.zomato.com/siliguri/my-kitchen-khalpara/info|12|none|11am to 11pm(Mon-Sun)||NEW|NEW
Priti|350|North Indian,Chinese|Siliguri|Pradhan Nagar|https://www.zomato.com/siliguri/priti-pradhan-nagar/info|12|Casual Dining|11am to 11pm(Mon-Sun)|Not rated|-|-
Brothers Garage Restaurant|500|Continental,North Indian,Chinese,Momos|Siliguri|Bankim Nagar|https://www.zomato.com/siliguri/brothers-garage-restaurant-bankim-nagar/info|2|Casual Dining|12noon to 1030pm(Mon-Sun)|Good|3.9|62
The Swedish|800|North Indian,Italian,Chinese,Pizza|Siliguri|Bankim Nagar|https://www.zomato.com/siliguri/the-swedish-bankim-nagar/info|2|Casual Dining|11am to 11pm(Mon-Sun)|Very Good|4.1|96
The Barcode|1000|Continental,Chinese,Italian,North Indian|Siliguri|Vega Circle Mall-- Bankim Nagar|https://www.zomato.com/siliguri/the-barcode-bankim-nagar/info|2|Casual Dining|12noon to 11pm(Mon-Sun)|Very Good|4.0|67
Mama Mia!|350|Ice Cream,Fast Food,Desserts,Beverages|Siliguri|Bankim Nagar|https://www.zomato.com/siliguri/mama-mia-bankim-nagar/info|2|Dessert Parlor|12noon to 12midnight(Mon-Sun)|Very Good|4.3|59
Walker's Village|400|Chinese,Italian,Continental|Siliguri|Bankim Nagar|https://www.zomato.com/siliguri/walkers-village-bankim-nagar/info|2|Quick Bites|12noon to 11pm(Mon-Sun)|Very Good|4.1|28
Hashtag|1200|Chinese,North Indian,Pizza|Siliguri|Bankim Nagar|https://www.zomato.com/siliguri/hashtag-bankim-nagar/info|2|Bar|12noon to 1130pm(Mon-Sun)|Very Good|4.2|96
Tamarynd Lounge & Restaurant|1200|North Indian,Chinese,Italian|Siliguri|Bankim Nagar|https://www.zomato.com/siliguri/tamarynd-lounge-restaurant-bankim-nagar/info|2|Casual Dining|24|Very Good|4.0|31
Panache|600|North Indian,Lebanese,Chinese|Siliguri|Bankim Nagar|https://www.zomato.com/siliguri/panache-bankim-nagar/info|2|Café|11am to 11pm(Mon-Sun)|Good|3.7|47
The Tribe|1000|North Indian,Mexican,Italian,Chinese,Japanese,Tibetan,Pizza|Siliguri|Bankim Nagar|https://www.zomato.com/siliguri/the-tribe-bankim-nagar/info|2|Casual Dining|12noon to 11pm(Mon-Sun)|Good|3.9|41
Aayushi's Panificio|400|Bakery|Siliguri|Janta Nagar|https://www.zomato.com/siliguri/aayushis-panificio-janta-nagar/info|2|Quick Bites|11am to 11pm(Mon-Sun)|Good|3.7|23
Kulfreeze|200|Ice Cream|Siliguri|Bankim Nagar|https://www.zomato.com/siliguri/kulfreeze-bankim-nagar/info|2|Dessert Parlor|2pm to 1115pm(Mon-Fri),2pm to 1145pm(Sat-Sun)|Good|3.9|29
Open House Cafe & Pub|1000|North Indian,Italian,Finger Food,Chinese,Pizza|Siliguri|Bankim Nagar|https://www.zomato.com/siliguri/open-house-cafe-pub-bankim-nagar/info|2|Bar|2pm to 1130pm(Mon-Sat),1pm to 1130pm(Sun)|Very Good|4.3|116
The Yellow Chilli|700|North Indian,Chinese|Siliguri|Bankim Nagar|https://www.zomato.com/siliguri/the-yellow-chilli-bankim-nagar/info|2|Casual Dining|12noon to 11pm(Mon-Sun)|Very Good|4.1|103
Koshe Kosha|800|Bengali|Siliguri|Bankim Nagar|https://www.zomato.com/siliguri/koshe-kosha-bankim-nagar/info|2|Casual Dining|11am to 11pm(Mon-Sun)|Good|3.7|43
Haveli|500|North Indian,Chinese,Continental|Siliguri|Khalpara|https://www.zomato.com/siliguri/haveli-khalpara/info|2|Casual Dining|11am to 11pm(Mon-Sun)|Good|3.6|50
Adda Restaurant|350|North Indian,Chinese,Pizza,Beverages|Siliguri|Bankim Nagar|https://www.zomato.com/siliguri/adda-restaurant-bankim-nagar/info|3|Quick Bites|11am to 11pm(Mon-Sun)|Good|3.6|16
Uttam's|100|Fast Food|Siliguri|Bankim Nagar|https://www.zomato.com/siliguri/uttams-bankim-nagar/info|3|Quick Bites|11am to 11pm(Mon-Sun)|Very Good|4.0|65
Prasad Hotel|250|Bengali,North Indian|Siliguri|Janta Nagar|https://www.zomato.com/siliguri/prasad-hotel-janta-nagar/info|3|Quick Bites|8am to 1130pm(Mon-Sun)|Good|3.7|45
Turban Tales|450|Continental,North Indian,Chinese,Healthy Food,Beverages|Siliguri|Janta Nagar|https://www.zomato.com/siliguri/turban-tales-janta-nagar/info|3|Quick Bites|1130am to 11pm(Mon-Sun)|Average|3.1|44
Amber - The Vintage Bar|900|North Indian,Chinese,Biryani|Siliguri|Khalpara|https://www.zomato.com/siliguri/amber-the-vintage-bar-khalpara/info|3|Bar|11am to 1045am(Mon-Sun)|Good|3.8|36
Chainook|400|North Indian,Continental,Chinese,Beverages,Fast Food,Healthy Food|Siliguri|Janta Nagar|https://www.zomato.com/siliguri/chainook-1-janta-nagar/info|3|Casual Dining|12noon to 10am(Mon,Fri),12noon to 10pm...|Good|3.6|45
Around The Corner|750|North Indian,Chinese,Continental,Fast Food|Siliguri|Pradhan Nagar|https://www.zomato.com/siliguri/around-the-corner-pradhan-nagar/info|3|Bar|12noon to 11pm(Mon-Sun)|Average|3.1|59
CCFC|400|Fast Food|Siliguri|Khalpara|https://www.zomato.com/siliguri/ccfc-khalpara/info|3|Quick Bites|4pm to 10pm(Mon-Sun)|Very Good|4.1|163
Steamy Moktu|550|Asian,Momos,Chinese|Siliguri|Bankim Nagar|https://www.zomato.com/siliguri/steamy-moktu-bankim-nagar/info|3|Casual Dining|12noon to 10pm(Mon-Sun)|Very Good|4.0|74
Hello Kolkata|200|North Indian,Chinese,Rolls,Fast Food|Siliguri|Khalpara|https://www.zomato.com/siliguri/hello-kolkata-khalpara/info|3|none|11am to 130pm,6pm to 11pm(Mon-Sun)|Good|3.5|14
Momo Hut|200|Fast Food,Momos|Siliguri|Khalpara|https://www.zomato.com/siliguri/momo-hut-khalpara/info|3|Quick Bites|930am to 930pm(Mon-Sun)|Good|3.8|75
New Bombay Veg & Non Veg Restaurant|350|Biryani,Chinese,North Indian|Siliguri|Khalpara|https://www.zomato.com/siliguri/new-bombay-veg-non-veg-restaurant-khalpara/info|3|Quick Bites|8am to 1030pm(Mon-Sun)|Average|3.0|32
The Classic|250|Fast Food|Siliguri|Bankim Nagar|https://www.zomato.com/siliguri/the-classic-bankim-nagar/info|3|Quick Bites|1230pm to 1030pm(Mon-Sun)|Good|3.7|36
Desi Galli Restaurant|450|Fast Food,North Indian,Chinese,South Indian,Beverages|Siliguri|Patiram Jote|https://www.zomato.com/siliguri/desi-galli-restaurant-patiram-jote/info|3|Quick Bites|10am to 9pm(Mon-Sun)|Average|3.0|86
Triptiz Fast Food Corner|250|Fast Food,Chinese,South Indian,North Indian|Siliguri|Janta Nagar|https://www.zomato.com/siliguri/triptiz-fast-food-corner-janta-nagar/info|3|Quick Bites|11am to 11pm(Mon-Sun)|Good|3.5|24
Tai Wah|450|Chinese,Seafood,Fast Food|Siliguri|Khalpara|https://www.zomato.com/siliguri/tai-wah-khalpara/info|4|Quick Bites|11am to 10pm(Mon-Sun)|Good|3.9|107
Indian Pagoda Chinese Restaurant & Bar|750|Chinese|Siliguri|Janta Nagar|https://www.zomato.com/siliguri/indian-pagoda-chinese-restaurant-bar-janta-nagar/info|4|Bar|1230pm to 1030pm(Mon-Sun)|Good|3.8|22
Mezban Biryani House|300|Biryani,Mughlai,North Indian|Siliguri|Saktigarh|https://www.zomato.com/siliguri/mezban-biryani-house-saktigarh/info|4|Quick Bites|11am to 11pm(Mon-Sun)|Good|3.5|21
Unique Sweets & Snacks|100|Street Food,Mithai|Siliguri|Janta Nagar|https://www.zomato.com/siliguri/unique-sweets-snacks-janta-nagar/info|4|Quick Bites|(Mon-Sun)|Good|3.8|44
Unique Sweets And Snacks|200|Fast Food,Beverages,Mithai|Siliguri|Janta Nagar|https://www.zomato.com/siliguri/unique-sweets-and-snacks-janta-nagar/info|4|Sweet Shop|9am to 8pm(Mon-Sun)|Good|3.9|19
Munch N Crunch|400|Fast Food,Chinese|Siliguri|Bankim Nagar|https://www.zomato.com/siliguri/munch-n-crunch-bankim-nagar/info|4|Quick Bites|1pm to 1030pm(Mon-Sun)|Good|3.5|26
7 Plates Fast Food Station|150|Chinese,Fast Food|Siliguri|Pradhan Nagar|https://www.zomato.com/siliguri/7-plates-fast-food-station-pradhan-nagar/info|4|Quick Bites|1pm to 10pm(Mon-Sun)|Good|3.9|45
Hi Spirits|800|North Indian,Italian,Chinese|Siliguri|Patiram Jote|https://www.zomato.com/siliguri/hi-spirits-patiram-jote/info|4|Casual Dining|12noon to 11pm(Mon-Sun)|Good|3.6|28
Pizza Hut|900|Pizza,Italian|Siliguri|Patiram Jote|https://www.zomato.com/siliguri/pizza-hut-patiram-jote/info|4|Casual Dining|11am to 11pm(Mon-Sun)|Good|3.7|33
The Haphazard|700|North Indian,Fast Food,Chinese|Siliguri|Bankim Nagar|https://www.zomato.com/siliguri/the-haphazard-bankim-nagar/info|4|Casual Dining|12noon to 930pm(Mon-Thu),12noon to 1030pm...|Good|3.5|6
Blind Date Restaurant|450|North Indian,Chinese|Siliguri|Patiram Jote|https://www.zomato.com/siliguri/blind-date-restaurant-1-patiram-jote/info|4|Casual Dining|11am to 10pm(Mon-Sun)|Good|3.6|18
Makhan Bhog|200|Mithai,Fast Food|Siliguri|Bankim Nagar|https://www.zomato.com/siliguri/makhan-bhog-bankim-nagar/info|4|Sweet Shop|10am to 830pm(Mon-Sun)|Average|3.2|5
Darjeeling Biryani Hut|400|Chinese,North Indian,Biryani|Siliguri|Pradhan Nagar|https://www.zomato.com/siliguri/darjeeling-biryani-hut-pradhan-nagar/info|4|Quick Bites|11am to 10pm(Mon-Sun)|Good|3.6|45
Taste Of Sikkim|100|Tibetan,Chinese|Siliguri|Pradhan Nagar|https://www.zomato.com/siliguri/taste-of-sikkim-pradhan-nagar/info|4|Quick Bites|9am to 10pm(Mon-Sun)|Average|2.7|42
Bunmee House|600|Cafe,Fast Food,Beverages|Siliguri|Pradhan Nagar|https://www.zomato.com/siliguri/bunmee-house-pradhan-nagar/info|4|Café|10am to 9pm(Mon-Sun)|Average|3.4|22
Yummy Veg & Non Veg Fast Food|100|Chinese|Siliguri|Pradhan Nagar|https://www.zomato.com/siliguri/yummy-veg-non-veg-fast-food-pradhan-nagar/info|5|Quick Bites|11am to 11pm(Mon-Sun)|Average|3.4|10
In N Out|400|North Indian,Chinese|Siliguri|Haidar Para|https://www.zomato.com/siliguri/in-n-out-haidar-para/info|5|Quick Bites|12noon to 1030pm(Mon-Sun)|Average|3.3|7
Subway|500|Healthy Food,Sandwich,Salad|Siliguri|Patiram Jote|https://www.zomato.com/siliguri/subway-patiram-jote/info|5|Quick Bites|1030am to 1030pm(Mon-Sun)|Average|3.4|19
Shan- E- Punjab|350|North Indian,Chinese,Bengali|Siliguri|Janta Nagar|https://www.zomato.com/siliguri/shan-e-punjab-janta-nagar/info|5|Quick Bites|9am to 1130pm(Mon-Sun)|Average|3.2|14
Shahi Pakwaan - Taste Of Nawab|250|North Indian,Biryani|Siliguri|Bankim Nagar|https://www.zomato.com/siliguri/shahi-pakwaan-taste-of-nawab-bankim-nagar/info|5|Quick Bites|11am to 11pm(Mon-Sun)|Average|3.1|12
Keventers|400|Desserts,Beverages,Ice Cream|Siliguri|Patiram Jote|https://www.zomato.com/siliguri/keventers-patiram-jote/info|5|Beverage Shop|1045am to 10pm(Mon-Sun)|Good|3.8|14
Dakshin Junction|200|Indian,South Indian|Siliguri|Bankim Nagar|https://www.zomato.com/siliguri/dakshin-junction-bankim-nagar/info|5|Quick Bites|1030am to 930pm(Mon-Sun)|Good|3.7|24
Guru Sweets & Snacks|400|Bakery,South Indian,Chinese|Siliguri|Bankim Nagar|https://www.zomato.com/siliguri/guru-sweets-snacks-bankim-nagar/info|5|Sweet Shop|930am to 9pm(Mon-Sun)|Good|3.6|27
Simply Dakshin|250|South Indian|Siliguri|Bankim Nagar|https://www.zomato.com/siliguri/simply-dakshin-1-bankim-nagar/info|5|Quick Bites|8am to 9pm(Mon-Sun)|Average|3.4|15
Adi Kalpana Pice Hotel|500|Bengali|Siliguri|Janta Nagar|https://www.zomato.com/siliguri/adi-kalpana-pice-hotel-janta-nagar/info|5|Quick Bites|10am to 10pm(Mon-Sun)|Good|3.5|17
Classic Fast Food|150|Chinese|Siliguri|Pradhan Nagar|https://www.zomato.com/siliguri/classic-fast-food-pradhan-nagar/info|5|Quick Bites|10am to 9pm(Mon-Sun)|Good|3.6|20
The Manna Fast Food|200|Chinese|Siliguri|Pradhan Nagar|https://www.zomato.com/siliguri/the-manna-fast-food-pradhan-nagar/info|5|none|(Mon-Sun)|Good|3.5|8
Drishti Hotel|250|Chinese,Bengali,Fast Food|Siliguri|Pradhan Nagar|https://www.zomato.com/siliguri/drishti-hotel-pradhan-nagar/info|5|Quick Bites|8am to 10pm(Mon-Sun)|Average|3.0|19
Hotel Kolkata Kolkata|400|Bengali,Indian|Siliguri|Khalpara|https://www.zomato.com/siliguri/hotel-kolkata-kolkata-khalpara/info|5|Quick Bites|12noon to 10pm(Mon-Sun)|Average|2.5|25
Kalapatru Pice Hotel|550|Bengali|Siliguri|Janta Nagar|https://www.zomato.com/siliguri/kalapatru-pice-hotel-janta-nagar/info|5|Quick Bites|10am to 10pm(Mon-Sun)|Average|3.0|25
Feast - The Food Court|600|South Indian,North Indian,Fast Food,Chinese|Siliguri|Patiram Jote|https://www.zomato.com/siliguri/feast-the-food-court-patiram-jote/info|6|Food Court|11am to 10pm(Mon-Sun)|Average|3.4|30
Simply Dakshin|250|South Indian|Siliguri|Khalpara|https://www.zomato.com/siliguri/simply-dakshin-khalpara/info|6|Quick Bites|8am to 10pm(Mon-Sun)|Good|3.6|26
Haldiram's Prabhuji|200|Desserts,South Indian,Fast Food|Siliguri|Bankim Nagar|https://www.zomato.com/siliguri/haldirams-prabhuji-bankim-nagar/info|6|Sweet Shop|8am to 955pm(Mon-Sun)|Good|3.7|20
Krishna's Restaurant|200|North Indian,Street Food,Chinese|Siliguri|Janta Nagar|https://www.zomato.com/siliguri/krishnas-restaurant-janta-nagar/info|6|Quick Bites|10am to 10pm(Mon-Sun)|Average|3.0|14
Arya Bakery|200|Pizza,Fast Food,Burger,Bakery|Siliguri|Janta Nagar|https://www.zomato.com/siliguri/arya-bakery-janta-nagar/info|6|Bakery|9am to 10pm(Mon-Sun)|Average|3.1|9
Baskin Robbins|300|Ice Cream,Desserts|Siliguri|Bankim Nagar|https://www.zomato.com/siliguri/baskin-robbins-bankim-nagar/info|6|Dessert Parlor|1030am to 930pm(Mon-Sun)|Average|3.3|10
New Food Plaza|300|North Indian,Chinese|Siliguri|Pradhan Nagar|https://www.zomato.com/siliguri/new-food-plaza-pradhan-nagar/info|6|Quick Bites|(Mon-Sun)|Average|3.3|6
Prabhu Bhog|200|Mithai,Street Food|Siliguri|Janta Nagar|https://www.zomato.com/siliguri/prabhu-bhog-janta-nagar/info|6|Sweet Shop|11am to 10pm(Mon-Sun)|Average|3.3|5
Nandita Pice Hotel|150|Seafood,Bengali|Siliguri|Khalpara|https://www.zomato.com/siliguri/nandita-pice-hotel-khalpara/info|6|Casual Dining|10am to 5pm,7pm to 10pm(Mon-Sun)|Good|3.6|22
Sri Mahabir Bhojanalya|500|North Indian,South Indian,Chinese|Siliguri|Khalpara|https://www.zomato.com/siliguri/sri-mahabir-bhojanalya-khalpara/info|6|Casual Dining|8am to 10pm(Mon-Sun)|Good|3.5|20
Tista Hotel|350|Bengali|Siliguri|Janta Nagar|https://www.zomato.com/siliguri/tista-hotel-janta-nagar/info|6|Quick Bites|8am to 4pm(Mon,Tue,Wed,Thu,Sat,Sun),8am to ...|Good|3.5|18
Creams & Cherries|500|Desserts,Bakery|Siliguri|Pradhan Nagar|https://www.zomato.com/siliguri/creams-cherries-pradhan-nagar/info|6|Bakery|10am to 10pm(Mon-Sat),10am to 1pm(Sun)|Average|3.3|8
Apni Pasand|300|North Indian|Siliguri|Khalpara|https://www.zomato.com/siliguri/apni-pasand-khalpara/info|6|Sweet Shop|8am to 930pm(Mon-Sun)|Average|3.2|13
Tea Junction|200|Beverages|Siliguri|Patiram Jote|https://www.zomato.com/siliguri/tea-junction-1-patiram-jote/info|6|Beverage Shop|930am to 930pm(Mon-Sun)|Average|2.6|4
Victoria Junction|400|Chinese,Italian,Sandwich,Beverages|Siliguri|Bankim Nagar|https://www.zomato.com/siliguri/victoria-junction-bankim-nagar/info|6|Quick Bites|9am to 9pm(Mon-Sun)|Average|3.4|9
Makhan Bhog|400|Mishti|Siliguri|Patiram Jote|https://www.zomato.com/siliguri/makhan-bhog-patiram-jote/info|7|Sweet Shop|9am to 9pm(Mon-Sun)|Average|3.4|10
The Belgian Waffle Co.|500|Desserts|Siliguri|Bankim Nagar|https://www.zomato.com/siliguri/the-belgian-waffle-co-bankim-nagar/info|7|Food Court|11am to 10pm(Mon-Sun)|Good|3.7|14
Ying Yang|300|Bengali,Chinese|Siliguri|Bankim Nagar|https://www.zomato.com/siliguri/ying-yang-bankim-nagar/info|7|Quick Bites|1130am to 930pm(Mon-Sun)|Average|3.3|22
Zafran Biriyani Hut|450|Biryani|Siliguri|Khalpara|https://www.zomato.com/siliguri/zafran-biriyani-hut-khalpara/info|7|Quick Bites|11am to 10pm(Mon-Sun)|Good|3.6|14
DP's Cuisine Restaurant (World of Calories and Health)|0|North Indian,Chinese,Healthy Food|Siliguri|Pradhan Nagar|https://www.zomato.com/siliguri/dps-cuisine-restaurant-world-of-calories-and-health-pradhan-nagar/info|7|Casual Dining|10am to 10pm(Mon-Sun)|Good|3.5|14
Gupta Hotel Cum Bar & Restaurant|700|North Indian,Continental,Fast Food|Siliguri|Pradhan Nagar|https://www.zomato.com/siliguri/gupta-hotel-cum-bar-restaurant-pradhan-nagar/info|7|Casual Dining|11am to 10pm(Mon-Sun)|Not rated|-|-
Rock C - Family Restaurant|800|Chinese,North Indian|Siliguri|Bankim Nagar|https://www.zomato.com/siliguri/rock-c-family-restaurant-bankim-nagar/info|7|Casual Dining|12noon to 10pm(Mon-Sun)|Average|3.2|5
Moti Mahal Delux|1000|North Indian,Rolls|Siliguri|Bankim Nagar|https://www.zomato.com/siliguri/moti-mahal-delux-bankim-nagar/info|7|Food Court|11am to 10pm(Mon-Sun)|Good|3.5|10
Alishan Max Club|800|Chinese,North Indian|Siliguri|Bankim Nagar|https://www.zomato.com/siliguri/alishan-max-club-1-bankim-nagar/info|7|Casual Dining|11am to 6pm(Mon-Sun)|Average|3.1|5
Subway|500|Healthy Food,Salad,Sandwich|Siliguri|Bankim Nagar|https://www.zomato.com/siliguri/subway-bankim-nagar/info|7|Quick Bites|10am to 10pm(Mon-Sun)|Average|3.4|12
Lion Bar Cum Restaurant|1200|North Indian,Italian,Continental,Chinese|Siliguri|Patiram Jote|https://www.zomato.com/siliguri/lion-bar-cum-restaurant-patiram-jote/info|7|Bar|12noon to 11pm(Mon-Thu),12noon to 2am(Fri-Sun)|Good|3.7|23
Memory Of China Street|500|Chinese,North Indian|Siliguri|Pradhan Nagar|https://www.zomato.com/siliguri/memory-of-china-street-pradhan-nagar/info|7|Quick Bites|11am to 1030pm(Mon-Sun)|Average|3.3|7
Little China|600|Chinese,North Indian|Siliguri|Patiram Jote|https://www.zomato.com/siliguri/little-china-patiram-jote/info|7|Casual Dining|11am to 11pm(Mon-Sun)|Good|3.9|17
Virrest|500|Mexican,Italian|Siliguri|Champasari|https://www.zomato.com/siliguri/virrest-champasari/info|7|Quick Bites|1230pm to 9pm(Mon),12noon to 10pm...|Average|3.1|5
Brew Some Cafe|450|Fast Food,Cafe|Siliguri|Khalpara|https://www.zomato.com/siliguri/brew-some-cafe-khalpara/info|7|Quick Bites|9am to 10pm(Mon-Sun)|Not rated|-|-
Wakhra Swag|700|North Indian,Chinese,Rolls,Finger Food|Siliguri|Patiram Jote|https://www.zomato.com/siliguri/wakhra-swag-1-patiram-jote/info|8|Casual Dining|1pm to 11pm(Mon-Sun)|Average|2.6|17
Tea Junction|300|Beverages|Siliguri|Bankim Nagar|https://www.zomato.com/siliguri/tea-junction-bankim-nagar/info|8|Beverage Shop|1015am to 915pm(Mon-Sun)|Not rated|-|-
Laziz Pizza|400|Fast Food,Pizza|Siliguri|Khalpara|https://www.zomato.com/siliguri/laziz-pizza-khalpara/info|8|Quick Bites|10am to 10pm(Mon-Sun)|Average|3.0|4
Arambagh's Chicken|350|Raw Meats,Fast Food|Siliguri|Khalpara|https://www.zomato.com/siliguri/arambaghs-chicken-khalpara/info|8|Meat Shop|8am to 10pm(Mon-Sun)|Not rated|-|-
Veg Bite|80|Street Food|Siliguri|Pradhan Nagar|https://www.zomato.com/siliguri/veg-bite-pradhan-nagar/info|8|Quick Bites|4pm to 10pm(Mon-Sun)|Not rated|-|-
Pot Head|500|Desserts,European,Fast Food|Siliguri|Pradhan Nagar|https://www.zomato.com/siliguri/pot-head-pradhan-nagar/info|8|Café|10am to 1pm,430pm to 930pm(Mon-Sun)|Not rated|-|-
Hungry Bite|150|Fast Food|Siliguri|Bankim Nagar|https://www.zomato.com/siliguri/hungry-bite-bankim-nagar/info|8|Quick Bites|(Mon-Sun)|Not rated|-|-
Ka Khim|500|Tibetan,Chinese|Siliguri|Pradhan Nagar|https://www.zomato.com/siliguri/ka-khim-pradhan-nagar/info|8|none|12noon to 9pm(Mon-Sun)|Not rated|-|-
Guru Sweets & Snacks|250|Mithai,Fast Food,South Indian|Siliguri|Khalpara|https://www.zomato.com/siliguri/guru-sweets-snacks-khalpara/info|8|Sweet Shop|9am to 10pm(Mon-Sun)|Not rated|-|-
Tea Circle|300|Fast Food,Beverages|Siliguri|Bankim Nagar|https://www.zomato.com/siliguri/tea-circle-bankim-nagar/info|8|Food Court|1030am to 10pm(Mon-Sun)|Not rated|-|-
Nandan|300|Bengali|Siliguri|Bankim Nagar|https://www.zomato.com/siliguri/nandan-bankim-nagar/info|8|Quick Bites|11am to 10pm(Mon-Sun)|Not rated|-|-
Gharana Restaurant|450|North Indian,Biryani,Rolls,Kebab|Siliguri|Khalpara|https://www.zomato.com/siliguri/gharana-restaurant-khalpara/info|8|Quick Bites|11am to 10pm(Mon-Sun)|Not rated|-|-
Hotel Mahakal & Restaurant|400|North Indian,South Indian,Chinese|Siliguri|Khalpara|https://www.zomato.com/siliguri/hotel-mahakal-restaurant-khalpara/info|8|Quick Bites|9am to 9pm(Mon-Sun)||NEW|NEW
Avyaan's Food Corner|300|North Indian,Chinese,Fast Food|Siliguri|Bankim Nagar|https://www.zomato.com/siliguri/avyaans-food-corner-bankim-nagar/info|8|Quick Bites|10am to 10pm(Mon-Sun)||NEW|NEW
New Kalapatru Pice Hotel|1000|Bengali|Siliguri|Janta Nagar|https://www.zomato.com/siliguri/new-kalapatru-pice-hotel-janta-nagar/info|8|Casual Dining|10am to 1030pm(Mon-Sun)|Average|3.3|12
Cuppa Java|800|North Indian,Chinese,Beverages|Siliguri|Bankim Nagar|https://www.zomato.com/siliguri/cuppa-java-bankim-nagar/info|9|Bar|12noon to 1130pm(Mon-Sun)|Average|2.9|5
Wild Orchid restaurant - Central Courtyard Boutique...|450|North Indian,Chinese,Fast Food|Siliguri|Bankim Nagar|https://www.zomato.com/siliguri/wild-orchid-restaurant-central-courtyard-boutique-resort-bankim-nagar/info|9|Quick Bites|9am to 1030pm(Mon-Sun)|Average|3.3|9
Sha Fast Food|150|Chinese,Fast Food|Siliguri|Janta Nagar|https://www.zomato.com/siliguri/sha-fast-food-janta-nagar/info|9|Quick Bites|11am to 11pm(Mon-Sun)|Average|3.1|4
Hotel Food Plaza|200|Chinese,Bengali,North Indian|Siliguri|Pradhan Nagar|https://www.zomato.com/siliguri/hotel-food-plaza-1-pradhan-nagar/info|9|Quick Bites|11am to 11pm(Mon-Sun)|Average|2.9|5
Pitcher (s)|700|North Indian,Continental,Pizza,Chinese|Siliguri|Bankim Nagar|https://www.zomato.com/siliguri/pitcher-s-bankim-nagar/info|9|Casual Dining|12noon to 11pm(Mon-Sun)|Average|3.4|9
CFC - Crispy Fried Chicken|300|North Indian|Siliguri|Bankim Nagar|https://www.zomato.com/siliguri/cfc-crispy-fried-chicken-bankim-nagar/info|9|Food Court|11am to 11pm(Mon-Sun)||NEW|NEW
Cake Amante|100|Bakery|Siliguri|Bankim Nagar|https://www.zomato.com/siliguri/cake-amante-bankim-nagar/info|9|Bakery|11am to 11pm(Mon-Sun)||NEW|NEW
Taste of Siliguri|150|Chinese,North Indian|Siliguri|Patiram Jote|https://www.zomato.com/siliguri/taste-of-siliguri-2-patiram-jote/info|9|none|11am to 11pm(Mon-Sun)|Not rated|-|-
THE DECK|900|North Indian|Siliguri|Patiram Jote|https://www.zomato.com/siliguri/the-deck-patiram-jote/info|9|Casual Dining|1030am to 11pm(Mon-Sun)|Average|3.2|7
Raju Bakery|150|Bakery|Siliguri|Pradhan Nagar|https://www.zomato.com/siliguri/raju-bakery-pradhan-nagar/info|9|Bakery|11am to 11pm(Mon-Sun)|Not rated|-|-
Blind Date|450|North Indian,Bengali|Siliguri|Khalpara|https://www.zomato.com/siliguri/blind-date-khalpara/info|9|Quick Bites|103am to 1030pm(Mon-Sun)|Average|3.4|11
Chill Pill - The Liquid Bar|150|Beverages|Siliguri|Bankim Nagar|https://www.zomato.com/siliguri/chill-pill-the-liquid-bar-bankim-nagar/info|9|Beverage Shop|11am to 11pm(Mon-Sun)||NEW|NEW
Aapno Rajasthan|700|Rajasthani|Siliguri|Bankim Nagar|https://www.zomato.com/siliguri/aapno-rajasthan-bankim-nagar/info|9|Casual Dining|11am to 1130pm(Mon-Sun)|Average|3.3|11
Adi Dada Bhai Restaurant|400|Bengali|Siliguri|Khalpara|https://www.zomato.com/siliguri/adi-dada-bhai-restaurant-khalpara/info|9|Quick Bites|11am to 11pm(Mon-Sun)|Average|3.1|5
Top Tea House|100|Fast Food|Siliguri|Champasari|https://www.zomato.com/siliguri/top-tea-house-champasari/info|9|Quick Bites|11am to 11pm(Mon-Sun)|Average|3.1|5
