NAME|PRICE|CUSINE_CATEGORY|CITY|REGION|URL|PAGE NO|CUSINE TYPE|TIMING|RATING_TYPE|RATING|VOTES
Arabian Lounge|800|Arabian|Thrissur|Kizhakkumpattukara|https://www.zomato.com/thrissur/arabian-lounge-kizhakkumpattukara/info|1|Casual Dining|12noon to 12midnight(Mon-Sun)|Good|3.5|108
KFC|600|Burger,Fast Food|Thrissur|Kizhakkumpattukara|https://www.zomato.com/thrissur/kfc-kizhakkumpattukara/info|1|Quick Bites|11am to 11pm(Mon-Sun)|Good|3.5|129
Cook Door Arabic Corner|300|Arabian|Thrissur|Kizhakkumpattukara|https://www.zomato.com/thrissur/cook-door-arabic-corner-kizhakkumpattukara/info|1|Quick Bites|11am to 11pm(Mon-Sun)|Average|3.4|103
Chettinadu Kitchen|300|South Indian,Chinese|Thrissur|Poothole|https://www.zomato.com/thrissur/chettinadu-kitchen-poothole/info|1|Quick Bites|7am to 11pm(Mon-Sun)|Average|3.4|50
Hotel Blue Saphire|500|South Indian|Thrissur|Poothole|https://www.zomato.com/thrissur/hotel-blue-saphire-poothole/info|1|Casual Dining|11am to 11pm(Mon-Sun)|Good|3.8|64
Cook Door Biryani Corner|300|Biryani|Thrissur|Kizhakkumpattukara|https://www.zomato.com/thrissur/cook-door-biryani-corner-kizhakkumpattukara/info|1|Quick Bites|11am to 11pm(Mon-Sun)|Good|3.6|70
Akshaya Multicuisine Restaurant|400|South Indian,North Indian|Thrissur|Poothole|https://www.zomato.com/thrissur/akshaya-multicuisine-restaurant-poothole/info|1|Casual Dining|7am to 1am(Mon-Sun)|Good|3.5|109
Ali Baba & 41 Dishes|900|South Indian,Kerala|Thrissur|Poothole|https://www.zomato.com/thrissur/ali-baba-41-dishes-poothole/info|1|Casual Dining|1130am to 1130pm(Mon-Sun)|Average|3.4|105
Domino's Pizza|600|Pizza,Fast Food|Thrissur|Kizhakkumpattukara|https://www.zomato.com/thrissur/dominos-pizza-kizhakkumpattukara/info|1|Casual Dining|11am to 11pm(Mon-Sun)|Average|3.3|84
Dessi Cuppa|200|Juices,Beverages|Thrissur|Poothole|https://www.zomato.com/thrissur/dessi-cuppa-poothole/info|1|Beverage Shop|10am to 1am(Mon-Sun)|Good|3.6|46
Big Bite|700|Fast Food,Beverages,Mediterranean|Thrissur|Kizhakkumpattukara|https://www.zomato.com/thrissur/big-bite-kizhakkumpattukara/info|1|Quick Bites|3pm to 12midnight(Mon-Sun)|Good|3.7|53
Hot N Cool|350|Arabian,Kerala,Burger|Thrissur|Poothole|https://www.zomato.com/thrissur/hot-n-cool-1-poothole/info|1|Quick Bites|11am to 1am(Mon-Sun)|Good|3.6|69
Zaatar Wa Zaitoon|400|Arabian|Thrissur|Poothole|https://www.zomato.com/thrissur/zaatar-wa-zaitoon-3-poothole/info|1|Casual Dining|11am to 11pm(Mon-Sun)|Average|3.4|48
Chicking|400|Fast Food|Thrissur|Kizhakkumpattukara|https://www.zomato.com/thrissur/chicking-kizhakkumpattukara/info|1|Casual Dining|11am to 11pm(Mon-Sun)|Average|3.3|86
Copamocha Cafe|400|Cafe|Thrissur|Kizhakkumpattukara|https://www.zomato.com/thrissur/copamocha-cafe-kizhakkumpattukara/info|1|Café|12noon to 12midnight(Mon-Sun)|Average|3.4|51
Baskin Robbins|300|Ice Cream,Desserts|Thrissur|Shobha City Mall-- Puzhakkal|https://www.zomato.com/thrissur/baskin-robbins-puzhakkal/info|10|Food Court|11am to 1045pm(Mon-Sun)|Average|3.2|5
Indian Wok|500|Indian,Chinese|Thrissur|Puzhakkal|https://www.zomato.com/thrissur/indian-wok-puzhakkal/info|10|Quick Bites|11am to 11pm(Mon-Sun)|Average|3.2|7
Shawarma Hub|300|Lebanese,Continental|Thrissur|Ayyanthole|https://www.zomato.com/thrissur/shawarma-hub-ayyanthole/info|10|Casual Dining|230pm to 1045pm(Mon-Sun)|Not rated|-|-
Kuchelabhavan|500|Biryani,South Indian|Thrissur|Ponnukkara|https://www.zomato.com/thrissur/kuchelabhavan-ponnukkara/info|10|Casual Dining|11am to 11pm(Mon-Sun)|Average|3.2|9
Kalyan Veg Platter|400|Chinese,Continental,North Indian,Kerala,South Indian|Thrissur|Ayyanthole|https://www.zomato.com/thrissur/kalyan-veg-platter-ayyanthole/info|10|Quick Bites|10am to 1030pm(Mon-Sun)|Average|3.2|9
Hot N Cool|400|Arabian,Burger,Cafe,Coffee,Fast Food,Ice Cream,Juices|Thrissur|Poothole|https://www.zomato.com/thrissur/hot-n-cool-poothole/info|10|Casual Dining|10am to 11pm(Mon-Sun)|Average|3.2|16
Krishna Pure Veg|250|South Indian,North Indian,Chinese|Thrissur|Mannuthy|https://www.zomato.com/thrissur/krishna-pure-veg-mannuthy/info|10|Quick Bites|7am to 11pm(Mon-Sun)|Average|3.2|14
The Burger Lab|250|Burger|Thrissur|Poothole|https://www.zomato.com/thrissur/the-burger-lab-poothole/info|10|Quick Bites|1130am to 1030pm(Mon-Sun)|Not rated|-|-
WOW Momo|300|Tibetan|Thrissur|Puzhakkal|https://www.zomato.com/thrissur/wow-momo-1-puzhakkal/info|10|Quick Bites|10am to 11pm(Mon-Sun)|Average|3.2|6
Cake Farm|200|Bakery,Desserts|Thrissur|Kizhakkumpattukara|https://www.zomato.com/thrissur/cake-farm-kizhakkumpattukara/info|10|Bakery|11am to 11pm(Mon-Sun)||NEW|NEW
Virad's Heaven Kitchen|400|Chinese,North Indian,South Indian|Thrissur|Kizhakkumpattukara|https://www.zomato.com/thrissur/virads-heaven-kitchen-kizhakkumpattukara/info|10|Casual Dining|11am to 11pm(Mon-Sun)|Average|3.3|11
Nivedyam|300|South Indian,Chinese|Thrissur|Poothole|https://www.zomato.com/thrissur/nivedyam-poothole/info|10|Casual Dining|630am to 1030pm(Mon-Sun)|Average|3.2|4
Burger Choice|300|Burger,Fast Food|Thrissur|Kizhakkumpattukara|https://www.zomato.com/thrissur/burger-choice-kizhakkumpattukara/info|10|Quick Bites|11am to 11pm(Mon-Sun)|Average|3.3|4
Mehak Restaurant|250|Beverages,North Indian,Fast Food|Thrissur|Puzhakkal|https://www.zomato.com/thrissur/mehak-restaurant-puzhakkal/info|10|Casual Dining|11am to 11pm(Mon-Sun)|Average|3.2|5
Sapphire Cool Hut|200|Juices,Ice Cream|Thrissur|Kizhakkumpattukara|https://www.zomato.com/thrissur/sapphire-cool-hut-1-kizhakkumpattukara/info|10|Quick Bites|11am to 11pm(Mon-Sun)|Average|3.2|8
Cranberry Food court|500|North Indian,South Indian|Thrissur|Poothole|https://www.zomato.com/thrissur/cranberry-food-court-1-poothole/info|11|Quick Bites|7am to 12midnight(Mon-Sun)|Average|3.3|6
Just Fresh|200|Desserts|Thrissur|Poothole|https://www.zomato.com/thrissur/just-fresh-poothole/info|11|none|11am to 11pm(Mon-Sun)|Average|3.4|9
Trisi Restaurant|200|North Indian|Thrissur|Puzhakkal|https://www.zomato.com/thrissur/trisi-restaurant-puzhakkal/info|11|Casual Dining|8am to 11pm(Mon-Sun)|Average|3.3|4
Honest Juice Shop|100|Juices|Thrissur|Kuriachira|https://www.zomato.com/thrissur/honest-juice-shop-kuriachira/info|11|none|11am to 11pm(Mon-Sun)|Not rated|-|-
Hippies Cafe|300|Beverages|Thrissur|Puzhakkal|https://www.zomato.com/thrissur/hippies-cafe-puzhakkal/info|11|Quick Bites|10am to 11pm(Mon-Sun)|Not rated|-|-
Mothi Mahal|300|North Indian,Chinese,South Indian|Thrissur|Poothole|https://www.zomato.com/thrissur/mothi-mahal-poothole/info|11|Casual Dining|11am to 11pm(Mon-Sun)|Average|3.2|6
Adhithi|150|Kerala,Chinese|Thrissur|Ollur|https://www.zomato.com/thrissur/adhithi-ollur/info|11|Casual Dining|9am to 11pm(Mon-Sun)|Average|3.2|6
On the Rocks - The Merlin International|1000|Finger Food|Thrissur|Poothole|https://www.zomato.com/thrissur/on-the-rocks-the-merlin-international-poothole/info|11|Bar|11am to 11pm(Mon-Sun)|Not rated|-|-
Vimbis Fast Food|350|Kerala,North Indian,Chinese|Thrissur|Koorkencherry|https://www.zomato.com/thrissur/vimbis-fast-food-koorkencherry/info|11|Quick Bites|11am to 11pm(Mon-Sun)|Average|3.2|4
Hungry  Paul|300|Chinese|Thrissur|Poothole|https://www.zomato.com/thrissur/hungry-paul-poothole/info|11|Quick Bites|11am to 11pm(Mon-Sun)||NEW|NEW
Hotel Sree Vinayaka|100|South Indian,Chinese,Arabian|Thrissur|Koorkencherry|https://www.zomato.com/thrissur/hotel-sree-vinayaka-koorkencherry/info|11|Quick Bites|8am to 12midnight(Mon-Sun)||NEW|NEW
Teamo|250|Beverages|Thrissur|Kizhakkumpattukara|https://www.zomato.com/thrissur/teamo-kizhakkumpattukara/info|11|Beverage Shop|11am to 11pm(Mon-Sun)|Not rated|-|-
Swadh Restaurant|500|Arabian,Chinese,North Indian,Kerala|Thrissur|Mannuthy|https://www.zomato.com/thrissur/swadh-restaurant-mannuthy/info|11|Casual Dining|11am to 11pm(Mon-Sun)|Not rated|-|-
Haji Ali|0|Desserts,Burger|Thrissur|Poothole|https://www.zomato.com/thrissur/haji-ali-poothole/info|11|Café|11am to 1030pm(Mon-Sun)|Not rated|-|-
Juicy|100|Beverages|Thrissur|Poothole|https://www.zomato.com/thrissur/juicy-poothole/info|11|Beverage Shop|11am to 11pm(Mon-Sun)||NEW|NEW
Our Heaven's Bakers|250|Fast Food,Juices,Bakery|Thrissur|Poothole|https://www.zomato.com/thrissur/our-heavens-bakers-poothole/info|12|Quick Bites|11am to 11pm(Mon-Sun)|Not rated|-|-
Tea Hub|150|Tea,Fast Food|Thrissur|Puzhakkal|https://www.zomato.com/thrissur/tea-hub-puzhakkal/info|12|Food Court|1130am to 11pm(Mon-Sun)|Not rated|-|-
Fruit Storm|300|Beverages|Thrissur|Puzhakkal|https://www.zomato.com/thrissur/fruit-storm-puzhakkal/info|12|Quick Bites|11am to 11pm(Mon-Sun)|Not rated|-|-
Liya Burger Cafe|200|Burger|Thrissur|Poothole|https://www.zomato.com/thrissur/liya-burger-cafe-poothole/info|12|Quick Bites|11am to 11pm(Mon-Sun)|Not rated|-|-
Bool Cool Drinks Parlour|100|Juices,Beverages|Thrissur|Poothole|https://www.zomato.com/thrissur/bool-cool-drinks-parlour-poothole/info|12|Beverage Shop|930am to 11pm(Mon-Sun)|Not rated|-|-
Tea Hub|200|Tea,Fast Food|Thrissur|Poothole|https://www.zomato.com/thrissur/tea-hub-poothole/info|12|Quick Bites|1130am to 11pm(Mon-Sun)|Not rated|-|-
Hot N Cool Chinese Arabic Kitchen|300|Fast Food,Rolls|Thrissur|Poothole|https://www.zomato.com/thrissur/hot-n-cool-chinese-arabic-kitchen-poothole/info|12|Quick Bites|11am to 1am(Mon-Sun)||NEW|NEW
Jungle Book Restaurant|600|Chinese,South Indian,Kerala|Thrissur|Ayyanthole|https://www.zomato.com/thrissur/jungle-book-restaurant-ayyanthole/info|12|Casual Dining|11am to 11pm(Mon-Sun)|Not rated|-|-
Bbq Hub|200|Kerala,South Indian|Thrissur|Nedupuzha|https://www.zomato.com/thrissur/bbq-hub-nedupuzha/info|12|Quick Bites|11am to 11pm(Mon-Sun)|Not rated|-|-
Krishna Pure Veg Restaurant|200|South Indian,Chinese|Thrissur|Mannuthy|https://www.zomato.com/thrissur/krishna-pure-veg-restaurant-mannuthy/info|12|Quick Bites|11am to 11pm(Mon-Sun)||NEW|NEW
Malabar Junction Cafe & Restaurant|550|Kerala,South Indian,North Indian,Chinese,Biryani|Thrissur|Poothole|https://www.zomato.com/thrissur/malabar-junction-cafe-restaurant-poothole/info|12|Casual Dining|7am to 11pm(Mon-Sun)|Not rated|-|-
Burger Corner|350|Chinese|Thrissur|Kizhakkumpattukara|https://www.zomato.com/thrissur/burger-corner-kizhakkumpattukara/info|12|Quick Bites|11am to 11pm(Mon-Sun)||NEW|NEW
Juice Hub|200|Juices|Thrissur|Puzhakkal|https://www.zomato.com/thrissur/juice-hub-puzhakkal/info|12|Beverage Shop|10am to 11pm(Mon-Sun)||NEW|NEW
Z Square Kitchen Restaurant|500|Continental,North Indian,Chinese|Thrissur|Mannuthy|https://www.zomato.com/thrissur/z-square-kitchen-restaurant-mannuthy/info|12|Casual Dining|11am to 11pm(Mon-Sun)|Not rated|-|-
Jaya Palace Lechu's Cafe|400|North Indian,Juices|Thrissur|Poothole|https://www.zomato.com/thrissur/jaya-palace-lechus-cafe-poothole/info|12|Quick Bites|11am to 11pm(Mon-Sun)|Not rated|-|-
Manna Restaurant|200|Arabian,Chinese,South Indian|Thrissur|Poothole|https://www.zomato.com/thrissur/manna-restaurant-poothole/info|13|Quick Bites|9am to 11pm(Mon-Sun)||NEW|NEW
Hotel Rainbow|300|South Indian,Chinese|Thrissur|Poothole|https://www.zomato.com/thrissur/hotel-rainbow-1-poothole/info|13|Quick Bites|6am to 3am(Mon-Sun)||NEW|NEW
Madurai Vegetarian|500|South Indian,North Indian,Chinese|Thrissur|Peringavu|https://www.zomato.com/thrissur/madurai-vegetarian-peringavu/info|2|Casual Dining|730am to 1030pm(Mon-Sun)|Average|3.3|77
Bellissimo Cafe|600|Cafe|Thrissur|Kuriachira|https://www.zomato.com/thrissur/bellissimo-cafe-kuriachira/info|2|Café|1130am to 1130pm(Mon-Sun)|Average|3.4|59
Hotel Bharath Vegetarian|350|South Indian,North Indian|Thrissur|Poothole|https://www.zomato.com/thrissur/hotel-bharath-vegetarian-poothole/info|2|Casual Dining|630am to 1030pm(Mon-Sun)|Good|3.8|123
Burger Castle Cafe|300|Italian,Continental|Thrissur|Nedupuzha|https://www.zomato.com/thrissur/burger-castle-cafe-nedupuzha/info|2|Café|1030am to 1030pm(Mon-Sun)|Good|3.6|44
Alankar Restaurant|500|South Indian,North Indian|Thrissur|Poothole|https://www.zomato.com/thrissur/alankar-restaurant-poothole/info|2|Casual Dining|12noon to 1045pm(Mon-Sun)|Good|3.9|43
Burger Space|300|Burger,Fast Food|Thrissur|Ayyanthole|https://www.zomato.com/thrissur/burger-space-1-ayyanthole/info|2|Quick Bites|11am to 1030pm(Mon-Sun)|Good|3.5|55
Hotel Mint Malabar|600|North Indian,Kerala,South Indian|Thrissur|Poothole|https://www.zomato.com/thrissur/hotel-mint-malabar-poothole/info|2|Casual Dining|7am to 11pm(Mon-Sun)|Good|3.5|32
Food Mall Multi Cuisine Restaurant|400|North Indian,Chinese,South Indian,Beverages|Thrissur|Puzhakkal|https://www.zomato.com/thrissur/food-mall-multi-cuisine-restaurant-puzhakkal/info|2|Casual Dining|11am to 1am(Mon-Sun)|Good|3.5|27
Noor Jehan's|1000|North Indian,Chinese|Thrissur|Poothole|https://www.zomato.com/thrissur/noor-jehans-poothole/info|2|Casual Dining|9am to 11pm(Mon-Sun)|Average|3.4|45
Pizza Hut|600|Pizza,Italian,Fast Food|Thrissur|Shobha City Mall-- Puzhakkal|https://www.zomato.com/thrissur/pizza-hut-puzhakkal/info|2|Casual Dining|11am to 11pm(Mon-Sun)|Average|3.3|49
Hotel Veetile|200|Arabian,Beverages|Thrissur|Kizhakkumpattukara|https://www.zomato.com/thrissur/hotel-veetile-kizhakkumpattukara/info|2|Quick Bites|11am to 11pm(Mon-Sun)|Average|3.3|26
Corniche Resto|500|Pizza,Continental|Thrissur|Puthurkkara|https://www.zomato.com/thrissur/corniche-resto-puthurkkara/info|2|Casual Dining|1130am to 11pm(Mon-Sun)|Good|3.5|27
Hotel Majestic|500|South Indian,Kerala|Thrissur|Poothole|https://www.zomato.com/thrissur/hotel-majestic-poothole/info|2|Casual Dining|8am to 12midnight(Mon-Sun)|Average|3.3|40
Helado Street Cafe|650|Burger,Fast Food,Beverages,Lebanese|Thrissur|Poothole|https://www.zomato.com/thrissur/helado-street-cafe-1-poothole/info|2|Quick Bites|1130am to 1030pm(Mon-Sun)|Good|3.6|26
Hotel Kins|500|South Indian,North Indian|Thrissur|Thiroor|https://www.zomato.com/thrissur/hotel-kins-thiroor/info|2|Casual Dining|8am to 11pm(Mon-Sun)|Good|3.8|30
City Kitchen|500|South Indian|Thrissur|Puzhakkal|https://www.zomato.com/thrissur/city-kitchen-puzhakkal/info|3|Casual Dining|11am to 11pm(Mon-Sun)|Good|3.7|30
Navratna Restaurant|600|North Indian|Thrissur|Poothole|https://www.zomato.com/thrissur/navratna-restaurant-poothole/info|3|Casual Dining|10am to 11pm(Mon-Sun)|Average|3.2|59
Food Home Restaurant|300|Arabian,Chinese,North Indian,South Indian|Thrissur|Poothole|https://www.zomato.com/thrissur/food-home-restaurant-poothole/info|3|Café|1130am to 1130pm(Mon-Sun)|Good|3.5|31
Baked in Malabar|300|South Indian,Kerala|Thrissur|Puzhakkal|https://www.zomato.com/thrissur/baked-in-malabar-puzhakkal/info|3|Quick Bites|11am to 12midnight(Mon-Sun)|Good|3.5|24
Ayush Veg Restaurant|400|South Indian|Thrissur|Poothole|https://www.zomato.com/thrissur/ayush-veg-restaurant-poothole/info|3|Casual Dining|730am to 1030pm(Mon-Sun)|Average|3.3|35
Chennai Idly|300|South Indian,Chinese|Thrissur|Peringavu|https://www.zomato.com/thrissur/chennai-idly-peringavu/info|3|Quick Bites|11am to 1045pm(Mon-Sun)|Average|3.3|30
Hoja Mukku|400|South Indian,North Indian,Kerala|Thrissur|Kizhakkumpattukara|https://www.zomato.com/thrissur/hoja-mukku-kizhakkumpattukara/info|3|Casual Dining|12noon to 1045pm(Mon-Sun)|Average|3.3|34
Sulaimani 168|350|Kerala,South Indian|Thrissur|Kizhakkumpattukara|https://www.zomato.com/thrissur/sulaimani-168-kizhakkumpattukara/info|3|Casual Dining|11am to 11pm(Mon-Sun)|Average|3.4|32
The Roundabout Burger Joint|500|Fast Food,Burger|Thrissur|Poothole|https://www.zomato.com/thrissur/the-roundabout-burger-joint-poothole/info|3|Quick Bites|11am to 11pm(Mon-Sat),2pm to 11pm(Sun)|Average|3.4|27
Ming Palace|800|Chinese|Thrissur|Poothole|https://www.zomato.com/thrissur/ming-palace-poothole/info|3|Casual Dining|11am to 10pm(Mon-Sun)|Good|3.6|127
Copper Spoon|450|Kerala,Indian,Chinese|Thrissur|Poothole|https://www.zomato.com/thrissur/copper-spoon-poothole/info|3|Casual Dining|11am to 11pm(Mon-Sun)|Average|3.3|25
Vrindavan Inn|350|South Indian,North Indian|Thrissur|Poothole|https://www.zomato.com/thrissur/vrindavan-inn-poothole/info|3|Casual Dining|7am to 1030pm(Mon-Sun)|Average|3.3|33
Burger Hub|300|Burger,Sandwich,Beverages|Thrissur|Peringavu|https://www.zomato.com/thrissur/burger-hub-peringavu/info|3|Quick Bites|1130am to 1030pm(Mon-Sun)|Average|3.4|28
Burger Hub|300|Burger,Sandwich|Thrissur|Poothole|https://www.zomato.com/thrissur/burger-hub-poothole/info|3|Quick Bites|11am to 11pm(Mon-Sun)|Average|3.4|24
Biriyani Factory|300|Biryani,Beverages|Thrissur|Poothole|https://www.zomato.com/thrissur/biriyani-factory-poothole/info|3|Quick Bites|1130am to 1045pm(Mon-Sun)||NEW|NEW
Hotel Pathans|350|South Indian,North Indian|Thrissur|Poothole|https://www.zomato.com/thrissur/hotel-pathans-poothole/info|4|Casual Dining|7am to 930pm(Mon-Sun)|Good|3.5|46
Cafe Petrol|300|Cafe|Thrissur|Puzhakkal|https://www.zomato.com/thrissur/cafe-petrol-puzhakkal/info|4|Café|11am to 12midnight(Mon-Sun)|Average|3.2|23
Cook Door Chinese Corner|300|Chinese|Thrissur|Kizhakkumpattukara|https://www.zomato.com/thrissur/cook-door-chinese-corner-kizhakkumpattukara/info|4|Quick Bites|11am to 11pm(Mon-Sun)|Good|3.6|19
Bhaaji Bites|350|Fast Food|Thrissur|Kizhakkumpattukara|https://www.zomato.com/thrissur/bhaaji-bites-kizhakkumpattukara/info|4|Quick Bites|12noon to 11pm(Mon-Sun)|Average|3.3|15
Women's Food Court|150|South Indian,North Indian|Thrissur|Poothole|https://www.zomato.com/thrissur/womens-food-court-poothole/info|4|Quick Bites|8am to 9pm(Mon-Sun)|Good|3.6|44
Copper Spoon|800|South Indian,North Indian,Chinese,Asian|Thrissur|Kizhakkumpattukara|https://www.zomato.com/thrissur/copper-spoon-kizhakkumpattukara/info|4|Casual Dining|11am to 1030pm(Mon-Sun)|Average|3.3|26
Arabian Grill|350|Chinese,Biryani,Arabian|Thrissur|Kizhakkumpattukara|https://www.zomato.com/thrissur/arabian-grill-kizhakkumpattukara/info|4|Quick Bites|12noon to 1130pm(Mon-Sun)|Average|3.3|30
Hotel Aravi|300|Kerala|Thrissur|Poothole|https://www.zomato.com/thrissur/hotel-aravi-poothole/info|4|Casual Dining|7am to 930pm(Mon-Sun)|Good|3.7|30
Juice Time|200|Juices,Lebanese|Thrissur|Poothole|https://www.zomato.com/thrissur/juice-time-poothole/info|4|Beverage Shop|10am to 1am(Mon-Sun)|Good|3.7|19
Hao Ming|300|Chinese|Thrissur|Poothole|https://www.zomato.com/thrissur/hao-ming-poothole/info|4|Quick Bites|1130am to 10pm(Mon-Sun)|Average|3.4|26
Sree Radhakrishna Coffee Club|150|South Indian|Thrissur|Poothole|https://www.zomato.com/thrissur/sree-radhakrishna-coffee-club-poothole/info|4|Quick Bites|10am to 9pm(Mon-Sun)|Good|3.6|27
Dessi Cuppa|200|Juices,Beverages|Thrissur|Poothole|https://www.zomato.com/thrissur/dessi-cuppa-2-poothole/info|4|Beverage Shop|11am to 1am(Mon-Sun)|Good|3.5|15
Dessi Cuppa|200|Beverages|Thrissur|Poothole|https://www.zomato.com/thrissur/dessi-cuppa-3-poothole/info|4|Quick Bites|11am to 1am(Mon-Sun)|Good|3.6|12
GuestO Cuisine Club|300|Arabian,Mughlai,Continental|Thrissur|Poothole|https://www.zomato.com/thrissur/guesto-cuisine-club-poothole/info|4|Quick Bites|11am to 11pm(Mon-Sun)|Good|3.5|17
Burger Inn|300|Burger|Thrissur|Poothole|https://www.zomato.com/thrissur/burger-inn-poothole/info|4|Quick Bites|11am to 11pm(Mon-Sun)|Average|3.4|15
Fryday|200|Malwani,Biryani,Fast Food|Thrissur|Ayyanthole|https://www.zomato.com/thrissur/fryday-ayyanthole/info|5|Quick Bites|11am to 11pm(Mon-Sat),Closed(Sun)|Average|3.4|19
KFC|350|Fast Food,Burger|Thrissur|Shobha City Mall-- Puzhakkal|https://www.zomato.com/thrissur/kfc-puzhakkal/info|5|Casual Dining|930am to 10pm(Mon-Sun)|Average|3.2|27
Blue Star Biryani Hut|200|Biryani|Thrissur|Kizhakkumpattukara|https://www.zomato.com/thrissur/blue-star-biryani-hut-kizhakkumpattukara/info|5|Quick Bites|1030am to 930pm(Mon-Sun)|Average|3.3|21
UBQ by Barbeque Nation|450|North Indian,BBQ,Kebab,Biryani|Thrissur|Kizhakkumpattukara|https://www.zomato.com/thrissur/ubq-by-barbeque-nation-kizhakkumpattukara/info|5|none|12noon to 330pm,6pm to 1030pm(Mon-Sun)|Average|3.3|7
Hotel Sree Krishna Bhavan|300|South Indian,Chinese,Kerala|Thrissur|Poothole|https://www.zomato.com/thrissur/hotel-sree-krishna-bhavan-poothole/info|5|Quick Bites|745am to 11pm(Mon-Sun)|Average|3.3|11
Kaf's Cafe|300|Burger,Beverages|Thrissur|Kizhakkumpattukara|https://www.zomato.com/thrissur/kafs-cafe-2-kizhakkumpattukara/info|5|Café|11am to 11pm(Mon-Sun)|Average|3.4|22
Hotel Paragon Tamarind|400|South Indian,Chinese|Thrissur|Poothole|https://www.zomato.com/thrissur/hotel-paragon-tamarind-poothole/info|5|Quick Bites|11am to 8pm(Mon-Sun)|Good|3.6|14
Akshaya Hotel|500|South Indian,North Indian|Thrissur|Poothole|https://www.zomato.com/thrissur/akshaya-hotel-poothole/info|5|Casual Dining|730am to 12midnight(Mon-Sun)|Average|3.2|21
Hotel Govinda Bhavan|150|South Indian|Thrissur|Poothole|https://www.zomato.com/thrissur/hotel-govinda-bhavan-poothole/info|5|Casual Dining|730am to 9pm(Mon-Sun)|Good|3.6|10
The Falooda Station|100|Fast Food,Desserts|Thrissur|Peringavu|https://www.zomato.com/thrissur/the-falooda-station-peringavu/info|5|Quick Bites|1130am to 11pm(Mon-Sun)|Average|3.3|8
Maple Restaurant|500|North Indian,South Indian,Chinese|Thrissur|Poothole|https://www.zomato.com/thrissur/maple-restaurant-poothole/info|5|Casual Dining|730am to 10pm(Mon-Sun)|Average|3.2|18
Uncle Bakes|250|South Indian,Chinese|Thrissur|Puthurkkara|https://www.zomato.com/thrissur/uncle-bakes-puthurkkara/info|5|Quick Bites|8am to 11pm(Mon-Sun)||NEW|NEW
Mezza Restaurant|400|South Indian|Thrissur|Ayyanthole|https://www.zomato.com/thrissur/mezza-restaurant-ayyanthole/info|5|Casual Dining|11am to 11pm(Mon-Sun)|Average|3.2|16
New Green Leaf|450|South Indian,North Indian,Kerala,Chinese|Thrissur|Kuriachira|https://www.zomato.com/thrissur/new-green-leaf-kuriachira/info|5|Casual Dining|8am to 10pm(Mon-Sun)|Average|3.3|30
Haji Ali|200|Fast Food|Thrissur|Kizhakkumpattukara|https://www.zomato.com/thrissur/haji-ali-kizhakkumpattukara/info|5|Quick Bites|11am to 11pm(Mon-Sun)|Average|3.4|7
Papaya Restaurant|250|South Indian,North Indian|Thrissur|Poothole|https://www.zomato.com/thrissur/papaya-restaurant-poothole/info|6|Casual Dining|10am to 10pm(Mon-Sun)|Good|3.5|9
Pepper Resturant|850|Chinese,North Indian,Kerala,Beverages|Thrissur|Puzhakkal|https://www.zomato.com/thrissur/pepper-resturant-puzhakkal/info|6|Casual Dining|11am to 11pm(Mon-Sun)|Average|3.3|15
Vrindavan Pure Veg|300|North Indian,South Indian,Chinese|Thrissur|Poothole|https://www.zomato.com/thrissur/vrindavan-pure-veg-poothole/info|6|Quick Bites|9am to 9pm(Mon-Sun)|Average|3.3|12
Kuntham Burger Hut|300|Fast Food|Thrissur|Poothole|https://www.zomato.com/thrissur/kuntham-burger-hut-poothole/info|6|Quick Bites|11am to 930pm(Mon-Sun)|Average|3.4|18
Capricorn|350|South Indian|Thrissur|Poothole|https://www.zomato.com/thrissur/capricorn-poothole/info|6|Quick Bites|8am to 11pm(Mon-Sun)|Average|3.4|10
Delite Sweet Parlour|200|Mithai|Thrissur|Poothole|https://www.zomato.com/thrissur/delite-sweet-parlour-poothole/info|6|Sweet Shop|930am to 930pm(Mon-Sun)|Good|3.5|6
Dum Malabari|300|Biryani,South Indian|Thrissur|Kizhakkumpattukara|https://www.zomato.com/thrissur/dum-malabari-kizhakkumpattukara/info|6|Quick Bites|11am to 4pm(Mon-Sun)|Average|3.2|7
Urban Uruli|300|Italian|Thrissur|Poothole|https://www.zomato.com/thrissur/urban-uruli-poothole/info|6|none|11am to 2pm,7pm to 10pm(Mon-Sun)||NEW|NEW
Cupcake Caravan|300|Bakery|Thrissur|Kizhakkumpattukara|https://www.zomato.com/thrissur/cupcake-caravan-kizhakkumpattukara/info|6|Bakery|11am to 10pm(Mon-Sun)||NEW|NEW
Naga's|500|South Indian,Hyderabadi|Thrissur|Shobha City Mall-- Puzhakkal|https://www.zomato.com/thrissur/nagas-1-puzhakkal/info|6|Food Court|11am to 1030pm(Mon-Sun)|Average|3.2|10
PHS Burger World|300|Fast Food|Thrissur|Ayyanthole|https://www.zomato.com/thrissur/phs-burger-world-ayyanthole/info|6|Quick Bites|830am to 930pm(Mon-Sun)|Average|3.2|12
PVS Mango Bakers|200|Bakery|Thrissur|Puzhakkal|https://www.zomato.com/thrissur/pvs-mango-bakers-puzhakkal/info|6|Bakery|930am to 9pm(Mon-Sun)|Not rated|-|-
Yami Homemade Cakes|300|Bakery|Thrissur|Poothole|https://www.zomato.com/thrissur/yami-homemade-cakes-poothole/info|6|none|10am to 9pm(Mon-Sun)||NEW|NEW
Hottey & Smokey|500|Fast Food|Thrissur|Shobha City Mall-- Puzhakkal|https://www.zomato.com/thrissur/hottey-smokey-puzhakkal/info|6|Food Court|11am to 10pm(Mon-Sun)|Not rated|-|-
Swamys Cafe|300|South Indian|Thrissur|Ayyanthole|https://www.zomato.com/thrissur/swamys-cafe-ayyanthole/info|6|Casual Dining|730am to 8pm(Mon-Sat),Closed(Sun)|Average|3.2|6
Calicut Juice Point|150|Juices,Beverages|Thrissur|Poothole|https://www.zomato.com/thrissur/calicut-juice-point-poothole/info|7|Beverage Shop|9am to 10pm(Mon-Sun)|Average|3.2|5
EFC Mission Quarters|300|Burger,Fast Food|Thrissur|Kizhakkumpattukara|https://www.zomato.com/thrissur/efc-mission-quarters-kizhakkumpattukara/info|7|Quick Bites|9am to 9pm(Mon-Sun)|Not rated|-|-
Almonds Bakes and Restaurant|250|South Indian,Bakery|Thrissur|Poothole|https://www.zomato.com/thrissur/almonds-bakes-and-restaurant-poothole/info|7|Bakery|7am to 10pm(Mon-Sun)|Average|3.2|4
Ammu Multicuisine Restaurant|250|South Indian,Kerala|Thrissur|Kizhakkumpattukara|https://www.zomato.com/thrissur/ammu-multicuisine-restaurant-kizhakkumpattukara/info|7|Quick Bites|9am to 10pm(Mon-Sun)||NEW|NEW
Big Burger|250|Burger,Beverages|Thrissur|Poothole|https://www.zomato.com/thrissur/big-burger-poothole/info|7|Quick Bites|11am to 930pm(Mon-Sun)|Average|3.3|4
Burger TX1880|200|Burger|Thrissur|Poothole|https://www.zomato.com/thrissur/burger-tx1880-poothole/info|7|Quick Bites|930am to 9pm(Mon-Sun)|Average|3.2|6
Mumbai Tadka|350|North Indian,Chinese|Thrissur|Kizhakkumpattukara|https://www.zomato.com/thrissur/mumbai-tadka-1-kizhakkumpattukara/info|7|Quick Bites|11am to 10pm(Mon-Sun)|Average|3.2|6
Lulu International Convention And Garden Hotels|500|Chinese,North Indian,Continental|Thrissur|Ayyanthole|https://www.zomato.com/thrissur/lulu-international-convention-and-garden-hotels-ayyanthole/info|7|Quick Bites|730am to 10pm(Mon-Sun)||NEW|NEW
Gift Hotel|250|Arabian,Chinese,South Indian|Thrissur|Ollur|https://www.zomato.com/thrissur/gift-hotel-ollur/info|7|Quick Bites|10am to 10pm(Mon-Sun)||NEW|NEW
The Burger Street Cafe|500|Burger,Beverages|Thrissur|Ayyanthole|https://www.zomato.com/thrissur/the-burger-street-cafe-ayyanthole/info|7|Quick Bites|11am to 10pm(Mon-Sat),2pm to 10pm(Sun)|Average|3.2|4
Athithi|1000|South Indian,North Indian,Chinese|Thrissur|Poothole|https://www.zomato.com/thrissur/athithi-poothole/info|7|Fine Dining|730am to 10pm(Mon-Sun)|Not rated|-|-
Sree Nandini|300|South Indian|Thrissur|Peringavu|https://www.zomato.com/thrissur/sree-nandini-peringavu/info|7|Quick Bites|11am to 11pm(Mon-Sun)|Average|3.4|8
Kurthuba|500|Chinese,North Indian,South Indian|Thrissur|Puzhakkal|https://www.zomato.com/thrissur/kurthuba-puzhakkal/info|7|Food Court|11am to 1am(Mon-Sun)|Average|3.4|6
Yaaz Fried Chicken|300|North Indian,Finger Food|Thrissur|Mannuthy|https://www.zomato.com/thrissur/yaaz-fried-chicken-mannuthy/info|7|Quick Bites|11am to 10pm(Mon-Sun)||NEW|NEW
Fruitage|200|Juices|Thrissur|Poothole|https://www.zomato.com/thrissur/fruitage-1-poothole/info|7|Beverage Shop|1030am to 9pm(Mon-Sun)||NEW|NEW
Pappai Icecream|150|Desserts,Ice Cream|Thrissur|Marathakkara|https://www.zomato.com/thrissur/pappai-icecream-marathakkara/info|8|Dessert Parlor|11am to 10pm(Mon-Sun)|Not rated|-|-
Munu's Bakery|150|Bakery,Beverages|Thrissur|Peringavu|https://www.zomato.com/thrissur/munus-bakery-peringavu/info|8|Bakery|9am to 9pm(Mon-Sun)||NEW|NEW
Flame House 24|300|Fast Food|Thrissur|Puzhakkal|https://www.zomato.com/thrissur/flame-house-24-puzhakkal/info|8|Food Court|11am to 11pm(Mon-Sun)|Average|3.2|9
Burger King|500|Fast Food,Burger|Thrissur|Puzhakkal|https://www.zomato.com/thrissur/burger-king-puzhakkal/info|8|Quick Bites|9am to 11pm(Mon-Sun)|Average|3.2|10
UBO Heritage Kitchen|300|South Indian,Arabian|Thrissur|Mannuthy|https://www.zomato.com/thrissur/ubo-heritage-kitchen-mannuthy/info|8|Quick Bites|11am to 10pm(Mon-Sun)||NEW|NEW
Mundayur Bakers|150|Bakery,Fast Food|Thrissur|Poothole|https://www.zomato.com/thrissur/mundayur-bakers-6-poothole/info|8|Bakery|930am to 9pm(Mon-Sun)|Not rated|-|-
Ammas Vegetarian Restaurant|200|South Indian|Thrissur|Poothole|https://www.zomato.com/thrissur/ammas-vegetarian-restaurant-poothole/info|8|Quick Bites|8am to 10pm(Mon-Sun)||NEW|NEW
Glus Cafe|300|Sandwich,Beverages,Juices|Thrissur|Poothole|https://www.zomato.com/thrissur/glus-cafe-1-poothole/info|8|Quick Bites|10am to 7pm(Mon-Sun)||NEW|NEW
Arya Hotel|300|Juices,Beverages,South Indian|Thrissur|Chiyyaram|https://www.zomato.com/thrissur/arya-hotel-chiyyaram/info|8|Quick Bites|730am to 9pm(Mon-Sun)||NEW|NEW
Food Station Caterers & Events|0|South Indian,North Indian,Chinese,Arabian|Thrissur|Koorkencherry|https://www.zomato.com/thrissur/food-station-caterers-events-koorkencherry/info|8|Casual Dining|930am to 8pm(Mon-Sun)|Not rated|-|-
Food Station Caterers|200|North Indian,Chinese|Thrissur|Koorkencherry|https://www.zomato.com/thrissur/food-station-caterers-koorkencherry/info|8|Casual Dining|9am to 10pm(Mon-Sun)|Not rated|-|-
Orange Tree|350|Fast Food|Thrissur|Chettupuzha|https://www.zomato.com/thrissur/orange-tree-chettupuzha/info|8|Quick Bites|7am to 1030am(Mon-Sun)|Not rated|-|-
Raanthal Restaurant|400|Continental|Thrissur|Ayyanthole|https://www.zomato.com/thrissur/raanthal-restaurant-ayyanthole/info|8|Quick Bites|9am to 11pm(Mon-Sun)|Average|3.2|10
Coffee Seeds|200|Coffee,Burger|Thrissur|Ayyanthole|https://www.zomato.com/thrissur/coffee-seeds-ayyanthole/info|8|Café|11am to 11pm(Mon-Sun)|Not rated|-|-
Seasons - The Merlin International|1500|South Indian,North Indian,Continental,Chinese|Thrissur|Poothole|https://www.zomato.com/thrissur/seasons-the-merlin-international-poothole/info|8|Casual Dining|730am to 1030pm(Mon-Sun)|Average|3.3|10
Indian Wok|650|Chinese,Indonesian|Thrissur|Peringavu|https://www.zomato.com/thrissur/indian-wok-peringavu/info|9|Quick Bites|11am to 11pm(Mon-Sun)|Average|3.3|5
Baskin Robbins|300|Ice Cream,Desserts|Thrissur|Poothole|https://www.zomato.com/thrissur/baskin-robbins-poothole/info|9|Dessert Parlor|1030am to 11pm(Mon-Sun)|Average|3.2|9
Jamna Bakes|300|Fast Food,Beverages|Thrissur|Poothole|https://www.zomato.com/thrissur/jamna-bakes-poothole/info|9|Quick Bites|9am to 11pm(Mon-Sun)||NEW|NEW
EFC|300|Fast Food|Thrissur|Puzhakkal|https://www.zomato.com/thrissur/efc-puzhakkal/info|9|Food Court|1130am to 11pm(Mon-Sun)|Average|3.3|6
Lassi Shop|150|Juices,Beverages|Thrissur|Kuriachira|https://www.zomato.com/thrissur/lassi-shop-kuriachira/info|9|Beverage Shop|11am to 12midnight(Mon-Sun)|Average|3.4|5
Trichur Towers|500|North Indian,South Indian,Chinese|Thrissur|Trichur Towers-- Poothole|https://www.zomato.com/thrissur/trichur-towers-1-poothole/info|9|Quick Bites|7am to 11pm(Mon-Sun)|Good|3.5|5
EFC|300|Fast Food|Thrissur|Poothole|https://www.zomato.com/thrissur/efc-poothole/info|9|Quick Bites|11am to 11pm(Mon-Sun)|Average|3.4|5
KA Restaurant|500|South Indian,North Indian,Kerala,Chinese|Thrissur|Peringavu|https://www.zomato.com/thrissur/ka-restaurant-peringavu/info|9|Casual Dining|7am to 1130pm(Mon-Sun)|Average|3.4|8
Jaya Palace|500|South Indian,North Indian,Chinese|Thrissur|Poothole|https://www.zomato.com/thrissur/jaya-palace-poothole/info|9|Casual Dining|7am to 11pm(Mon-Sun)|Average|3.3|7
Subway|500|Healthy Food,Salad,Sandwich|Thrissur|Shobha City Mall-- Puzhakkal|https://www.zomato.com/thrissur/subway-puzhakkal/info|9|Quick Bites|11am to 11pm(Mon-Sun)|Average|3.2|9
Shake Story|250|Beverages,Cafe|Thrissur|Puzhakkal|https://www.zomato.com/thrissur/shake-story-puzhakkal/info|9|Beverage Shop|11am to 11pm(Mon-Sun)|Average|3.2|5
Kafain Cafe|200|Burger,Sandwich|Thrissur|Poothole|https://www.zomato.com/thrissur/kafain-cafe-poothole/info|9|Quick Bites|9am to 1030pm(Mon-Sat),Closed(Sun)|Good|3.5|8
Pizza Slice|500|Pizza|Thrissur|Puzhakkal|https://www.zomato.com/thrissur/pizza-slice-puzhakkal/info|9|Quick Bites|11am to 11pm(Mon-Sun)|Average|3.3|6
Arabic Junction|450|Arabian|Thrissur|Poothole|https://www.zomato.com/thrissur/arabic-junction-poothole/info|9|Quick Bites|330pm to 11pm(Mon-Sun)|Average|3.3|6
D'Gusto|250|Arabian,Chinese,South Indian|Thrissur|Kuriachira|https://www.zomato.com/thrissur/dgusto-kuriachira/info|9|Quick Bites|10am to 11pm(Mon-Sun)||NEW|NEW
