NAME|PRICE|CUSINE_CATEGORY|CITY|REGION|URL|PAGE NO|CUSINE TYPE|TIMING|RATING_TYPE|RATING|VOTES
Table 9|600|Biryani,North Indian,Chinese|Tirupati|Tirumala|https://www.zomato.com/tirupati/table-9-tirumala/info|1|Casual Dining|1130am to 1130pm(Mon-Sun)|Good|3.9|68
Mayuri Multicuisine Restaurant|500|Biryani,North Indian,Chinese|Tirupati|Tirumala|https://www.zomato.com/tirupati/mayuri-multicuisine-restaurant-1-tirumala/info|1|Casual Dining|11am to 11pm(Mon-Sun)|Good|3.8|51
Carrots Restaurant|600|Biryani,North Indian,Chinese|Tirupati|Tirumala|https://www.zomato.com/tirupati/carrots-restaurant-tirumala/info|1|Casual Dining|1130am to 1030pm(Mon,Tue,Wed,Thu,Fri,Sun)...|Good|3.9|76
Lasa Multi Cuisine Restaurant|300|Andhra,North Indian,Biryani,Chinese|Tirupati|Srinivasa Nagar|https://www.zomato.com/tirupati/lasa-multi-cuisine-restaurant-srinivasa-nagar/info|1|Casual Dining|7am to 330pm,6pm to 1030pm(Mon-Sun)|Good|3.9|27
KFC Restaurant|500|Burger,Fast Food|Tirupati|Tirumala|https://www.zomato.com/tirupati/kfc-restaurant-tirumala/info|1|Quick Bites|11am to 11pm(Mon-Sun)|Average|3.3|85
Chillies Food Paradise|600|Biryani,Seafood|Tirupati|Tirumala|https://www.zomato.com/tirupati/chillies-food-paradise-tirumala/info|1|Casual Dining|11am to 11pm(Mon-Sun)|Good|3.5|102
ANDHRA SPICE|200|Biryani,South Indian|Tirupati|Tirumala|https://www.zomato.com/tirupati/andhra-spice-tirumala/info|1|none|11am to 11pm(Mon-Sun)|Good|3.9|27
786 Kebab And Biryani House|400|Kebab,Biryani,North Indian|Tirupati|Tirumala|https://www.zomato.com/tirupati/786-kebab-and-biryani-house-tirumala/info|1|Quick Bites|12noon to 11pm(Mon-Sun)|Good|3.7|23
Chillies Restaurant|1050|South Indian,Chinese,North Indian|Tirupati|Tirumala|https://www.zomato.com/tirupati/chillies-restaurant-tirumala/info|1|Casual Dining|1130am to 330pm,630pm to 1030pm(Mon-Sun)|Good|3.6|40
Hot Spot|500|American,Biryani,Beverages|Tirupati|Pudipatla|https://www.zomato.com/tirupati/hot-spot-pudipatla/info|1|Casual Dining|1030am to 11pm(Mon-Sun)|Very Good|4.0|20
ECDInc.|200|Italian,Pizza,Beverages|Tirupati|Tirumala|https://www.zomato.com/tirupati/ecdinc-tirumala/info|1|none|11am to 11pm(Mon-Sun)|Very Good|4.0|18
Perambur Sri Srinivasa Sweets and Snacks|200|Street Food,South Indian,Fast Food,Mithai|Tirupati|Tirumala|https://www.zomato.com/tirupati/perambur-sri-srinivasa-sweets-and-snacks-tirumala/info|1|Quick Bites|8am to 11pm(Mon-Sun)|Good|3.9|14
Amogha Restaurant|500|South Indian,Chinese,Biryani|Tirupati|Tirumala|https://www.zomato.com/tirupati/amogha-restaurant-tirumala/info|1|Casual Dining|11am to 11pm(Mon-Sun)|Good|3.6|12
Domino's Pizza|600|Pizza|Tirupati|Korramenugunta|https://www.zomato.com/tirupati/dominos-pizza-korramenugunta/info|1|Quick Bites|11am to 11pm(Mon-Sun)|Good|3.5|15
New Nandhini Multi Cusine Family Restaurant|350|South Indian,Chinese,Biryani|Tirupati|Tiruchanur|https://www.zomato.com/tirupati/new-nandhini-multi-cusine-family-restaurant-tiruchanur/info|1|Casual Dining|11am to 11pm(Mon-Sun)|Good|3.9|13
Tabun An Arabic Restaurant|400|Desserts,Seafood,BBQ,Arabian,Lebanese,Kebab,Rolls|Tirupati|Tirumala|https://www.zomato.com/tirupati/tabun-an-arabic-restaurant-1-tirumala/info|10|none|1130am to 1030pm(Mon-Sun)|Not rated|-|-
Plantain Leaf-Pai Viceroy|400|South Indian,Biryani,North Indian|Tirupati|Tirumala|https://www.zomato.com/tirupati/plantain-leaf-pai-viceroy-tirumala/info|10|Casual Dining|7am to 11pm(Mon-Sun)|Not rated|-|-
OYALO|200|Ice Cream|Tirupati|Pudipatla|https://www.zomato.com/tirupati/oyalo-pudipatla/info|10|Dessert Parlor|12noon to 1130pm(Mon-Sun)|Not rated|-|-
Vihaari Family Restaurant|300|Biryani,Chinese|Tirupati|Tirumala|https://www.zomato.com/tirupati/vihaari-family-restaurant-tirumala/info|10|Café|11am to 1130pm(Mon-Sun)|Not rated|-|-
Kalyan Residency|200|North Indian,South Indian|Tirupati|Tirumala|https://www.zomato.com/tirupati/kalyan-residency-tirumala/info|10|none|11am to 11pm(Mon-Sun)|Not rated|-|-
Manal Restaurants|700|Biryani,North Indian,Chinese|Tirupati|Tirumala|https://www.zomato.com/tirupati/manal-restaurants-tirumala/info|10|Casual Dining|1130am to 11pm(Mon-Sun)|Not rated|-|-
Ice  Stone|200|Ice Cream|Tirupati|Tirumala|https://www.zomato.com/tirupati/ice-stone-tirumala/info|10|Dessert Parlor|11am to 11pm(Mon-Sun)|Not rated|-|-
Pizza Toppers|100|Sandwich,Pizza|Tirupati|Tirumala|https://www.zomato.com/tirupati/pizza-toppers-tirumala/info|10|none|11am to 11pm(Mon-Sun)|Not rated|-|-
Crazy  Pizza|200|Pizza|Tirupati|Tirumala|https://www.zomato.com/tirupati/crazy-pizza-tirumala/info|10|Quick Bites|930am to 1045pm(Mon-Sun)|Not rated|-|-
Hotel Sun Light|300|North Indian,Biryani|Tirupati|Tirumala|https://www.zomato.com/tirupati/hotel-sun-light-tirumala/info|10|Casual Dining|1030am to 1030pm(Mon-Sun)|Not rated|-|-
Little Scoops|150|Burger,Fast Food|Tirupati|Tirumala|https://www.zomato.com/tirupati/little-scoops-tirumala/info|10|Quick Bites|11am to 11pm(Mon-Sun)|Not rated|-|-
Hotel Woodside|500|North Indian,South Indian|Tirupati|Tirumala|https://www.zomato.com/tirupati/hotel-woodside-tirumala/info|10|Casual Dining|11am to 11pm(Mon-Sun)|Not rated|-|-
Lasa Food Court|400|North Indian,Chinese|Tirupati|Tirumala|https://www.zomato.com/tirupati/lasa-food-court-1-tirumala/info|10|Quick Bites|11am to 11pm(Mon-Sun)|Not rated|-|-
Gufha-Hotel Pai Viceroy|700|Biryani,Desserts,North Indian,Chinese|Tirupati|Tirumala|https://www.zomato.com/tirupati/gufha-hotel-pai-viceroy-tirumala/info|10|Casual Dining|1230pm to 11pm(Mon-Sun)|Not rated|-|-
Sai Kitchens|300|Fast Food,South Indian|Tirupati|Tirumala|https://www.zomato.com/tirupati/sai-kitchens-tirumala/info|10|none|11am to 11pm(Mon-Sun)|Not rated|-|-
Hotel Saravana Bhavan|400|South Indian|Tirupati|Tirumala|https://www.zomato.com/tirupati/hotel-saravana-bhavan-tirumala/info|11|Casual Dining|530am to 1am(Mon-Sun)|Not rated|-|-
Kafe Tirupati|200|South Indian|Tirupati|Tirumala|https://www.zomato.com/tirupati/kafe-tirupati-tirumala/info|11|Casual Dining|7am to 1030pm(Mon-Sun)|Not rated|-|-
7th Heaven|300|Bakery,Desserts|Tirupati|Tirumala|https://www.zomato.com/tirupati/7th-heaven-tirumala/info|11|Bakery|11am to 11pm(Mon-Sun)|Not rated|-|-
OYALO|200|Pizza|Tirupati|Tirumala|https://www.zomato.com/tirupati/oyalo-tirumala/info|11|Dessert Parlor|12noon to 1130pm(Mon-Sun)|Not rated|-|-
OYALO|200|Pizza|Tirupati|Tiruchanur|https://www.zomato.com/tirupati/oyalo-tiruchanur/info|11|Quick Bites|12noon to 1130pm(Mon-Sun)|Not rated|-|-
Rock N Roll|200|Rolls,Fast Food|Tirupati|Tirumala|https://www.zomato.com/tirupati/rock-n-roll-4-tirumala/info|11|Quick Bites|9am to 1130pm(Mon-Sun)|Not rated|-|-
Moving Bowl Foods Restaurant|300|South Indian,North Indian|Tirupati|Tirumala|https://www.zomato.com/tirupati/moving-bowl-foods-restaurant-tirumala/info|11|Casual Dining|11am to 11pm(Mon-Sun)|Not rated|-|-
Dus Coffee House|100|North Indian,Desserts,Beverages|Tirupati|Tirumala|https://www.zomato.com/tirupati/dus-coffee-house-tirumala/info|11|Quick Bites|11am to 11pm(Mon-Sun)|Not rated|-|-
McDonald's|500|Burger,Fast Food|Tirupati|Tirumala|https://www.zomato.com/tirupati/mcdonalds-tirumala/info|11|Quick Bites|9am to 11pm(Mon-Sun)||NEW|NEW
New Mumbai Goli Vadapav No.1|200|Fast Food|Tirupati|Tirumala|https://www.zomato.com/tirupati/new-mumbai-goli-vadapav-no-1-2-tirumala/info|11|Quick Bites|9am to 11pm(Mon-Sun)||NEW|NEW
UBQ by Barbeque Nation|0|North Indian,Biryani,BBQ,Kebab|Tirupati|Tirumala|https://www.zomato.com/tirupati/ubq-by-barbeque-nation-tirumala/info|11|none|12noon to 330pm,630pm to 1030pm(Mon-Sun)||NEW|NEW
Park Lane Restaurant|600|Biryani,Chinese,North Indian|Tirupati|Tirumala|https://www.zomato.com/tirupati/park-lane-restaurant-tirumala/info|2|Casual Dining|12noon to 10pm(Mon-Sun)|Very Good|4.0|38
Swaant Authentic Restaurant|200|Biryani,Chinese,Arabian|Tirupati|Tirumala|https://www.zomato.com/tirupati/swaant-authentic-restaurant-tirumala/info|2|none|(Mon-Sun)|Good|3.6|38
The Hangout Restaurant|550|Cafe,Burger,Pizza|Tirupati|Tirumala|https://www.zomato.com/tirupati/the-hangout-restaurant-tirumala/info|2|Casual Dining|10am to 10pm(Mon-Sun)|Good|3.7|64
Lassi On The Go|200|Beverages,Desserts|Tirupati|Tirumala|https://www.zomato.com/tirupati/lassi-on-the-go-tirumala/info|2|Dessert Parlor|11am to 11pm(Mon-Sun)|Good|3.7|13
Ruchikara Mutli Cuisine Restaurant|200|South Indian,North Indian|Tirupati|Tirumala|https://www.zomato.com/tirupati/ruchikara-mutli-cuisine-restaurant-tirumala/info|2|Casual Dining|1130am to 1130pm(Mon-Sun)|Average|3.3|9
Deforest Theme Restaurant|600|Chinese,North Indian,Biryani|Tirupati|Tirumala|https://www.zomato.com/tirupati/deforest-theme-restaurant-tirumala/info|2|Casual Dining|11am to 4pm,6pm to 10pm(Mon-Sun)|Good|3.7|26
R K Meat Foods|300|Seafood,South Indian,Fast Food,Andhra|Tirupati|Tirumala|https://www.zomato.com/tirupati/r-k-meat-foods-tirumala/info|2|Casual Dining|930am to 10pm(Mon,Tue,Wed,Thu,Fri,Sun)...|Very Good|4.1|19
Spicy Paradise|400|North Indian,Chinese,Biryani|Tirupati|Tirumala|https://www.zomato.com/tirupati/spicy-paradise-1-tirumala/info|2|Quick Bites|(Mon-Sun)|Good|3.9|16
Hotel Bliss|600|Biryani|Tirupati|Korramenugunta|https://www.zomato.com/tirupati/hotel-bliss-korramenugunta/info|2|Casual Dining|8am to 11pm(Mon-Sun)|Good|3.5|12
SJ Moms kitchen|200|South Indian,North Indian,Chinese|Tirupati|Tirumala|https://www.zomato.com/tirupati/sj-moms-kitchen-tirumala/info|2|none|(Mon-Sun)|Good|3.8|20
Relish Kafe|350|Pizza,Burger,Desserts|Tirupati|Tirumala|https://www.zomato.com/tirupati/relish-kafe-tirumala/info|2|Casual Dining|10am to 11pm(Mon-Sun)|Good|3.5|8
Tollywood Restaurant|200|Continental,South Indian,North Indian,Chinese,Arabian|Tirupati|Tirumala|https://www.zomato.com/tirupati/tollywood-restaurant-1-tirumala/info|2|none|(Mon-Sun)|Good|3.7|21
Pulse Restaurtant|850|Andhra,Chinese,North Indian,South Indian|Tirupati|Tirumala|https://www.zomato.com/tirupati/pulse-restaurtant-tirumala/info|2|Casual Dining|11am to 1030pm(Mon-Sun)|Good|3.7|18
Spice Garden|600|Biryani|Tirupati|Korlagunta|https://www.zomato.com/tirupati/spice-garden-korlagunta/info|2|Casual Dining|11am to 11pm(Mon-Sun)|Good|3.8|12
Lasa Food Court|400|North Indian,Chinese,Biryani|Tirupati|Tirumala|https://www.zomato.com/tirupati/lasa-food-court-tirumala/info|2|Quick Bites|(Mon-Sun)|Good|3.9|16
The Chicken Bites|100|Burger,Biryani|Tirupati|Tirumala|https://www.zomato.com/tirupati/the-chicken-bites-tirumala/info|3|none|(Mon-Sun)|Good|3.6|10
Sushma Southern Spice|200|South Indian,North Indian,Chinese|Tirupati|Tirumala|https://www.zomato.com/tirupati/sushma-southern-spice-tirumala/info|3|none|(Mon-Sun)|Good|3.9|13
Godavari Ruchulu|400|Andhra,Chinese,North Indian|Tirupati|Tirumala|https://www.zomato.com/tirupati/godavari-ruchulu-tirumala/info|3|Casual Dining|10am to 10pm(Mon-Sun)|Good|3.8|12
Susana Foods|200|North Indian,Biryani|Tirupati|Tirumala|https://www.zomato.com/tirupati/susana-foods-tirumala/info|3|none|(Mon-Sun)|Very Good|4.0|10
Brew Bakes|500|Pizza,Sandwich,Burger,Italian,Beverages|Tirupati|Tirumala|https://www.zomato.com/tirupati/brew-bakes-tirumala/info|3|Casual Dining|11am to 1030pm(Mon-Sun)|Good|3.6|10
Lassi Shop|200|Beverages,Ice Cream|Tirupati|Tirumala|https://www.zomato.com/tirupati/lassi-shop-tirumala/info|3|none|1030am to 1045pm(Mon-Sun)|Very Good|4.1|6
Jalpaan|300|Mexican,South Indian,Italian,North Indian,Chinese|Tirupati|Tirumala|https://www.zomato.com/tirupati/jalpaan-tirumala/info|3|none|12noon to 330pm,7pm to 11pm(Mon,Tue,Wed,Fri...|Average|3.3|7
The Village Firewood Biryani|200|Biryani|Tirupati|Tirumala|https://www.zomato.com/tirupati/the-village-firewood-biryani-tirumala/info|3|none|(Mon-Sun)|Good|3.9|6
Star Food|100|Chinese,Biryani,South Indian|Tirupati|Tirumala|https://www.zomato.com/tirupati/star-food-tirumala/info|3|none|(Mon-Sun)|Good|3.9|7
Nawaabs an Arabic restaurant|300|Arabian,Rolls|Tirupati|Tirumala|https://www.zomato.com/tirupati/nawaabs-an-arabic-restaurant-tirumala/info|3|none|(Mon-Sun)|Good|3.5|5
Sri Padmavathi Foods|200|South Indian,North Indian,Chinese,Arabian|Tirupati|Tirumala|https://www.zomato.com/tirupati/sri-padmavathi-foods-tirumala/info|3|none|(Mon-Sun)|Good|3.8|10
The AFC|400|Burger,Fast Food,North Indian|Tirupati|Tirumala|https://www.zomato.com/tirupati/the-afc-tirumala/info|3|Quick Bites|11am to 11pm(Mon-Sun)|Good|3.8|10
Garlic Family Restaurant|200|South Indian,Biryani|Tirupati|Tirumala|https://www.zomato.com/tirupati/garlic-family-restaurant-tirumala/info|3|none|112am to 125pm(Mon),112am to 122pm...||NEW|NEW
Gaga Pizza's|300|Burger,Sandwich|Tirupati|Tirumala|https://www.zomato.com/tirupati/gaga-pizzas-tirumala/info|3|Quick Bites|4pm to 10pm(Mon-Sun)|Good|3.5|9
Manasa Cakewala|200|Bakery|Tirupati|Tirumala|https://www.zomato.com/tirupati/manasa-cakewala-tirumala/info|3|Dessert Parlor|10am to 10pm(Mon-Sun)|Good|3.6|5
Fivestar Chicken - Annarao Circle|500|Fast Food|Tirupati|Tirumala|https://www.zomato.com/tirupati/fivestar-chicken-annarao-circle-tirumala/info|4|Quick Bites|12noon to 10pm(Mon-Sun)|Good|3.8|5
Manasa Cakewala - AIR bypass Road|200|Bakery|Tirupati|Tirumala|https://www.zomato.com/tirupati/manasa-cakewala-air-bypass-road-tirumala/info|4|Bakery|11am to 11pm(Mon-Sun)|Good|3.7|8
Belgian Waffle Mania|250|Beverages,Ice Cream|Tirupati|Tirumala|https://www.zomato.com/tirupati/belgian-waffle-mania-tirumala/info|4|Dessert Parlor|10am to 12midnight(Mon),11am to 10pm(Tue-Sun)|Good|3.5|7
MR Foods|200|Biryani|Tirupati|Tirumala|https://www.zomato.com/tirupati/mr-foods-tirumala/info|4|Quick Bites|11am to 11pm(Mon-Sun)|Not rated|-|-
Fivestar Chicken - AIR bypass road|150|Fast Food|Tirupati|Tirumala|https://www.zomato.com/tirupati/fivestar-chicken-air-bypass-road-1-tirumala/info|4|none|12noon to 10pm(Mon-Sun)|Not rated|-|-
Spicy Bites|450|North Indian,Chinese,Biryani,Seafood|Tirupati|Tirumala|https://www.zomato.com/tirupati/spicy-bites-tirumala/info|4|Quick Bites|(Mon-Sun)|Not rated|-|-
Tempteys|200|Beverages,Desserts|Tirupati|Tirumala|https://www.zomato.com/tirupati/tempteys-tirumala/info|4|none|11am to 10pm(Mon-Sun)|Good|3.5|4
Pady Donne Biryani|200|Biryani|Tirupati|Tirumala|https://www.zomato.com/tirupati/pady-donne-biryani-tirumala/info|4|Quick Bites|10am to 10pm(Mon-Sun)|Not rated|-|-
Manasa Cakewala Pizza's & Ice creams|250|Pizza,Fast Food,Desserts|Tirupati|Tirumala|https://www.zomato.com/tirupati/manasa-cakewala-pizzas-ice-creams-tirumala/info|4|Quick Bites|9am to 10pm(Mon-Sun)|Not rated|-|-
Pohieer Kulfi|100|Ice Cream|Tirupati|Tirumala|https://www.zomato.com/tirupati/pohieer-kulfi-tirumala/info|4|Dessert Parlor|9am to 9pm(Mon-Sun)|Not rated|-|-
Hotel Orion|600|North Indian,Biryani|Tirupati|Tirumala|https://www.zomato.com/tirupati/hotel-orion-tirumala/info|4|Casual Dining|10am to 10pm(Mon,Wed,Thu,Fri,Sat,Sun),10am...|Average|3.3|4
Hotel Raj Park|200|Fast Food|Tirupati|Tirumala|https://www.zomato.com/tirupati/hotel-raj-park-tirumala/info|4|Quick Bites|(Mon-Sun)|Not rated|-|-
Hotel Nellore Paradise - Beri Street|200|Biryani|Tirupati|Tirumala|https://www.zomato.com/tirupati/hotel-nellore-paradise-beri-street-tirumala/info|4|Quick Bites|(Mon-Sun)|Not rated|-|-
Over The Stone|250|Desserts,Ice Cream|Tirupati|Tirumala|https://www.zomato.com/tirupati/over-the-stone-tirumala/info|4|Dessert Parlor|10am to 10pm(Mon-Sun)|Not rated|-|-
Sri Valli cafe|100|South Indian,Chinese|Tirupati|Tirumala|https://www.zomato.com/tirupati/sri-valli-cafe-tirumala/info|4|none|6am to 11pm(Mon-Sun)|Good|3.6|8
Metro Food Station|200|Pizza,Biryani,Burger|Tirupati|Tirumala|https://www.zomato.com/tirupati/metro-food-station-tirumala/info|5|none|(Mon-Sun)|Not rated|-|-
Harika Kitchen|200|Arabian,Chinese,North Indian,South Indian|Tirupati|Tirumala|https://www.zomato.com/tirupati/harika-kitchen-tirumala/info|5|none|(Mon-Sun)|Not rated|-|-
Nine Flavours Multi Cuisine Restaurant - Keys VIHAS|300|Biryani,Chinese|Tirupati|Tirumala|https://www.zomato.com/tirupati/nine-flavours-multi-cuisine-restaurant-keys-vihas-tirumala/info|5|Quick Bites|9am to 10pm(Mon-Sun)|Not rated|-|-
Dojin Smart Restaurant|200|North Indian|Tirupati|Tirumala|https://www.zomato.com/tirupati/dojin-smart-restaurant-tirumala/info|5|Quick Bites|11am to 330pm(Mon-Sun)|Not rated|-|-
Green Park Restaurant|300|Biryani,Chinese,North Indian|Tirupati|Tirumala|https://www.zomato.com/tirupati/green-park-restaurant-tirumala/info|5|Casual Dining|1130am to 330pm,6pm to 11pm(Mon-Sun)|Good|3.6|7
New Mumbai Goli Vada Pav No.1|200|Burger,Bakery,Pizza|Tirupati|Tirumala|https://www.zomato.com/tirupati/new-mumbai-goli-vada-pav-no-1-tirumala/info|5|none|(Mon-Sun)||NEW|NEW
Hotel Manasa Veg & Non Veg Restaurant|200|Biryani,South Indian|Tirupati|Tirumala|https://www.zomato.com/tirupati/hotel-manasa-veg-non-veg-restaurant-tirumala/info|5|Quick Bites|11am to 1030pm(Mon-Sat),1130am to 1030pm(Sun)|Not rated|-|-
kafe Tirumala|200|South Indian,Fast Food|Tirupati|Tirumala|https://www.zomato.com/tirupati/kafe-tirumala-tirumala/info|5|Quick Bites|(Mon-Sun)|Not rated|-|-
Nandini Food Court - Tiruchanoor Road|100|Bakery,Desserts|Tirupati|Tirumala|https://www.zomato.com/tirupati/nandini-food-court-tiruchanoor-road-tirumala/info|5|Bakery|(Mon-Sun)|Not rated|-|-
Dhruv mithai vatika|300|North Indian|Tirupati|Tirumala|https://www.zomato.com/tirupati/dhruv-mithai-vatika-tirumala/info|5|none|(Mon-Sun)|Not rated|-|-
Crispy's Resto Cafe|200|Burger,Sandwich|Tirupati|Tirumala|https://www.zomato.com/tirupati/crispys-resto-cafe-tirumala/info|5|Quick Bites|1130am to 830pm(Mon-Sun)|Not rated|-|-
Food Bowl|200|Desserts,Biryani,Beverages|Tirupati|Tirumala|https://www.zomato.com/tirupati/food-bowl-tirumala/info|5|none|(Mon-Sun)||NEW|NEW
Pawan Palac|300|North Indian,South Indian|Tirupati|Tirumala|https://www.zomato.com/tirupati/pawan-palac-tirumala/info|5|Quick Bites|12noon to 10pm(Mon-Sun)|Not rated|-|-
The Arabian Nights|1000|Andhra,Mughlai|Tirupati|Tirumala|https://www.zomato.com/tirupati/the-arabian-nights-tirumala/info|5|Casual Dining|1230pm to 1030pm(Mon-Sun)|Average|3.4|10
Be High Bro's (On Food)|200|Sandwich,Burger,Pizza|Tirupati|Tirumala|https://www.zomato.com/tirupati/be-high-bros-on-food-tirumala/info|5|none|(Mon-Sun)||NEW|NEW
Sanzi|200|Burger,Desserts,Sandwich,Pizza,North Indian|Tirupati|Tirumala|https://www.zomato.com/tirupati/sanzi-tirumala/info|6|none|12noon to 10pm(Mon-Sun)|Not rated|-|-
The Hangout|500|Cafe,Fast Food|Tirupati|Tirumala|https://www.zomato.com/tirupati/the-hangout-tirumala/info|6|Café|11am to 11pm(Mon-Sun)|Good|3.9|6
Mayura Family Restaurant|200|South Indian,North Indian,Chinese,Biryani|Tirupati|Tirumala|https://www.zomato.com/tirupati/mayura-family-restaurant-tirumala/info|6|none|(Mon-Sun)|Not rated|-|-
Hotel Padmavathi Amman Saravana Bhavan|350|North Indian,South Indian|Tirupati|Tirumala|https://www.zomato.com/tirupati/hotel-padmavathi-amman-saravana-bhavan-tirumala/info|6|Quick Bites|(Mon-Sun)|Not rated|-|-
Vihaan's Takeaway|200|Biryani,Chinese,North Indian,South Indian|Tirupati|Tirumala|https://www.zomato.com/tirupati/vihaans-takeaway-tirumala/info|6|none|(Mon-Sun)|Not rated|-|-
Nnv Restaurant|200|Chinese,Biryani|Tirupati|Tirumala|https://www.zomato.com/tirupati/nnv-restaurant-tirumala/info|6|none|(Mon-Sun)||NEW|NEW
La Meraki|200|Desserts,Burger,Sandwich|Tirupati|Tirumala|https://www.zomato.com/tirupati/la-meraki-tirumala/info|6|none|(Mon-Sun)||NEW|NEW
Hotel Regalia|200|South Indian|Tirupati|Tirumala|https://www.zomato.com/tirupati/hotel-regalia-tirumala/info|6|none|(Mon-Sun)|Not rated|-|-
Shop Stop|200|Fast Food,Wraps,Sandwich|Tirupati|Korlagunta|https://www.zomato.com/tirupati/shop-stop-korlagunta/info|6|Quick Bites|5pm to 10pm(Mon-Sun)|Not rated|-|-
Rayalaseema Palle Ruchulu|100|Biryani,Chinese,South Indian|Tirupati|Tirumala|https://www.zomato.com/tirupati/rayalaseema-palle-ruchulu-tirumala/info|6|none|(Mon-Sun)|Not rated|-|-
Dakshin Pure Vegetarian Restaurant (PLR Grand By...|200|North Indian|Tirupati|Tirumala|https://www.zomato.com/tirupati/dakshin-pure-vegetarian-restaurant-plr-grand-by-tommaso-hotels-tirumala/info|6|Quick Bites|(Mon-Sun)|Not rated|-|-
Janatha Biryani House|200|Chinese,Biryani|Tirupati|Tirumala|https://www.zomato.com/tirupati/janatha-biryani-house-tirumala/info|6|none|(Mon-Sun)||NEW|NEW
Abiruchi Swagruha Foods|200|Desserts|Tirupati|Tirumala|https://www.zomato.com/tirupati/abiruchi-swagruha-foods-tirumala/info|6|none|(Mon-Sun)|Not rated|-|-
Baskin Robbins|250|Desserts,Ice Cream|Tirupati|Tirumala|https://www.zomato.com/tirupati/baskin-robbins-tirumala/info|6|Dessert Parlor|(Mon-Sun)|Not rated|-|-
SK Cafe|100|Juices,Beverages|Tirupati|Korlagunta|https://www.zomato.com/tirupati/sk-cafe-korlagunta/info|6|Beverage Shop|6am to 10pm(Mon-Sun)|Not rated|-|-
La vantage Multi Cuisine Restaurant|200|North Indian|Tirupati|Tirumala|https://www.zomato.com/tirupati/la-vantage-multi-cuisine-restaurant-tirumala/info|7|Quick Bites|11am to 10pm(Mon-Sun)|Not rated|-|-
Noodle House|350|North Indian,Chinese|Tirupati|Tirumala|https://www.zomato.com/tirupati/noodle-house-tirumala/info|7|Quick Bites|(Mon-Sun)|Not rated|-|-
Bv Food Circle|350|Arabian,Biryani,Chinese|Tirupati|Tirumala|https://www.zomato.com/tirupati/bv-food-circle-tirumala/info|7|none|(Mon-Sun)|Not rated|-|-
Fortune Kences Hotel|200|Biryani,Fast Food,North Indian,Chinese|Tirupati|Tirumala|https://www.zomato.com/tirupati/fortune-kences-hotel-tirumala/info|7|Quick Bites|12noon to 10pm(Mon-Sun)|Not rated|-|-
Hotel Nellore Paradise - Annarao Circle|200|North Indian|Tirupati|Tirumala|https://www.zomato.com/tirupati/hotel-nellore-paradise-annarao-circle-tirumala/info|7|Quick Bites|12noon to 330pm(Mon-Sun)|Not rated|-|-
Madhuram Restaurant|500|North Indian,Chinese,Beverages|Tirupati|Tirumala|https://www.zomato.com/tirupati/madhuram-restaurant-tirumala/info|7|Quick Bites|(Mon-Sun)|Not rated|-|-
Valentino Vibe|200|Fast Food|Tirupati|Tirumala|https://www.zomato.com/tirupati/valentino-vibe-tirumala/info|7|Quick Bites|11am to 10pm(Mon-Sun)|Not rated|-|-
Sri Nataraja Sweets|208|Beverages,Desserts|Tirupati|Tirumala|https://www.zomato.com/tirupati/sri-nataraja-sweets-tirumala/info|7|none|(Mon-Sun)||NEW|NEW
Sri Lakshmi Bhavan|200||Tirupati|Tirumala|https://www.zomato.com/tirupati/sri-lakshmi-bhavan-1-tirumala/info|7|none|(Mon-Sun)|Not rated|-|-
Manasa Fast Food|150|South Indian|Tirupati|Tirumala|https://www.zomato.com/tirupati/manasa-fast-food-1-tirumala/info|7|Quick Bites|4pm to 1030pm(Mon-Sun)|Not rated|-|-
Hotel Vamsi|200|Indian,Chinese,Biryani|Tirupati|Tirumala|https://www.zomato.com/tirupati/hotel-vamsi-tirumala/info|7|none|(Mon-Sun)||NEW|NEW
Vaishalli Cafe|200|South Indian,North Indian,Indian,Chinese|Tirupati|Tirumala|https://www.zomato.com/tirupati/vaishalli-cafe-tirumala/info|7|none|(Mon-Sun)||NEW|NEW
The Hangout Cafe|200|Sandwich,Pizza,Cafe,Burger|Tirupati|Tirumala|https://www.zomato.com/tirupati/the-hangout-cafe-tirumala/info|7|none|(Mon-Sun)||NEW|NEW
PJ Biryani House|200|Biryani|Tirupati|Tirumala|https://www.zomato.com/tirupati/pj-biryani-house-tirumala/info|7|none|(Mon-Sun)||NEW|NEW
Mahaveer Restaurant|200|South Indian,North Indian,Fast Food,Chinese,Biryani|Tirupati|Tirumala|https://www.zomato.com/tirupati/mahaveer-restaurant-tirumala/info|7|none|(Mon-Sun)||NEW|NEW
A Grill Arabic Restaurant|250|Biryani,Arabian|Tirupati|Tirumala|https://www.zomato.com/tirupati/a-grill-arabic-restaurant-tirumala/info|8|none|11am to 11pm(Mon-Sun)|Good|3.5|7
Sakhi Tiffin House|150|South Indian|Tirupati|Tirumala|https://www.zomato.com/tirupati/sakhi-tiffin-house-tirumala/info|8|none|11am to 11pm(Mon-Sun)|Good|3.7|4
Hotel Udayee International|200|Biryani,South Indian|Tirupati|Tirumala|https://www.zomato.com/tirupati/hotel-udayee-international-tirumala/info|8|none|11am to 11pm(Mon-Sun)|Average|3.4|4
Anandan Vasavi Vegetarian Restaurant|400|South Indian,Chinese,North Indian|Tirupati|Tirumala|https://www.zomato.com/tirupati/anandan-vasavi-vegetarian-restaurant-tirumala/info|8|Casual Dining|6am to 11pm(Mon-Sun)|Good|3.5|9
Aroma Coffee House|200|Beverages|Tirupati|Tirumala|https://www.zomato.com/tirupati/aroma-coffee-house-tirumala/info|8|Beverage Shop|11am to 11pm(Mon-Sun)|Good|3.5|11
Lassi Shop|200|Beverages,Ice Cream|Tirupati|Tirumala|https://www.zomato.com/tirupati/lassi-shop-1-tirumala/info|8|none|1030am to 1045pm(Mon-Sun)|Not rated|-|-
Makers Of Milkshakes|400|Beverages|Tirupati|Tirumala|https://www.zomato.com/tirupati/makers-of-milkshakes-tirumala/info|8|Beverage Shop|11am to 11pm(Mon-Sun)|Good|3.7|6
Kulfi & More|100|Ice Cream|Tirupati|Tiruchanur|https://www.zomato.com/tirupati/kulfi-more-tiruchanur/info|8|Dessert Parlor|1030am to 11pm(Mon-Sun)|Good|3.6|6
New Southern Spice|200|Biryani,South Indian|Tirupati|Tirumala|https://www.zomato.com/tirupati/new-southern-spice-tirumala/info|8|Quick Bites|11am to 11pm(Mon,Tue,Thu,Fri,Sat,Sun),11am...|Not rated|-|-
Beyond Temptations|200|Beverages|Tirupati|Pudipatla|https://www.zomato.com/tirupati/beyond-temptations-pudipatla/info|8|Beverage Shop|11am to 11pm(Mon-Sun)|Average|3.3|6
Maa Way Food Court|200|North Indian|Tirupati|Tirumala|https://www.zomato.com/tirupati/maa-way-food-court-tirumala/info|8|Quick Bites|11am to 11pm(Mon-Sun)|Good|3.6|6
Anjappar Chettinad|400|Chettinad,Biryani|Tirupati|Tirumala|https://www.zomato.com/tirupati/anjappar-chettinad-tirumala/info|8|Quick Bites|7am to 11pm(Mon-Sun)|Not rated|-|-
Manju Foods Family Restaurant|200|North Indian,Indian,Chinese,Biryani|Tirupati|Tirumala|https://www.zomato.com/tirupati/manju-foods-family-restaurant-tirumala/info|8|Casual Dining|1130am to 11pm(Mon-Sun)|Average|3.2|4
SFC Restaurant|400|Fast Food,Biryani|Tirupati|Tirumala|https://www.zomato.com/tirupati/sfc-restaurant-tirumala/info|8|Quick Bites|1030am to 11pm(Mon-Sun)|Not rated|-|-
Brown Multicuisine Restaurant|600|North Indian,Biryani,Chinese|Tirupati|Tirumala|https://www.zomato.com/tirupati/brown-multicuisine-restaurant-tirumala/info|8|Casual Dining|1130am to 1130pm(Mon-Sun)|Good|3.5|6
Food Planet|200|South Indian|Tirupati|Tirumala|https://www.zomato.com/tirupati/food-planet-tirumala/info|9|none|8am to 1145pm(Mon-Sun)|Good|3.7|4
Ruchikaraa Veg Restaurant|400|South Indian|Tirupati|Tirumala|https://www.zomato.com/tirupati/ruchikaraa-veg-restaurant-tirumala/info|9|Casual Dining|7am to 11pm(Mon-Sun)|Average|3.4|5
Kwality Spicy|200|South Indian|Tirupati|Tirumala|https://www.zomato.com/tirupati/kwality-spicy-tirumala/info|9|Quick Bites|11am to 11pm(Mon-Sun)|Not rated|-|-
Vivaha Bhojanam|400|Biryani,Chinese|Tirupati|Tirumala|https://www.zomato.com/tirupati/vivaha-bhojanam-tirumala/info|9|Quick Bites|11am to 11pm(Mon-Sun)|Not rated|-|-
Vrinda - Hotel Sindhuri Park|450|South Indian,Biryani,North Indian|Tirupati|Pudipatla|https://www.zomato.com/tirupati/vrinda-hotel-sindhuri-park-pudipatla/info|9|Casual Dining|7am to 11pm(Mon-Sun)|Average|3.4|6
Southern Spice - Avilala|200|Chinese,Biryani,North Indian,South Indian|Tirupati|Tirumala|https://www.zomato.com/tirupati/southern-spice-avilala-tirumala/info|9|none|7am to 1030pm(Mon-Sat),7am to 11pm(Sun)|Not rated|-|-
Usha Vasavi Restaurant|400|South Indian,Biryani|Tirupati|Tirumala|https://www.zomato.com/tirupati/usha-vasavi-restaurant-tirumala/info|9|Casual Dining|11am to 11pm(Mon-Sun)|Not rated|-|-
Dus Coffee House|200|North Indian,Desserts,Beverages|Tirupati|Tirumala|https://www.zomato.com/tirupati/dus-coffee-house-1-tirumala/info|9|Quick Bites|8am to 1130pm(Mon-Sun)|Not rated|-|-
ibaco|200|Ice Cream|Tirupati|Tirumala|https://www.zomato.com/tirupati/ibaco-tirumala/info|9|Dessert Parlor|11am to 11pm(Mon-Sun)|Good|3.6|4
Thancos Natural  icecreams|200|Ice Cream|Tirupati|Tirumala|https://www.zomato.com/tirupati/thancos-natural-icecreams-tirumala/info|9|Dessert Parlor|12noon to 11pm(Mon-Sun)|Not rated|-|-
Meat & Eat|350|Fast Food,Burger|Tirupati|Tiruchanur|https://www.zomato.com/tirupati/meat-eat-tiruchanur/info|9|Quick Bites|11am to 11pm(Mon-Sun)|Average|3.4|4
Udayees Hotel BVN Grand|500|North Indian,Chinese|Tirupati|Tirumala|https://www.zomato.com/tirupati/udayees-hotel-bvn-grand-tirumala/info|9|Casual Dining|11am to 11pm(Mon-Sun)|Not rated|-|-
Thancos Natural Icecreams - K.T.Road|200|Ice Cream|Tirupati|Tirumala|https://www.zomato.com/tirupati/thancos-natural-icecreams-k-t-road-tirumala/info|9|Dessert Parlor|12noon to 11pm(Mon-Sun)|Not rated|-|-
The Sisa Shakes|200|Fast Food,Beverages|Tirupati|Tirumala|https://www.zomato.com/tirupati/the-sisa-shakes-tirumala/info|9|Quick Bites|11am to 11pm(Mon-Sun)|Not rated|-|-
M Suchi Ruchi|100|North Indian|Tirupati|Tirumala|https://www.zomato.com/tirupati/m-suchi-ruchi-2-tirumala/info|9|Quick Bites|11am to 11pm(Mon-Sun)|Not rated|-|-
