NAME|PRICE|CUSINE_CATEGORY|CITY|REGION|URL|PAGE NO|CUSINE TYPE|TIMING|RATING_TYPE|RATING|VOTES
KFC|450|Fast Food|Trichy|Sangillyandapuram|https://www.zomato.com/trichy/kfc-sangillyandapuram/info|1|Quick Bites|11am to 11pm(Mon-Sun)|Very Good|4.1|198
Grill Chicken|500|Arabian,Chinese,BBQ,Rolls|Trichy|Thillai Nagar|https://www.zomato.com/trichy/grill-chicken-thillai-nagar/info|1|Quick Bites|11am to 11pm(Mon-Sun)|Excellent|4.7|177
KMS Hakkim|400|Biryani|Trichy|Thillai Nagar|https://www.zomato.com/trichy/kms-hakkim-thillai-nagar/info|1|Casual Dining|11am to 11pm(Mon-Sun)|Very Good|4.3|180
Smack|300|Desserts,Ice Cream,Beverages|Trichy|Thillai Nagar|https://www.zomato.com/trichy/smack-thillai-nagar/info|1|Dessert Parlor|11am to 11pm(Mon-Sun)|Very Good|4.3|76
Hotel Kannappa|600|Chettinad,Chinese,South Indian|Trichy|Thillai Nagar|https://www.zomato.com/trichy/hotel-kannappa-thillai-nagar/info|1|Casual Dining|1130am to 330pm,630pm to 11pm(Mon-Sun)|Excellent|4.5|140
Hotel Raja|300|Biryani,Arabian,Indian,Chinese|Trichy|Sangillyandapuram|https://www.zomato.com/trichy/hotel-raja-sangillyandapuram/info|1|Casual Dining|1030am to 1130pm(Mon,Tue,Wed,Thu,Sat,Sun)...|Good|3.7|106
Anjappar|500|Chettinad,Chinese,North Indian,South Indian|Trichy|Thillai Nagar|https://www.zomato.com/trichy/anjappar-thillai-nagar/info|1|Casual Dining|1130am to 1030pm(Mon-Sun)|Good|3.8|86
The Chocolate Room|900|Cafe|Trichy|Thillai Nagar|https://www.zomato.com/trichy/the-chocolate-room-thillai-nagar/info|1|Café|930am to 1030pm(Mon-Sun)|Very Good|4.2|69
Kalluppu Restaurant|600|Chettinad,South Indian|Trichy|Sangillyandapuram|https://www.zomato.com/trichy/kalluppu-restaurant-sangillyandapuram/info|1|Casual Dining|12noon to 1020pm(Mon-Sun)|Very Good|4.1|70
Domino's Pizza|600|Pizza|Trichy|Sangillyandapuram|https://www.zomato.com/trichy/dominos-pizza-sangillyandapuram/info|1|Quick Bites|11am to 11pm(Mon-Sun)|Very Good|4.1|129
Banana Leaf Restaurant|300|Biryani,Chinese,South Indian|Trichy|Thillai Nagar|https://www.zomato.com/trichy/banana-leaf-restaurant-thillai-nagar/info|1|Casual Dining|11am to 12midnight(Mon-Sun)|Very Good|4.0|68
Spicy Hot Kitchen|200|South Indian,North Indian|Trichy|Thillai Nagar|https://www.zomato.com/trichy/spicy-hot-kitchen-thillai-nagar/info|1|Quick Bites|11am to 11pm(Mon-Sun)||NEW|NEW
Vasantham's Juice Spot|200|Desserts,Beverages|Trichy|Thillai Nagar|https://www.zomato.com/trichy/vasanthams-juice-spot-thillai-nagar/info|1|Dessert Parlor|9am to 11pm(Mon-Sun)|Very Good|4.2|68
Food O Mania|150|Fast Food|Trichy|KK Nagar|https://www.zomato.com/trichy/food-o-mania-kk-nagar/info|1|Quick Bites|5pm to 1030pm(Mon-Sun)|Good|3.5|38
Gowri Parvathi Bhavan Veg|200|South Indian|Trichy|Thillai Nagar|https://www.zomato.com/trichy/gowri-parvathi-bhavan-veg-thillai-nagar/info|1|Quick Bites|7am to 11pm(Mon-Sun)|Good|3.9|54
Gajapriya Restaurant|600|North Indian,South Indian|Trichy|Sangillyandapuram|https://www.zomato.com/trichy/gajapriya-restaurant-sangillyandapuram/info|10|Casual Dining|6am to 11pm(Mon-Sun)|Average|3.3|12
Meridian|700|Arabian,Chinese,North Indian,South Indian|Trichy|Sangillyandapuram|https://www.zomato.com/trichy/meridian-sangillyandapuram/info|10|Casual Dining|7am to 1030am,12noon to 330pm,730pm to 11pm...|Good|3.7|19
New Khurrinji Restaurant|600|South Indian|Trichy|Sangillyandapuram|https://www.zomato.com/trichy/new-khurrinji-restaurant-sangillyandapuram/info|10|Casual Dining|6am to 11pm(Mon-Sun)|Good|3.5|10
Meat and Eat|400|Fast Food|Trichy|Thillai Nagar|https://www.zomato.com/trichy/meat-and-eat-thillai-nagar/info|10|Quick Bites|11am to 11pm(Mon-Sun)|Good|3.7|21
New Iyyankar Bakery|150|Desserts,Bakery,Mithai|Trichy|Woraiyur|https://www.zomato.com/trichy/new-iyyankar-bakery-woraiyur/info|10|Bakery|730am to 1140pm(Mon),8am to 11pm(Tue-Sun)|Good|3.5|5
Raagam Garden Restaurant|300|South Indian|Trichy|KK Nagar|https://www.zomato.com/trichy/raagam-garden-restaurant-kk-nagar/info|10|Casual Dining|7am to 1030pm(Mon-Sat),7am to 11am,630pm to ...|Good|3.7|22
K.A.S Ramdoss Pazhamuthir Cholai|100|Juices,Beverages|Trichy|Sangillyandapuram|https://www.zomato.com/trichy/k-a-s-ramdoss-pazhamuthir-cholai-sangillyandapuram/info|10|Beverage Shop|24|Good|3.6|11
ibaco|200|Desserts,Ice Cream|Trichy|Thillai Nagar|https://www.zomato.com/trichy/ibaco-thillai-nagar/info|10|Dessert Parlor|11am to 11pm(Mon-Sun)|Good|3.8|16
KMS Hakkim|250|Biryani|Trichy|KK Nagar|https://www.zomato.com/trichy/kms-hakkim-kk-nagar/info|10|Quick Bites|11am to 11pm(Mon-Sun)|Good|3.6|43
B2 Family Restaurant|250|South Indian,Fast Food,Biryani|Trichy|Sangillyandapuram|https://www.zomato.com/trichy/b2-family-restaurant-1-sangillyandapuram/info|10|Quick Bites|1130am to 1130pm(Mon-Sun)|Average|3.4|12
Cheesy juicy Burgers|200|Momos,Burger,Fast Food|Trichy|Sangillyandapuram|https://www.zomato.com/trichy/cheesy-juicy-burgers-sangillyandapuram/info|10|Quick Bites|11am to 11pm(Mon-Sun)|Average|3.3|8
First Crush|250|Beverages,Desserts|Trichy|Thillai Nagar|https://www.zomato.com/trichy/first-crush-thillai-nagar/info|10|Dessert Parlor|930am to 11pm(Mon-Sun)|Average|3.3|22
Birbal Biriyani Mandi|300|Biryani|Trichy|Srirangam|https://www.zomato.com/trichy/birbal-biriyani-mandi-srirangam/info|10|Quick Bites|Closed(Mon),1030am to 11pm(Tue-Sun)|Average|2.6|29
Amirtham Veg Restaurant|450|North Indian,South Indian|Trichy|Sangillyandapuram|https://www.zomato.com/trichy/amirtham-veg-restaurant-sangillyandapuram/info|10|Casual Dining|7am to 1030am,1pm to 330pm,7pm to 11pm(Mon-Sun)|Not rated|-|-
Hotel Suvai|500|South Indian,North Indian,Chinese|Trichy|Woraiyur|https://www.zomato.com/trichy/hotel-suvai-woraiyur/info|10|Casual Dining|6am to 11pm(Mon-Sun)|Average|3.3|20
Trichy Famous Biriyani|250|Biryani|Trichy|Karumandapam|https://www.zomato.com/trichy/trichy-famous-biriyani-karumandapam/info|11|Quick Bites|11am to 1030pm(Mon-Sun)|Average|3.0|15
Roll Over|300|Desserts,Ice Cream|Trichy|Thillai Nagar|https://www.zomato.com/trichy/roll-over-thillai-nagar/info|11|Dessert Parlor|1030am to 1030pm(Mon-Sat),1030am to 1130pm(Sun)|Good|3.7|16
Cowboy Fried Chicken|250|Fast Food|Trichy|Thillai Nagar|https://www.zomato.com/trichy/cowboy-fried-chicken-thillai-nagar/info|11|Quick Bites|11am to 11pm(Mon-Sun)|Average|3.2|7
OYALO|250|Pizza|Trichy|Thillai Nagar|https://www.zomato.com/trichy/oyalo-1-thillai-nagar/info|11|Quick Bites|12noon to 11pm(Mon-Sun)|Good|3.5|17
Valima Biriyani|200|South Indian,Arabian|Trichy|Tharanallur|https://www.zomato.com/trichy/valima-biriyani-tharanallur/info|11|Quick Bites|12noon to 1030pm(Mon-Sun)|Average|3.3|8
18 Degree Icecream Zone|150|Ice Cream,Desserts,Juices|Trichy|Karumandapam|https://www.zomato.com/trichy/18-degree-icecream-zone-karumandapam/info|11|Dessert Parlor|11am to 11pm(Mon-Sun)|Average|3.4|12
Thaai Restaurant|700|Chettinad,North Indian,South Indian|Trichy|Thillai Nagar|https://www.zomato.com/trichy/thaai-restaurant-thillai-nagar/info|11|Casual Dining|1030am to 330pm,7pm to 1130pm(Mon-Sun)|Average|3.3|9
KAMAL TIFFIN CENTRE|150|South Indian,Chettinad,Biryani,Fast Food|Trichy|Thillai Nagar|https://www.zomato.com/trichy/kamal-tiffin-centre-thillai-nagar/info|11|Casual Dining|7pm to 1130pm(Mon-Sun)|Average|3.2|7
Chickwalk|350|Fast Food,Pizza|Trichy|KK Nagar|https://www.zomato.com/trichy/chickwalk-kk-nagar/info|11|Quick Bites|11am to 11pm(Mon-Sun)|Average|3.3|16
Amul Ice Cream|150|Desserts,Ice Cream|Trichy|Srirangam|https://www.zomato.com/trichy/amul-ice-cream-srirangam/info|11|Dessert Parlor|1030am to 11pm(Mon-Sun)|Average|3.3|8
Twist N Taste|150|Arabian,Fast Food|Trichy|Thillai Nagar|https://www.zomato.com/trichy/twist-n-taste-thillai-nagar/info|11|Quick Bites|4pm to 11pm(Mon-Sun)|Average|3.3|8
Families Restro Cafe|200|Pizza,Burger,Sandwich,Wraps,Biryani|Trichy|Srirangam|https://www.zomato.com/trichy/families-restro-cafe-srirangam/info|11|Quick Bites|11am to 11pm(Mon-Sun)|Average|3.3|8
CakeBee|300|Bakery,Cafe,Burger|Trichy|Sangillyandapuram|https://www.zomato.com/trichy/cakebee-sangillyandapuram/info|11|Bakery|8am to 1030pm(Mon-Sun)|Good|3.7|21
Scoops On The Rocks|150|Desserts,Beverages,Juices|Trichy|KK Nagar|https://www.zomato.com/trichy/scoops-on-the-rocks-kk-nagar/info|11|Dessert Parlor|10am to 1030pm(Mon-Sun)|Average|3.3|4
Red Chicken|250|Biryani,Chinese|Trichy|Srirangam|https://www.zomato.com/trichy/red-chicken-srirangam/info|11|Quick Bites|11am to 1030pm(Mon-Sun)|Average|3.4|21
Kulfi House|300|Desserts,Ice Cream|Trichy|Sangillyandapuram|https://www.zomato.com/trichy/kulfi-house-sangillyandapuram/info|12|Dessert Parlor|11am to 11pm(Mon-Sun)|Good|3.5|14
Annapoorni Restaurant|940|South Indian|Trichy|Woraiyur|https://www.zomato.com/trichy/annapoorni-restaurant-woraiyur/info|12|Casual Dining|7am to 11pm(Mon-Sun)|Not rated|-|-
8 Ball Club & Cafe|300|Cafe|Trichy|Woraiyur|https://www.zomato.com/trichy/8-ball-club-cafe-woraiyur/info|12|Café|11am to 11pm(Mon-Sun)|Average|3.4|9
Cauvery Restaurant|450|South Indian|Trichy|Tharanallur|https://www.zomato.com/trichy/cauvery-restaurant-tharanallur/info|12|Casual Dining|7am to 1030am,12noon to 330pm,7pm to 1030pm...|Average|2.9|4
A Square Al Madina|250|Chinese,Seafood,Fast Food,Biryani|Trichy|Kattur|https://www.zomato.com/trichy/a-square-al-madina-kattur/info|12|Quick Bites|11am to 11pm(Mon-Sun)|Average|3.2|9
Sri Saraswathi Cafe|300|Chinese,South Indian|Trichy|Sangillyandapuram|https://www.zomato.com/trichy/sri-saraswathi-cafe-sangillyandapuram/info|12|Casual Dining|630am to 11pm(Mon-Sun)|Good|3.7|20
New Hot Chicken|300|Biryani,Chinese|Trichy|Sangillyandapuram|https://www.zomato.com/trichy/new-hot-chicken-sangillyandapuram/info|12|Quick Bites|11am to 11pm(Mon-Sun)|Good|3.5|21
Amul Ice Cream Parlour|150|Ice Cream|Trichy|KK Nagar|https://www.zomato.com/trichy/amul-ice-cream-parlour-kk-nagar/info|12|Dessert Parlor|1030am to 1030pm(Mon-Sun)|Average|3.0|4
Mumbai Kulfi|150|Ice Cream,Desserts|Trichy|Thillai Nagar|https://www.zomato.com/trichy/mumbai-kulfi-thillai-nagar/info|12|Dessert Parlor|10am to 11pm(Mon-Sun)|Average|3.2|4
PICK And MOVE|200|Pizza,Chinese,Fast Food|Trichy|Sangillyandapuram|https://www.zomato.com/trichy/pick-and-move-sangillyandapuram/info|12|Café|11am to 11pm(Mon-Sun)|Average|3.2|7
Hotel Senthamizh|500|Chettinad,South Indian|Trichy|Woraiyur|https://www.zomato.com/trichy/hotel-senthamizh-woraiyur/info|12|Casual Dining|11am to 11pm(Mon-Sun)|Average|2.8|7
Bombay Kulfi|150|Desserts|Trichy|Thillai Nagar|https://www.zomato.com/trichy/bombay-kulfi-thillai-nagar/info|12|Dessert Parlor|11am to 11pm(Mon-Sun)|Average|3.3|11
Alam Restaurant|400|BBQ,Chinese,North Indian,South Indian|Trichy|Sangillyandapuram|https://www.zomato.com/trichy/alam-restaurant-sangillyandapuram/info|12|Casual Dining|7am to 11pm(Mon-Sun)|Average|3.3|8
Annalakshmi Restaurant|800|South Indian|Trichy|Srirangam|https://www.zomato.com/trichy/annalakshmi-restaurant-srirangam/info|12|Casual Dining|7am to 1030am,8pm to 1030pm,12noon to 330pm...|Average|3.4|10
Hotel New Bhavani|150|South Indian|Trichy|Thillai Nagar|https://www.zomato.com/trichy/hotel-new-bhavani-thillai-nagar/info|12|Quick Bites|730am to 11pm(Mon-Sun)|Average|3.3|6
Candy Restaurant|500|South Indian,North Indian|Trichy|Srirangam|https://www.zomato.com/trichy/candy-restaurant-1-srirangam/info|13|Casual Dining|8am to 11pm(Mon-Sun)|Good|3.6|15
ESHWARS TIFFIN BOX|100|South Indian|Trichy|Thillai Nagar|https://www.zomato.com/trichy/eshwars-tiffin-box-thillai-nagar/info|13|Casual Dining|630am to 11pm(Mon-Sun)||NEW|NEW
Maghai Restuarant|200|Fast Food|Trichy|Tharanallur|https://www.zomato.com/trichy/maghai-restuarant-tharanallur/info|13|Quick Bites|11am to 11pm(Mon-Sun)|Average|3.3|11
Hotel Sree|150|South Indian|Trichy|Karumandapam|https://www.zomato.com/trichy/hotel-sree-karumandapam/info|13|Quick Bites|11am to 11pm(Mon-Sun)|Average|2.9|6
Cakes and Pizzas|300|Bakery,Pizza,Desserts|Trichy|Thillai Nagar|https://www.zomato.com/trichy/cakes-and-pizzas-thillai-nagar/info|13|Quick Bites|11am to 11pm(Mon-Sun)|Not rated|-|-
Surabi Restaurant|600|Chinese,North Indian,South Indian|Trichy|Woraiyur|https://www.zomato.com/trichy/surabi-restaurant-woraiyur/info|13|Casual Dining|11am to 11pm(Mon-Sun)|Not rated|-|-
Sankar Cafe|300|North Indian,South Indian|Trichy|Sangillyandapuram|https://www.zomato.com/trichy/sankar-cafe-sangillyandapuram/info|13|Casual Dining|630am to 11pm(Mon-Sun)|Not rated|-|-
Aachi Chettinadu Mess|400|South Indian,Chettinad|Trichy|Kattur|https://www.zomato.com/trichy/aachi-chettinadu-mess-kattur/info|13|Casual Dining|1130am to 3am(Mon-Sun)|Not rated|-|-
Kudumbam Mess|250|South Indian|Trichy|Thillai Nagar|https://www.zomato.com/trichy/kudumbam-mess-thillai-nagar/info|13|Mess|11am to 11pm(Mon-Sun)|Average|3.1|5
Ambur Biriyani|200|Biryani|Trichy|Sangillyandapuram|https://www.zomato.com/trichy/ambur-biriyani-sangillyandapuram/info|13|Quick Bites|12noon to 2am(Mon-Sun)|Average|3.3|12
HOTEL SRI ANBILS|350|South Indian|Trichy|Srirangam|https://www.zomato.com/trichy/hotel-sri-anbils-srirangam/info|13|Casual Dining|7am to 1030am,8pm to 1030pm,1pm to 330pm...|Average|2.9|4
VF 2 BIRIYANI CORNER|250|South Indian,Fast Food,Chettinad,Biryani|Trichy|Woraiyur|https://www.zomato.com/trichy/vf-2-biriyani-corner-woraiyur/info|13|Casual Dining|11am to 11pm(Mon-Sun)||NEW|NEW
Famous Bombay Kulfi|150|Desserts|Trichy|Thillai Nagar|https://www.zomato.com/trichy/famous-bombay-kulfi-thillai-nagar/info|13|Dessert Parlor|10am to 1030pm(Mon-Sun)|Average|3.2|5
The New Kovilakam Restaurant|400|South Indian,North Indian,Fast Food|Trichy|Kattur|https://www.zomato.com/trichy/the-new-kovilakam-restaurant-kattur/info|13|Casual Dining|7am to 11pm(Mon-Sun)|Average|2.8|4
Chaat Cafe|100|Street Food|Trichy|Thillai Nagar|https://www.zomato.com/trichy/chaat-cafe-thillai-nagar/info|13|Kiosk|430pm to 1030pm(Mon-Sun)|Not rated|-|-
Sree Hari Sweets|200|Mithai,Bakery|Trichy|Kilapudur|https://www.zomato.com/trichy/sree-hari-sweets-kilapudur/info|14|Sweet Shop|7am to 1030pm(Mon-Sun)|Not rated|-|-
Marvel Bar|800|Finger Food|Trichy|Thillai Nagar|https://www.zomato.com/trichy/marvel-bar-thillai-nagar/info|14|Bar|11am to 11pm(Mon-Sun)|Not rated|-|-
Hotel Ocean|300|South Indian,Malaysian,Chettinad,Arabian|Trichy|Karumandapam|https://www.zomato.com/trichy/hotel-ocean-karumandapam/info|14|Casual Dining|12noon to 1030pm(Mon-Sun)||NEW|NEW
The Cook Restaurant|200|South Indian|Trichy|Woraiyur|https://www.zomato.com/trichy/the-cook-restaurant-woraiyur/info|14|Quick Bites|8am to 11pm(Mon-Sun)|Not rated|-|-
HOTEL PANDIAN AND SWEETS|150|South Indian|Trichy|Sangillyandapuram|https://www.zomato.com/trichy/hotel-pandian-and-sweets-sangillyandapuram/info|14|Casual Dining|11am to 11pm(Mon-Sun)||NEW|NEW
RAMZAN BIRIYANI AND RESTAURANT|200|South Indian|Trichy|Kattur|https://www.zomato.com/trichy/ramzan-biriyani-and-restaurant-kattur/info|14|Casual Dining|11am to 11pm(Mon-Sun)||NEW|NEW
JP Cafe|200|South Indian,Beverages|Trichy|Thillai Nagar|https://www.zomato.com/trichy/jp-cafe-thillai-nagar/info|14|Quick Bites|11am to 11pm(Mon-Sun)|Not rated|-|-
Sri Karpagam Chettinad|200|Biryani|Trichy|Woraiyur|https://www.zomato.com/trichy/sri-karpagam-chettinad-woraiyur/info|14|Quick Bites|630am to 1030pm(Mon-Sun)|Average|2.7|5
S, S Variety Rice And Snacks|100|North Indian,Fast Food|Trichy|Srirangam|https://www.zomato.com/trichy/s-s-variety-rice-and-snacks-srirangam/info|14|Quick Bites|930am to 1030pm(Mon-Sun)|Not rated|-|-
Park View|400|BBQ,Chinese|Trichy|Sangillyandapuram|https://www.zomato.com/trichy/park-view-sangillyandapuram/info|14|Casual Dining|11am to 11pm(Mon-Sun)|Average|3.1|5
Kabab Hot-Spot|500|Kebab,Fast Food|Trichy|Sangillyandapuram|https://www.zomato.com/trichy/kabab-hot-spot-sangillyandapuram/info|14|Quick Bites|5pm to 11pm(Mon-Sun)||NEW|NEW
OH MY GRILL|0|Afghani,Arabian,BBQ|Trichy|Woraiyur|https://www.zomato.com/trichy/oh-my-grill-woraiyur/info|14|Food Truck|6pm to 1130pm(Mon-Sun)||NEW|NEW
Hotel Rock Fort Malar|0|Chinese,North Indian,South Indian|Trichy|Srirangam|https://www.zomato.com/trichy/hotel-rock-fort-malar-srirangam/info|14|Casual Dining|7am to 10am,12noon to 3pm,7pm to 1045pm(Mon-Sun)|Average|3.0|4
Flavours|600|Chinese,North Indian,South Indian|Trichy|Sangillyandapuram|https://www.zomato.com/trichy/flavours-sangillyandapuram/info|14|Casual Dining|11am to 330pm,7pm to 11pm(Mon-Sun)|Not rated|-|-
CK's Bakery|150|Wraps,Sandwich,Panini,Cafe,Bakery|Trichy|Sangillyandapuram|https://www.zomato.com/trichy/cks-bakery-sangillyandapuram/info|14|Bakery|8am to 1130pm(Mon-Sun)|Not rated|-|-
CK'S BAKERY|200|Wraps,Sandwich,Panini,Indian,Desserts,Beverages|Trichy|Kattur|https://www.zomato.com/trichy/cks-bakery-kattur/info|15|Bakery|8am to 11pm(Mon-Sun)||NEW|NEW
M.S.Biryani Centre|0|Biryani|Trichy|Kattur|https://www.zomato.com/trichy/m-s-biryani-centre-kattur/info|15|Quick Bites|12noon to 11pm(Mon-Sun)|Not rated|-|-
Madurai Muniyandi Vilas|0|South Indian,Chettinad|Trichy|KK Nagar|https://www.zomato.com/trichy/madurai-muniyandi-vilas-kk-nagar/info|15|Quick Bites|||Opening|Opening
The Bread Basket Restaurant|300|Bakery,Pizza,Burger|Trichy|KK Nagar|https://www.zomato.com/trichy/the-bread-basket-restaurant-kk-nagar/info|15|Bakery|||Opening|Opening
HOTEL NEW AL SALAM|250|South Indian,North Indian,Chinese|Trichy|Kattur|https://www.zomato.com/trichy/hotel-new-al-salam-kattur/info|15|Casual Dining|11am to 11pm(Mon-Sun)||NEW|NEW
UBQ by Barbeque Nation|1000|North Indian|Trichy|Sangillyandapuram|https://www.zomato.com/trichy/ubq-by-barbeque-nation-sangillyandapuram/info|15|none|12noon to 330pm,7pm to 1030pm(Mon-Sun)|Not rated|-|-
Iyengar Bakary|150|Bakery|Trichy|Woraiyur|https://www.zomato.com/trichy/iyengar-bakary-woraiyur/info|15|Bakery|8am to 11pm(Mon-Sun)|Not rated|-|-
Tasty Fast Food|0|South Indian,Fast Food,Chettinad,Biryani|Trichy|Kattur|https://www.zomato.com/trichy/tasty-fast-food-kattur/info|15|Casual Dining|12noon to 4pm,5pm to 1130pm(Mon-Sun)||NEW|NEW
Chinese Kadaai|0||Trichy|Sangillyandapuram|https://www.zomato.com/trichy/chinese-kadaai-sangillyandapuram/info|15|Casual Dining|5pm to 1130pm(Mon-Sun)||NEW|NEW
N Padma Pazhamudhir Solai|200|South Indian|Trichy|Thillai Nagar|https://www.zomato.com/trichy/n-padma-pazhamudhir-solai-2-thillai-nagar/info|15|Quick Bites|11am to 11pm(Mon-Sun)|Not rated|-|-
SHRI SANGEETHAS|0||Trichy|Tharanallur|https://www.zomato.com/trichy/shri-sangeethas-tharanallur/info|15|Fine Dining|7am to 1130pm(Mon-Sun)||NEW|NEW
Cafe Cake Bee|400|Italian,Continental|Trichy|Sangillyandapuram|https://www.zomato.com/trichy/cafe-cake-bee-sangillyandapuram/info|2|Quick Bites|8am to 1030pm(Mon-Sun)|Excellent|4.5|50
Food O Mania|150|Fast Food|Trichy|KK Nagar|https://www.zomato.com/trichy/food-o-mania-kk-nagar/info|2|Quick Bites|5pm to 1030pm(Mon-Sun)|Good|3.5|38
A One Fast Food|300|Chettinad,Chinese,South Indian|Trichy|Woraiyur|https://www.zomato.com/trichy/a-one-fast-food-1-woraiyur/info|2|Quick Bites|11am to 11pm(Mon-Sun)|Very Good|4.0|48
Capucino|300|Pizza,Burger,Fast Food,Beverages|Trichy|Thillai Nagar|https://www.zomato.com/trichy/capucino-thillai-nagar/info|2|Quick Bites|2pm to 12midnight(Mon-Sun)|Very Good|4.1|53
Aachi Chettinadu Mess|300|Chettinad,South Indian|Trichy|Sangillyandapuram|https://www.zomato.com/trichy/aachi-chettinadu-mess-sangillyandapuram/info|2|Quick Bites|1130am to 330pm(Mon-Sun)|Very Good|4.2|102
Cafe Coffee Day|650|Cafe,Fast Food|Trichy|Thillai Nagar|https://www.zomato.com/trichy/cafe-coffee-day-thillai-nagar/info|2|Café|9am to 12midnight(Mon-Sun)|Very Good|4.0|71
Hotel Junior Kuppanna|600|Chettinad,Chinese,South Indian|Trichy|Thillai Nagar|https://www.zomato.com/trichy/hotel-junior-kuppanna-thillai-nagar/info|2|Casual Dining|11am to 11pm(Mon-Sun)|Very Good|4.1|44
Al Habibi|450|Fast Food|Trichy|Woraiyur|https://www.zomato.com/trichy/al-habibi-woraiyur/info|2|Quick Bites|11am to 11pm(Mon-Sun)|Good|3.9|53
Sree Ganapathy Restaurant|300|South Indian|Trichy|Tharanallur|https://www.zomato.com/trichy/sree-ganapathy-restaurant-tharanallur/info|2|Quick Bites|10am to 10pm(Mon-Sun)|Very Good|4.2|37
Anandham Veg Restaurant|200|South Indian|Trichy|Thillai Nagar|https://www.zomato.com/trichy/anandham-veg-restaurant-thillai-nagar/info|2|Casual Dining|7am to 10pm(Mon-Sun)|Good|3.5|31
DimoRa|1200|Arabian,Chinese,North Indian,South Indian|Trichy|Thillai Nagar|https://www.zomato.com/trichy/dimora-thillai-nagar/info|2|Fine Dining|1230pm to 4pm,630pm to 11pm(Mon-Sun)|Good|3.8|48
Eedal Restaurant|300|Chinese,South Indian|Trichy|Karumandapam|https://www.zomato.com/trichy/eedal-restaurant-karumandapam/info|2|Quick Bites|7am to 1030pm(Mon-Sun)|Good|3.5|44
Hotel Imperial|300|Chinese,South Indian|Trichy|Thillai Nagar|https://www.zomato.com/trichy/hotel-imperial-thillai-nagar/info|2|Quick Bites|11am to 10pm(Mon-Sun)|Average|3.4|23
Nettai Boy Biriyani|150|Biryani|Trichy|Karumandapam|https://www.zomato.com/trichy/nettai-boy-biriyani-karumandapam/info|2|Quick Bites|11am to 10pm(Mon-Sun)|Good|3.9|31
Bombay Chappathi Center|200|North Indian,South Indian|Trichy|Sangillyandapuram|https://www.zomato.com/trichy/bombay-chappathi-center-sangillyandapuram/info|2|Quick Bites|7am to 11pm(Mon-Sun)|Very Good|4.2|30
Mathina Hotel|150|Arabian,Biryani,Fast Food|Trichy|Thillai Nagar|https://www.zomato.com/trichy/mathina-hotel-thillai-nagar/info|3|Quick Bites|12noon to 5pm,7pm to 11pm(Mon-Sun)|Average|3.3|25
Lassi On The Go|150|Beverages|Trichy|Thillai Nagar|https://www.zomato.com/trichy/lassi-on-the-go-thillai-nagar/info|3|Beverage Shop|11am to 10pm(Mon-Sun)|Good|3.8|35
Mogal Biryani|350|Biryani,South Indian|Trichy|Thillai Nagar|https://www.zomato.com/trichy/mogal-biryani-thillai-nagar/info|3|Quick Bites|11am to 11pm(Mon-Sun)|Good|3.7|34
Karuppa Karivirundhu Mess|300|South Indian|Trichy|Thillai Nagar|https://www.zomato.com/trichy/karuppa-karivirundhu-mess-thillai-nagar/info|3|Casual Dining|1230pm to 430pm(Mon-Sun)|Good|3.9|32
KMS HAKKIM BIRIYANI FACTORY|400|South Indian,Biryani|Trichy|Sangillyandapuram|https://www.zomato.com/trichy/kms-hakkim-biriyani-factory-sangillyandapuram/info|3|Quick Bites|10am to 10pm(Mon-Sun)||NEW|NEW
Delicious Pizza|300|Pizza|Trichy|KK Nagar|https://www.zomato.com/trichy/delicious-pizza-kk-nagar/info|3|Quick Bites|12noon to 10pm(Mon-Sun)|Very Good|4.0|40
Only Biriyani|300|Biryani|Trichy|Thillai Nagar|https://www.zomato.com/trichy/only-biriyani-thillai-nagar/info|3|Quick Bites|12noon to 4pm(Mon-Sun)|Average|3.4|77
AJ Food Corner|300|Biryani,North Indian|Trichy|Sangillyandapuram|https://www.zomato.com/trichy/aj-food-corner-sangillyandapuram/info|3|Quick Bites|1259AM to 11pm(Mon-Sun)|Very Good|4.0|39
La Cream|300|Desserts,Ice Cream|Trichy|Thillai Nagar|https://www.zomato.com/trichy/la-cream-thillai-nagar/info|3|Dessert Parlor|1030am to 11pm(Mon-Sun)|Very Good|4.0|22
Arab Spice|350|Arabian,Chettinad,South Indian|Trichy|Kilapudur|https://www.zomato.com/trichy/arab-spice-kilapudur/info|3|Casual Dining|6am to 11pm(Mon-Sun)|Good|3.8|81
Seakings|350|Desserts,Ice Cream|Trichy|Tharanallur|https://www.zomato.com/trichy/seakings-tharanallur/info|3|Dessert Parlor|10am to 930pm(Mon-Sun)|Very Good|4.4|43
Squeezy|200|Beverages,Fast Food,Sandwich|Trichy|Thillai Nagar|https://www.zomato.com/trichy/squeezy-thillai-nagar/info|3|Beverage Shop|1030am to 10pm(Mon-Sun)|Good|3.8|24
A1 Hotel|300|Biryani,Chinese,South Indian|Trichy|Kilapudur|https://www.zomato.com/trichy/a1-hotel-kilapudur/info|3|Quick Bites|10am to 10pm(Mon-Sun)|Good|3.5|23
Michel's Ice Cream|80|Bakery,Desserts,Ice Cream|Trichy|Sangillyandapuram|https://www.zomato.com/trichy/michels-ice-cream-sangillyandapuram/info|3|Dessert Parlor|8am to 10pm(Mon-Sun)|Average|3.2|18
Idly & Dosa Cafe|200|South Indian|Trichy|Thillai Nagar|https://www.zomato.com/trichy/idly-dosa-cafe-thillai-nagar/info|3|Quick Bites|7am to 10pm(Mon-Sun)|Good|3.6|17
SENTHIL MURUGAN HIGH CLASS VEG RESTAURANT|200|South Indian,Indian,Fast Food,Chinese|Trichy|Woraiyur|https://www.zomato.com/trichy/senthil-murugan-high-class-veg-restaurant-woraiyur/info|4|Bhojanalya|7am to 1030pm(Mon-Sun)||NEW|NEW
Dimora Saivam Restaurant|300|North Indian,South Indian|Trichy|Tharanallur|https://www.zomato.com/trichy/dimora-saivam-restaurant-tharanallur/info|4|Casual Dining|630am to 1130pm(Mon-Sun)|Good|3.6|35
Idly & Dosa Cafe|200|South Indian|Trichy|Thillai Nagar|https://www.zomato.com/trichy/idly-dosa-cafe-thillai-nagar/info|4|Quick Bites|7am to 10pm(Mon-Sun)|Good|3.6|17
Hotel Balaji Bhavan|200|South Indian|Trichy|Srirangam|https://www.zomato.com/trichy/hotel-balaji-bhavan-srirangam/info|4|Quick Bites|7am to 10pm(Mon-Sun)|Average|3.2|30
7 Eleven Fried Chicken|550|Fast Food|Trichy|Kattur|https://www.zomato.com/trichy/7-eleven-fried-chicken-kattur/info|4|Quick Bites|11am to 10pm(Mon-Sun)|Good|3.8|30
Madurai Muniyandi Vilas|300|Chettinad,South Indian|Trichy|Sangillyandapuram|https://www.zomato.com/trichy/madurai-muniyandi-vilas-sangillyandapuram/info|4|Quick Bites|11am to 1130pm(Mon-Sun)|Average|3.1|39
Al Rayyan|500|Biryani,Chinese,South Indian|Trichy|KK Nagar|https://www.zomato.com/trichy/al-rayyan-kk-nagar/info|4|Casual Dining|11am to 330pm,6pm to 11pm(Mon-Sun)|Average|3.4|40
Aswins Sweets & Snacks|300|Mithai|Trichy|Srirangam|https://www.zomato.com/trichy/aswins-sweets-snacks-srirangam/info|4|Sweet Shop|8am to 930pm(Mon-Sun)|Good|3.7|17
Senthur Bhavan|150|South Indian|Trichy|Thillai Nagar|https://www.zomato.com/trichy/senthur-bhavan-thillai-nagar/info|4|Quick Bites|7am to 1030pm(Mon-Sun)|Very Good|4.1|31
Eshwar's Juice Bar|100|Juices|Trichy|Thillai Nagar|https://www.zomato.com/trichy/eshwars-juice-bar-thillai-nagar/info|4|Beverage Shop|830am to 10pm(Mon-Sun)|Average|3.4|14
Subway|500|Healthy Food,Sandwich,Salad|Trichy|Thillai Nagar|https://www.zomato.com/trichy/subway-thillai-nagar/info|4|Quick Bites|11am to 11pm(Mon-Sun)|Good|3.9|40
Bon Bon Exotic Cakes and Cafe|300|Fast Food,Bakery,Cafe|Trichy|Woraiyur|https://www.zomato.com/trichy/bon-bon-exotic-cakes-and-cafe-woraiyur/info|4|Quick Bites|10am to 10pm(Mon-Sun)|Good|3.5|12
Cakes & Treats|400|Bakery,Beverages,Burger,Sandwich,Fast Food|Trichy|Srirangam|https://www.zomato.com/trichy/cakes-treats-srirangam/info|4|Bakery|9am to 945pm(Mon),930am to 945pm(Tue),930am...|Good|3.6|20
Buhari Hotel|600|Arabian,Chinese,Chettinad,South Indian|Trichy|Sangillyandapuram|https://www.zomato.com/trichy/buhari-hotel-sangillyandapuram/info|4|Casual Dining|11am to 10pm(Mon-Sun)|Average|3.3|13
Star Burma Hotel|250|Burmese,Fast Food|Trichy|Thillai Nagar|https://www.zomato.com/trichy/star-burma-hotel-thillai-nagar/info|4|Quick Bites|12noon to 930pm(Mon-Sun)|Average|2.5|16
The Bread Basket|300|Bakery|Trichy|Thillai Nagar|https://www.zomato.com/trichy/the-bread-basket-thillai-nagar/info|5|Bakery|10am to 9pm(Mon-Sun)|Good|3.5|22
Sandwich Point|200|Sandwich,Pizza,Burger|Trichy|Sangillyandapuram|https://www.zomato.com/trichy/sandwich-point-sangillyandapuram/info|5|Quick Bites|11am to 10pm(Mon-Sun)|Good|3.5|10
The London Shakes|250|Beverages,Pizza,Fast Food|Trichy|Thillai Nagar|https://www.zomato.com/trichy/the-london-shakes-thillai-nagar/info|5|Beverage Shop|12noon to 930pm(Mon-Sun)|Average|3.4|9
Alam Grilled Wraps|200|Mexican|Trichy|Thillai Nagar|https://www.zomato.com/trichy/alam-grilled-wraps-thillai-nagar/info|5|Quick Bites|11am to 11pm(Mon-Sun)|Good|3.8|24
Bombay Chaat's|200|Fast Food|Trichy|Thillai Nagar|https://www.zomato.com/trichy/bombay-chaats-1-thillai-nagar/info|5|Quick Bites|11am to 945pm(Mon-Sun)|Average|3.3|12
Black Cat Pizza|200|Pizza,Italian|Trichy|Thillai Nagar|https://www.zomato.com/trichy/black-cat-pizza-thillai-nagar/info|5|Quick Bites|12noon to 10pm(Mon-Sun)|Average|3.4|11
Sethuraman Mess|250|South Indian|Trichy|Thillai Nagar|https://www.zomato.com/trichy/sethuraman-mess-thillai-nagar/info|5|Mess|10am to 10pm(Mon-Sun)|Good|3.7|22
Bread & Spread|250|Bakery,Fast Food|Trichy|Sangillyandapuram|https://www.zomato.com/trichy/bread-spread-sangillyandapuram/info|5|Bakery|10am to 12midnight(Mon),11am to 930pm(Tue-Sun)|Average|3.4|10
Hotel Temple In|400|South Indian|Trichy|Srirangam|https://www.zomato.com/trichy/hotel-temple-in-srirangam/info|5|Casual Dining|7am to 1030am,1pm to 4pm,7pm to 10pm(Mon-Sun)|Poor|2.4|15
New Aaha Hotel|300|South Indian,North Indian,Chinese|Trichy|Sangillyandapuram|https://www.zomato.com/trichy/new-aaha-hotel-sangillyandapuram/info|5|Casual Dining|11am to 11pm(Mon-Sun)|Good|3.8|18
Panama Restaurant|250|South Indian,Chinese,Biryani|Trichy|Kilapudur|https://www.zomato.com/trichy/panama-restaurant-kilapudur/info|5|Casual Dining|11am to 10pm(Mon-Sun)|Not rated|-|-
Thinpandam|200|Beverages,Fast Food|Trichy|Thillai Nagar|https://www.zomato.com/trichy/thinpandam-thillai-nagar/info|5|Quick Bites|10am to 9pm(Mon-Sun)|Average|3.2|5
Chintamani Nature Foods|100|Fast Food,Street Food|Trichy|Woraiyur|https://www.zomato.com/trichy/chintamani-nature-foods-woraiyur/info|5|Quick Bites|11am to 10pm(Mon-Sun)|Not rated|-|-
Gayatri Hot And Cool|150|Fast Food,Juices|Trichy|Tharanallur|https://www.zomato.com/trichy/gayatri-hot-and-cool-tharanallur/info|5|Quick Bites|6am to 9pm(Mon-Sun)||NEW|NEW
Hotel Semmeen|150|South Indian|Trichy|Thillai Nagar|https://www.zomato.com/trichy/hotel-semmeen-thillai-nagar/info|5|Quick Bites|7am to 11pm(Mon-Sun)|Good|3.8|28
Cakes And Treats|200|Finger Food,Pizza,Burger,Sandwich,Desserts|Trichy|Kattur|https://www.zomato.com/trichy/cakes-and-treats-kattur/info|6|Quick Bites|11am to 830pm(Mon-Sun)|Average|3.1|6
Sri Balaji Bhavan|150|South Indian|Trichy|Thillai Nagar|https://www.zomato.com/trichy/sri-balaji-bhavan-thillai-nagar/info|6|Quick Bites|7am to 10pm(Mon-Sun)|Average|3.2|5
Archana Sweets & Cakes|350|Bakery,Mithai|Trichy|Tharanallur|https://www.zomato.com/trichy/archana-sweets-cakes-tharanallur/info|6|Sweet Shop|9am to 9pm(Mon-Sun)|Good|3.9|16
B.G.Naidu Sweets|200|Mithai|Trichy|Kattur|https://www.zomato.com/trichy/b-g-naidu-sweets-kattur/info|6|Sweet Shop|8am to 10pm(Mon-Sun)|Average|3.2|5
Hotel Rams Bhavan|200|South Indian|Trichy|Thillai Nagar|https://www.zomato.com/trichy/hotel-rams-bhavan-thillai-nagar/info|6|none|10am to 10pm(Mon-Sun)|Not rated|-|-
The Clapper's Bistro|250|Mexican,Italian,Fast Food,Continental,Cafe,Beverages|Trichy|Kattur|https://www.zomato.com/trichy/the-clappers-bistro-kattur/info|6|Café|11am to 10pm(Mon-Sun)|Not rated|-|-
Kathi Junction|200|Rolls,Chinese,Fast Food|Trichy|Thirunagar|https://www.zomato.com/trichy/kathi-junction-thirunagar/info|6|Quick Bites|11am to 10pm(Mon-Sun)|Average|3.4|10
Hanifa Jigarthanda|200|Beverages|Trichy|Sangillyandapuram|https://www.zomato.com/trichy/hanifa-jigarthanda-sangillyandapuram/info|6|Beverage Shop|10am to 10pm(Mon-Sun)|Average|3.4|6
Sree Krishna Sweets|200|Bakery,Street Food|Trichy|Thillai Nagar|https://www.zomato.com/trichy/sree-krishna-sweets-thillai-nagar/info|6|Bakery|(Mon-Sun)|Average|2.7|9
Superstar Pizza|400|Pizza|Trichy|Thillai Nagar|https://www.zomato.com/trichy/superstar-pizza-thillai-nagar/info|6|Casual Dining|1130am to 11pm(Mon-Sun)|Very Good|4.0|29
P S Hut|200|Fast Food,Sandwich,Beverages|Trichy|Srirangam|https://www.zomato.com/trichy/p-s-hut-srirangam/info|6|Quick Bites|11am to 8pm(Mon-Sun)|Average|3.3|6
Sip & Bite|200|Cafe,Fast Food|Trichy|Woraiyur|https://www.zomato.com/trichy/sip-bite-woraiyur/info|6|Café|10am to 930pm(Mon-Sun)|Not rated|-|-
CassaDe|200|Desserts|Trichy|Thillai Nagar|https://www.zomato.com/trichy/cassade-3-thillai-nagar/info|6|Dessert Parlor|10am to 10pm(Mon-Sun)|Average|3.1|6
Hotel Sri Abinaya Veg|200|South Indian|Trichy|Kattur|https://www.zomato.com/trichy/hotel-sri-abinaya-veg-kattur/info|6|Casual Dining|11am to 10pm(Mon-Sun)|Average|3.2|4
AMUL ICE CREAM PARLOUR|150|Ice Cream,Beverages|Trichy|Kattur|https://www.zomato.com/trichy/amul-ice-cream-parlour-kattur/info|6|Casual Dining|(Mon-Sun)|Not rated|-|-
Simply South|250|South Indian|Trichy|FSM Hyper Mall-- Tharanallur|https://www.zomato.com/trichy/simply-south-sangillyandapuram/info|7|Quick Bites|12noon to 10pm(Mon-Sun)|Average|3.1|6
Hotel Sri Kaviri|150|South Indian,Chinese|Trichy|Thillai Nagar|https://www.zomato.com/trichy/hotel-sri-kaviri-thillai-nagar/info|7|Casual Dining|12noon to 4pm(Mon-Sat),Closed(Sun)|Not rated|-|-
Kevin Cakes|250|Desserts,Fast Food|Trichy|KK Nagar|https://www.zomato.com/trichy/kevin-cakes-kk-nagar/info|7|Bakery|11am to 10pm(Mon-Sun)|Not rated|-|-
Falooda|300||Trichy|Thillai Nagar|https://www.zomato.com/trichy/falooda-thillai-nagar/info|7|Dessert Parlor|10am to 10pm(Mon-Sun)|Not rated|-|-
Sri Chandra Restaurant|200|South Indian|Trichy|KK Nagar|https://www.zomato.com/trichy/sri-chandra-restaurant-kk-nagar/info|7|Quick Bites|11am to 10pm(Mon-Sun)|Not rated|-|-
The Bread Basket Bakery|300|Bakery,Mithai|Trichy|Sangillyandapuram|https://www.zomato.com/trichy/the-bread-basket-bakery-sangillyandapuram/info|7|Bakery|10am to 9pm(Mon-Sun)|Average|2.9|4
Ezham  Suvai|500|Chinese,South Indian|Trichy|Sangillyandapuram|https://www.zomato.com/trichy/ezham-suvai-sangillyandapuram/info|7|Casual Dining|730am to 11pm(Mon-Sun)|Good|3.8|63
Hotel Sri Bhavani|300|South Indian|Trichy|KK Nagar|https://www.zomato.com/trichy/hotel-sri-bhavani-3-kk-nagar/info|7|Quick Bites|7am to 10pm(Mon-Sun)|Average|3.1|6
Siraj Biryani|350|Biryani|Trichy|Thillai Nagar|https://www.zomato.com/trichy/siraj-biryani-thillai-nagar/info|7|Quick Bites|11am to 11pm(Mon-Sun)|Good|3.7|40
Sree Madappalli|200|South Indian|Trichy|Srirangam|https://www.zomato.com/trichy/sree-madappalli-srirangam/info|7|Quick Bites|7am to 930pm(Mon-Sun)|Not rated|-|-
Sri Saravana Bhavan Hotel|250|South Indian|Trichy|Sangillyandapuram|https://www.zomato.com/trichy/sri-saravana-bhavan-hotel-sangillyandapuram/info|7|Quick Bites|8am to 10pm(Mon-Sat),8am to 3pm(Sun)|Average|3.0|6
Amul Ice Cream Parlour|150|Desserts,Ice Cream|Trichy|Woraiyur|https://www.zomato.com/trichy/amul-ice-cream-parlour-woraiyur/info|7|Dessert Parlor|1030am to 10pm(Mon-Sun)|Not rated|-|-
ATHO SHOP - TRICHY - JN FOODS|250|Burmese|Trichy|Thillai Nagar|https://www.zomato.com/trichy/atho-shop-trichy-jn-foods-thillai-nagar/info|7|Quick Bites|6pm to 10pm(Mon,Tue,Thu,Fri,Sat,Sun),Closed...|Average|3.3|5
A1 Chicken Biriyani Stall|300|Biryani|Trichy|Thillai Nagar|https://www.zomato.com/trichy/a1-chicken-biriyani-stall-thillai-nagar/info|7|none|1pm to 4pm(Mon-Sun)|Not rated|-|-
Royal Bar|500|Finger Food|Trichy|Kilapudur|https://www.zomato.com/trichy/royal-bar-kilapudur/info|7|Bar|1230pm to 10pm(Mon-Sun)|Not rated|-|-
Heaven's Park|300|Fast Food|Trichy|FSM Hyper Mall-- Tharanallur|https://www.zomato.com/trichy/heavens-park-tharanallur/info|8|Quick Bites|10am to 10pm(Mon-Sun)|Not rated|-|-
Malin Grub on the Go|200|Sandwich,Pizza|Trichy|Srirangam|https://www.zomato.com/trichy/malin-grub-on-the-go-srirangam/info|8|Quick Bites|3pm to 10pm(Mon-Sun)|Not rated|-|-
Sri Rajeswari Classic Bakery & Sweets|200|Bakery,Desserts|Trichy|Thillai Nagar|https://www.zomato.com/trichy/sri-rajeswari-classic-bakery-sweets-thillai-nagar/info|8|Bakery|1030am to 10pm(Mon-Sun)|Not rated|-|-
KAS RAMDOSS PAZHAMUTHIR CHOLAI|0|Indian|Trichy|Tharanallur|https://www.zomato.com/trichy/kas-ramdoss-pazhamuthir-cholai-tharanallur/info|8|Beverage Shop|8am to 10pm(Mon-Sun)||NEW|NEW
Kitchen Restaurant|400|Chinese,North Indian|Trichy|Sangillyandapuram|https://www.zomato.com/trichy/kitchen-restaurant-sangillyandapuram/info|8|Casual Dining|11am to 330pm,6pm to 1030pm(Mon-Sun)|Good|3.6|29
The Hotel Radha|150|South Indian|Trichy|Sangillyandapuram|https://www.zomato.com/trichy/the-hotel-radha-sangillyandapuram/info|8|Quick Bites|11am to 10pm(Mon-Sun)|Not rated|-|-
Aarnad Kitchen|200|South Indian|Trichy|Thillai Nagar|https://www.zomato.com/trichy/aarnad-kitchen-thillai-nagar/info|8|Quick Bites|7am to 1030pm(Mon-Sun)|Very Good|4.0|32
Cake Walk|300|Bakery|Trichy|Tharanallur|https://www.zomato.com/trichy/cake-walk-tharanallur/info|8|Bakery|10am to 10pm(Mon-Sun)|Not rated|-|-
Ajantha Mess|300|South Indian|Trichy|Thillai Nagar|https://www.zomato.com/trichy/ajantha-mess-thillai-nagar/info|8|Mess|10am to 10pm(Mon-Sun)|Not rated|-|-
Balaji Mess|200|South Indian|Trichy|Woraiyur|https://www.zomato.com/trichy/balaji-mess-woraiyur/info|8|Mess|12noon to 4pm(Mon-Sun)|Not rated|-|-
Madurai Sri Muniyandi Vilas|200|South Indian|Trichy|Sangillyandapuram|https://www.zomato.com/trichy/madurai-sri-muniyandi-vilas-sangillyandapuram/info|8|none|12noon to 4pm,7pm to 1130pm(Mon-Sun)|Good|3.7|21
Arokiya Tiffen Centre|200|South Indian|Trichy|Thillai Nagar|https://www.zomato.com/trichy/arokiya-tiffen-centre-thillai-nagar/info|8|Quick Bites|12noon to 9pm(Mon-Sat),Closed(Sun)|Not rated|-|-
Juice and Spice|250|Beverages,Burger,Sandwich|Trichy|Kattur|https://www.zomato.com/trichy/juice-and-spice-kattur/info|8|Quick Bites|11am to 11pm(Mon-Sun)|Good|3.5|24
Buhari AC Restaurant|550|Arabian,Chinese,North Indian,South Indian|Trichy|Woraiyur|https://www.zomato.com/trichy/buhari-ac-restaurant-woraiyur/info|8|Casual Dining|7am to 11pm(Mon-Sun)|Average|3.4|41
Hotel Thahaa|250|South Indian,Biryani,Fast Food|Trichy|Sangillyandapuram|https://www.zomato.com/trichy/hotel-thahaa-sangillyandapuram/info|8|Quick Bites|12noon to 4pm,6pm to 11pm(Mon-Sun)|Good|3.7|14
Saravana Tiffen Center|200|South Indian|Trichy|Sangillyandapuram|https://www.zomato.com/trichy/saravana-tiffen-center-sangillyandapuram/info|9|none|12noon to 12midnight(Mon-Sun)|Good|3.9|20
Avana Chapathi|150|South Indian|Trichy|Sangillyandapuram|https://www.zomato.com/trichy/avana-chapathi-sangillyandapuram/info|9|Quick Bites|5pm to 11pm(Mon-Sun)|Good|3.9|21
SENTHIL MURUGAN HIGH CLASS VEG RESTAURANT|200|South Indian,Fast Food,Chinese|Trichy|Woraiyur|https://www.zomato.com/trichy/senthil-murugan-high-class-veg-restaurant-woraiyur/info|9|Bhojanalya|7am to 1030pm(Mon-Sun)||NEW|NEW
Trichy Arusuvai Restaurant|400|Arabian,Chinese,South Indian|Trichy|Thillai Nagar|https://www.zomato.com/trichy/trichy-arusuvai-restaurant-thillai-nagar/info|9|Casual Dining|11am to 11pm(Mon-Sun)|Good|3.7|14
Batcha Biryani|1000|Biryani,South Indian|Trichy|Woraiyur|https://www.zomato.com/trichy/batcha-biryani-woraiyur/info|9|Casual Dining|9am to 1145pm(Mon),11am to 11pm(Tue-Sun)|Good|3.8|28
Krunch|200|Burger,Pizza,Fast Food,Beverages|Trichy|Sangillyandapuram|https://www.zomato.com/trichy/krunch-sangillyandapuram/info|9|Quick Bites|11am to 11pm(Mon-Sun)|Good|3.6|24
Alam Restaurant|200|Chettinad,South Indian|Trichy|Sangillyandapuram|https://www.zomato.com/trichy/alam-restaurant-1-sangillyandapuram/info|9|Casual Dining|6am to 11pm(Mon-Sun)|Good|3.7|14
BBQ Ride Trichy|250|Fast Food|Trichy|Sangillyandapuram|https://www.zomato.com/trichy/bbq-ride-trichy-sangillyandapuram/info|9|Quick Bites|6pm to 1030pm(Mon-Sun)|Good|3.6|20
Svr Mess|300|Biryani,North Indian|Trichy|Thillai Nagar|https://www.zomato.com/trichy/svr-mess-thillai-nagar/info|9|Quick Bites|6am to 12midnight(Mon-Sun)|Good|3.7|20
Sri Sai Restaurant|200|South Indian,Chinese|Trichy|KK Nagar|https://www.zomato.com/trichy/sri-sai-restaurant-kk-nagar/info|9|Quick Bites|11am to 11pm(Mon-Sun)|Average|3.3|19
Vasantha Bhavan|200|North Indian,South Indian|Trichy|Sangillyandapuram|https://www.zomato.com/trichy/vasantha-bhavan-sangillyandapuram/info|9|Casual Dining|6am to 11pm(Mon-Sun)|Average|2.9|21
Meat and Eat|300|Fast Food|Trichy|Thirunagar|https://www.zomato.com/trichy/meat-and-eat-thirunagar/info|9|Quick Bites|11am to 11pm(Mon-Sun)|Good|3.6|10
Hotel New Bhavani|200|South Indian|Trichy|Woraiyur|https://www.zomato.com/trichy/hotel-new-bhavani-woraiyur/info|9|Casual Dining|730am to 1030pm(Mon-Sun)|Good|3.8|33
A.M Biriyani|300|Biryani,Chinese|Trichy|Tharanallur|https://www.zomato.com/trichy/a-m-biriyani-tharanallur/info|9|Quick Bites|1030am to 1030pm(Mon-Sun)|Good|3.7|46
Meat and Eat|300|Fast Food|Trichy|KK Nagar|https://www.zomato.com/trichy/meat-and-eat-kk-nagar/info|9|Quick Bites|11am to 11pm(Mon-Sun)|Average|3.3|22
