NAME|PRICE|CUSINE_CATEGORY|CITY|REGION|URL|PAGE NO|CUSINE TYPE|TIMING|RATING_TYPE|RATING|VOTES
Zam Zam Palayam|350|Arabian,Chinese|Trivandrum|Palayam|https://www.zomato.com/trivandrum/zam-zam-palayam-palayam/info|1|Casual Dining|1130am to 1130pm(Mon-Sun)|Excellent|4.5|334
Mother's Veg Plaza|400|South Indian,Kerala|Trivandrum|Palayam|https://www.zomato.com/trivandrum/mothers-veg-plaza-palayam/info|1|Casual Dining|630am to 11pm(Mon-Sun)|Excellent|4.5|250
Zam Zam YMR|600|North Indian,Arabian,Beverages|Trivandrum|Ambalamukku|https://www.zomato.com/trivandrum/zam-zam-ymr-ambalamukku/info|1|Casual Dining|12noon to 1130pm(Mon-Sun)|Very Good|4.3|197
Zam Zam Bun Cafe|400|Cafe,Fast Food|Trivandrum|Ambalamukku|https://www.zomato.com/trivandrum/zam-zam-bun-cafe-ambalamukku/info|1|Café|11am to 11pm(Mon-Sun)|Very Good|4.2|149
MRA Restaurant|500|North Indian,South Indian,Arabian,Beverages|Trivandrum|Palayam|https://www.zomato.com/trivandrum/mra-restaurant-palayam/info|1|Casual Dining|1130am to 1130pm(Mon-Sun)|Good|3.8|114
Kings Restaurant|450|North Indian,South Indian|Trivandrum|Ambalamukku|https://www.zomato.com/trivandrum/kings-restaurant-ambalamukku/info|1|Casual Dining|1130am to 1130pm(Mon-Sun)|Very Good|4.2|141
The Gourmet House|600|Cafe,Continental|Trivandrum|Ambalamukku|https://www.zomato.com/trivandrum/the-gourmet-house-ambalamukku/info|1|Casual Dining|7pm to 1130pm(Mon-Sun)|Very Good|4.3|69
Le Arabia|350|Arabian|Trivandrum|Kulathoor|https://www.zomato.com/trivandrum/le-arabia-kulathoor/info|1|Quick Bites|11am to 11pm(Mon-Sun)|Very Good|4.1|96
Ajwa Restaurant|350|South Indian,Kerala|Trivandrum|Kulathoor|https://www.zomato.com/trivandrum/ajwa-restaurant-kulathoor/info|1|Casual Dining|11am to 1030pm(Mon-Sun)|Very Good|4.0|112
Paul's Creamery|400|Ice Cream|Trivandrum|Ambalamukku|https://www.zomato.com/trivandrum/pauls-creamery-ambalamukku/info|1|Dessert Parlor|12noon to 1045pm(Mon-Sun)|Excellent|4.7|113
KFC|400|Fast Food,Burger|Trivandrum|Kesavadasapuram|https://www.zomato.com/trivandrum/kfc-kesavadasapuram/info|1|Quick Bites|11am to 11pm(Mon-Sun)|Very Good|4.1|110
Cricket Shack|500|Continental,North Indian|Trivandrum|Kulathoor|https://www.zomato.com/trivandrum/cricket-shack-kulathoor/info|1|Casual Dining|12noon to 12midnight(Mon-Sun)|Good|3.7|56
Halais Dum Biryani Opp.Technopark|800|South Indian,Seafood,Biryani|Trivandrum|Kulathoor|https://www.zomato.com/trivandrum/halais-dum-biryani-opp-technopark-kulathoor/info|1|Casual Dining|12noon to 12midnight(Mon-Sun)|Excellent|4.5|82
The Imperial Kitchen|700|North Indian,Italian,Chinese|Trivandrum|Ambalamukku|https://www.zomato.com/trivandrum/the-imperial-kitchen-ambalamukku/info|1|Casual Dining|11am to 1130pm(Mon),630am to 1130pm(Tue-Sun)|Very Good|4.1|102
Azad Restaurant|600|Kerala|Trivandrum|Vazhuthacaud|https://www.zomato.com/trivandrum/azad-restaurant-vazhuthacaud/info|1|Casual Dining|1130am to 1030pm(Mon-Sun)|Very Good|4.0|124
Mummy's Kitchen|200|South Indian|Trivandrum|Kumarapuram|https://www.zomato.com/trivandrum/mummys-kitchen-kumarapuram/info|10|Quick Bites|8am to 5pm(Mon-Sun)|Not rated|-|-
See Bhadra|100|Kerala|Trivandrum|Kumarapuram|https://www.zomato.com/trivandrum/see-bhadra-kumarapuram/info|10|Casual Dining|7am to 9pm(Mon-Sun)|Not rated|-|-
Pizza Hut|600|Pizza|Trivandrum|Ambalamukku|https://www.zomato.com/trivandrum/pizza-hut-ambalamukku/info|10|Casual Dining|11am to 11pm(Mon-Sun)|Good|3.7|36
Main Course|900|South Indian,North Indian,Chinese|Trivandrum|Ambalamukku|https://www.zomato.com/trivandrum/main-course-ambalamukku/info|10|Casual Dining|12noon to 11pm(Mon-Sun)|Good|3.9|24
Chicking|500|Fast Food,Burger|Trivandrum|Kesavadasapuram|https://www.zomato.com/trivandrum/chicking-kesavadasapuram/info|10|Quick Bites|11am to 11pm(Mon-Sun)|Average|2.6|22
Sri Saravana Bhavan|250|South Indian|Trivandrum|Kulathoor|https://www.zomato.com/trivandrum/sri-saravana-bhavan-kulathoor/info|10|Casual Dining|6am to 1030pm(Mon-Sun)|Good|3.5|14
Chicking|500|Fried Chicken,Fast Food|Trivandrum|Sasthamangalam|https://www.zomato.com/trivandrum/chicking-1-sasthamangalam/info|10|Quick Bites|11am to 11pm(Mon-Sun)|Average|2.7|19
BSix Inn|900|South Indian,North Indian,Chinese|Trivandrum|Kulathoor|https://www.zomato.com/trivandrum/bsix-inn-kulathoor/info|10|Casual Dining|11am to 11pm(Mon-Sun)|Average|3.1|20
UBQ by Barbeque Nation|450|North Indian,BBQ,Kebab,Biryani|Trivandrum|Kannanthura|https://www.zomato.com/trivandrum/ubq-by-barbeque-nation-kannanthura/info|10|none|12noon to 330pm,7pm to 1030pm(Mon-Sun)|Average|3.2|6
Khasak|600|Mexican,North Indian|Trivandrum|Ambalamukku|https://www.zomato.com/trivandrum/khasak-ambalamukku/info|10|Casual Dining|11am to 11pm(Mon-Sun)|Good|3.5|12
MRA Signature Bakery & Restaurant|500|Kerala,South Indian,Chinese,North Indian,Bakery|Trivandrum|Poojapura|https://www.zomato.com/trivandrum/mra-signature-bakery-restaurant-poojapura/info|10|Casual Dining|8am to 11pm(Mon-Sun)|Good|3.7|20
Cake Bliss|350|Bakery|Trivandrum|Sasthamangalam|https://www.zomato.com/trivandrum/cake-bliss-1-sasthamangalam/info|10|Bakery|930am to 1030pm(Mon-Sun)|Good|3.5|16
The Grill|400|Chinese,Arabian|Trivandrum|Sasthamangalam|https://www.zomato.com/trivandrum/the-grill-sasthamangalam/info|10|Quick Bites|1pm to 1130pm(Mon-Sun)|Average|2.7|23
Varnam|400|South Indian,North Indian,Indian|Trivandrum|Palayam|https://www.zomato.com/trivandrum/varnam-palayam/info|10|Casual Dining|1130am to 1130pm(Mon-Sun)|Average|2.8|12
Bun Belly Cafe|650|Fast Food,Burger,Steak,Beverages|Trivandrum|Kulathoor|https://www.zomato.com/trivandrum/bun-belly-cafe-kulathoor/info|10|Quick Bites|12noon to 1030pm(Mon-Sun)|Average|3.3|9
Coco Bongo Restaurant|600|Cafe,Fast Food,Beverages|Trivandrum|Kesavadasapuram|https://www.zomato.com/trivandrum/coco-bongo-restaurant-kesavadasapuram/info|11|Casual Dining|1030am to 1030pm(Mon-Sun)|Average|2.5|19
Lt. Col. Karma's Up North Restaurant|350|Indian,Chinese|Trivandrum|Vazhuthacaud|https://www.zomato.com/trivandrum/lt-col-karmas-up-north-restaurant-vazhuthacaud/info|11|Casual Dining|11am to 1030pm(Mon-Sun)|Good|3.5|16
The Pantry Restaurant & Caterers|300|South Indian,Chinese,Arabian|Trivandrum|Ambalamukku|https://www.zomato.com/trivandrum/the-pantry-restaurant-caterers-ambalamukku/info|11|Casual Dining|730am to 11pm(Mon-Sun)|Average|3.3|11
Mooppilan's Kitchen|250|South Indian|Trivandrum|Kovalam|https://www.zomato.com/trivandrum/mooppilans-kitchen-kovalam/info|11|Quick Bites|11am to 11pm(Mon-Sun)|Good|3.5|10
Trivandrum Chicken Corner|300|South Indian|Trivandrum|Ambalamukku|https://www.zomato.com/trivandrum/trivandrum-chicken-corner-ambalamukku/info|11|Quick Bites|11am to 11pm(Mon-Sun)|Average|3.4|14
Juice Empire|250|Beverages,Juices|Trivandrum|Ulloor|https://www.zomato.com/trivandrum/juice-empire-ulloor/info|11|Beverage Shop|11am to 11pm(Mon-Sun)|Good|3.6|11
Shamby's Pizza Cafe|300|Pizza,Continental|Trivandrum|Sasthamangalam|https://www.zomato.com/trivandrum/shambys-pizza-cafe-1-sasthamangalam/info|11|Quick Bites|11am to 11pm(Mon-Sun)|Average|3.0|8
Padheyam Food Court|600|South Indian,Chinese|Trivandrum|Ulloor|https://www.zomato.com/trivandrum/padheyam-food-court-ulloor/info|11|Quick Bites|11am to 11pm(Mon-Sun)|Not rated|-|-
Bikash Babu Sweets|250|Mithai|Trivandrum|Ambalamukku|https://www.zomato.com/trivandrum/bikash-babu-sweets-2-ambalamukku/info|11|Sweet Shop|1130am to 1030pm(Mon-Sun)||NEW|NEW
Bake World|300|Beverages,South Indian,Desserts|Trivandrum|Kulathoor|https://www.zomato.com/trivandrum/bake-world-kulathoor/info|11|Quick Bites|11am to 11pm(Mon-Sun)|Good|3.6|13
Rasavada|350|Kerala|Trivandrum|Kulathoor|https://www.zomato.com/trivandrum/rasavada-kulathoor/info|11|Casual Dining|7am to 1030pm(Mon-Sun)|Average|2.9|15
Kailash Parbat|500|North Indian|Trivandrum|Mall Of Travancore-- Inchakki-- Kannanthura|https://www.zomato.com/trivandrum/kailash-parbat-kannanthura/info|11|Food Court|1130am to 1130pm(Mon-Sun)|Good|3.5|18
Coffee Savoury|400|Indian|Trivandrum|Sasthamangalam|https://www.zomato.com/trivandrum/coffee-savoury-2-sasthamangalam/info|11|Quick Bites|11am to 11pm(Mon-Sun)|Average|3.2|5
O'roti|450|North Indian,Chinese,Arabian|Trivandrum|Ambalamukku|https://www.zomato.com/trivandrum/oroti-ambalamukku/info|11|Casual Dining|1130am to 1130pm(Mon-Sun)|Good|3.5|17
Bikam's Kitchen|200|Biryani|Trivandrum|Vazhuthacaud|https://www.zomato.com/trivandrum/bikams-kitchen-vazhuthacaud/info|11|Quick Bites|12noon to 3am(Mon-Sun)|Average|3.2|5
Thamarassery Churam|500|Kerala,South Indian,Chinese|Trivandrum|Kumarapuram|https://www.zomato.com/trivandrum/thamarassery-churam-kumarapuram/info|12|Casual Dining|1130am to 1130pm(Mon-Sun)|Good|3.8|22
Subway|500|Healthy Food,Salad,Sandwich|Trivandrum|Ambalamukku|https://www.zomato.com/trivandrum/subway-ambalamukku/info|12|Quick Bites|11am to 1030pm(Mon-Sun)|Average|2.6|20
Lamiya Restaurant|400|South Indian,North Indian,Chinese,Arabian|Trivandrum|Ambalamukku|https://www.zomato.com/trivandrum/lamiya-restaurant-ambalamukku/info|12|Casual Dining|1130am to 1130pm(Mon-Sun)|Average|3.0|9
Poomaram Restaurant|400|South Indian,Kerala|Trivandrum|Thumba|https://www.zomato.com/trivandrum/poomaram-restaurant-thumba/info|12|Casual Dining|11am to 1030pm(Mon-Sun)|Average|3.3|14
Chick Blast|400|Fast Food|Trivandrum|Ambalamukku|https://www.zomato.com/trivandrum/chick-blast-ambalamukku/info|12|Quick Bites|11am to 1130pm(Mon-Sun)|Average|3.0|9
The Coffee Factory|350|Fast Food,Beverages|Trivandrum|Kulathoor|https://www.zomato.com/trivandrum/the-coffee-factory-kulathoor/info|12|Quick Bites|3pm to 3am(Mon-Sun)|Good|3.6|11
Vayalil Restaurant|200|South Indian|Trivandrum|Kannanthura|https://www.zomato.com/trivandrum/vayalil-restaurant-kannanthura/info|12|Quick Bites|11am to 11pm(Mon-Sun)|Average|3.0|8
Cafe Coffee Day|650|Cafe,Fast Food|Trivandrum|Ulloor|https://www.zomato.com/trivandrum/cafe-coffee-day-ulloor/info|12|Café|10am to 11pm(Mon-Sun)|Average|2.8|9
Pondis Pizza Hub|300|Pizza,Italian,Fast Food,Beverages|Trivandrum|Kulathoor|https://www.zomato.com/trivandrum/pondis-pizza-hub-1-kulathoor/info|12|Quick Bites|11am to 11pm(Mon-Sun)||NEW|NEW
Cafe Zurich|450|Fast Food|Trivandrum|Palayam|https://www.zomato.com/trivandrum/cafe-zurich-palayam/info|12|Café|11am to 11pm(Mon-Sun)|Average|3.4|9
Hotel Annapoorna|500|South Indian,North Indian|Trivandrum|Kesavadasapuram|https://www.zomato.com/trivandrum/hotel-annapoorna-kesavadasapuram/info|12|Casual Dining|7am to 1030pm(Mon-Sun)|Average|3.4|17
Cafe F5|300|Kerala,Juices|Trivandrum|Kulathoor|https://www.zomato.com/trivandrum/cafe-f5-kulathoor/info|12|Quick Bites|3pm to 2am(Mon-Sun)|Average|3.1|7
Geetham Family Restaurant|400|Kerala,South Indian,North Indian|Trivandrum|Kesavadasapuram|https://www.zomato.com/trivandrum/geetham-family-restaurant-kesavadasapuram/info|12|Quick Bites|7am to 1130pm(Mon-Sun)|Average|3.2|8
The Cake Project|350|Desserts|Trivandrum|Ambalamukku|https://www.zomato.com/trivandrum/the-cake-project-ambalamukku/info|12|Quick Bites|11am to 11pm(Mon-Sun)|Average|3.4|14
The Belgian Waffle Co.|400|Desserts,Beverages|Trivandrum|Mall Of Travancore-- Inchakki-- Kannanthura|https://www.zomato.com/trivandrum/the-belgian-waffle-co-kannanthura/info|12|Dessert Parlor|10am to 1130pm(Mon-Sun)||NEW|NEW
Spice Kitchen Restaurant|250|South Indian,North Indian,Chinese,Arabian|Trivandrum|Thycaud|https://www.zomato.com/trivandrum/spice-kitchen-restaurant-thycaud/info|13|Casual Dining|11am to 11pm(Mon-Sun)|Average|3.4|5
Malsya Fishop Restaurant|300|South Indian|Trivandrum|Kesavadasapuram|https://www.zomato.com/trivandrum/malsya-fishop-restaurant-kesavadasapuram/info|13|Quick Bites|1130am to 1030pm(Mon-Sun)|Average|3.2|5
Hotel Aryaas Park|300|South Indian,North Indian,Chinese|Trivandrum|Palayam|https://www.zomato.com/trivandrum/hotel-aryaas-park-palayam/info|13|Casual Dining|7am to 11pm(Mon-Sun)|Good|3.5|9
Al Farooq Take Away|250|South Indian,Chinese,Arabian|Trivandrum|Sreekariyam|https://www.zomato.com/trivandrum/al-farooq-take-away-sreekariyam/info|13|Quick Bites|11am to 11pm(Mon-Sun)|Average|3.4|7
Scoop Station|200|Desserts,Ice Cream|Trivandrum|Ambalamukku|https://www.zomato.com/trivandrum/scoop-station-ambalamukku/info|13|Dessert Parlor|12noon to 1130pm(Mon-Sun)|Average|3.0|9
Tharavattil Plaza  Multicuisine Restaurant|500|North Indian|Trivandrum|Palayam|https://www.zomato.com/trivandrum/tharavattil-plaza-multicuisine-restaurant-palayam/info|13|Casual Dining|11am to 11pm(Mon-Sun)|Average|3.2|6
Madathil Restaurant|150|South Indian|Trivandrum|Kannanthura|https://www.zomato.com/trivandrum/madathil-restaurant-kannanthura/info|13|Quick Bites|7am to 1030pm(Mon-Sun)|Not rated|-|-
Swaad Pure Vegetarian|500|South Indian,North Indian|Trivandrum|Kannanthura|https://www.zomato.com/trivandrum/swaad-pure-vegetarian-kannanthura/info|13|Casual Dining|11am to 11pm(Mon-Sun)|Average|3.2|7
Casamia Family Restaurant|500|Kerala,Chinese|Trivandrum|Palayam|https://www.zomato.com/trivandrum/casamia-family-restaurant-palayam/info|13|Casual Dining|8am to 11pm(Mon-Sun)|Average|3.2|5
New Ariya Bhavan|200|South Indian|Trivandrum|Kovalam|https://www.zomato.com/trivandrum/new-ariya-bhavan-kovalam/info|13|Quick Bites|7am to 1130pm(Mon-Sun)|Not rated|-|-
Hotel New Heavens|150|South Indian,North Indian,Kerala,Chinese|Trivandrum|Ambalamukku|https://www.zomato.com/trivandrum/hotel-new-heavens-ambalamukku/info|13|Quick Bites|12noon to 11pm(Mon-Sun)|Average|3.4|5
Travancore Majlis (Hysan Restaurant)|400|Kerala|Trivandrum|Kulathoor|https://www.zomato.com/trivandrum/travancore-majlis-hysan-restaurant-kulathoor/info|13|Quick Bites|9am to 11pm(Mon-Sun)|Average|3.0|5
Cocoa Bean Cafe and Restaurant|400|Fast Food,Beverages|Trivandrum|Kulathoor|https://www.zomato.com/trivandrum/cocoa-bean-cafe-and-restaurant-kulathoor/info|13|Quick Bites|11am to 11pm(Mon-Sun)|Not rated|-|-
Beegum Hotel|200|South Indian|Trivandrum|Kovalam|https://www.zomato.com/trivandrum/beegum-hotel-kovalam/info|13|Quick Bites|11am to 11pm(Mon-Sun)|Average|2.9|5
Biriyani House|150|Kerala,Biryani|Trivandrum|Sreekariyam|https://www.zomato.com/trivandrum/biriyani-house-sreekariyam/info|13|Quick Bites|7am to 11pm(Mon-Sun)|Average|3.1|16
Vietnam Colony|300|South Indian|Trivandrum|Palayam|https://www.zomato.com/trivandrum/vietnam-colony-palayam/info|14|Quick Bites|11am to 11pm(Mon-Sun)|Average|3.2|5
Hotel Chola International|500|North Indian,South Indian,Chinese,Arabian|Trivandrum|Palayam|https://www.zomato.com/trivandrum/hotel-chola-international-palayam/info|14|Casual Dining|11am to 11pm(Mon-Sun)|Good|3.5|4
Lilac Restaurant|300|North Indian,South Indian,Indian,Chinese,Seafood|Trivandrum|Kulathoor|https://www.zomato.com/trivandrum/lilac-restaurant-kulathoor/info|14|Quick Bites|11am to 11pm(Mon-Sun)|Not rated|-|-
Silver Sand Hotel|500|South Indian,Continental,North Indian|Trivandrum|Thycaud|https://www.zomato.com/trivandrum/silver-sand-hotel-thycaud/info|14|Casual Dining|11am to 11pm(Mon-Sun)|Average|3.1|5
Taste of Travancore|500|Kerala,South Indian,Chinese|Trivandrum|Sasthamangalam|https://www.zomato.com/trivandrum/taste-of-travancore-sasthamangalam/info|14|Casual Dining|12noon to 1030pm(Mon-Sun)|Average|3.1|8
Day One Cafe|400|South Indian,Chinese,Continental|Trivandrum|Sreekariyam|https://www.zomato.com/trivandrum/day-one-cafe-sreekariyam/info|14|Quick Bites|11am to 11pm(Mon-Sun)|Average|3.3|7
Chennai Chicken Pakoda|200|South Indian,Chinese|Trivandrum|Kovalam|https://www.zomato.com/trivandrum/chennai-chicken-pakoda-kovalam/info|14|Quick Bites|11am to 11pm(Mon-Sun)|Not rated|-|-
Panchali Restaurant|500|North Indian,South Indian,Chinese,Arabian|Trivandrum|Kannanthura|https://www.zomato.com/trivandrum/panchali-restaurant-kannanthura/info|14|Casual Dining|11am to 11pm(Mon-Sun)|Average|3.1|5
Multi Juice N Bakers|200|South Indian,Bakery,Beverages|Trivandrum|Sasthamangalam|https://www.zomato.com/trivandrum/multi-juice-n-bakers-sasthamangalam/info|14|Quick Bites|11am to 11pm(Mon-Sun)|Not rated|-|-
De Paris Restaurant|400|South Indian,Kerala|Trivandrum|Sasthamangalam|https://www.zomato.com/trivandrum/de-paris-restaurant-sasthamangalam/info|14|Casual Dining|11am to 11pm(Mon-Sun)|Average|3.4|15
Food Box Thalassery Biriyani|250|South Indian|Trivandrum|Ambalamukku|https://www.zomato.com/trivandrum/food-box-thalassery-biriyani-ambalamukku/info|14|Quick Bites|11am to 11pm(Mon-Sun)|Average|3.3|9
Vazhathoppil Cafe Green|500|South Indian|Trivandrum|Vazhuthacaud|https://www.zomato.com/trivandrum/vazhathoppil-cafe-green-vazhuthacaud/info|14|Quick Bites|11am to 11pm(Mon-Sun)|Average|2.7|10
Capithan Larryy Sea Food Restaurant|300|South Indian,Seafood|Trivandrum|Peroorkada|https://www.zomato.com/trivandrum/capithan-larryy-sea-food-restaurant-peroorkada/info|14|Quick Bites|11am to 11pm(Mon-Sun)|Not rated|-|-
Hopper Restaurant|250|South Indian|Trivandrum|Ulloor|https://www.zomato.com/trivandrum/hopper-restaurant-ulloor/info|14|Casual Dining|11am to 11pm(Mon-Sun)|Not rated|-|-
Black Pepper - The Central Residency|1000|Chinese,North Indian,South Indian|Trivandrum|Palayam|https://www.zomato.com/trivandrum/black-pepper-the-central-residency-palayam/info|14|Casual Dining|7am to 11pm(Mon-Sun)|Average|3.3|6
Bees & Bites|150|Cafe|Trivandrum|Palayam|https://www.zomato.com/trivandrum/bees-bites-palayam/info|15|Café|12midnight to 1130pm(Mon-Sun)|Average|3.3|8
Thakkaram|300|South Indian,Chinese|Trivandrum|Kulathoor|https://www.zomato.com/trivandrum/thakkaram-kulathoor/info|15|Quick Bites|11am to 11pm(Mon-Sun)|Average|3.2|5
The Muffin House|500|Bakery,Juices,Chinese,Continental|Trivandrum|Kannanthura|https://www.zomato.com/trivandrum/the-muffin-house-kannanthura/info|15|Bakery|11am to 11pm(Mon-Sun)|Not rated|-|-
Jithu Joji - Karamana|150|South Indian|Trivandrum|Palayam|https://www.zomato.com/trivandrum/jithu-joji-karamana-palayam/info|15|none|11am to 11pm(Mon-Sun)||NEW|NEW
Hotel Saravana Bhavan|350|South Indian,Kerala|Trivandrum|Sasthamangalam|https://www.zomato.com/trivandrum/hotel-saravana-bhavan-sasthamangalam/info|15|Casual Dining|7am to 1030pm(Mon-Sun)|Not rated|-|-
Cafe Club|400|Cafe|Trivandrum|Kulathoor|https://www.zomato.com/trivandrum/cafe-club-kulathoor/info|15|Café|11am to 11pm(Mon-Sun)|Not rated|-|-
Greeno|200|Beverages,Juices|Trivandrum|Kesavadasapuram|https://www.zomato.com/trivandrum/greeno-kesavadasapuram/info|15|Beverage Shop|1030am to 11pm(Mon-Sun)|Not rated|-|-
Leela's Kitchen|200|North Indian|Trivandrum|Ambalamukku|https://www.zomato.com/trivandrum/leelas-kitchen-ambalamukku/info|15|none|11am to 11pm(Mon-Sun)|Not rated|-|-
Spice Wheels - Food Truck|250|South Indian,North Indian,Chinese,Arabian|Trivandrum|Ambalamukku|https://www.zomato.com/trivandrum/spice-wheels-food-truck-ambalamukku/info|15|Food Truck|11am to 11pm(Mon-Sun)|Not rated|-|-
Kings Way Hotel - Grand Duke|1000|South Indian,North Indian|Trivandrum|Kannanthura|https://www.zomato.com/trivandrum/kings-way-hotel-grand-duke-kannanthura/info|15|Casual Dining|11am to 11pm(Mon-Sun)|Not rated|-|-
Jithu Joji - Poojappura|300|North Indian,Fast Food,Beverages|Trivandrum|Poojapura|https://www.zomato.com/trivandrum/jithu-joji-poojappura-poojapura/info|15|Fine Dining|11am to 11pm(Mon-Sun)|Not rated|-|-
Hotel Zeenath|250|South Indian|Trivandrum|Kannanthura|https://www.zomato.com/trivandrum/hotel-zeenath-kannanthura/info|15|Casual Dining|11am to 11pm(Mon-Sun)|Average|3.2|4
Azad Restaurant|350|South Indian|Trivandrum|Thycaud|https://www.zomato.com/trivandrum/azad-restaurant-2-thycaud/info|15|Quick Bites|11am to 11pm(Mon-Sun)|Average|3.1|5
Veg Cafe|100|Healthy Food|Trivandrum|Kulathoor|https://www.zomato.com/trivandrum/veg-cafe-kulathoor/info|15|Quick Bites|11am to 11pm(Mon-Sun)||NEW|NEW
Arabian Tasty Cafe|300|Coffee,Beverages|Trivandrum|Kulathoor|https://www.zomato.com/trivandrum/arabian-tasty-cafe-1-kulathoor/info|15|Café|11am to 11pm(Mon-Sun)|Average|3.3|5
Grand Chef Restaurant|800|South Indian,North Indian,Chinese,Continental,Arabian|Trivandrum|Kovalam|https://www.zomato.com/trivandrum/grand-chef-restaurant-kovalam/info|16|Casual Dining|11am to 11pm(Mon-Sun)|Not rated|-|-
Windsor Rajadhani|600|South Indian,North Indian,Chinese,Arabian|Trivandrum|Ambalamukku|https://www.zomato.com/trivandrum/windsor-rajadhani-ambalamukku/info|16|Casual Dining|11am to 11pm(Mon-Sun)|Not rated|-|-
Falooda Factory|200|Desserts|Trivandrum|Sasthamangalam|https://www.zomato.com/trivandrum/falooda-factory-sasthamangalam/info|16|Quick Bites|11am to 11pm(Mon-Sun)|Not rated|-|-
KUTTANADU RESTAURANT|500|South Indian,Fast Food|Trivandrum|Palayam|https://www.zomato.com/trivandrum/kuttanadu-restaurant-palayam/info|16|Quick Bites|11am to 1030pm(Mon-Sun)|Not rated|-|-
The Shake Yard|300|Beverages|Trivandrum|Palayam|https://www.zomato.com/trivandrum/the-shake-yard-palayam/info|16|Beverage Shop|11am to 11pm(Mon-Sun)|Not rated|-|-
Ammas Kitchen Family Resturant|250|North Indian,Chinese|Trivandrum|Kannanthura|https://www.zomato.com/trivandrum/ammas-kitchen-family-resturant-kannanthura/info|16|Casual Dining|1130am to 1030pm(Mon-Sun)|Not rated|-|-
Rajakumari Arabian Cafe|350|Arabian,Fast Food,Chinese|Trivandrum|Peroorkada|https://www.zomato.com/trivandrum/rajakumari-arabian-cafe-peroorkada/info|16|Quick Bites|11am to 11pm(Mon-Sun)||NEW|NEW
Keto Republic|500|Continental|Trivandrum|Palayam|https://www.zomato.com/trivandrum/keto-republic-palayam/info|16|Quick Bites|11am to 11pm(Mon-Sun)|Not rated|-|-
The Egg Stop - Omelette Café|250|Street Food|Trivandrum|Kulathoor|https://www.zomato.com/trivandrum/the-egg-stop-omelette-café-kulathoor/info|16|Quick Bites|5pm to 12midnight(Mon-Sun)|Average|2.9|5
Kismath|600|Kerala,South Indian,North Indian,Arabian|Trivandrum|Kulathoor|https://www.zomato.com/trivandrum/kismath-kulathoor/info|16|Casual Dining|11am to 12midnight(Mon-Sun)|Average|3.0|7
Chai Chai|100|Street Food,Tea|Trivandrum|Ambalamukku|https://www.zomato.com/trivandrum/chai-chai-ambalamukku/info|16|Quick Bites|7am to 1030pm(Mon-Sun)|Not rated|-|-
Minions Restaurant|300|North Indian,South Indian,Arabian,Chinese|Trivandrum|Sreekariyam|https://www.zomato.com/trivandrum/minions-restaurant-sreekariyam/info|16|Quick Bites|11am to 11pm(Mon-Sun)|Not rated|-|-
The Pantry Restaurant|500|South Indian,Chinese,Arabian|Trivandrum|Ulloor|https://www.zomato.com/trivandrum/the-pantry-restaurant-ulloor/info|16|Casual Dining|11am to 11pm(Mon-Sun)|Not rated|-|-
Mr Cake|300|Bakery,Fast Food|Trivandrum|Kannanthura|https://www.zomato.com/trivandrum/mr-cake-kannanthura/info|16|Quick Bites|10am to 11pm(Mon-Sun)|Not rated|-|-
Sai Anandhaas|150|South Indian,North Indian|Trivandrum|Ambalamukku|https://www.zomato.com/trivandrum/sai-anandhaas-ambalamukku/info|16|Quick Bites|11am to 11pm(Mon-Sun)|Not rated|-|-
Hotel Pallava Rajadhani|400|North Indian,South Indian,Chinese,Arabian|Trivandrum|Kannanthura|https://www.zomato.com/trivandrum/hotel-pallava-rajadhani-kannanthura/info|17|Quick Bites|11am to 11pm(Mon-Sun)|Not rated|-|-
Variya Cafe|300|Continental,Beverages|Trivandrum|Ambalamukku|https://www.zomato.com/trivandrum/variya-cafe-ambalamukku/info|17|Café|10am to 11pm(Mon-Sun)|Not rated|-|-
Fuel|500|Continental|Trivandrum|Ambalamukku|https://www.zomato.com/trivandrum/fuel-ambalamukku/info|17|Casual Dining|8am to 11pm(Mon-Sun)|Not rated|-|-
Jayaram Bakery|300|Bakery,Mithai|Trivandrum|Kumarapuram|https://www.zomato.com/trivandrum/jayaram-bakery-kumarapuram/info|17|Bakery|930am to 1030pm(Mon-Sun)|Average|2.9|5
Kuttys Homely Restaurant|300|North Indian,South Indian,Chinese|Trivandrum|Kesavadasapuram|https://www.zomato.com/trivandrum/kuttys-homely-restaurant-kesavadasapuram/info|17|Quick Bites|11am to 11pm(Mon-Sun)|Not rated|-|-
Al Arab|300|Beverages,South Indian|Trivandrum|Ambalamukku|https://www.zomato.com/trivandrum/al-arab-ambalamukku/info|17|Quick Bites|1130am to 1030pm(Mon-Sun)|Average|2.8|4
Makachiyude Payasakada|200|South Indian|Trivandrum|Ambalamukku|https://www.zomato.com/trivandrum/makachiyude-payasakada-ambalamukku/info|17|Quick Bites|11am to 11pm(Mon-Sun)|Not rated|-|-
Hotel Maurya Rajadhani|450|North Indian,South Indian,Chinese|Trivandrum|Palayam|https://www.zomato.com/trivandrum/hotel-maurya-rajadhani-palayam/info|17|Quick Bites|11am to 11pm(Mon-Sun)|Not rated|-|-
Anantharam Hotel|250|South Indian,Mithai|Trivandrum|Sreekariyam|https://www.zomato.com/trivandrum/anantharam-hotel-sreekariyam/info|17|Quick Bites|1130am to 11pm(Mon-Sun)|Average|3.2|4
Changathis Restaurant|250|South Indian,Seafood|Trivandrum|Kumarapuram|https://www.zomato.com/trivandrum/changathis-restaurant-kumarapuram/info|17|Quick Bites|11am to 11pm(Mon-Sun)|Not rated|-|-
Annie's Samosa Point|100|Tea,Coffee|Trivandrum|Ambalamukku|https://www.zomato.com/trivandrum/annies-samosa-point-ambalamukku/info|17|Quick Bites|11am to 11pm(Mon-Sun)||NEW|NEW
Hotel Rajadhani|400|North Indian,South Indian,Chinese|Trivandrum|Kannanthura|https://www.zomato.com/trivandrum/hotel-rajadhani-kannanthura/info|17|Quick Bites|11am to 11pm(Mon-Sun)|Not rated|-|-
Vega Dimora - Hotel Apollo Dimora|800|South Indian,North Indian|Trivandrum|Hotel Apollo Dimora-- Palayam-- Trivandrum|https://www.zomato.com/trivandrum/vega-dimora-hotel-apollo-dimora-palayam/info|17|Casual Dining|12noon to 3pm,7pm to 11pm(Mon-Sun)|Not rated|-|-
Moti Mahal|900|North Indian,South Indian,Chinese|Trivandrum|Kumarapuram|https://www.zomato.com/trivandrum/moti-mahal-kumarapuram/info|17|Casual Dining|7am to 1030pm(Mon-Sun)|Not rated|-|-
Diner's Summit|500|Fast Food|Trivandrum|Kumarapuram|https://www.zomato.com/trivandrum/diners-summit-1-kumarapuram/info|17|Quick Bites|11am to 11pm(Mon-Sun)|Not rated|-|-
Malabar Express|350|South Indian,Kerala|Trivandrum|Palayam|https://www.zomato.com/trivandrum/malabar-express-palayam/info|18|Casual Dining|12noon to 11pm(Mon-Sun)|Not rated|-|-
Thachankara Restaurant|500|Indian,South Indian,Kerala|Trivandrum|Kulathoor|https://www.zomato.com/trivandrum/thachankara-restaurant-kulathoor/info|18|Quick Bites|12noon to 11pm(Mon-Sun)|Not rated|-|-
Anithas Bistro and Cafe|1000|Seafood,Pizza|Trivandrum|Kovalam|https://www.zomato.com/trivandrum/anithas-bistro-and-cafe-1-kovalam/info|18|Café|10am to 11pm(Mon-Sun)|Not rated|-|-
Jithu Joji - Thirumala|400|South Indian|Trivandrum|Poojapura|https://www.zomato.com/trivandrum/jithu-joji-thirumala-poojapura/info|18|Quick Bites|11am to 11pm(Mon-Sun)|Not rated|-|-
Eat N Drink|400|Juices,Bakery,Mithai|Trivandrum|Kannanthura|https://www.zomato.com/trivandrum/eat-n-drink-kannanthura/info|18|Casual Dining|11am to 11pm(Mon-Sun)|Not rated|-|-
Yummy Arabia|500|Fast Food|Trivandrum|Kumarapuram|https://www.zomato.com/trivandrum/yummy-arabia-kumarapuram/info|18|Quick Bites|11am to 11pm(Mon-Sun)|Not rated|-|-
New Hotel Gowri|150|South Indian|Trivandrum|Vazhuthacaud|https://www.zomato.com/trivandrum/new-hotel-gowri-vazhuthacaud/info|18|Quick Bites|630am to 1030pm(Mon-Sun)|Not rated|-|-
Trivandrum Cafe|600|South Indian,North Indian|Trivandrum|Poojapura|https://www.zomato.com/trivandrum/trivandrum-cafe-poojapura/info|18|Casual Dining|7am to 11pm(Mon-Sun)|Not rated|-|-
Aavikappal Restaurant|300|North Indian,Chinese|Trivandrum|Palayam|https://www.zomato.com/trivandrum/aavikappal-restaurant-palayam/info|18|Quick Bites|10am to 11pm(Mon-Sun)|Not rated|-|-
All Barakath|200|Kerala|Trivandrum|Kannanthura|https://www.zomato.com/trivandrum/all-barakath-kannanthura/info|18|Quick Bites|630am to 1130pm(Mon-Sun)|Not rated|-|-
Cafe Hive - Hotel Apollo Dimora|1500|Continental,Chinese|Trivandrum|Hotel Apollo Dimora-- Palayam-- Trivandrum|https://www.zomato.com/trivandrum/cafe-hive-hotel-apollo-dimora-palayam/info|18|Casual Dining|7am to 11pm(Mon-Sun)|Not rated|-|-
BBQ HOT|350|BBQ,Fast Food|Trivandrum|Pappanamcode|https://www.zomato.com/trivandrum/bbq-hot-pappanamcode/info|18|Quick Bites|11am to 11pm(Mon-Sun)||NEW|NEW
Makkawao|600|North Indian,Chinese|Trivandrum|Sreekariyam|https://www.zomato.com/trivandrum/makkawao-sreekariyam/info|18|Casual Dining|11am to 11pm(Mon-Sun)|Not rated|-|-
Banana Leaf Restaurant|250|South Indian,North Indian,Chinese,Thai|Trivandrum|Thycaud|https://www.zomato.com/trivandrum/banana-leaf-restaurant-thycaud/info|18|Quick Bites|11am to 11pm(Mon-Sun)|Not rated|-|-
Jyothi Vilas Pure Veg|500|North Indian,Chinese,South Indian|Trivandrum|Kovalam|https://www.zomato.com/trivandrum/jyothi-vilas-pure-veg-kovalam/info|18|Casual Dining|7am to 11pm(Mon-Sun)|Not rated|-|-
Caffe Primo|500|Italian|Trivandrum|Kannanthura|https://www.zomato.com/trivandrum/caffe-primo-kannanthura/info|19|Quick Bites|11am to 11pm(Mon-Sun)||NEW|NEW
Green City|350|South Indian,North Indian,Kerala|Trivandrum|Kumarapuram|https://www.zomato.com/trivandrum/green-city-kumarapuram/info|19|Casual Dining|630am to 1130pm(Mon-Sun)|Not rated|-|-
Mammamia|250|Indian,Chinese|Trivandrum|Palayam|https://www.zomato.com/trivandrum/mammamia-palayam/info|19|Casual Dining|11am to 1am(Mon-Sun)|Not rated|-|-
Indrapuri Rajadhani|500|South Indian,North Indian,Chinese|Trivandrum|Palayam|https://www.zomato.com/trivandrum/indrapuri-rajadhani-palayam/info|19|Quick Bites|11am to 11pm(Mon-Sun)|Not rated|-|-
Biryani Club|500|Chinese,North Indian,South Indian|Trivandrum|Sasthamangalam|https://www.zomato.com/trivandrum/biryani-club-sasthamangalam/info|19|Quick Bites|11am to 11pm(Mon-Sun)|Not rated|-|-
IceBerg|100|Beverages,Juices|Trivandrum|Mannanthala|https://www.zomato.com/trivandrum/iceberg-mannanthala/info|19|Beverage Shop|9am to 1030pm(Mon-Sun)|Not rated|-|-
Dosa Time|500|South Indian|Trivandrum|Kannanthura|https://www.zomato.com/trivandrum/dosa-time-kannanthura/info|19|Quick Bites|11am to 11pm(Mon-Sun)|Not rated|-|-
Frankztreat Cafe|500|Cafe,Mexican|Trivandrum|Ulloor|https://www.zomato.com/trivandrum/frankztreat-cafe-ulloor/info|19|Café|1030am to 1030pm(Mon-Sun)|Not rated|-|-
Al Bake Restaurant|400|Arabian,Chinese,Kerala,Juices|Trivandrum|Thycaud|https://www.zomato.com/trivandrum/al-bake-restaurant-thycaud/info|19|Quick Bites|11am to 11pm(Mon-Sun)|Not rated|-|-
Kerala Chicken|250|Kerala|Trivandrum|Ambalamukku|https://www.zomato.com/trivandrum/kerala-chicken-ambalamukku/info|19|Casual Dining|10am to 1130pm(Mon-Sun)|Not rated|-|-
Hotel Buraq|350|North Indian,Kerala,Chinese|Trivandrum|Sasthamangalam|https://www.zomato.com/trivandrum/hotel-buraq-sasthamangalam/info|19|Casual Dining|11am to 1030pm(Mon-Sun)|Not rated|-|-
Iddli Factory|150|Kerala,South Indian|Trivandrum|Ambalamukku|https://www.zomato.com/trivandrum/iddli-factory-ambalamukku/info|19|Quick Bites|6am to 1030pm(Mon-Sun)|Not rated|-|-
Travancore Foods Family Restaurant|250|North Indian,South Indian,Kerala|Trivandrum|Ambalamukku|https://www.zomato.com/trivandrum/travancore-foods-family-restaurant-ambalamukku/info|19|Quick Bites|11am to 11pm(Mon-Sun)|Not rated|-|-
Juice Park|200|Juices|Trivandrum|Kulathoor|https://www.zomato.com/trivandrum/juice-park-kulathoor/info|19|Beverage Shop|11am to 11pm(Mon-Sun)|Not rated|-|-
Momsnack|400|Pizza,Fast Food|Trivandrum|Kulathoor|https://www.zomato.com/trivandrum/momsnack-kulathoor/info|19|Quick Bites|3pm to 2am(Mon-Sun)|Not rated|-|-
Pankayam|600|Kerala,Seafood,Juices|Trivandrum|Kumarapuram|https://www.zomato.com/trivandrum/pankayam-1-kumarapuram/info|2|Casual Dining|7am to 1040pm(Mon-Sun)|Very Good|4.2|91
Garam Masala Restaurant|800|North Indian,South Indian|Trivandrum|Kesavadasapuram|https://www.zomato.com/trivandrum/garam-masala-restaurant-kesavadasapuram/info|2|Casual Dining|11am to 1130pm(Mon-Sun)|Good|3.9|74
The Olive Restaurant|800|Chinese,North Indian,Continental|Trivandrum|Kulathoor|https://www.zomato.com/trivandrum/the-olive-restaurant-kulathoor/info|2|Casual Dining|1130am to 12midnight(Mon-Sun)|Good|3.8|58
Old's Cool|700|Cafe,Fast Food|Trivandrum|Ambalamukku|https://www.zomato.com/trivandrum/olds-cool-ambalamukku/info|2|Café|1030am to 1030pm(Mon-Sun)|Very Good|4.1|86
Le Arabia|500|South Indian,Kebab,Arabian|Trivandrum|Vazhuthacaud|https://www.zomato.com/trivandrum/le-arabia-vazhuthacaud/info|2|Casual Dining|11am to 11pm(Mon-Sun)|Good|3.9|75
Al Baike Fried Chicken|500|Fast Food|Trivandrum|Kulathoor|https://www.zomato.com/trivandrum/al-baike-fried-chicken-kulathoor/info|2|Quick Bites|11am to 11pm(Mon-Sun)|Very Good|4.1|72
1976 Cafe Bistro|500|Cafe|Trivandrum|Palayam|https://www.zomato.com/trivandrum/1976-cafe-bistro-palayam/info|2|Café|1pm to 11pm(Mon-Sun)|Very Good|4.1|100
Slice of Spice|300|North Indian,Chinese,Fast Food|Trivandrum|Palayam|https://www.zomato.com/trivandrum/slice-of-spice-palayam/info|2|Quick Bites|12noon to 11pm(Mon-Sun)|Very Good|4.0|65
Halais Dum Biryani Opp Infosys|700|South Indian,Biryani|Trivandrum|Thumba|https://www.zomato.com/trivandrum/halais-dum-biryani-opp-infosys-thumba/info|2|Casual Dining|11am to 12midnight(Mon-Sun)|Good|3.9|54
Cofi Club|600|Cafe|Trivandrum|Kesavadasapuram|https://www.zomato.com/trivandrum/cofi-club-kesavadasapuram/info|2|Café|12noon to 12midnight(Mon-Sun)|Very Good|4.0|69
Domino's Pizza|750|Pizza,Fast Food|Trivandrum|Palayam|https://www.zomato.com/trivandrum/dominos-pizza-palayam/info|2|Quick Bites|11am to 12midnight(Mon-Sun)|Good|3.9|76
Cordon Ble ú-Charcoal Shawarma|250|Arabian|Trivandrum|Thumba|https://www.zomato.com/trivandrum/cordon-ble-ú-charcoal-shawarma-thumba/info|2|Quick Bites|5pm to 12midnight(Mon-Sun)|Very Good|4.1|54
Sijis pizza street|700|Pizza,Fast Food|Trivandrum|Thycaud|https://www.zomato.com/trivandrum/sijis-pizza-street-thycaud/info|2|Quick Bites|12noon to 11pm(Mon-Sun)|Good|3.9|31
Curry Chatty|600|Kerala,North Indian,Chinese|Trivandrum|Thycaud|https://www.zomato.com/trivandrum/curry-chatty-thycaud/info|2|Casual Dining|1130am to 1030pm(Mon-Sun)|Good|3.7|35
Salwa Dine|500|Arabian,Chinese,Indian|Trivandrum|Sasthamangalam|https://www.zomato.com/trivandrum/salwa-dine-sasthamangalam/info|2|Casual Dining|1130am to 1130pm(Mon-Sun)|Good|3.8|55
Nakshatra Takeaway And Fast Food|300|South Indian,Seafood,Kerala|Trivandrum|Ulloor|https://www.zomato.com/trivandrum/nakshatra-takeaway-and-fast-food-ulloor/info|20|none|11am to 12midnight(Mon-Sun)|Not rated|-|-
Hannan's Juice Fundae|150|Juices,Bakery,Desserts|Trivandrum|Kannanthura|https://www.zomato.com/trivandrum/hannans-juice-fundae-kannanthura/info|20|Sweet Shop|11am to 11pm(Mon-Sun)|Not rated|-|-
Ezzar Takeaway|150|Kerala|Trivandrum|Sreekariyam|https://www.zomato.com/trivandrum/ezzar-takeaway-sreekariyam/info|20|none|630pm to 1030pm(Mon-Sun)|Not rated|-|-
Shooja|500|Kerala|Trivandrum|Thycaud|https://www.zomato.com/trivandrum/shooja-thycaud/info|20|Quick Bites|6am to 1030pm(Mon-Sun)|Not rated|-|-
Sanz Burger Barn|300|Burger,Beverages|Trivandrum|Kesavadasapuram|https://www.zomato.com/trivandrum/sanz-burger-barn-kesavadasapuram/info|20|Quick Bites|11am to 11pm(Mon-Sun)|Not rated|-|-
Nest Food Park|150|South Indian|Trivandrum|Kovalam|https://www.zomato.com/trivandrum/nest-food-park-kovalam/info|20|Quick Bites|7am to 1030pm(Mon-Sun)|Not rated|-|-
Romeez Kitchen|500|South Indian,North Indian,Chinese|Trivandrum|Ambalamukku|https://www.zomato.com/trivandrum/romeez-kitchen-ambalamukku/info|20|Casual Dining|11am to 11pm(Mon-Sun)|Not rated|-|-
ST Bakers And Caterers|150|Bakery,Beverages|Trivandrum|Palayam|https://www.zomato.com/trivandrum/st-bakers-and-caterers-palayam/info|20|Bakery|11am to 11pm(Mon-Sun)||NEW|NEW
Hotel Aryas|300|South Indian,Chinese|Trivandrum|Kumarapuram|https://www.zomato.com/trivandrum/hotel-aryas-kumarapuram/info|20|Casual Dining|7am to 1130pm(Mon-Sun)|Not rated|-|-
Ambadi Hotel|150|South Indian|Trivandrum|Sreekariyam|https://www.zomato.com/trivandrum/ambadi-hotel-sreekariyam/info|20|Quick Bites|8am to 11pm(Mon-Sun)||NEW|NEW
Nakshatra Restaurant|300|South Indian,Kerala|Trivandrum|Kulathoor|https://www.zomato.com/trivandrum/nakshatra-restaurant-kulathoor/info|20|Quick Bites|8am to 11pm(Mon-Sun)|Not rated|-|-
Bismi Restaurant|350|South Indian,North Indian,Chinese|Trivandrum|Kannanthura|https://www.zomato.com/trivandrum/bismi-restaurant-kannanthura/info|20|Quick Bites|11am to 11pm(Mon-Sun)|Not rated|-|-
Bread Bowl|300|South Indian,Continental|Trivandrum|Ulloor|https://www.zomato.com/trivandrum/bread-bowl-ulloor/info|20|Quick Bites|10am to 1030pm(Mon-Sun)|Not rated|-|-
HOTEL ARYAAS PARK|300|South Indian|Trivandrum|Kumarapuram|https://www.zomato.com/trivandrum/hotel-aryaas-park-kumarapuram/info|20|Quick Bites|7am to 1030pm(Mon-Sun)|Not rated|-|-
Thangam|300|Kerala|Trivandrum|Pappanamcode|https://www.zomato.com/trivandrum/thangam-pappanamcode/info|20|Casual Dining|1130am to 1130pm(Mon-Sun)|Not rated|-|-
Chinkyes Restaurant|150|Kerala|Trivandrum|Peroorkada|https://www.zomato.com/trivandrum/chinkyes-restaurant-peroorkada/info|21|Casual Dining|7am to 11pm(Mon-Sun)|Not rated|-|-
Anithas Bistro And Cafe|1500|North Indian,Seafood|Trivandrum|Kovalam|https://www.zomato.com/trivandrum/anithas-bistro-and-cafe-kovalam/info|21|Casual Dining|10am to 11pm(Mon-Sun)|Not rated|-|-
Byth Al Malabar|300|Fast Food|Trivandrum|Palayam|https://www.zomato.com/trivandrum/byth-al-malabar-palayam/info|21|Quick Bites|11am to 11pm(Mon-Sun)|Not rated|-|-
Hotel New Palace|600|Indian|Trivandrum|Palayam|https://www.zomato.com/trivandrum/hotel-new-palace-palayam/info|21|Casual Dining|11am to 11pm(Mon-Sun)|Not rated|-|-
Rasam Restaurant|300|South Indian|Trivandrum|Ulloor|https://www.zomato.com/trivandrum/rasam-restaurant-ulloor/info|21|none|12noon to 1030pm(Mon-Sun)|Not rated|-|-
Sabu's Al Arab Takeaway|400|South Indian,Chinese,Arabian|Trivandrum|Palayam|https://www.zomato.com/trivandrum/sabus-al-arab-takeaway-palayam/info|21|none|1130am to 11pm(Mon-Sun)|Not rated|-|-
Rowed|500|Kerala|Trivandrum|Beemapally|https://www.zomato.com/trivandrum/rowed-beemapally/info|21|Casual Dining|6am to 1030pm(Mon-Sun)|Not rated|-|-
Palace Restaurant|200|South Indian,Kerala|Trivandrum|Ulloor|https://www.zomato.com/trivandrum/palace-restaurant-ulloor/info|21|Quick Bites|6pm to 1030pm(Mon-Sun)|Not rated|-|-
Anjaneya|100|Kerala|Trivandrum|Kumarapuram|https://www.zomato.com/trivandrum/anjaneya-kumarapuram/info|21|Casual Dining|6am to 1130pm(Mon-Sun)|Not rated|-|-
Mezban Restaurant|650|Kerala,South Indian|Trivandrum|Sreekariyam|https://www.zomato.com/trivandrum/mezban-restaurant-sreekariyam/info|3|Casual Dining|11am to 11pm(Mon-Sun)|Good|3.6|53
Buraq Restaurant|450|Arabian,North Indian|Trivandrum|Sasthamangalam|https://www.zomato.com/trivandrum/buraq-restaurant-sasthamangalam/info|3|Casual Dining|1130am to 1130pm(Mon-Sun)|Good|3.8|45
Cafe Alchemy|500|Cafe|Trivandrum|Ambalamukku|https://www.zomato.com/trivandrum/cafe-alchemy-ambalamukku/info|3|Café|10am to 1130pm(Mon),12midnight to 1130pm(Tue-Sun)|Good|3.8|56
Hotel Rahmaniya Kethels Chickens|400|Kerala,Chinese,South Indian|Trivandrum|Palayam|https://www.zomato.com/trivandrum/hotel-rahmaniya-kethels-chickens-palayam/info|3|Casual Dining|12noon to 1030pm(Mon,Tue,Wed,Thu,Sat,Sun)...|Good|3.7|48
Sijis Pizza Street|600|Pizza|Trivandrum|Kumarapuram|https://www.zomato.com/trivandrum/sijis-pizza-street-5-kumarapuram/info|3|Casual Dining|11am to 11pm(Mon-Sun)|Very Good|4.0|53
SFC Plus|500|Pizza,Fried Chicken,Fast Food|Trivandrum|Vazhuthacaud|https://www.zomato.com/trivandrum/sfc-plus-vazhuthacaud/info|3|Quick Bites|11am to 11pm(Mon-Sun)|Good|3.7|31
Valiyakadayil Restaurant|500|South Indian,North Indian,Kerala,Chinese|Trivandrum|Peroorkada|https://www.zomato.com/trivandrum/valiyakadayil-restaurant-peroorkada/info|3|Casual Dining|8am to 1030pm(Mon-Sun)|Good|3.8|44
Trufflez Cafe|350|Cafe|Trivandrum|Ambalamukku|https://www.zomato.com/trivandrum/trufflez-cafe-ambalamukku/info|3|Café|11am to 11pm(Mon-Sun)|Good|3.6|14
Azad Restaurant|350|South Indian|Trivandrum|Ulloor|https://www.zomato.com/trivandrum/azad-restaurant-ulloor/info|3|Casual Dining|930am to 1030pm(Mon-Sun)|Good|3.5|60
Big Shake|200|Desserts,Beverages|Trivandrum|Kulathoor|https://www.zomato.com/trivandrum/big-shake-2-kulathoor/info|3|Dessert Parlor|2pm to 11pm(Mon-Sun)|Good|3.6|34
Burger Lounge|500|Burger,Beverages|Trivandrum|Kesavadasapuram|https://www.zomato.com/trivandrum/burger-lounge-kesavadasapuram/info|3|Café|11am to 11pm(Mon-Sun)|Good|3.8|67
Sonu's Magic Kitchen|450|Kerala,Arabian,Chinese,North Indian|Trivandrum|Kannanthura|https://www.zomato.com/trivandrum/sonus-magic-kitchen-kannanthura/info|3|Quick Bites|7am to 11pm(Mon-Sun)|Good|3.8|15
The Dhaba Project|1100|North Indian|Trivandrum|Kulathoor|https://www.zomato.com/trivandrum/the-dhaba-project-kulathoor/info|3|Casual Dining|11am to 11pm(Mon-Sun)|Good|3.9|45
Cafe Mojo|650|Asian,Chinese|Trivandrum|Ambalamukku|https://www.zomato.com/trivandrum/cafe-mojo-ambalamukku/info|3|Casual Dining|1030am to 1130pm(Mon-Sun)|Very Good|4.2|46
Steam Wagon|400|Chinese,Kerala|Trivandrum|Ambalamukku|https://www.zomato.com/trivandrum/steam-wagon-ambalamukku/info|3|Casual Dining|10am to 1030pm(Mon-Sun)|Average|3.2|60
Al Nafoorah Restaurant|600|South Indian,North Indian,Chinese|Trivandrum|Kannanthura|https://www.zomato.com/trivandrum/al-nafoorah-restaurant-kannanthura/info|4|Quick Bites|11am to 11pm(Mon-Sun)|Good|3.9|26
Pathiris Restaurant|1000|Kerala|Trivandrum|Palayam|https://www.zomato.com/trivandrum/pathiris-restaurant-palayam/info|4|Casual Dining|1130am to 11pm(Mon-Sun)|Average|2.6|30
Steampot|500|Kerala|Trivandrum|Palayam|https://www.zomato.com/trivandrum/steampot-palayam/info|4|Casual Dining|11am to 11pm(Mon-Sun)|Average|2.9|21
Narayana Bhavan Family Restaurant|400|South Indian|Trivandrum|Palayam|https://www.zomato.com/trivandrum/narayana-bhavan-family-restaurant-palayam/info|4|Casual Dining|11am to 11pm(Mon-Sun)|Good|3.7|19
Pinroll|500|Bakery,Biryani,Hyderabadi|Trivandrum|Palayam|https://www.zomato.com/trivandrum/pinroll-palayam/info|4|Bakery|1130am to 11pm(Mon-Sun)|Good|3.6|12
Ambrosia|800|Cafe,Bakery,Beverages|Trivandrum|Kulathoor|https://www.zomato.com/trivandrum/ambrosia-kulathoor/info|4|Café|11am to 10pm(Mon-Sun)|Good|3.7|48
Alibaba & 41 Dishes|500|Arabian,Beverages,Chinese|Trivandrum|Sasthamangalam|https://www.zomato.com/trivandrum/alibaba-41-dishes-sasthamangalam/info|4|Casual Dining|1130am to 1130pm(Mon-Sun)|Average|2.7|44
Square One HomeMade Treats|400|Bakery|Trivandrum|Kesavadasapuram|https://www.zomato.com/trivandrum/square-one-homemade-treats-kesavadasapuram/info|4|Bakery|10am to 830pm(Mon-Sun)|Very Good|4.0|60
Arabeiq paradise|500|North Indian,South Indian,Continental,Chinese|Trivandrum|Kulathoor|https://www.zomato.com/trivandrum/arabeiq-paradise-kulathoor/info|4|Casual Dining|12noon to 11pm(Mon-Sat),Closed(Sun)|Average|2.9|24
Paaykappal|800|South Indian,North Indian|Trivandrum|Ambalamukku|https://www.zomato.com/trivandrum/paaykappal-ambalamukku/info|4|Casual Dining|12noon to 11pm(Mon-Sun)|Good|3.8|17
Unique Brew|400|Beverages,Cafe|Trivandrum|Kesavadasapuram|https://www.zomato.com/trivandrum/unique-brew-kesavadasapuram/info|4|Café|Closed(Mon),12noon to 11pm(Tue-Sun)|Good|3.8|27
Sweet N Spicy|400|South Indian,North Indian,Chinese|Trivandrum|Kannanthura|https://www.zomato.com/trivandrum/sweet-n-spicy-kannanthura/info|4|Quick Bites|11am to 11pm(Mon-Sun)|Good|3.6|15
ZamZam Dosa Hut|250|South Indian|Trivandrum|Ambalamukku|https://www.zomato.com/trivandrum/zamzam-dosa-hut-ambalamukku/info|4|Quick Bites|730am to 11pm(Mon-Sun)|Good|3.6|38
Al Saj Restaurant|400|South Indian,Arabian|Trivandrum|Kulathoor|https://www.zomato.com/trivandrum/al-saj-restaurant-kulathoor/info|4|Casual Dining|7am to 11pm(Mon-Sun)|Good|3.7|27
Kuttanadan Park|250|South Indian,North Indian,Arabian,Chinese|Trivandrum|Kovalam|https://www.zomato.com/trivandrum/kuttanadan-park-kovalam/info|4|Casual Dining|11am to 11pm(Mon-Sun)|Good|3.7|11
Sharma North Indian Restaurant|400|North Indian|Trivandrum|Palayam|https://www.zomato.com/trivandrum/sharma-north-indian-restaurant-palayam/info|5|Casual Dining|12noon to 3pm,7pm to 10pm(Mon-Sun)|Good|3.8|24
Ajwa Restaurant|350|South Indian,Kerala|Trivandrum|Thycaud|https://www.zomato.com/trivandrum/ajwa-restaurant-thycaud/info|5|Casual Dining|11am to 1030pm(Mon-Sun)|Good|3.8|27
Kalavara Restaurant|400|Indian|Trivandrum|Ambalamukku|https://www.zomato.com/trivandrum/kalavara-restaurant-ambalamukku/info|5|Casual Dining|11am to 11pm(Mon-Sun)|Good|3.6|22
Terrace Makkawao|800|Continental,North Indian|Trivandrum|Kulathoor|https://www.zomato.com/trivandrum/terrace-makkawao-kulathoor/info|5|Casual Dining|12noon to 12midnight(Mon-Sun)|Good|3.7|16
Rajila Hotel|400|Kerala,South Indian|Trivandrum|Poonthura|https://www.zomato.com/trivandrum/rajila-hotel-poonthura/info|5|Casual Dining|9am to 9pm(Mon-Sun)|Good|3.9|31
Hotel Chinnus|350|South Indian,Kerala|Trivandrum|Kesavadasapuram|https://www.zomato.com/trivandrum/hotel-chinnus-kesavadasapuram/info|5|Casual Dining|730am to 10pm(Mon-Sun)|Good|3.7|21
Green Habito|550|Beverages,Juices,Salad|Trivandrum|Kulathoor|https://www.zomato.com/trivandrum/green-habito-kulathoor/info|5|Beverage Shop|11am to 11pm(Mon-Tue),Closed(Wed-Sun)|Good|3.7|16
Oasis Ice Cream Parlour|250|Desserts,Ice Cream|Trivandrum|Sasthamangalam|https://www.zomato.com/trivandrum/oasis-ice-cream-parlour-sasthamangalam/info|5|Dessert Parlor|12noon to 10pm(Mon-Sun)|Average|3.3|15
Edaneram|350|South Indian|Trivandrum|Vazhuthacaud|https://www.zomato.com/trivandrum/edaneram-vazhuthacaud/info|5|Quick Bites|11am to 11pm(Mon-Sun)|Good|3.7|29
Cafe Mannam|250|North Indian,Chinese,Arabian|Trivandrum|Kannanthura|https://www.zomato.com/trivandrum/cafe-mannam-kannanthura/info|5|Quick Bites|11am to 10pm(Mon-Sun)||NEW|NEW
Ovenly|400|Bakery|Trivandrum|Sasthamangalam|https://www.zomato.com/trivandrum/ovenly-sasthamangalam/info|5|Bakery|10am to 6pm(Mon-Sun)|Average|3.3|9
Faize Raza Dum Biriyani|200|Biryani,Momos|Trivandrum|Thycaud|https://www.zomato.com/trivandrum/faize-raza-dum-biriyani-thycaud/info|5|none|11am to 10pm(Mon-Sun)|Average|3.0|4
Halais Dum Biriyani Pangappara|250|Arabian|Trivandrum|Kulathoor|https://www.zomato.com/trivandrum/halais-dum-biriyani-pangappara-kulathoor/info|5|Quick Bites|11am to 11pm(Mon-Sun)|Good|3.8|16
Thakkaaram Restaurant Kazhakoottam|400|Kerala,South Indian|Trivandrum|Kulathoor|https://www.zomato.com/trivandrum/thakkaaram-restaurant-kazhakoottam-kulathoor/info|5|Casual Dining|1130am to 1130pm(Mon-Sun)|Average|3.0|19
Rashaj Al Noor|600|Kerala,Chinese,Arabian|Trivandrum|Sasthamangalam|https://www.zomato.com/trivandrum/rashaj-al-noor-sasthamangalam/info|5|Casual Dining|11am to 12midnight(Mon-Sun)|Good|3.5|22
Malika Hotel|250|South Indian|Trivandrum|Palayam|https://www.zomato.com/trivandrum/malika-hotel-palayam/info|6|Casual Dining|730am to 930pm(Mon-Sun)|Average|3.4|6
Bread Factory|300|Bakery|Trivandrum|Ulloor|https://www.zomato.com/trivandrum/bread-factory-ulloor/info|6|Bakery|930am to 10pm(Mon-Sun)|Good|3.5|24
La Mesaaa|300|Sandwich,Finger Food,Burger,Beverages|Trivandrum|Kesavadasapuram|https://www.zomato.com/trivandrum/la-mesaaa-kesavadasapuram/info|6|Quick Bites|11am to 10pm(Mon-Sun)|Average|3.1|13
Ariya Jyoti|300|South Indian,North Indian|Trivandrum|Kesavadasapuram|https://www.zomato.com/trivandrum/ariya-jyoti-kesavadasapuram/info|6|Casual Dining|630am to 10pm(Mon-Sun)|Average|3.4|8
Hotel Taj|300|Kerala,North Indian,Chinese|Trivandrum|Palayam|https://www.zomato.com/trivandrum/hotel-taj-palayam/info|6|Quick Bites|1130am to 1130pm(Mon-Sun)|Good|3.6|17
Cafe Oneway|300|Continental|Trivandrum|Palayam|https://www.zomato.com/trivandrum/cafe-oneway-palayam/info|6|Quick Bites|1130am to 1am(Mon-Sun)|Good|3.8|19
Buttercup Bakehouse|500|Bakery,Desserts|Trivandrum|Sasthamangalam|https://www.zomato.com/trivandrum/buttercup-bakehouse-2-sasthamangalam/info|6|Bakery|1130am to 10pm(Mon,Wed,Thu,Fri,Sat,Sun)...|Good|3.6|14
Kalam Biriyani's|500|Biryani,North Indian|Trivandrum|Pappanamcode|https://www.zomato.com/trivandrum/kalam-biriyanis-pappanamcode/info|6|Quick Bites|11am to 10pm(Mon-Sun)|Average|3.2|6
Rammus Dhee Kozhikode Restaurant|600|North Indian|Trivandrum|Kulathoor|https://www.zomato.com/trivandrum/rammus-dhee-kozhikode-restaurant-kulathoor/info|6|Casual Dining|8am to 11pm(Mon-Sun)|Good|3.5|10
Keventers|400|Desserts,Beverages,Ice Cream|Trivandrum|Mall Of Travancore-- Inchakki-- Kannanthura|https://www.zomato.com/trivandrum/keventers-kannanthura/info|6|Beverage Shop|11am to 11pm(Mon-Sun)|Good|3.5|16
Cafeccino|250|North Indian,Fast Food|Trivandrum|Ulloor|https://www.zomato.com/trivandrum/cafeccino-ulloor/info|6|Quick Bites|11am to 10pm(Mon-Sun)|Average|2.9|4
Iyer's Kitchen|150|Kerala|Trivandrum|Kesavadasapuram|https://www.zomato.com/trivandrum/iyers-kitchen-kesavadasapuram/info|6|Quick Bites|7am to 10pm(Mon-Sun)|Average|3.4|9
Irani Restaurant|400|South Indian,Kerala|Trivandrum|Ambalamukku|https://www.zomato.com/trivandrum/irani-restaurant-ambalamukku/info|6|Casual Dining|8am to 11pm(Mon-Sun)|Average|2.9|24
Nandus Restaurant|250|South Indian|Trivandrum|Kulathoor|https://www.zomato.com/trivandrum/nandus-restaurant-kulathoor/info|6|Quick Bites|11am to 10pm(Mon-Sun)|Not rated|-|-
Newyork Cafe|300|Cafe|Trivandrum|Palayam|https://www.zomato.com/trivandrum/newyork-cafe-palayam/info|6|Café|930am to 730pm(Mon-Sun)||NEW|NEW
Azad Restaurant|600|South Indian,North Indian,Continental,Chinese|Trivandrum|Thycaud|https://www.zomato.com/trivandrum/azad-restaurant-1-thycaud/info|7|Casual Dining|730am to 10pm(Mon-Sun)|Average|3.2|6
Bonito Hut Restaurant|500|Indian|Trivandrum|Kulathoor|https://www.zomato.com/trivandrum/bonito-hut-restaurant-kulathoor/info|7|Quick Bites|11am to 10pm(Mon-Sun)|Not rated|-|-
Greenz  Thanninadan|200|South Indian,Seafood|Trivandrum|Sasthamangalam|https://www.zomato.com/trivandrum/greenz-thanninadan-sasthamangalam/info|7|Quick Bites|11am to 3pm(Mon-Sun)|Average|3.2|4
Thalasery Biriyani Centre|200|Biryani,South Indian|Trivandrum|Sreekariyam|https://www.zomato.com/trivandrum/thalasery-biriyani-centre-sreekariyam/info|7|Quick Bites|11am to 5pm(Mon-Sun)||NEW|NEW
China Wagon|600|Chinese|Trivandrum|Kulathoor|https://www.zomato.com/trivandrum/china-wagon-kulathoor/info|7|Casual Dining|1130am to 10pm(Mon-Sun)|Average|2.8|6
Mammuz Biryani|300|Biryani|Trivandrum|Palayam|https://www.zomato.com/trivandrum/mammuz-biryani-palayam/info|7|none|1030am to 830pm(Mon-Sun)|Average|3.2|7
New Mubarak Restaurant|500|Seafood,South Indian|Trivandrum|Palayam|https://www.zomato.com/trivandrum/new-mubarak-restaurant-palayam/info|7|Quick Bites|11am to 4pm(Mon-Sun)|Not rated|-|-
Supreme Bakers|300|Bakery|Trivandrum|Kulathoor|https://www.zomato.com/trivandrum/supreme-bakers-kulathoor/info|7|Bakery|930am to 10pm(Mon-Sun)|Average|3.4|12
Rajila|400|South Indian|Trivandrum|Kannanthura|https://www.zomato.com/trivandrum/rajila-kannanthura/info|7|Quick Bites|7am to 10pm(Mon-Sun)|Average|3.3|6
Mele Tharavattil Bakers|200|Bakery|Trivandrum|Kumarapuram|https://www.zomato.com/trivandrum/mele-tharavattil-bakers-kumarapuram/info|7|Bakery|8am to 10pm(Mon-Sun)|Not rated|-|-
Gafur Ka Dosth|300|South Indian,North Indian,Chinese,Arabian|Trivandrum|Sreekariyam|https://www.zomato.com/trivandrum/gafur-ka-dosth-sreekariyam/info|7|Quick Bites|11am to 10pm(Mon-Sun)|Not rated|-|-
Abhikar Restaurant|200|North Indian,Chettinad,South Indian|Trivandrum|Poojapura|https://www.zomato.com/trivandrum/abhikar-restaurant-poojapura/info|7|Quick Bites|7am to 10pm(Mon-Sun)|Not rated|-|-
Zeenath Crispy Fried Chicken|600|Arabian,Chinese,North Indian|Trivandrum|Kannanthura|https://www.zomato.com/trivandrum/zeenath-crispy-fried-chicken-1-kannanthura/info|7|Quick Bites|11am to 11pm(Mon-Sun)|Good|3.6|11
Biriyani Paradise|350|North Indian,Chinese,South Indian|Trivandrum|Ulloor|https://www.zomato.com/trivandrum/biriyani-paradise-ulloor/info|7|Casual Dining|7am to 11pm(Mon-Sun)|Average|2.9|24
Taza Biriyani House|300|Biryani|Trivandrum|Ambalamukku|https://www.zomato.com/trivandrum/taza-biriyani-house-ambalamukku/info|7|Quick Bites|1130am to 430pm(Mon-Sun)|Average|3.1|5
Slice of Spice|350|Arabian|Trivandrum|Kulathoor|https://www.zomato.com/trivandrum/slice-of-spice-kulathoor/info|8|Casual Dining|12noon to 11pm(Mon-Sun)|Good|3.6|7
Streetlight Cafe|400|Continental|Trivandrum|Ambalamukku|https://www.zomato.com/trivandrum/streetlight-cafe-ambalamukku/info|8|Quick Bites|11am to 9pm(Mon-Sun)|Not rated|-|-
Hotel Amritha|300|South Indian,North Indian,Chinese|Trivandrum|Ulloor|https://www.zomato.com/trivandrum/hotel-amritha-ulloor/info|8|Casual Dining|7am to 10pm(Mon-Sun)|Average|3.1|4
Bread Line Baker's|300|Bakery|Trivandrum|Vazhuthacaud|https://www.zomato.com/trivandrum/bread-line-bakers-vazhuthacaud/info|8|Bakery|10am to 930pm(Mon-Sun)|Not rated|-|-
Hotel Mooncity|350|South Indian|Trivandrum|Ulloor|https://www.zomato.com/trivandrum/hotel-mooncity-ulloor/info|8|Casual Dining|11am to 11pm(Mon-Sun)|Average|3.3|17
Eggs & Co|200|Beverages,Desserts|Trivandrum|Kovalam|https://www.zomato.com/trivandrum/eggs-co-kovalam/info|8|Beverage Shop|11am to 10pm(Mon-Sun)|Not rated|-|-
Palathraa|200|South Indian,Biryani|Trivandrum|Ambalamukku|https://www.zomato.com/trivandrum/palathraa-ambalamukku/info|8|Quick Bites|8am to 10pm(Mon-Sun)|Not rated|-|-
Hotel Sri Aiswariya|250|South Indian,North Indian,Kerala|Trivandrum|Sasthamangalam|https://www.zomato.com/trivandrum/hotel-sri-aiswariya-sasthamangalam/info|8|Casual Dining|7am to 10pm(Mon-Sun)|Average|3.0|7
Pappai Ice Creams|200|Ice Cream|Trivandrum|Kulathoor|https://www.zomato.com/trivandrum/pappai-ice-creams-kulathoor/info|8|Dessert Parlor|11am to 3pm(Mon-Sun)|Not rated|-|-
Hotel Anandhaas|250|South Indian|Trivandrum|Thycaud|https://www.zomato.com/trivandrum/hotel-anandhaas-thycaud/info|8|Quick Bites|7am to 10pm(Mon-Sun)|Not rated|-|-
Annapathi Pure Vegetarian Restaurant|200|Fast Food,South Indian|Trivandrum|Kannanthura|https://www.zomato.com/trivandrum/annapathi-pure-vegetarian-restaurant-kannanthura/info|8|Quick Bites|5am to 10pm(Mon-Sun)|Not rated|-|-
Tiffin 4 Me|200|South Indian|Trivandrum|Kulathoor|https://www.zomato.com/trivandrum/tiffin-4-me-kulathoor/info|8|Quick Bites|11am to 10pm(Mon-Sun)|Not rated|-|-
Kuppi|200|Beverages|Trivandrum|Ambalamukku|https://www.zomato.com/trivandrum/kuppi-ambalamukku/info|8|Beverage Shop|11am to 10pm(Mon-Sun)|Not rated|-|-
Noor Mahal|800|Kerala,Chinese|Trivandrum|Palayam|https://www.zomato.com/trivandrum/noor-mahal-palayam/info|8|Casual Dining|1130am to 1130pm(Mon-Sun)|Good|3.7|16
Hungrella|350|South Indian,Seafood,Chinese|Trivandrum|Kesavadasapuram|https://www.zomato.com/trivandrum/hungrella-kesavadasapuram/info|8|Quick Bites|12noon to 10pm(Mon-Sun)|Not rated|-|-
Sindhura Restaurant|300|South Indian,Kerala,North Indian|Trivandrum|Palayam|https://www.zomato.com/trivandrum/sindhura-restaurant-palayam/info|9|Quick Bites|7am to 10pm(Mon-Sun)|Not rated|-|-
Rasam|300|Kerala|Trivandrum|Sasthamangalam|https://www.zomato.com/trivandrum/rasam-sasthamangalam/info|9|Casual Dining|630am to 330pm,6pm to 930pm(Mon-Sun)|Average|3.3|4
Manna Cafeteria|200|Kerala|Trivandrum|Ambalamukku|https://www.zomato.com/trivandrum/manna-cafeteria-ambalamukku/info|9|Quick Bites|11am to 9pm(Mon-Sun)|Average|3.3|4
Baskin Robbins|300|Ice Cream,Desserts|Trivandrum|Kesavadasapuram|https://www.zomato.com/trivandrum/baskin-robbins-kesavadasapuram/info|9|Dessert Parlor|10am to 10pm(Mon-Sun)|Not rated|-|-
Memis Trading & Contracting|0|Biryani,Chinese,North Indian|Trivandrum|Thumba|https://www.zomato.com/trivandrum/memis-trading-contracting-thumba/info|9|none|11am to 230pm,4pm to 930pm(Mon-Sun)|Not rated|-|-
NB's Hi - Dine Restaurant|350|South Indian,Kerala|Trivandrum|Palayam|https://www.zomato.com/trivandrum/nbs-hi-dine-restaurant-palayam/info|9|Quick Bites|730am to 10pm(Mon-Sun)|Not rated|-|-
Marhaba Biryani Kada|300|South Indian,Biryani|Trivandrum|Maruthoorkadavu|https://www.zomato.com/trivandrum/marhaba-biryani-kada-maruthoorkadavu/info|9|Quick Bites|11am to 10pm(Mon-Sun)|Not rated|-|-
Chappathi Casa|100|North Indian|Trivandrum|Palayam|https://www.zomato.com/trivandrum/chappathi-casa-palayam/info|9|none|830am to 10pm(Mon-Sun)||NEW|NEW
A'La Special Biriyani|400|Biryani,South Indian|Trivandrum|Nandavanam|https://www.zomato.com/trivandrum/ala-special-biriyani-nandavanam/info|9|none|1130am to 4pm(Mon-Sun)|Not rated|-|-
LF Restaurant|500|South Indian,Kerala|Trivandrum|Palayam|https://www.zomato.com/trivandrum/lf-restaurant-palayam/info|9|Casual Dining|1130am to 4pm(Mon-Sun)|Not rated|-|-
Pepper Corn|250|South Indian,Chinese|Trivandrum|Thycaud|https://www.zomato.com/trivandrum/pepper-corn-thycaud/info|9|Quick Bites|11am to 4pm,530pm to 10pm(Mon-Sun)|Not rated|-|-
Al Mela Hotel|750|Kerala,Continental,Arabian|Trivandrum|Ulloor|https://www.zomato.com/trivandrum/al-mela-hotel-ulloor/info|9|Casual Dining|5am to 10pm(Mon-Sun)|Not rated|-|-
AL-MAS Dum Biriyani|150|Biryani,South Indian|Trivandrum|Kesavadasapuram|https://www.zomato.com/trivandrum/al-mas-dum-biriyani-kesavadasapuram/info|9|Quick Bites|11am to 4pm(Mon-Sun)||NEW|NEW
Chic Pop|200|Fast Food|Trivandrum|Ambalamukku|https://www.zomato.com/trivandrum/chic-pop-ambalamukku/info|9|Quick Bites|1pm to 10pm(Mon-Sun)||NEW|NEW
Palaharangal Bakery|200|Bakery|Trivandrum|Ulloor|https://www.zomato.com/trivandrum/palaharangal-bakery-ulloor/info|9|Bakery|1130am to 9pm(Mon-Sun)|Not rated|-|-
