NAME|PRICE|CUSINE_CATEGORY|CITY|REGION|URL|PAGE NO|CUSINE TYPE|TIMING|RATING_TYPE|RATING|VOTES
Capsicum|600|South Indian,Fast Food,Italian,Pizza,Chinese,Rolls,Indian|Varanasi|Lanka|https://www.zomato.com/varanasi/capsicum-2-lanka/info|1|Quick Bites|10am to 11pm(Mon-Sun)|Very Good|4.1|1179
Sha Chicken Hut|150|Lucknowi,Mughlai|Varanasi|Dashaswmedh Road|https://www.zomato.com/varanasi/sha-chicken-hut-dashaswmedh-road/info|1|Quick Bites|1pm to 1130pm(Mon-Sun)|Very Good|4.4|804
KFC|500|Burger,Fast Food|Varanasi|Sigra|https://www.zomato.com/varanasi/kfc-sigra/info|1|Quick Bites|11am to 11pm(Mon-Sun)|Excellent|4.5|466
Crood Square|400|North Indian,Continental,Italian,Chinese,Desserts|Varanasi|Lanka|https://www.zomato.com/varanasi/crood-square-lanka/info|1|Casual Dining|8am to 12midnight(Mon-Sun)|Very Good|4.3|250
Ming Garden|600|Beverages,Desserts,Pizza,Chinese|Varanasi|Lanka|https://www.zomato.com/varanasi/ming-garden-lanka/info|1|Casual Dining|1130am to 1030pm(Mon-Sun)|Very Good|4.3|738
Taste King|350|North Indian,Fast Food|Varanasi|Nadesar|https://www.zomato.com/varanasi/taste-king-nadesar/info|1|Casual Dining|24|Very Good|4.3|602
Domino's Pizza|700|Pizza,Fast Food|Varanasi|IP Mall-- Sigra|https://www.zomato.com/varanasi/dominos-pizza-chetganj/info|1|Quick Bites|11am to 11pm(Mon-Sun)|Good|3.8|724
The Yellow Chilli|900|North Indian,Mughlai|Varanasi|Mahmoorganj|https://www.zomato.com/varanasi/the-yellow-chilli-mahmoorganj/info|1|Casual Dining|12noon to 11pm(Mon-Sun)|Very Good|4.4|109
Sagar Ratna|500|South Indian|Varanasi|Lanka|https://www.zomato.com/varanasi/sagar-ratna-lanka/info|1|Casual Dining|9am to 11pm(Mon-Sun)|Good|3.9|214
Doodh Booth|500|Burger,Beverages,Fast Food,Cafe,Italian|Varanasi|Lanka|https://www.zomato.com/varanasi/doodh-booth-lanka/info|1|Quick Bites|9am to 11pm(Mon-Sun)|Very Good|4.0|428
Roma's Café Diner|800|Continental,Cafe,North Indian,Italian,Asian,Mediterranean,Mexican|Varanasi|Lanka|https://www.zomato.com/RomasCafeDiner/info|1|Casual Dining|11am to 1030pm(Mon-Thu),11am to 1045pm(Fri-Sun)|Excellent|4.6|876
Deena Chat Bhandar|150|Street Food|Varanasi|Godaulia|https://www.zomato.com/varanasi/deena-chat-bhandar-godaulia/info|1|Quick Bites|2pm to 1030pm(Mon-Sun)|Excellent|4.6|447
Cafe de Coop|500|Fast Food|Varanasi|Lanka|https://www.zomato.com/varanasi/cafe-de-coop-2-lanka/info|1|Quick Bites|11am to 11pm(Mon-Sun)|Very Good|4.2|140
Holy Chopsticks|600|Chinese,Thai,Momos|Varanasi|Nadesar|https://www.zomato.com/varanasi/holy-chopsticks-nadesar/info|1|Casual Dining|12noon to 11pm(Mon-Sun)|Excellent|4.5|445
Pizza Hut|700|Italian,Pizza|Varanasi|JHV Mall-- Nadesar|https://www.zomato.com/varanasi/pizza-hut-nadesar/info|1|Casual Dining|11am to 11pm(Mon-Sun)|Good|3.9|445
Green Leaf|400|North Indian,South Indian,Chinese|Varanasi|Sunderpur|https://www.zomato.com/varanasi/green-leaf-sunderpur/info|10|Casual Dining|11am to 11pm(Mon-Sun)|Good|3.8|97
Classic Cafe|500|Cafe,North Indian|Varanasi|Lanka|https://www.zomato.com/varanasi/classic-cafe-lanka/info|10|Café|10am to 9pm(Mon-Sun)|Average|3.3|35
Urban Masala|400|Chinese,North Indian|Varanasi|Sigra|https://www.zomato.com/varanasi/urban-masala-sigra/info|10|Quick Bites|11am to 8pm(Mon-Sun)|Good|3.5|26
The Keshari Restaurant|600|North Indian|Varanasi|Dashaswmedh Road|https://www.zomato.com/varanasi/the-keshari-restaurant-dashaswmedh-road/info|10|Casual Dining|11am to 11pm(Mon-Sun)|Poor|2.2|84
The Cake Cottage|100|Bakery|Varanasi|Mahmoorganj|https://www.zomato.com/varanasi/the-cake-cottage-1-mahmoorganj/info|10|Bakery|11am to 10pm(Mon-Sun)|Good|3.6|36
Mushkan Kalika Family Restaurant|300|Mughlai,North Indian|Varanasi|Lanka|https://www.zomato.com/varanasi/mushkan-kalika-family-restaurant-lanka/info|10|Quick Bites|11am to 12midnight(Mon-Sun)|Good|3.6|92
Pallavi Baati Chokha Restaurant|200|Fast Food|Varanasi|Sigra|https://www.zomato.com/varanasi/pallavi-baati-chokha-restaurant-sigra/info|10|Quick Bites|11am to 11pm(Mon-Sun)|Good|3.8|105
Cake Sagar|500|Bakery,Desserts|Varanasi|Chetganj|https://www.zomato.com/varanasi/cake-sagar-chetganj/info|10|Dessert Parlor|1130am to 10pm(Mon-Sun)|Average|3.3|39
Shivaz Restaurant|500|North Indian|Varanasi|Lanka|https://www.zomato.com/varanasi/shivaz-restaurant-1-lanka/info|10|Casual Dining|8am to 10pm(Mon-Sun)|Good|3.5|31
Appa Foods|250|North Indian|Varanasi|Lanka|https://www.zomato.com/varanasi/appa-foods-lanka/info|10|none|5pm to 10pm(Mon-Sun)|Average|3.3|31
SHREE BAKERS|150|Fast Food,Sandwich,Bakery|Varanasi|Lanka|https://www.zomato.com/varanasi/shree-bakers-lanka/info|10|Bakery|10am to 10pm(Mon-Sun)|Good|3.6|20
Cafe D-59|400|Cafe|Varanasi|Sigra|https://www.zomato.com/varanasi/cafe-d-59-sigra/info|10|Café|11am to 11pm(Mon-Sun)|Good|3.7|30
The Mint Leaf|500|South Indian,North Indian,Chinese,Rolls|Varanasi|Bhelupur|https://www.zomato.com/varanasi/the-mint-leaf-bhelupur/info|10|Casual Dining|10am to 11pm(Mon-Sun)|Good|3.9|99
Sandesh Sweet and Restaurant|350|North Indian,South Indian,Chinese,Mithai|Varanasi|Pandeypur|https://www.zomato.com/varanasi/sandesh-sweet-and-restaurant-pandeypur/info|10|Casual Dining|730am to 10pm(Mon-Sun)|Good|3.5|19
Sagar Veg & Nonveg Corner|300|Mughlai,North Indian|Varanasi|Lanka|https://www.zomato.com/varanasi/sagar-veg-nonveg-corner-lanka/info|10|Quick Bites|11am to 10pm(Mon-Sun)|Good|3.5|43
Keshari Chat Corner|300|Street Food,Fast Food|Varanasi|Dashaswmedh Road|https://www.zomato.com/varanasi/keshari-chat-corner-dashaswmedh-road/info|11|Quick Bites|11am to 10pm(Mon-Sun)|Good|3.5|16
Devanshee City Restaurant|400|North Indian,South Indian,Fast Food|Varanasi|Chetganj|https://www.zomato.com/varanasi/devanshee-city-restaurant-chetganj/info|11|Quick Bites|11am to 10pm(Mon-Sun)|Average|3.1|28
Varuna Village|600|North Indian,Rajasthani|Varanasi|Nadesar|https://www.zomato.com/varanasi/varuna-village-nadesar/info|11|Casual Dining|11am to 10pm(Mon-Sun)|Average|3.3|20
Bengal Roll Corner|150|Fast Food,Mughlai|Varanasi|Lanka|https://www.zomato.com/varanasi/bengal-roll-corner-lanka/info|11|Quick Bites|11am to 9pm(Mon-Sun)|Average|3.4|18
Farmaaish Restaurant|250|North Indian,Chinese,Fast Food|Varanasi|Nadesar|https://www.zomato.com/varanasi/farmaaish-restaurant-nadesar/info|11|Quick Bites|12noon to 10pm(Mon-Sun)|Average|3.4|13
The 99 Platter|350|Chinese,Pizza|Varanasi|Sigra|https://www.zomato.com/varanasi/the-99-platter-sigra/info|11|none|12noon to 9pm(Mon-Sun)|Average|3.4|10
Himcream Kulfi Parlour|100|Ice Cream,Desserts|Varanasi|Bhelupur|https://www.zomato.com/varanasi/himcream-kulfi-parlour-bhelupur/info|11|Dessert Parlor|11am to 11pm(Mon-Sun)|Very Good|4.2|65
Jazzman's Di Hatti|300|North Indian,Chinese|Varanasi|Chetganj|https://www.zomato.com/varanasi/jazzmans-di-hatti-chetganj/info|11|Quick Bites|1pm to 9pm(Mon-Sun)|Good|3.5|21
The Canadian Lounge|300|Cafe,Fast Food|Varanasi|Bhelupur|https://www.zomato.com/varanasi/the-canadian-lounge-bhelupur/info|11|Café|12noon to 10pm(Mon-Sun)|Average|3.2|26
Banaras Cafe & Mocktail Bar|400|North Indian,Chinese|Varanasi|Lanka|https://www.zomato.com/varanasi/banaras-cafe-mocktail-bar-lanka/info|11|Casual Dining|9am to 11pm(Mon-Sun)|Good|3.6|70
Royal Bakery|450|Bakery,Desserts|Varanasi|Chetganj|https://www.zomato.com/varanasi/royal-bakery-chetganj/info|11|Bakery|10am to 10pm(Mon-Sun)|Good|3.6|19
Amritsari Hut|250|Fast Food,North Indian|Varanasi|Mahmoorganj|https://www.zomato.com/varanasi/amritsari-hut-mahmoorganj/info|11|Quick Bites|12noon to 9pm(Mon-Sun)|Average|2.8|21
Pizzaria N Cafe|400|Beverages,Desserts,Italian,Pizza|Varanasi|Bhelupur|https://www.zomato.com/varanasi/pizzaria-n-cafe-bhelupur/info|11|Quick Bites|10am to 10pm(Mon-Sun)|Average|2.9|22
VCD Bakery|200|Bakery|Varanasi|Lanka|https://www.zomato.com/varanasi/vcd-bakery-lanka/info|11|Bakery|930am to 9pm(Mon-Sun)|Average|3.4|18
Cozy Corner Restaurant|500|North Indian,Chinese|Varanasi|Assi Ghat|https://www.zomato.com/varanasi/cozy-corner-restaurant-assi-ghat/info|11|Casual Dining|1130am to 9pm(Mon-Sun)|Average|3.3|20
King Lucknow Biryani Chicken Corner|200|Mughlai,Biryani|Varanasi|Bhelupur|https://www.zomato.com/varanasi/king-lucknow-biryani-chicken-corner-bhelupur/info|12|Casual Dining|2pm to 10pm(Mon-Sun)|Good|3.5|21
New Monga Restaurant|500|North Indian,Chinese|Varanasi|Dashaswmedh Road|https://www.zomato.com/varanasi/new-monga-restaurant-dashaswmedh-road/info|12|Quick Bites|10am to 10pm(Mon-Sun)|Average|3.2|18
Baker Street|0|Desserts,Fast Food|Varanasi|Sigra|https://www.zomato.com/varanasi/baker-street-sigra/info|12|Bakery|9am to 10pm(Mon-Fri),11am to 12midnight...|Good|3.5|19
Namaskar The Bakery King|100|Bakery,Fast Food|Varanasi|Pandeypur|https://www.zomato.com/varanasi/namaskar-the-bakery-king-pandeypur/info|12|Bakery|12noon to 930pm(Mon-Sun)|Average|3.4|16
Shri Bhola|250|North Indian,Rolls|Varanasi|Lanka|https://www.zomato.com/varanasi/shri-bhola-lanka/info|12|Quick Bites|12noon to 10pm(Mon-Sun)|Average|3.4|13
Food Junction Family Restaurant|300|North Indian,Chinese|Varanasi|Pandeypur|https://www.zomato.com/varanasi/food-junction-family-restaurant-pandeypur/info|12|Casual Dining|1pm to 10pm(Mon-Sun)|Good|3.5|17
China Town Fast Food Roll Corner|250|Fast Food,Chinese|Varanasi|Jaitpura|https://www.zomato.com/varanasi/china-town-fast-food-roll-corner-jaitpura/info|12|Quick Bites|6pm to 10pm(Mon-Sun)|Good|3.5|18
Ambrosia Restaurant|500|North Indian|Varanasi|Sunderpur|https://www.zomato.com/varanasi/ambrosia-restaurant-sunderpur/info|12|Casual Dining|10am to 1030pm(Mon-Sun)|Good|3.6|98
Daddy's Nest|300|North Indian,Biryani|Varanasi|Lanka|https://www.zomato.com/varanasi/daddys-nest-lanka/info|12|none|12noon to 10pm(Mon-Sun)|Average|3.2|8
Shri Narayan Mishthan Bhandar|300|Mithai|Varanasi|Durgakund|https://www.zomato.com/varanasi/shri-narayan-mishthan-bhandar-durgakund/info|12|Sweet Shop|10am to 10pm(Mon-Sun)||NEW|NEW
Food Book|600|North Indian,Chinese,Continental|Varanasi|Sarnath|https://www.zomato.com/varanasi/food-book-sarnath/info|12|Quick Bites|2pm to 10pm(Mon-Sun)|Average|3.2|8
Masala Twist|350|Indian,Chinese|Varanasi|Sigra|https://www.zomato.com/varanasi/masala-twist-sigra/info|12|Quick Bites|12noon to 11pm(Mon-Sun)|Good|3.6|121
Foodies|450|Mughlai|Varanasi|Nadesar|https://www.zomato.com/varanasi/foodies-nadesar/info|12|Casual Dining|12noon to 11pm(Mon,Tue,Wed,Fri,Sat,Sun)...|Good|3.7|93
Vishal Bakers|100|Bakery,Desserts|Varanasi|Sigra|https://www.zomato.com/varanasi/vishal-bakers-sigra/info|12|Bakery|10am to 10pm(Mon-Sun)|Average|2.9|15
FreshNic|400|Juices|Varanasi|Lanka|https://www.zomato.com/varanasi/freshnic-lanka/info|12|Beverage Shop|9am to 5pm(Mon-Sat),9am to 12noon(Sun)|Average|3.3|17
Blue Diamond Restaurant|400|North Indian,Chinese|Varanasi|Lanka|https://www.zomato.com/varanasi/blue-diamond-restaurant-lanka/info|13|Casual Dining|11am to 10pm(Mon-Sun)|Average|3.1|16
Blue Heaven Restaurant|600|North Indian,South Indian,Fast Food|Varanasi|Dashaswmedh Road|https://www.zomato.com/varanasi/blue-heaven-restaurant-dashaswmedh-road/info|13|Quick Bites|10am to 10pm(Mon-Sun)|Average|2.7|14
Mirchi Fast Food & Roll Corner|150|Chinese,Fast Food|Varanasi|Godaulia|https://www.zomato.com/varanasi/mirchi-fast-food-roll-corner-godaulia/info|13|Quick Bites|1pm to 10pm(Mon-Sun)|Average|3.2|7
Banaras Cafe & Restaurant|500|North Indian,South Indian,Continental,Chinese|Varanasi|Sarnath|https://www.zomato.com/varanasi/banaras-cafe-restaurant-sarnath/info|13|none|10am to 10pm(Mon-Sun)|Average|3.2|7
Aroma Bakers|100|Bakery,Desserts|Varanasi|Lanka|https://www.zomato.com/varanasi/aroma-bakers-lanka/info|13|Bakery|10am to 930pm(Mon-Sun)|Average|3.3|19
Chillax Fast Food Corner|150|Fast Food|Varanasi|Chetganj|https://www.zomato.com/varanasi/chillax-fast-food-corner-chetganj/info|13|Quick Bites|12noon to 930pm(Mon-Sun)|Average|3.3|10
Agrawal's Bakery|400|Bakery,Fast Food|Varanasi|Pandeypur|https://www.zomato.com/varanasi/agrawals-bakery-pandeypur/info|13|Bakery|11am to 9pm(Mon-Sun)|Average|3.1|4
Goli Vada Pav|200|Fast Food|Varanasi|Lanka|https://www.zomato.com/varanasi/goli-vada-pav-2-lanka/info|13|Quick Bites|10am to 10pm(Mon-Sun)|Average|3.3|19
Chicken D,lite|300|North Indian|Varanasi|Nadesar|https://www.zomato.com/varanasi/chicken-d-lite-nadesar/info|13|Quick Bites|2pm to 10pm(Mon-Sun)|Average|3.3|11
Fast Food Express|100|Fast Food|Varanasi|Durgakund|https://www.zomato.com/varanasi/fast-food-express-durgakund/info|13|Quick Bites|2pm to 10pm(Mon-Sun)|Average|3.4|7
Chai Peeni Hai|100|Street Food,Beverages|Varanasi|Sigra|https://www.zomato.com/varanasi/chai-peeni-hai-sigra/info|13|none|9am to 10pm(Mon-Sun)|Average|3.4|5
Blue Salt Restaurant|800|North Indian,Chinese|Varanasi|Sigra|https://www.zomato.com/varanasi/blue-salt-restaurant-sigra/info|13|Casual Dining|7am to 11pm(Mon-Sun)|Good|3.7|56
Anika Restaurant|250|North Indian,South Indian,Chinese|Varanasi|Sarnath|https://www.zomato.com/varanasi/anika-restaurant-sarnath/info|13|Quick Bites|1pm to 10pm(Mon-Sun)|Not rated|-|-
Mangi Ferra Cafe - Hotel Surya|800|Fast Food|Varanasi|Hotel Surya-- Nadersar|https://www.zomato.com/varanasi/mangi-ferra-cafe-hotel-surya-nadesar/info|13|Casual Dining|11am to 11pm(Mon-Sun)|Good|3.7|95
Natural Selection Fast Food & Cafe|700|Fast Food|Varanasi|Bhelupur|https://www.zomato.com/varanasi/natural-selection-fast-food-cafe-bhelupur/info|13|Quick Bites|7am to 10pm(Mon-Sun)|Average|3.2|7
Assi Cafe|200|Fast Food|Varanasi|Assi Ghat|https://www.zomato.com/varanasi/assi-cafe-assi-ghat/info|14|none|12noon to 10pm(Mon-Sun)|Average|3.2|5
Sharad Bahar|800|Mithai,South Indian|Varanasi|Dashaswmedh Road|https://www.zomato.com/varanasi/sharad-bahar-dashaswmedh-road/info|14|Sweet Shop|10am to 10pm(Mon-Sun)|Average|2.9|10
The King- Food Booth|300|Fast Food|Varanasi|Chetganj|https://www.zomato.com/varanasi/the-king-food-booth-chetganj/info|14|Quick Bites|(Mon-Sun)|Not rated|-|-
Shiva Restaurant|1000|Chinese,Italian,North Indian,South Indian|Varanasi|Assi Ghat|https://www.zomato.com/varanasi/shiva-restaurant-assi-ghat/info|14|Casual Dining|10am to 10pm(Mon-Sun)|Average|2.8|5
Easy Foods|500|Cafe|Varanasi|Bhelupur|https://www.zomato.com/varanasi/easy-foods-bhelupur/info|14|Café|11am to 10pm(Mon-Sun)|Average|3.1|5
Tasty Bati Chokha Restaurant|300|North Indian|Varanasi|Pandeypur|https://www.zomato.com/varanasi/tasty-bati-chokha-restaurant-pandeypur/info|14|none|11am to 10pm(Mon-Sun)|Average|3.2|4
Mangalm Fast Food & Restaurant|200|Chinese,North Indian|Varanasi|Dashaswmedh Road|https://www.zomato.com/varanasi/mangalm-fast-food-restaurant-dashaswmedh-road/info|14|Quick Bites|8am to 10pm(Mon-Sun)|Not rated|-|-
Spicy Baby Corn|200|North Indian|Varanasi|Lanka|https://www.zomato.com/varanasi/spicy-baby-corn-lanka/info|14|Quick Bites|10am to 10pm(Mon-Sun)|Average|3.1|7
Sapphire Restaurant|600|North Indian,Chinese|Varanasi|Nadesar|https://www.zomato.com/varanasi/sapphire-restaurant-nadesar/info|14|Casual Dining|10am to 10pm(Mon-Sun)|Average|3.0|7
Mahavir Bhojnalaya And Baati Chokha|200|North Indian,Mughlai|Varanasi|Nadesar|https://www.zomato.com/varanasi/mahavir-bhojnalaya-and-baati-chokha-nadesar/info|14|Quick Bites|12noon to 10pm(Mon-Sun)|Not rated|-|-
Swad bakers|200|Bakery|Varanasi|Durgakund|https://www.zomato.com/varanasi/swad-bakers-durgakund/info|14|Bakery|10am to 10pm(Mon-Sun)|Not rated|-|-
Silver Spoon Restaurant|600|North Indian,Chinese,Continental|Varanasi|Godaulia|https://www.zomato.com/varanasi/silver-spoon-restaurant-2-godaulia/info|14|Casual Dining|1130am to 10pm(Mon-Sun)|Average|3.0|6
Krispy And Krimy|250|Fast Food,Desserts|Varanasi|Mahmoorganj|https://www.zomato.com/varanasi/krispy-and-krimy-mahmoorganj/info|14|Quick Bites|10am to 10pm(Mon-Sun)|Average|2.8|8
Food Bindaas|150|North Indian,Fast Food,Chinese|Varanasi|Lanka|https://www.zomato.com/varanasi/food-bindaas-2-lanka/info|14|Quick Bites|11am to 10pm(Mon-Sun)||NEW|NEW
Shree Bakers|350|Bakery|Varanasi|Lanka|https://www.zomato.com/varanasi/shree-bakers-1-lanka/info|14|Bakery|11am to 9pm(Mon-Sun)|Average|2.9|6
Jaiswal Chinese Corner|400|Chinese|Varanasi|Sarnath|https://www.zomato.com/varanasi/jaiswal-chinese-corner-sarnath/info|15|Quick Bites|1pm to 10pm(Mon-Sun)|Not rated|-|-
Sri Annapurna Sweets|300|Mithai|Varanasi|Jaitpura|https://www.zomato.com/varanasi/sri-annapurna-sweets-jaitpura/info|15|Sweet Shop|9am to 9pm(Mon-Sun)|Average|3.2|8
New Amba Baker's|200|Bakery|Varanasi|Mahmoorganj|https://www.zomato.com/varanasi/new-amba-bakers-mahmoorganj/info|15|Bakery|12noon to 9pm(Mon-Sun)|Not rated|-|-
Sangam Bakers & Sweet|100|Bakery,Mithai|Varanasi|Chetganj|https://www.zomato.com/varanasi/sangam-bakers-sweet-chetganj/info|15|Bakery|12noon to 10pm(Mon-Sun)|Not rated|-|-
Shiva Restaurant|450|North Indian,Fast Food|Varanasi|Dashaswmedh Road|https://www.zomato.com/varanasi/shiva-restaurant-dashaswmedh-road/info|15|Casual Dining|8am to 10pm(Mon-Sun)|Average|3.1|5
Chestnuts|450|Cafe,Bakery,Desserts,Fast Food|Varanasi|Bhelupur|https://www.zomato.com/varanasi/chestnuts-2-bhelupur/info|15|Café|10am to 10pm(Mon-Sun)|Not rated|-|-
Mohalla Khane Ka|150|North Indian,South Indian,Chinese|Varanasi|Bhelupur|https://www.zomato.com/varanasi/mohalla-khane-ka-bhelupur/info|15|Quick Bites|10am to 10pm(Mon-Sun)||NEW|NEW
The spice world|250|North Indian,Chinese,Rolls|Varanasi|Lahartara|https://www.zomato.com/varanasi/the-spice-world-lahartara/info|15|Quick Bites|1pm to 10pm(Mon-Sun)|Average|3.1|5
Namaste Restaurant|100|Chinese,Rolls|Varanasi|Nadesar|https://www.zomato.com/varanasi/namaste-restaurant-nadesar/info|15|Quick Bites|1pm to 10pm(Mon-Sun)||NEW|NEW
Benaras Cafe|150|South Indian|Varanasi|Godaulia|https://www.zomato.com/varanasi/benaras-cafe-godaulia/info|15|Quick Bites|9am to 10pm(Mon-Sun)|Average|3.0|5
New Ayyar's Cafe|150|South Indian|Varanasi|Mahmoorganj|https://www.zomato.com/varanasi/new-ayyars-cafe-mahmoorganj/info|15|Quick Bites|12noon to 10pm(Mon-Sun)|Average|2.9|4
Pizzaa Xpress|600|Pizza|Varanasi|Durgakund|https://www.zomato.com/varanasi/pizzaa-xpress-durgakund/info|15|Quick Bites|||Opening|Opening
Vegan and Raw Restaurant & Pizzeria Nicoletta|600|Italian|Varanasi|Lanka|https://www.zomato.com/varanasi/vegan-and-raw-restaurant-pizzeria-nicoletta-lanka/info|15|Quick Bites|7am to 10pm(Mon-Sun)|Not rated|-|-
Himalaya Food Company|350|Fast Food,Beverages|Varanasi|Pandeypur|https://www.zomato.com/varanasi/himalaya-food-company-pandeypur/info|15|Quick Bites|10am to 10pm(Mon-Sun)||NEW|NEW
Cafe Cafe Varanasi|350|Fast Food|Varanasi|Assi Ghat|https://www.zomato.com/varanasi/cafe-cafe-varanasi-assi-ghat/info|15|Quick Bites|11am to 8pm(Mon-Sun)|Not rated|-|-
Sri Annapurna Restaurant|300|North Indian|Varanasi|Sigra|https://www.zomato.com/varanasi/sri-annapurna-restaurant-sigra/info|16|Quick Bites|9am to 9pm(Mon-Sun)|Average|3.0|4
Baker's Villa|0|Bakery|Varanasi|Pandeypur|https://www.zomato.com/varanasi/bakers-villa-pandeypur/info|16|Bakery|1030am to 10pm(Mon-Sun)|Not rated|-|-
Angeethee Restaurant|500|North Indian,South Indian,Chinese,Fast Food|Varanasi|Sunderpur|https://www.zomato.com/varanasi/angeethee-restaurant-sunderpur/info|16|Casual Dining|1030am to 1030pm(Mon-Sun)|Average|3.4|100
Madaari cafe|400|North Indian,Chinese,Italian,Coffee,Fast Food,Ice Cream|Varanasi|Pandeypur|https://www.zomato.com/varanasi/madaari-cafe-pandeypur/info|16|Quick Bites|11am to 10pm(Mon-Sun)|Not rated|-|-
Just Chill|450|Street Food,North Indian|Varanasi|Sigra|https://www.zomato.com/varanasi/just-chill-sigra/info|16|Quick Bites|10am to 9pm(Mon-Sun)|Not rated|-|-
Patiala Peg|800|North Indian|Varanasi|Nadesar|https://www.zomato.com/varanasi/patiala-peg-nadesar/info|16|Casual Dining|11am to 10pm(Mon-Sun)|Not rated|-|-
The Cakewala Shop|350|Bakery,Desserts,Fast Food|Varanasi|Ramnagar|https://www.zomato.com/varanasi/the-cakewala-shop-ramnagar/info|16|Bakery|9am to 9pm(Mon-Sun)|Not rated|-|-
Tasty Biryani|200|Biryani|Varanasi|Bhelupur|https://www.zomato.com/varanasi/tasty-biryani-bhelupur/info|16|none|10am to 9pm(Mon-Sun)||NEW|NEW
Ghar Ki Rasoi|200|North Indian,Chinese|Varanasi|Shastri Nagar|https://www.zomato.com/varanasi/ghar-ki-rasoi-shastri-nagar/info|16|none|12noon to 10pm(Mon-Sun)||NEW|NEW
Cake Variation|150|Bakery|Varanasi|Chetganj|https://www.zomato.com/varanasi/cake-variation-chetganj/info|16|Bakery|1pm to 9pm(Mon-Sun)||NEW|NEW
Tea Room Café|400|Tea,Fast Food|Varanasi|Nadesar|https://www.zomato.com/varanasi/tea-room-café-nadesar/info|16|Beverage Shop|11am to 10pm(Mon-Sun)|Not rated|-|-
Baboo Cafe & Diner|350|North Indian,Chinese,Fast Food|Varanasi|Lanka|https://www.zomato.com/varanasi/baboo-cafe-diner-lanka/info|16|Quick Bites|9am to 10pm(Mon-Sun)|Not rated|-|-
Sizzling Spice|300|Chinese,North Indian|Varanasi|Mahmoorganj|https://www.zomato.com/varanasi/sizzling-spice-mahmoorganj/info|16|Quick Bites|10am to 10pm(Mon-Sun)||NEW|NEW
Milky Way|500|Bakery|Varanasi|Lanka|https://www.zomato.com/varanasi/milky-way-lanka/info|16|Bakery|10am to 10pm(Mon-Sun)|Not rated|-|-
Di Great Dhaba|300|North Indian,South Indian,Chinese|Varanasi|Sigra|https://www.zomato.com/varanasi/di-great-dhaba-sigra/info|16|Quick Bites|12noon to 10pm(Mon-Sun)||NEW|NEW
Flavour|350|South Indian,North Indian,Chinese,Continental|Varanasi|Mahmoorganj|https://www.zomato.com/varanasi/flavour-mahmoorganj/info|17|Casual Dining|730am to 1030am,12noon to 330pm,5pm to 10pm...|Not rated|-|-
Oasis Food Plaza|200|Chinese,North Indian,South Indian|Varanasi|Godaulia|https://www.zomato.com/varanasi/oasis-food-plaza-godaulia/info|17|Quick Bites|12noon to 930pm(Mon-Sun)|Not rated|-|-
Food Junction Family Restaurant|300|North Indian,Chinese|Varanasi|Chetganj|https://www.zomato.com/varanasi/food-junction-family-restaurant-chetganj/info|17|Quick Bites|1pm to 10pm(Mon-Sun)|Not rated|-|-
Baba Cafe|300|North Indian,Chinese|Varanasi|Mahmoorganj|https://www.zomato.com/varanasi/baba-cafe-mahmoorganj/info|17|Quick Bites|11am to 10pm(Mon-Sun)||NEW|NEW
Laxmi Foods|400|North Indian|Varanasi|Chetganj|https://www.zomato.com/varanasi/laxmi-foods-chetganj/info|17|Quick Bites|10am to 10pm(Mon-Sun)||NEW|NEW
Krishna Multy Foods|150|North Indian|Varanasi|Mahmoorganj|https://www.zomato.com/varanasi/krishna-multy-foods-mahmoorganj/info|17|none|830am to 8pm(Mon-Sun)|Not rated|-|-
Gangez Tiffins|0|North Indian,Rajasthani|Varanasi|Nadesar|https://www.zomato.com/varanasi/gangez-tiffins-nadesar/info|17|none|8am to 8pm(Mon-Sun)|Not rated|-|-
Royal Biryani|250|North Indian,Biryani|Varanasi|Dashaswmedh Road|https://www.zomato.com/varanasi/royal-biryani-dashaswmedh-road/info|17|Quick Bites|5pm to 10pm(Mon-Sun)||NEW|NEW
Apna Fast Food corner|100|Fast Food,Chinese|Varanasi|Bhelupur|https://www.zomato.com/varanasi/apna-fast-food-corner-bhelupur/info|17|Quick Bites|12noon to 11pm(Mon-Sun)|Good|3.7|57
Cresent Villa|500|North Indian,Chinese,Italian|Varanasi|Bhelupur|https://www.zomato.com/varanasi/cresent-villa-bhelupur/info|17|Casual Dining|1130am to 1130pm(Mon-Sun)|Good|3.8|81
Shri Annapurna Restaurant And Bakers|250|North Indian,Chinese,Rolls|Varanasi|Pandeypur|https://www.zomato.com/varanasi/shri-annapurna-restaurant-and-bakers-pandeypur/info|17|Casual Dining|12noon to 1030pm(Mon-Sun)|Good|3.7|68
Kappooriya's Cafe|400|Fast Food,North Indian,Chinese|Varanasi|Chetganj|https://www.zomato.com/varanasi/kappooriyas-cafe-chetganj/info|17|Quick Bites|11am to 11pm(Mon-Sun)|Average|3.4|39
Keventers|400|Desserts,Beverages,Ice Cream|Varanasi|Bhelupur|https://www.zomato.com/varanasi/keventers-1-bhelupur/info|17|Beverage Shop|11am to 11pm(Mon-Sun)|Good|3.9|65
Banarasi Zaika|500|Chinese,North Indian|Varanasi|Nadesar|https://www.zomato.com/varanasi/banarasi-zaika-nadesar/info|17|Quick Bites|11am to 11pm(Mon-Sun)|Good|3.8|63
Crystal Food Mania|400|Chinese,North Indian,Fast Food|Varanasi|Sunderpur|https://www.zomato.com/varanasi/crystal-food-mania-sunderpur/info|17|Quick Bites|11am to 12midnight(Mon-Sun)|Good|3.5|89
The Chowdhary's Chicken|300|North Indian|Varanasi|Bhelupur|https://www.zomato.com/varanasi/the-chowdharys-chicken-bhelupur/info|18|Casual Dining|1pm to 1155pm(Mon-Sun)|Good|3.7|53
Hotel Milap|200|North Indian,Chinese|Varanasi|Godaulia|https://www.zomato.com/varanasi/hotel-milap-godaulia/info|18|Casual Dining|10am to 11pm(Mon-Sun)|Average|3.1|22
Bread of Life Bakery|600|Bakery,Fast Food|Varanasi|Shivala|https://www.zomato.com/varanasi/bread-of-life-bakery-shivala/info|18|Casual Dining|10am to 11pm(Mon-Sun)|Average|2.7|74
Tasty Buds Restaurant|700|North Indian,Chinese,Mughlai|Varanasi|Bhelupur|https://www.zomato.com/varanasi/tasty-buds-restaurant-bhelupur/info|18|Casual Dining|11am to 11pm(Mon-Sun)|Good|3.6|68
Sajjan Goth|700|South Indian,Chinese,Continental|Varanasi|Mahmoorganj|https://www.zomato.com/varanasi/sajjan-goth-mahmoorganj/info|18|Casual Dining|12noon to 11pm(Mon-Sun)|Good|3.9|62
Banaras Cafe & Family Restaurant|500|North Indian,South Indian,Continental,Chinese|Varanasi|Sunderpur|https://www.zomato.com/varanasi/banaras-cafe-family-restaurant-sunderpur/info|18|Casual Dining|10am to 1145pm(Mon-Sun)|Average|3.3|73
Vaishno Punjabi Dhaba|300|North Indian|Varanasi|Sigra|https://www.zomato.com/varanasi/vaishno-punjabi-dhaba-sigra/info|18|Quick Bites|7am to 12midnight(Mon-Sun)|Good|3.7|53
Rajasthani Rasoi|350|Rajasthani|Varanasi|Mahmoorganj|https://www.zomato.com/varanasi/rajasthani-rasoi-mahmoorganj/info|18|Casual Dining|11am to 4pm,730pm to 1045pm(Mon-Sun)|Good|3.6|57
Al-Baik World|300|Fast Food|Varanasi|Bhelupur|https://www.zomato.com/varanasi/al-baik-world-bhelupur/info|18|Quick Bites|10am to 11pm(Mon-Sun)|Good|3.6|79
Sunrise Food And Shoppe|300|North Indian,Chinese|Varanasi|Nadesar|https://www.zomato.com/varanasi/sunrise-food-and-shoppe-2-nadesar/info|18|Quick Bites|10am to 1030pm(Mon-Sun)|Good|3.7|66
Hotel Dolphin International|500|North Indian,Chinese|Varanasi|Bhelupur|https://www.zomato.com/varanasi/hotel-dolphin-international-bhelupur/info|18|Quick Bites|11am to 11pm(Mon-Sun)|Good|3.5|51
Chestnuts|150|Bakery,Desserts|Varanasi|Sigra|https://www.zomato.com/varanasi/chestnuts-1-sigra/info|18|Bakery|8am to 1030pm(Mon-Sun)|Good|3.8|77
Sanzha Chulha Family Restaurant|300|North Indian,South Indian,Chinese|Varanasi|Nadesar|https://www.zomato.com/varanasi/sanzha-chulha-family-restaurant-nadesar/info|18|Casual Dining|11am to 11pm(Mon-Sun)|Good|3.6|41
Matka Matan Corner|300|North Indian,Mughlai|Varanasi|Chetganj|https://www.zomato.com/varanasi/matka-matan-corner-chetganj/info|18|Quick Bites|2pm to 1030pm(Mon-Sun)|Good|3.6|51
Manbhavan Fast Food Corner|300|Chinese,Fast Food|Varanasi|Lanka|https://www.zomato.com/varanasi/manbhavan-fast-food-corner-lanka/info|18|Quick Bites|3pm to 1130pm(Mon-Wed),3pm to 1135pm(Thu-Sun)|Good|3.6|61
The Roasters|500|Kebab,North Indian|Varanasi|Sunderpur|https://www.zomato.com/varanasi/the-roasters-sunderpur/info|19|Quick Bites|12noon to 11pm(Mon-Sun)|Average|3.2|62
Pizza King|400|Fast Food,Pizza|Varanasi|Sigra|https://www.zomato.com/varanasi/pizza-king-sigra/info|19|Quick Bites|11am to 11pm(Mon-Sun)|Average|2.8|60
Hindustan Family Restaurant|800|Chinese,North Indian|Varanasi|Lanka|https://www.zomato.com/varanasi/hindustan-family-restaurant-lanka/info|19|Quick Bites|11am to 11pm(Mon-Sun)|Good|3.6|58
Adda|600|North Indian,Chinese,Continental|Varanasi|Vinayak Plaza-- Chetganj|https://www.zomato.com/varanasi/adda-chetganj/info|19|Casual Dining|1pm to 1045pm(Mon-Sun)|Average|3.4|53
Karagar Cafe & Lounge|700|Italian,Continental|Varanasi|Bhelupur|https://www.zomato.com/varanasi/karagar-cafe-lounge-bhelupur/info|19|Lounge|12noon to 11pm(Mon-Sun)|Average|2.8|34
Baati Chokha|450|North Indian|Varanasi|Lanka|https://www.zomato.com/varanasi/baati-chokha-lanka/info|19|Casual Dining|11am to 1030pm(Mon-Sun)|Very Good|4.2|29
Lotus - The Multi Cuisine Restaurant|600|North Indian,Chinese|Varanasi|Sunderpur|https://www.zomato.com/varanasi/lotus-the-multi-cuisine-restaurant-sunderpur/info|19|Quick Bites|730am to 11pm(Mon-Sun)|Good|3.8|17
Urban Flavors Restaurant|550|Chinese,Italian,South Indian,Continental|Varanasi|Chetganj|https://www.zomato.com/varanasi/urban-flavors-restaurant-chetganj/info|19|Casual Dining|12noon to 11pm(Mon-Sun)|Good|3.7|43
Hotel The Westinn|500|North Indian,Chinese,Continental|Varanasi|Nadesar|https://www.zomato.com/varanasi/hotel-the-westinn-1-nadesar/info|19|Casual Dining|11am to 11pm(Mon-Sun)|Good|3.6|17
Hungry Heros|300|Fast Food|Varanasi|Sigra|https://www.zomato.com/varanasi/hungry-heros-sigra/info|19|Quick Bites|11am to 11pm(Mon-Sun)|Good|3.5|33
Angeethe Restaurant|1400|North Indian|Varanasi|Assi Ghat|https://www.zomato.com/varanasi/angeethe-restaurant-assi-ghat/info|19|Casual Dining|1030am to 11pm(Mon-Sun)|Good|3.6|51
Liberty Food Zone|250|Street Food|Varanasi|Chetganj|https://www.zomato.com/varanasi/liberty-food-zone-chetganj/info|19|Quick Bites|2pm to 11pm(Mon-Sun)|Good|3.6|39
Yomo|200|Chinese,Fast Food|Varanasi|Nadesar|https://www.zomato.com/varanasi/yomo-nadesar/info|19|Quick Bites|10am to 1030pm(Mon-Sun)|Average|3.4|33
009 Restaurant|500|Fast Food,North Indian,Chinese|Varanasi|Sunderpur|https://www.zomato.com/varanasi/009-restaurant-sunderpur/info|19|Quick Bites|11am to 11pm(Mon-Sun)|Good|3.6|43
Cup O' Joe Cafe|400|Fast Food,North Indian,Chinese|Varanasi|Lanka|https://www.zomato.com/varanasi/cup-o-joe-cafe-lanka/info|19|Quick Bites|9am to 11pm(Mon-Sun)|Average|2.7|43
Pahalwan Lassi|100|Beverages,Desserts|Varanasi|Lanka|https://www.zomato.com/varanasi/pahalwan-lassi-lanka/info|2|Beverage Shop|7am to 11pm(Mon-Sun)|Very Good|4.3|199
Ming Garden Bakery|400|Cafe,Bakery,Italian|Varanasi|Lanka|https://www.zomato.com/varanasi/ming-garden-bakery-lanka/info|2|Café|1130am to 1030pm(Mon-Sun)|Very Good|4.1|144
Tandoor Villa|600|North Indian,Mughlai|Varanasi|Nadesar|https://www.zomato.com/varanasi/tandoor-villa-nadesar/info|2|Casual Dining|12noon to 11pm(Mon-Sun)|Very Good|4.2|434
Wife On Leave Restaurant|700|Continental,North Indian,Chinese|Varanasi|Sigra|https://www.zomato.com/varanasi/wife-on-leave-restaurant-sigra/info|2|Casual Dining|1130am to 1030pm(Mon-Sun)|Very Good|4.2|361
London Live Restaurant|800|North Indian,Mughlai,Continental,Chinese|Varanasi|Chetganj|https://www.zomato.com/varanasi/london-live-restaurant-chetganj/info|2|Casual Dining|12noon to 11pm(Mon-Sun)|Very Good|4.3|108
VNS Live Studio|700|Chinese,North Indian|Varanasi|Sigra|https://www.zomato.com/varanasi/vns-live-studio-sigra/info|2|Quick Bites|24|Very Good|4.0|299
Aman E Khas|650|Chinese,North Indian,Mughlai|Varanasi|Bhelupur|https://www.zomato.com/varanasi/aman-e-khas-bhelupur/info|2|Casual Dining|11am to 11pm(Mon-Sun)|Good|3.9|283
Bhole Chature|300|Fast Food|Varanasi|Nadesar|https://www.zomato.com/varanasi/bhole-chature-nadesar/info|2|Quick Bites|11am to 11pm(Mon-Sun)|Very Good|4.0|312
Bistro B2|500|Continental,North Indian,Chinese,Mughlai|Varanasi|Chetganj|https://www.zomato.com/varanasi/bistro-b2-chetganj/info|2|Casual Dining|11am to 11pm(Mon-Sun)|Very Good|4.1|140
The 3rd Floor Bar Stock Exchange|1400|Chinese,Italian,Thai,Momos|Varanasi|Sigra|https://www.zomato.com/the3rdfloorbse/info|2|Bar|12noon to 1am(Mon-Sun)|Very Good|4.3|243
The Chocolate Heaven|700|Cafe,Fast Food,Desserts|Varanasi|Bhelupur|https://www.zomato.com/varanasi/the-chocolate-heaven-1-bhelupur/info|2|Café|11am to 1030pm(Mon-Sun)|Very Good|4.3|153
Tanish Dining and Cafe|700|Biryani,Desserts,North Indian,Chinese|Varanasi|Lanka|https://www.zomato.com/varanasi/tanish-dining-and-cafe-lanka/info|2|Casual Dining|830am to 11pm(Mon-Sun)|Very Good|4.3|76
Chrystal Bowl Restaurant|1100|North Indian,Italian|Varanasi|Lanka|https://www.zomato.com/varanasi/chrystal-bowl-restaurant-lanka/info|2|Casual Dining|1130am to 1030pm(Mon-Sun)|Very Good|4.0|284
Al-Baike|400|North Indian,Kebab|Varanasi|Nadesar|https://www.zomato.com/varanasi/al-baike-nadesar/info|2|Quick Bites|11am to 11pm(Mon-Sun)|Very Good|4.2|248
Singh's Delight Restaurant|700|North Indian,Chinese,Mughlai|Varanasi|Lanka|https://www.zomato.com/varanasi/singhs-delight-restaurant-lanka/info|2|Casual Dining|11am to 11pm(Mon-Sun)|Very Good|4.1|365
KnockOut|600|North Indian,Continental|Varanasi|Vinayak Plaza-- Chetganj|https://www.zomato.com/varanasi/knockout-3-chetganj/info|20|Quick Bites|10am to 11pm(Mon-Sun)|Good|3.9|37
Food Factory Restaurant|500|North Indian,Chinese,Fast Food|Varanasi|Durgakund|https://www.zomato.com/varanasi/food-factory-restaurant-durgakund/info|20|Quick Bites|11am to 11pm(Mon-Sun)|Good|3.5|41
Lollyss Express|300|Fast Food,Pizza|Varanasi|Lanka|https://www.zomato.com/varanasi/lollyss-express-lanka/info|20|Quick Bites|11am to 11pm(Mon-Sun)|Average|3.0|44
The Kathi King|300|Rolls,North Indian|Varanasi|Nadesar|https://www.zomato.com/varanasi/the-kathi-king-nadesar/info|20|Quick Bites|11am to 11pm(Mon-Sun)|Good|3.6|36
Everest Food Court|300|North Indian|Varanasi|Chetganj|https://www.zomato.com/varanasi/everest-food-court-chetganj/info|20|Quick Bites|11am to 11pm(Mon-Sun)|Good|3.8|50
The Chocolate Room|700|Cafe|Varanasi|Bhelupur|https://www.zomato.com/varanasi/the-chocolate-room-bhelupur/info|20|Café|11am to 11pm(Mon-Sun)|Good|3.7|40
VNS Grills & Curries|600|Mughlai,Fast Food|Varanasi|Sigra|https://www.zomato.com/varanasi/vns-grills-curries-sigra/info|20|Quick Bites|1pm to 11pm(Mon-Sun)|Good|3.7|60
Moods On Fire|400|Chinese,North Indian|Varanasi|Bhelupur|https://www.zomato.com/varanasi/moods-on-fire-bhelupur/info|20|Quick Bites|1215pm to 12midnight(Mon-Sun)|Good|3.5|35
Yelchiko Cafe & Diner|1000|Cafe|Varanasi|Nadesar|https://www.zomato.com/varanasi/yelchiko-cafe-diner-nadesar/info|20|Café|9am to 11pm(Mon-Sun)|Average|3.3|49
Spicy Daawat|600|North Indian,Chinese,South Indian|Varanasi|Mahmoorganj|https://www.zomato.com/varanasi/spicy-daawat-mahmoorganj/info|20|Casual Dining|9am to 1030pm(Mon-Fri),9am to 12midnight(Sat-Sun)|Good|3.9|53
Anjali Milkshake & Mocktail Center|400|Beverages,Pizza|Varanasi|Lanka|https://www.zomato.com/varanasi/anjali-milkshake-mocktail-center-lanka/info|20|Quick Bites|8am to 11pm(Mon-Sun)||NEW|NEW
Gloria Family Restaurant|350|South Indian|Varanasi|Sunderpur|https://www.zomato.com/varanasi/gloria-family-restaurant-sunderpur/info|20|Quick Bites|9am to 1030pm(Mon-Sun)|Good|3.6|50
Zeenat Restaurant|700|North Indian,Mughlai|Varanasi|Chetganj|https://www.zomato.com/varanasi/zeenat-restaurant-chetganj/info|20|Casual Dining|1pm to 11pm(Mon-Sun)|Good|3.5|57
Green Gardens|500|North Indian,Chinese,Continental|Varanasi|Assi Ghat|https://www.zomato.com/varanasi/green-garden-assi-ghat/info|20|Casual Dining|7am to 1030pm(Mon-Sun)|Average|2.5|28
Mandarin Restaurant|500|Chinese,North Indian|Varanasi|Sigra|https://www.zomato.com/varanasi/mandarin-restaurant-sigra/info|20|Casual Dining|1130am to 1045pm(Mon-Sun)|Good|3.6|42
Rasoi|1100|Chinese,North Indian,Mughlai,Continental|Varanasi|Nadesar|https://www.zomato.com/varanasi/rasoi-nadesar/info|21|Casual Dining|12noon to 3pm,7pm to 11pm(Mon-Sun)|Good|3.6|36
Nawabi Zaiqua|400|Mughlai,North Indian|Varanasi|Pandeypur|https://www.zomato.com/varanasi/nawabi-zaiqua-pandeypur/info|21|Quick Bites|10am to 1030pm(Mon-Sun)|Good|3.7|28
Swad Restaurant|500|Desserts,Beverages,Chinese,North Indian|Varanasi|Nadesar|https://www.zomato.com/varanasi/swad-restaurant-nadesar/info|21|Quick Bites|11am to 1030pm(Mon-Sun)||NEW|NEW
Ginger Fast Food Restaurant|150|North Indian,Chinese|Varanasi|Durgakund|https://www.zomato.com/varanasi/ginger-fast-food-restaurant-durgakund/info|21|Quick Bites|11am to 11pm(Mon-Sun)||NEW|NEW
Springtimes|650|North Indian,South Indian,Chinese,Continental|Varanasi|Sigra|https://www.zomato.com/varanasi/springtimes-sigra/info|21|Quick Bites|1030am to 1030pm(Mon-Sun)|Good|3.6|43
Benaras Burger Corner|200|North Indian,Chinese|Varanasi|Lanka|https://www.zomato.com/varanasi/benaras-burger-corner-lanka/info|21|Quick Bites|8am to 1130pm(Mon-Sun)|Average|3.1|49
Red Chilli Restaurant|600|North Indian,South Indian,Chinese|Varanasi|Lanka|https://www.zomato.com/varanasi/red-chilli-restaurant-1-lanka/info|21|Casual Dining|10am to 1030pm(Mon-Sun)|Good|3.5|39
The Back Benchers|500|North Indian|Varanasi|Lanka|https://www.zomato.com/varanasi/the-back-benchers-1-lanka/info|21|Quick Bites|11am to 11pm(Mon-Sun)|Average|3.2|14
Cake Parlour|350|Bakery,Italian|Varanasi|Sigra|https://www.zomato.com/varanasi/cake-parlour-sigra/info|21|Bakery|1030am to 1030pm(Mon-Sun)|Average|3.4|32
Tamra Restaurant|1000|Chinese|Varanasi|Bhelupur|https://www.zomato.com/varanasi/tamra-restaurant-1-bhelupur/info|21|Casual Dining|11am to 11pm(Mon-Sun)|Average|3.3|39
The Blue Shef|400|North Indian|Varanasi|Lanka|https://www.zomato.com/varanasi/the-blue-shef-lanka/info|21|Quick Bites|11am to 11pm(Mon-Sun)|Average|3.4|54
Barista|500|Cafe|Varanasi|Bhelupur|https://www.zomato.com/varanasi/barista-bhelupur/info|21|Café|9am to 11pm(Mon-Sun)|Good|3.6|28
Mr. Dosa & Mrs. Chutney|150|South Indian|Varanasi|Bhelupur|https://www.zomato.com/varanasi/mr-dosa-mrs-chutney-bhelupur/info|21|Quick Bites|5pm to 11pm(Mon-Sun)|Average|3.1|22
Street Food|400|Chinese,North Indian,Continental,South Indian|Varanasi|Mahmoorganj|https://www.zomato.com/varanasi/street-food-mahmoorganj/info|21|Quick Bites|8am to 1030pm(Mon-Sun)|Good|3.6|24
Daawat Family Restaurant|300|North Indian,Chinese,South Indian,Mughlai|Varanasi|Pandeypur|https://www.zomato.com/varanasi/daawat-family-restaurant-pandeypur/info|21|Quick Bites|10am to 1030pm(Mon-Sun)|Average|3.2|26
The Second Wife|400|North Indian,South Indian,Chinese|Varanasi|Bhelupur|https://www.zomato.com/varanasi/the-second-wife-bhelupur/info|22|Quick Bites|11am to 11pm(Mon-Sat),Closed(Sun)|Average|3.3|40
New Brunner Restaurant|500|Beverages,Fast Food,Sandwich,Italian,North Indian,Chinese,Mughlai|Varanasi|Lanka|https://www.zomato.com/varanasi/new-brunner-restaurant-2-lanka/info|22|Casual Dining|10am to 11pm(Mon,Tue,Wed,Fri,Sat),11am to ...|Average|3.3|26
Chilli Tadka Restaurant|300|North Indian,Chinese|Varanasi|Nadesar|https://www.zomato.com/varanasi/chilli-tadka-restaurant-nadesar/info|22|Quick Bites|8am to 12midnight(Mon-Sun)|Average|3.4|16
Just Celebrate|250|Italian,North Indian,Chinese|Varanasi|Sunderpur|https://www.zomato.com/varanasi/just-celebrate-3-sunderpur/info|22|Quick Bites|1030am to 1030pm(Mon-Sun)|Average|3.0|37
Casamila Restro & Banquet|800|North Indian,Chinese,Continental|Varanasi|Pandeypur|https://www.zomato.com/varanasi/casamila-restro-banquet-pandeypur/info|22|Casual Dining|12noon to 11pm(Mon-Sun)|Good|3.5|19
Baskin Robbins|300|Ice Cream|Varanasi|Bhelupur|https://www.zomato.com/varanasi/baskin-robbins-bhelupur/info|22|Dessert Parlor|11am to 1130pm(Mon-Sun)|Good|3.9|25
Rajesh Sweet & Restaurant|300|Chinese,Mithai,North Indian|Varanasi|Chetganj|https://www.zomato.com/varanasi/rajesh-sweet-restaurant-chetganj/info|22|Quick Bites|11am to 1030pm(Mon-Sun)|Average|3.2|37
Rajat's Roof 80|450|North Indian,Italian|Varanasi|Assi Ghat|https://www.zomato.com/varanasi/rajats-roof-80-assi-ghat/info|22|Quick Bites|1030am to 1030pm(Mon-Sun)|Poor|2.3|36
Madhur Milan Cafe|550|Fast Food,South Indian|Varanasi|Dashaswmedh Road|https://www.zomato.com/varanasi/madhur-milan-cafe-dashaswmedh-road/info|22|Casual Dining|6am to 1030pm(Mon-Sun)|Average|2.6|26
The Hot Kitchen|450|North Indian,Chinese|Varanasi|Godaulia|https://www.zomato.com/varanasi/the-hot-kitchen-2-godaulia/info|22|Quick Bites|1130am to 11pm(Mon-Sun)|Average|3.3|24
Meraki|400|North Indian,Chinese,Italian|Varanasi|Assi Ghat|https://www.zomato.com/varanasi/meraki-assi-ghat/info|22|Quick Bites|11am to 1030pm(Mon-Sun)|Good|3.6|25
Foodholic Banaras|300|North Indian|Varanasi|Durgakund|https://www.zomato.com/varanasi/foodholic-banaras-durgakund/info|22|Casual Dining|11am to 11pm(Mon-Sun)|Good|3.6|27
Rooster Flavours|200|Fast Food|Varanasi|Durgakund|https://www.zomato.com/varanasi/rooster-flavours-durgakund/info|22|Quick Bites|11am to 11pm(Mon-Sun)|Average|2.9|19
Chestnuts|500|Bakery|Varanasi|Bhelupur|https://www.zomato.com/varanasi/chestnuts-1-bhelupur/info|22|Bakery|11am to 11pm(Mon-Sun)|Good|3.7|26
Red Wings|250|Street Food,Fast Food|Varanasi|Durgakund|https://www.zomato.com/varanasi/red-wings-durgakund/info|22|Quick Bites|12noon to 3pm,6pm to 11pm(Mon-Sun)|Good|3.6|35
Chicago Pizza|400|Pizza|Varanasi|Chetganj|https://www.zomato.com/varanasi/chicago-pizza-chetganj/info|23|Quick Bites|11am to 11pm(Mon-Sun)|Good|3.5|16
Hotel Kalika|400|North Indian|Varanasi|Mahmoorganj|https://www.zomato.com/varanasi/hotel-kalika-mahmoorganj/info|23|Quick Bites|12noon to 11pm(Mon-Sun)|Average|3.4|37
Keshari Food Plaza|1000|Burger,Chinese,North Indian,Pizza,South Indian|Varanasi|Lanka|https://www.zomato.com/varanasi/keshari-food-plaza-lanka/info|23|Casual Dining|730am to 1030pm(Mon-Sun)|Average|3.0|44
Spicy Snack Corner|200|Fast Food|Varanasi|Assi Ghat|https://www.zomato.com/varanasi/spicy-snack-corner-assi-ghat/info|23|none|11am to 11pm(Mon-Sun)|Good|3.7|16
Hangover|600|North Indian,Chinese|Varanasi|Chetganj|https://www.zomato.com/varanasi/hangover-chetganj/info|23|Casual Dining|1pm to 1130pm(Mon-Sun)|Average|3.3|31
Giani Ice Cream|250|Ice Cream|Varanasi|Sigra|https://www.zomato.com/varanasi/giani-ice-cream-sigra/info|23|Dessert Parlor|12noon to 12midnight(Mon-Sun)|Good|3.9|28
Arvi Family Restaurant|400|North Indian|Varanasi|Sunderpur|https://www.zomato.com/varanasi/arvi-family-restaurant-sunderpur/info|23|Casual Dining|11am to 11pm(Mon-Sun)|Good|3.5|34
JBB Restaurant & Cafe|300|Cafe,North Indian|Varanasi|Durgakund|https://www.zomato.com/varanasi/jbb-restaurant-cafe-durgakund/info|23|Quick Bites|11am to 11pm(Mon-Sun)|Average|3.3|22
The Kaka Restaurant|200|North Indian,Chinese|Varanasi|Lanka|https://www.zomato.com/varanasi/the-kaka-restaurant-lanka/info|23|Quick Bites|1030am to 11pm(Mon-Sun)|Average|2.8|34
Zaika Fresh N Tasty|100|Fast Food|Varanasi|Sigra|https://www.zomato.com/varanasi/zaika-fresh-n-tasty-sigra/info|23|Quick Bites|130pm to 1045pm(Mon-Sun)|Good|3.6|24
Grill By The Ocean - The Rivatas|1400|North Indian|Varanasi|Rivatas-- Nadesar|https://www.zomato.com/varanasi/grill-by-the-ocean-the-rivatas-nadesar/info|23|Fine Dining|11am to 11pm(Mon-Sun)|Average|3.4|28
Delicious Delight D2|300|North Indian,Chinese|Varanasi|Lanka|https://www.zomato.com/varanasi/delicious-delight-d2-lanka/info|23|Quick Bites|10am to 11pm(Mon-Sun)|Average|3.2|18
Galaxy Foods|300|Fast Food,Italian,Pizza,Beverages|Varanasi|Nadesar|https://www.zomato.com/varanasi/galaxy-foods-nadesar/info|23|Quick Bites|11am to 11pm(Mon-Sun)||NEW|NEW
Bhojpuri Thikana|350|North Indian|Varanasi|Assi Ghat|https://www.zomato.com/varanasi/bhojpuri-thikana-assi-ghat/info|23|Dhaba|11am to 11pm(Mon-Sun)|Average|2.9|26
The Basant Bahar|100|Desserts|Varanasi|Chetganj|https://www.zomato.com/varanasi/the-basant-bahar-chetganj/info|23|Quick Bites|8am to 11pm(Mon-Sun)|Good|3.7|23
Bawarchi Restaurant|1000|North Indian,Mughlai,Chinese|Varanasi|Nadesar|https://www.zomato.com/varanasi/bawarchi-restaurant-nadesar/info|24|Casual Dining|11am to 11pm(Mon-Sun)|Good|3.5|23
Gopi Chat Bhandar|200|Street Food|Varanasi|Bhelupur|https://www.zomato.com/varanasi/gopi-chat-bhandar-bhelupur/info|24|Quick Bites|11am to 11pm(Mon-Sun)|Good|3.6|22
Aalishan Zaika|300|North Indian,Chinese|Varanasi|Lahartara|https://www.zomato.com/varanasi/aalishan-zaika-1-lahartara/info|24|Quick Bites|11am to 1030pm(Mon-Sun)|Good|3.5|25
Treat Restaurant & Bar|800|North Indian|Varanasi|Nadesar|https://www.zomato.com/varanasi/treat-restaurant-bar-nadesar/info|24|Casual Dining|11am to 11pm(Mon-Sun)|Good|3.5|24
The Open House|100|Chinese,Rolls|Varanasi|Sigra|https://www.zomato.com/varanasi/the-open-house-sigra/info|24|Quick Bites|630pm to 1030pm(Mon-Sun)|Average|3.4|18
Mom's Kitchen|800|North Indian|Varanasi|Chetganj|https://www.zomato.com/varanasi/moms-kitchen-1-chetganj/info|24|Casual Dining|11am to 11pm(Mon-Sun)|Average|3.2|33
New Madhurima Sweets and Bakers|300|Mithai,Bakery|Varanasi|Nadesar|https://www.zomato.com/varanasi/new-madhurima-sweets-and-bakers-nadesar/info|24|Sweet Shop|10am to 1030pm(Mon-Sun)|Good|3.6|22
Flavours Restaurant|500|North Indian,Thai,South Indian|Varanasi|Lanka|https://www.zomato.com/varanasi/flavours-restaurant-lanka/info|24|Casual Dining|7am to 1030pm(Mon-Sun)|Average|2.7|27
Sol Bar - Hotel Surya|1500|Finger Food|Varanasi|Hotel Surya-- Nadersar|https://www.zomato.com/varanasi/sol-bar-hotel-surya-nadesar/info|24|Bar|11am to 11pm(Mon-Sun)|Good|3.5|18
Maharaja Fast Food|300|North Indian,Fast Food,Rolls,Street Food|Varanasi|Nadesar|https://www.zomato.com/varanasi/maharaja-fast-food-nadesar/info|24|Quick Bites|11am to 1030pm(Mon-Sun)|Average|3.3|16
Sindhi Rasoi|500|Chinese,Continental,South Indian,North Indian|Varanasi|Mahmoorganj|https://www.zomato.com/varanasi/sindhi-rasoi-mahmoorganj/info|24|none|10am to 12midnight(Mon-Sun)|Average|3.4|24
Baba Restaurant|600|North Indian|Varanasi|Lanka|https://www.zomato.com/varanasi/baba-restaurant-lanka/info|24|Casual Dining|11am to 11pm(Mon-Sun)|Average|3.3|16
Punjab  Grill House|300|North Indian,Mughlai|Varanasi|Godaulia|https://www.zomato.com/varanasi/punjab-grill-house-godaulia/info|24|Quick Bites|12noon to 1045pm(Mon,Tue,Wed,Fri,Sat,Sun)...|Average|2.9|28
Bindaas Restaurant & Dhaba|400|North Indian,Chinese|Varanasi|Lanka|https://www.zomato.com/varanasi/bindaas-restaurant-dhaba-lanka/info|24|Quick Bites|11am to 11pm(Mon-Sun)|Average|3.1|9
Treat Cafe and Dine|600|Cafe,Beverages,Continental|Varanasi|Nadesar|https://www.zomato.com/varanasi/treat-cafe-and-dine-nadesar/info|24|Café|11am to 11pm(Mon-Sun)||NEW|NEW
Ocean - The Rivatas|1800|North Indian,Chinese,Continental|Varanasi|Rivatas-- Nadesar|https://www.zomato.com/varanasi/ocean-the-rivatas-nadesar/info|25|Casual Dining|11am to 11pm(Mon-Sun)|Good|3.7|25
Samrat Cheers Bar & Restaurant|800|Chinese,Mughlai,North Indian|Varanasi|Pandeypur|https://www.zomato.com/varanasi/samrat-cheers-bar-restaurant-pandeypur/info|25|Casual Dining|11am to 11pm(Mon-Sun)|Good|3.5|21
Pari Sweet House|350|Mithai,North Indian,Chinese,South Indian|Varanasi|Lanka|https://www.zomato.com/varanasi/pari-sweet-house-lanka/info|25|Sweet Shop|10am to 1130pm(Mon-Sun)|Average|3.3|13
EFC - Everest Food Court|500|North Indian,Fast Food|Varanasi|Lanka|https://www.zomato.com/varanasi/efc-everest-food-court-lanka/info|25|none|11am to 11pm(Mon-Sun)|Average|3.4|25
Dpd Cafe & Restaurant|400|North Indian,Chinese|Varanasi|Lanka|https://www.zomato.com/varanasi/dpd-cafe-restaurant-lanka/info|25|Casual Dining|630am to 1130pm(Mon-Sun)|Average|3.2|19
88 House - The Family Restaurant|400|North Indian,Chinese|Varanasi|Lanka|https://www.zomato.com/varanasi/88-house-the-family-restaurant-lanka/info|25|Casual Dining|1030am to 1030pm(Mon-Sun)|Average|3.3|21
Lazawab Paratha|150|North Indian,Street Food|Varanasi|Sigra|https://www.zomato.com/varanasi/lazawab-paratha-sigra/info|25|Quick Bites|12noon to 10am(Mon-Sat),Closed(Sun)|Average|3.3|18
Do-Pyaaza|800|North Indian,Chinese|Varanasi|Nadesar|https://www.zomato.com/varanasi/do-pyaaza-1-nadesar/info|25|Quick Bites|1130am to 1030pm(Mon-Sun)|Average|3.4|15
Makhan Handi|500|North Indian|Varanasi|Godaulia|https://www.zomato.com/varanasi/makhan-handi-godaulia/info|25|Casual Dining|7am to 11pm(Mon-Sun)|Average|3.4|18
M's Cafe & Family Restaurant|400|South Indian,North Indian,Chinese,Indian|Varanasi|Lanka|https://www.zomato.com/varanasi/ms-cafe-family-restaurant-lanka/info|25|Casual Dining|11am to 11pm(Mon-Sun)|Average|3.4|18
EFC Everest Food Court|300|North Indian,Fast Food|Varanasi|Sigra|https://www.zomato.com/varanasi/efc-everest-food-court-3-sigra/info|25|Quick Bites|11am to 11pm(Mon-Sun)|Good|3.5|20
The Maharaja Fast Food|250|Rolls,Chinese,Fast Food|Varanasi|Nadesar|https://www.zomato.com/varanasi/the-maharaja-fast-food-nadesar/info|25|Quick Bites|10am to 1030pm(Mon-Sun)|Average|3.4|15
Satkar's Regale Restaurant|500|North Indian,Chinese,Continental|Varanasi|Sigra|https://www.zomato.com/varanasi/satkars-regale-restaurant-sigra/info|25|Casual Dining|11am to 11pm(Mon-Sun)|Good|3.5|20
Maadhav Restaurant|450|North Indian,South Indian,Chinese|Varanasi|Nadesar|https://www.zomato.com/varanasi/maadhav-restaurant-1-nadesar/info|25|Quick Bites|1030am to 1030pm(Mon-Sun)|Average|3.4|15
The Coffee House|350|North Indian|Varanasi|Bhelupur|https://www.zomato.com/varanasi/the-coffee-house-bhelupur/info|25|Quick Bites|9am to 1030pm(Mon-Sun)|Average|2.7|21
Daawat Restaurant - Hotel Zeeras|1200|Continental,North Indian,Chinese,Mughlai|Varanasi|Hotel Zeeras|https://www.zomato.com/varanasi/daawat-restaurant-hotel-zeeras-nadesar/info|26|Casual Dining|11am to 3pm,7pm to 1030pm(Mon-Sun)|Average|3.0|12
Shaakya Restaurant - Hotel SGT Plaza|1000|North Indian,Continental,Chinese|Varanasi|Sarnath|https://www.zomato.com/varanasi/shaakya-restaurant-hotel-sgt-plaza-sarnath/info|26|Casual Dining|11am to 11pm(Mon-Sun)|Average|3.4|19
Rhythm Restaurant|500|North Indian,South Indian,Chinese,Continental|Varanasi|Sigra|https://www.zomato.com/varanasi/rhythm-restaurant-sigra/info|26|Casual Dining|7am to 11pm(Mon-Sun)|Average|2.5|25
Foodie|300|Fast Food,North Indian,Chinese|Varanasi|Durgakund|https://www.zomato.com/varanasi/foodie-durgakund/info|26|Quick Bites|11am to 11pm(Mon-Sun)|Average|3.3|12
Sangini Family Restaurant|500|North Indian|Varanasi|Chetganj|https://www.zomato.com/varanasi/sangini-family-restaurant-chetganj/info|26|Casual Dining|11am to 11pm(Mon-Sun)|Average|3.2|18
Eatery Resturant|450|North Indian,Chinese,Roast Chicken,Mughlai|Varanasi|Shivala|https://www.zomato.com/varanasi/eatery-resturant-shivala/info|26|Quick Bites|10am to 1030pm(Mon-Sun)|Average|3.3|5
Kukudooku Restaurant|300|North Indian|Varanasi|Lanka|https://www.zomato.com/varanasi/kukudooku-restaurant-lanka/info|26|Casual Dining|11am to 12midnight(Mon-Sun)|Average|3.1|9
Poonam & Eden Restaurant|800|North Indian,Chinese,Continental|Varanasi|Jaitpura|https://www.zomato.com/varanasi/poonam-eden-restaurant-jaitpura/info|26|Casual Dining|10am to 11pm(Mon-Sun)|Good|3.6|20
Food Lovers|500|Chinese,North Indian,South Indian,Continental|Varanasi|Sigra|https://www.zomato.com/varanasi/food-lovers-2-sigra/info|26|Casual Dining|7am to 11pm(Mon-Sun)|Good|3.5|18
The Sada Bahar|300|Chinese,Fast Food|Varanasi|Chetganj|https://www.zomato.com/varanasi/the-sada-bahar-chetganj/info|26|Quick Bites|11am to 11pm(Mon-Sun)|Average|3.3|14
New Green Dhaba and Biryani|200|North Indian,Burger,Pizza,Rolls,Momos|Varanasi|Sunderpur|https://www.zomato.com/varanasi/new-green-dhaba-and-biryani-sunderpur/info|26|Quick Bites|9am to 11pm(Mon-Sun)|Average|3.3|13
Dawat|1200|North Indian,South Indian,Chinese|Varanasi|Godaulia|https://www.zomato.com/varanasi/dawat-godaulia/info|26|Casual Dining|1130am to 1030pm(Mon-Sun)|Average|2.6|12
SRS Kalika Family Restaurant|600|North Indian|Varanasi|Lanka|https://www.zomato.com/varanasi/srs-kalika-family-restaurant-lanka/info|26|Casual Dining|11am to 1030pm(Mon-Sun)|Good|3.5|17
Amul Ice Cream Parlour|300|Desserts,Ice Cream|Varanasi|Bhelupur|https://www.zomato.com/varanasi/amul-ice-cream-parlour-bhelupur/info|26|Dessert Parlor|11am to 11pm(Mon-Sun)|Average|3.3|14
IFC - So Best|250|North Indian,Biryani,Chinese|Varanasi|Bhelupur|https://www.zomato.com/varanasi/ifc-so-best-bhelupur/info|26|Casual Dining|5pm to 11pm(Mon-Sun)|Average|3.4|19
Jaws- The Madin Hotel|500|North Indian|Varanasi|JHV Mall-- Nadesar|https://www.zomato.com/varanasi/jaws-the-madin-hotel-nadesar/info|27|Casual Dining|11am to 11pm(Mon-Sun)|Average|2.8|15
Tadka Sardar Ji Ka|300|North Indian|Varanasi|Mahmoorganj|https://www.zomato.com/varanasi/tadka-sardar-ji-ka-mahmoorganj/info|27|Quick Bites|1130am to 1030pm(Mon-Sun)|Average|3.0|14
Pizza's  King|350|North Indian,Pizza,Fast Food,Chinese|Varanasi|Sunderpur|https://www.zomato.com/varanasi/pizzas-king-sunderpur/info|27|Quick Bites|11am to 11pm(Mon-Sun)|Average|3.2|9
Shivam Bhojanalya|300|North Indian|Varanasi|Godaulia|https://www.zomato.com/varanasi/shivam-bhojanalya-godaulia/info|27|Bhojanalya|11am to 11pm(Mon-Sun)|Average|3.3|20
Natural O Ice Cream|200|Desserts,Ice Cream|Varanasi|Vinayak Plaza-- Chetganj|https://www.zomato.com/varanasi/natural-o-ice-cream-chetganj/info|27|Dessert Parlor|11am to 11pm(Mon-Sun)|Average|3.0|9
Maharaj Fast Food|300|Chinese,Fast Food|Varanasi|Nadesar|https://www.zomato.com/varanasi/maharaj-fast-food-nadesar/info|27|Quick Bites|10am to 1030pm(Mon-Sun)|Average|3.2|14
The Masala Brothers|400|North Indian|Varanasi|Sigra|https://www.zomato.com/varanasi/the-masala-brothers-1-sigra/info|27|Quick Bites|11am to 11pm(Mon-Sun)|Average|3.3|15
Eats 4 U|350|Chinese,Fast Food,North Indian,Mughlai|Varanasi|Bhelupur|https://www.zomato.com/varanasi/eats-4-u-bhelupur/info|27|none|10am to 11pm(Mon-Sun)|Average|3.2|10
Shri Kalika Family Restaurant|400|Chinese,North Indian|Varanasi|Nadesar|https://www.zomato.com/varanasi/shri-kalika-family-restaurant-nadesar/info|27|Casual Dining|11am to 12midnight(Mon-Sun)|Average|3.2|16
Plaza Kitchen|300|North Indian,Mughlai,Chinese|Varanasi|Chetganj|https://www.zomato.com/varanasi/plaza-kitchen-chetganj/info|27|Quick Bites|12noon to 1030pm(Mon-Sun)||NEW|NEW
Food Corner North Indian|250|North Indian|Varanasi|Sigra|https://www.zomato.com/varanasi/food-corner-north-indian-sigra/info|27|Quick Bites|11am to 11pm(Mon-Sun)|Average|3.4|11
New Banarasi Restaurant & Bhojnalaya|400|North Indian|Varanasi|Lanka|https://www.zomato.com/varanasi/new-banarasi-restaurant-bhojnalaya-lanka/info|27|Casual Dining|11am to 11pm(Mon-Sun)|Average|3.3|16
Aaha Inn|300|North Indian,Chinese|Varanasi|Nadesar|https://www.zomato.com/varanasi/aaha-inn-nadesar/info|27|Quick Bites|1230pm to 11pm(Mon-Sun)|Average|2.9|16
Stomach Lust|300|Fast Food,Mughlai|Varanasi|Lanka|https://www.zomato.com/varanasi/stomach-lust-lanka/info|27|Quick Bites|11am to 115pm(Mon-Fri),11am to 12noon(Sat-Sun)|Average|3.3|16
Itihaas Alley Kitchen|1000|Chinese,Continental,North Indian|Varanasi|Assi Ghat|https://www.zomato.com/varanasi/itihaas-alley-kitchen-1-assi-ghat/info|27|Casual Dining|12noon to 11pm(Mon-Sun)|Average|3.2|12
Kalika Darbar Family Restaurant|350|North Indian|Varanasi|Pandeypur|https://www.zomato.com/varanasi/kalika-darbar-family-restaurant-pandeypur/info|28|Quick Bites|11am to 11pm(Mon-Sun)|Average|3.0|9
Striker Cafe|400|Fast Food,Beverages|Varanasi|Durgakund|https://www.zomato.com/varanasi/striker-cafe-durgakund/info|28|Café|11am to 11pm(Mon-Sun)|Average|2.7|6
Delicious Kitchen|600|North Indian,Chinese|Varanasi|Bhelupur|https://www.zomato.com/varanasi/delicious-kitchen-bhelupur/info|28|none|3pm to 11pm(Mon-Sun)|Average|3.2|12
Lakshmi Food|300|North Indian|Varanasi|Sigra|https://www.zomato.com/varanasi/lakshmi-food-sigra/info|28|Casual Dining|12noon to 1030pm(Mon-Sun)|Average|3.3|15
Tandoori Chaska|400|North Indian,Rolls|Varanasi|Mahmoorganj|https://www.zomato.com/varanasi/tandoori-chaska-mahmoorganj/info|28|Quick Bites|8am to 12noon,1pm to 11pm(Mon-Sun)|Average|3.4|13
Custom Cake Shop|500|Bakery,Desserts|Varanasi|Nadesar|https://www.zomato.com/varanasi/custom-cake-shop-nadesar/info|28|Bakery|11am to 1030pm(Mon-Sun)||NEW|NEW
V-Desi Family Restaurant|200|North Indian,Chinese|Varanasi|Nadesar|https://www.zomato.com/varanasi/v-desi-family-restaurant-nadesar/info|28|Quick Bites|11am to 11pm(Mon-Sun)|Average|3.2|12
Trisha Foods & Cafe Family Restaurant|400|North Indian|Varanasi|Sunderpur|https://www.zomato.com/varanasi/trisha-foods-cafe-family-restaurant-sunderpur/info|28|Casual Dining|11am to 11pm(Mon-Sun)|Average|3.1|7
Smokey's|500|North Indian,Mughlai|Varanasi|Sunderpur|https://www.zomato.com/varanasi/smokeys-sunderpur/info|28|Quick Bites|11am to 11pm(Mon-Sun)|Average|3.4|12
Tandoori Dhaba & Family Restaurant|500|Mughlai,North Indian|Varanasi|Lanka|https://www.zomato.com/varanasi/tandoori-dhaba-family-restaurant-lanka/info|28|Quick Bites|11am to 11pm(Mon-Sun)|Average|3.2|8
New Royal Swadistam|1000|North Indian,Chinese,South Indian|Varanasi|Sigra|https://www.zomato.com/varanasi/new-royal-swadistam-sigra/info|28|Casual Dining|9am to 11pm(Mon-Sun)|Average|3.0|9
WOL-Drinkery|500|North Indian|Varanasi|Sigra|https://www.zomato.com/varanasi/wol-drinkery-sigra/info|28|Casual Dining|24|Good|3.5|9
Petoo|1000|North Indian|Varanasi|Bhelupur|https://www.zomato.com/varanasi/petoo-3-bhelupur/info|28|Casual Dining|11am to 11pm(Mon-Sun)|Average|3.1|15
Ma Kalika Hotel|300|North Indian|Varanasi|Lanka|https://www.zomato.com/varanasi/ma-kalika-hotel-lanka/info|28|Quick Bites|11am to 11pm(Mon-Sun)|Average|3.3|9
Tripti Multicuisine Restaurant|600|North Indian,Continental,Chinese,South Indian|Varanasi|Nadesar|https://www.zomato.com/varanasi/tripti-multicuisine-restaurant-nadesar/info|28|Casual Dining|7am to 11pm(Mon-Sun)|Average|3.2|11
B-4 Cafe & Rooftop Restaurant|300|North Indian|Varanasi|Shivala|https://www.zomato.com/varanasi/b-4-cafe-rooftop-restaurant-shivala/info|29|Quick Bites|8am to 11pm(Mon-Sun)|Average|3.0|5
Sagar Fast Food|200|Fast Food,Chinese|Varanasi|Lanka|https://www.zomato.com/varanasi/sagar-fast-food-lanka/info|29|Quick Bites|11am to 11pm(Mon-Sun)|Average|3.2|15
Mr. Chicken|200|North Indian|Varanasi|Nadesar|https://www.zomato.com/varanasi/mr-chicken-nadesar/info|29|Quick Bites|5pm to 1045pm(Mon-Sun)||NEW|NEW
Vishwanath Misthan Bhandar|500|Mithai|Varanasi|Dashaswmedh Road|https://www.zomato.com/varanasi/vishwanath-misthan-bhandar-dashaswmedh-road/info|29|Sweet Shop|8am to 11pm(Mon-Sun)|Average|3.1|12
Munna Pan|150|Desserts|Varanasi|Nadesar|https://www.zomato.com/varanasi/munna-pan-nadesar/info|29|Dessert Parlor|12noon to 1030pm(Mon-Sun)|Average|3.1|4
Mother India|300|North Indian|Varanasi|Lanka|https://www.zomato.com/varanasi/mother-india-lanka/info|29|none|1030am to 11pm(Mon-Sun)|Not rated|-|-
Shri Shyam Bhojanalya|200|North Indian|Varanasi|Godaulia|https://www.zomato.com/varanasi/shri-shyam-bhojanalya-godaulia/info|29|Bhojanalya|11am to 11pm(Mon-Sun)|Average|3.0|9
The Aziz Food Factory|500|Indian,Mughlai|Varanasi|Kakarmata|https://www.zomato.com/varanasi/the-aziz-food-factory-kakarmata/info|29|Quick Bites|11am to 11pm(Mon-Sun)|Average|3.0|12
The Hungry Street|350|North Indian,Fast Food|Varanasi|Lanka|https://www.zomato.com/varanasi/the-hungry-street-lanka/info|29|Quick Bites|1130am to 1030pm(Mon-Sun)||NEW|NEW
Shri Restaurant|800|Chinese,North Indian,Fast Food|Varanasi|Dashaswmedh Road|https://www.zomato.com/varanasi/shri-restaurant-dashaswmedh-road/info|29|Casual Dining|10am to 11pm(Mon-Sun)|Average|3.2|11
Banaras Darbar|700|North Indian,Chinese|Varanasi|Lanka|https://www.zomato.com/varanasi/banaras-darbar-1-lanka/info|29|Casual Dining|10am to 11pm(Mon-Sun)|Average|2.8|5
Rudram Restraunt|250|North Indian,Chinese|Varanasi|Sigra|https://www.zomato.com/varanasi/rudram-restraunt-sigra/info|29|Quick Bites|8am to 11pm(Mon-Sun)|Not rated|-|-
New Baba Restaurant|300|North Indian|Varanasi|Dashaswmedh Road|https://www.zomato.com/varanasi/new-baba-restaurant-dashaswmedh-road/info|29|none|11am to 11pm(Mon-Sun)|Average|3.0|4
Amba Bhojnalay Restaurant|400|North Indian|Varanasi|Lanka|https://www.zomato.com/varanasi/amba-bhojnalay-restaurant-lanka/info|29|Quick Bites|11am to 11pm(Mon-Sun)|Average|2.9|10
Fire Pizza Corner|450|Pizza|Varanasi|Bhelupur|https://www.zomato.com/varanasi/fire-pizza-corner-bhelupur/info|29|Quick Bites|11am to 11pm(Mon-Sun)|Average|3.2|6
Partho's Restaurant|600|North Indian,Continental,Chinese,South Indian|Varanasi|Mahmoorganj|https://www.zomato.com/varanasi/parthos-restaurant-mahmoorganj/info|3|Casual Dining|11am to 11pm(Mon-Sun)|Very Good|4.2|236
Maharaja Veg & Nonveg Food|500|North Indian|Varanasi|Lanka|https://www.zomato.com/varanasi/maharaja-veg-nonveg-food-lanka/info|3|Quick Bites|1230pm to 11pm(Mon-Sun)|Good|3.8|250
Cafebility|800|Cafe,Pizza,Beverages|Varanasi|Sigra|https://www.zomato.com/varanasi/cafebility-4-sigra/info|3|Casual Dining|11am to 1030pm(Mon-Sun)|Very Good|4.1|129
Bangs Restaurant|550|Burger,Fast Food,Roast Chicken|Varanasi|Lanka|https://www.zomato.com/varanasi/bangs-restaurant-lanka/info|3|Quick Bites|11am to 11pm(Mon-Sun)|Very Good|4.0|224
Chicago Pizza|400|Pizza,Fast Food,Continental,Italian|Varanasi|Lanka|https://www.zomato.com/varanasi/chicago-pizza-3-lanka/info|3|Quick Bites|10am to 1030pm(Mon-Sun)|Good|3.6|242
Grill Inn|400|Burger,Fast Food,Sandwich|Varanasi|Bhelupur|https://www.zomato.com/varanasi/grill-inn-bhelupur/info|3|Quick Bites|11am to 11pm(Mon-Sun)|İyi|3.8|176
The Cafe Club|400|Chinese,Sandwich,Italian|Varanasi|Sigra|https://www.zomato.com/varanasi/the-cafe-club-sigra/info|3|Café|11am to 11pm(Mon-Sun)|Good|3.8|80
Perfect Food & Roll Corner|300|Chinese,Rolls|Varanasi|Sigra|https://www.zomato.com/varanasi/perfect-food-roll-corner-sigra/info|3|Quick Bites|11am to 1030pm(Mon-Sun)|Good|3.5|157
Bikanervala|500|North Indian,South Indian,Street Food,Chinese,Mithai|Varanasi|Bhelupur|https://www.zomato.com/varanasi/bikanervala-bhelupur/info|3|Quick Bites|11am to 11pm(Mon-Sun)|Very Good|4.0|144
The Tripling Bistro|500|Continental,Mexican,Burger,Fast Food,Italian,Pizza,Chinese,Middle Eastern|Varanasi|Assi Ghat|https://www.zomato.com/varanasi/the-tripling-bistro-3-assi-ghat/info|3|Quick Bites|8am to 10pm(Mon-Sun)|Very Good|4.1|318
Maharaja Restaurant|300|Chinese,Rolls|Varanasi|Chetganj|https://www.zomato.com/varanasi/maharaja-restaurant-chetganj/info|3|Casual Dining|12noon to 9pm(Mon-Sun)|Very Good|4.0|362
Kashi Chat Bhandar|150|Street Food|Varanasi|Godaulia|https://www.zomato.com/varanasi/kashi-chat-bhandar-godaulia/info|3|Quick Bites|4pm to 10pm(Mon-Sun)|Excellent|4.8|737
Rahil Restaurant|400|North Indian,South Indian|Varanasi|Sigra|https://www.zomato.com/varanasi/rahil-restaurant-sigra/info|3|Casual Dining|11am to 11pm(Mon-Sun)|Good|3.9|183
Kareems|1200|Hyderabadi,North Indian,Mughlai|Varanasi|Chetganj|https://www.zomato.com/varanasi/kareems-1-chetganj/info|3|Casual Dining|130pm to 1130pm(Mon-Sun)|Good|3.9|174
Villa 26|1500|Continental,Asian,Italian,North Indian,Mughlai|Varanasi|Lanka|https://www.zomato.com/varanasi/villa-26-lanka/info|3|Casual Dining|7am to 1am(Mon-Sun)|Good|3.9|122
Green Chilli Fast Food|300|Fast Food,Chinese|Varanasi|Nadesar|https://www.zomato.com/varanasi/green-chilli-fast-food-nadesar/info|30|Quick Bites|2pm to 1030pm(Mon-Sun)|Average|3.2|6
Temp- Hotel Maredan Grand|500|North Indian,Chinese,Hyderabadi|Varanasi|Pandeypur|https://www.zomato.com/varanasi/temp-hotel-maredan-grand-pandeypur/info|30|Casual Dining|11am to 1030pm(Mon-Sun)|Average|3.0|11
El Camarom de la India|900|North Indian,Italian,Spanish|Varanasi|Assi Ghat|https://www.zomato.com/varanasi/el-camarom-de-la-india-assi-ghat/info|30|none|11am to 11pm(Mon-Sun)|Average|3.3|11
The Chef Chilli|450|North Indian,Chinese,South Indian,Mughlai|Varanasi|Lanka|https://www.zomato.com/varanasi/the-chef-chilli-lanka/info|30|Quick Bites|10am to 1030pm(Mon-Sun)|Average|3.0|6
Khana Khazana|600|North Indian|Varanasi|Sunderpur|https://www.zomato.com/varanasi/khana-khazana-sunderpur/info|30|Dhaba|11am to 11pm(Mon-Sun)|Average|3.2|8
Siya Restaurant|150|North Indian,Chinese,South Indian,Beverages|Varanasi|Nadesar|https://www.zomato.com/varanasi/siya-restaurant-nadesar/info|30|Quick Bites|11am to 1030pm(Mon-Sun)|Average|3.1|8
Kripa Bakers|500|Bakery|Varanasi|Lanka|https://www.zomato.com/varanasi/kripa-bakers-lanka/info|30|Bakery|10am to 1030pm(Mon-Sun)|Not rated|-|-
Food Junction|300|North Indian,Fast Food|Varanasi|Sigra|https://www.zomato.com/varanasi/food-junction-1-sigra/info|30|Quick Bites|11am to 11pm(Mon-Sun)|Not rated|-|-
The Darbar Family Restaurant|200|North Indian,Chinese|Varanasi|Nadesar|https://www.zomato.com/varanasi/the-darbar-family-restaurant-1-nadesar/info|30|Quick Bites|11am to 11pm(Mon-Sun)|Average|3.3|6
Hotel Genx Plaza|500|Continental,North Indian,Italian|Varanasi|Shastri Nagar|https://www.zomato.com/varanasi/hotel-genx-plaza-shastri-nagar/info|30|Casual Dining|11am to 11pm(Mon-Sun)|Average|2.9|7
Home Made Momo's|150|Fast Food|Varanasi|Nadesar|https://www.zomato.com/varanasi/home-made-momos-nadesar/info|30|none|11am to 11pm(Mon-Sun)|Average|3.2|11
Tambulam|400|Paan|Varanasi|Nadesar|https://www.zomato.com/varanasi/tambulam-nadesar/info|30|Paan Shop|11am to 11pm(Mon-Sun)|Average|3.4|11
Shine Khana Khajana Restaurant|200|North Indian|Varanasi|Nadesar|https://www.zomato.com/varanasi/shine-khana-khajana-restaurant-nadesar/info|30|Quick Bites|11am to 1030pm(Mon-Sun)|Not rated|-|-
New Re-Fresh Family Restaurant|400|North Indian|Varanasi|Lanka|https://www.zomato.com/varanasi/new-re-fresh-family-restaurant-lanka/info|30|Quick Bites|11am to 11pm(Mon-Sun)|Average|3.2|10
Hotel Regency|500|North Indian,Mughlai,Chinese|Varanasi|Nadesar|https://www.zomato.com/varanasi/hotel-regency-nadesar/info|30|Quick Bites|11am to 3pm,7pm to 11pm(Mon-Sun)|Average|3.0|6
Yadav Hotel|300|North Indian|Varanasi|Nadesar|https://www.zomato.com/varanasi/yadav-hotel-1-nadesar/info|31|Casual Dining|11am to 11pm(Mon-Sun)|Average|3.0|6
Ayyar's Cafe|300|South Indian,Chinese|Varanasi|Godaulia|https://www.zomato.com/varanasi/ayyars-cafe-godaulia/info|31|Quick Bites|11am to 11pm(Mon-Sun)|Average|3.1|10
Tandoor N Curry|500|North Indian,Chinese,Italian,Mughlai|Varanasi|Pandeypur|https://www.zomato.com/varanasi/tandoor-n-curry-pandeypur/info|31|Casual Dining|10am to 1030pm(Mon-Sun)|Average|3.1|5
Sunny's Restaurant|150|Chinese,Italian,North Indian|Varanasi|Pandeypur|https://www.zomato.com/varanasi/sunnys-restaurant-pandeypur/info|31|Quick Bites|12noon to 1030pm(Mon-Sun)|Average|2.9|7
Hotel Jhanvee International|600|North Indian|Varanasi|Sigra|https://www.zomato.com/varanasi/hotel-jhanvee-international-sigra/info|31|Casual Dining|10am to 11pm(Mon-Sun)|Not rated|-|-
Bhoj|600|North Indian,Chinese|Varanasi|Mahmoorganj|https://www.zomato.com/varanasi/bhoj-mahmoorganj/info|31|Casual Dining|7am to 11pm(Mon-Sun)|Average|3.2|8
Awesome Cafe|100|Fast Food|Varanasi|Chetganj|https://www.zomato.com/varanasi/awesome-cafe-chetganj/info|31|Quick Bites|130pm to 1030pm(Mon-Sun)|Average|3.2|5
Gelato Vinto|200|Ice Cream|Varanasi|JHV Mall-- Nadesar|https://www.zomato.com/varanasi/gelato-vinto-nadesar/info|31|Dessert Parlor|11am to 11pm(Mon-Sun)|Average|3.3|5
Hungry House|300|Fast Food,Chinese,Rolls|Varanasi|Sarnath|https://www.zomato.com/varanasi/hungry-house-sarnath/info|31|Quick Bites|11am to 1030pm(Mon-Sun)||NEW|NEW
India City Family Restaurant|450|North Indian,Chinese|Varanasi|Nadesar|https://www.zomato.com/varanasi/india-city-family-restaurant-1-nadesar/info|31|Quick Bites|11am to 11pm(Mon-Sun)|Not rated|-|-
Krishna Fast Food|150|Fast Food|Varanasi|Dashaswmedh Road|https://www.zomato.com/varanasi/krishna-fast-food-dashaswmedh-road/info|31|none|11am to 11pm(Mon-Sun)|Average|3.1|5
Adda|600|North Indian,Continental|Varanasi|Jaitpura|https://www.zomato.com/varanasi/adda-jaitpura/info|31|Casual Dining|11am to 11pm(Mon-Sun)|Average|2.9|5
Bhagirathi Food Plaza|800|North Indian|Varanasi|Sunderpur|https://www.zomato.com/varanasi/bhagirathi-food-plaza-sunderpur/info|31|Casual Dining|11am to 1030pm(Mon-Sun)|Average|3.0|7
Hotel City Inn|1000|North Indian,Chinese,Continental|Varanasi|Chetganj|https://www.zomato.com/varanasi/hotel-city-inn-chetganj/info|31|Casual Dining|9am to 11pm(Mon-Sun)|Average|3.0|6
Rocky Road Amul Parlour|200|Ice Cream|Varanasi|Assi Ghat|https://www.zomato.com/varanasi/rocky-road-amul-parlour-assi-ghat/info|31|Dessert Parlor|10am to 1030pm(Mon-Sun)|Average|2.9|4
Chef N I|700|North Indian|Varanasi|Nadesar|https://www.zomato.com/varanasi/chef-n-i-nadesar/info|32|Casual Dining|11am to 1030pm(Mon-Sun)|Not rated|-|-
Oasis Restaurant|1100|North Indian,Chinese,Mughlai|Varanasi|Godaulia|https://www.zomato.com/varanasi/oasis-restaurant-godaulia/info|32|Casual Dining|11am to 3pm,7pm to 11pm(Mon-Sun)|Average|3.0|5
1951 - The Clarks Hotel|1500|North Indian,Chinese|Varanasi|Clarks Hotel-- Nadesar|https://www.zomato.com/varanasi/1951-the-clarks-hotel-nadesar/info|32|Casual Dining|6am to 11pm(Mon-Sun)|Average|2.9|5
Okhlee- The Kitchen|400|North Indian|Varanasi|Sigra|https://www.zomato.com/varanasi/okhlee-the-kitchen-sigra/info|32|Quick Bites|11am to 11pm(Mon-Sun)|Average|3.1|5
Amarjeet Punjabi Dhaba|200|North Indian|Varanasi|Godaulia|https://www.zomato.com/varanasi/amarjeet-punjabi-dhaba-godaulia/info|32|Dhaba|11am to 11pm(Mon-Sun)|Average|3.0|4
Anonymous Cafe|700|Fast Food,North Indian,Chinese|Varanasi|Lanka|https://www.zomato.com/varanasi/anonymous-cafe-2-lanka/info|32|Café|11am to 11pm(Mon-Sun)|Average|3.1|6
Comfort Inn Benares|800|North Indian,Continental|Varanasi|Nadesar|https://www.zomato.com/varanasi/comfort-inn-benares-nadesar/info|32|Casual Dining|7am to 11pm(Mon-Sun)|Average|3.1|5
Kashi Rasoi|200|North Indian,Fast Food|Varanasi|Sunderpur|https://www.zomato.com/varanasi/kashi-rasoi-sunderpur/info|32|Quick Bites|9am to 1030pm(Mon-Sun)||NEW|NEW
Bhojanik - The Amayaa|1500|North Indian,Mughlai|Varanasi|Nadesar|https://www.zomato.com/varanasi/bhojanik-the-amayaa-nadesar/info|32|Fine Dining|7am to 1130pm(Mon-Sun)|Average|3.1|4
Amul Ice Cream|300|Ice Cream|Varanasi|Nadesar|https://www.zomato.com/varanasi/amul-ice-cream-nadesar/info|32|Dessert Parlor|11am to 11pm(Mon-Sun)|Average|2.9|6
Banarusk|300|North Indian|Varanasi|Lanka|https://www.zomato.com/varanasi/banarusk-1-lanka/info|32|Quick Bites|11am to 11pm(Mon-Sun)|Average|3.1|5
Rooftop Maya Cafe|300|Indian|Varanasi|Assi Ghat|https://www.zomato.com/varanasi/rooftop-maya-cafe-assi-ghat/info|32|Quick Bites|11am to 11pm(Mon-Sun)|Not rated|-|-
Akshaya Patra|200|North Indian,Chinese,Continental|Varanasi|Chetganj|https://www.zomato.com/varanasi/akshaya-patra-chetganj/info|32|Quick Bites|11am to 11pm(Mon-Sun)|Average|2.9|5
Chetan Family Restaurant|300|North Indian,Chinese|Varanasi|Lanka|https://www.zomato.com/varanasi/chetan-family-restaurant-lanka/info|32|Quick Bites|11am to 11pm(Mon-Sun)|Not rated|-|-
Salt & Pepper|600|North Indian,Chinese,South Indian|Varanasi|Assi Ghat|https://www.zomato.com/varanasi/salt-pepper-assi-ghat/info|32|Quick Bites|10am to 11pm(Mon-Sun)|Average|2.8|6
A K Fast Food Corner|250|Fast Food|Varanasi|Jaitpura|https://www.zomato.com/varanasi/a-k-fast-food-corner-jaitpura/info|33|Quick Bites|2pm to 11pm(Mon-Sun)|Average|3.0|4
Maggi Chatkara|200|Chinese,Fast Food|Varanasi|Pandeypur|https://www.zomato.com/varanasi/maggi-chatkara-pandeypur/info|33|Quick Bites|12noon to 1030pm(Mon-Sun)|Not rated|-|-
Tasty Point|700|North Indian,Chinese|Varanasi|Nadesar|https://www.zomato.com/varanasi/tasty-point-nadesar/info|33|Casual Dining|1230pm to 1030pm(Mon-Sun)|Average|3.3|5
Juice Box|200|Juices|Varanasi|Bhelupur|https://www.zomato.com/varanasi/juice-box-bhelupur/info|33|Beverage Shop|10am to 11pm(Mon-Sun)|Average|3.0|4
Gokul Sweets|200|Mithai,Fast Food|Varanasi|Nadesar|https://www.zomato.com/varanasi/gokul-sweets-nadesar/info|33|Sweet Shop|12noon to 11pm(Mon-Sun)|Not rated|-|-
Tejas|300|North Indian|Varanasi|Jaitpura|https://www.zomato.com/varanasi/tejas-jaitpura/info|33|Quick Bites|11am to 11pm(Mon-Sun)|Average|3.0|5
Benaras Kothi|500|North Indian,South Indian,Chinese|Varanasi|Nadesar|https://www.zomato.com/varanasi/benaras-kothi-nadesar/info|33|Quick Bites|11am to 11pm(Mon-Sun)|Not rated|-|-
Exotic Family Restaurant|500|North Indian,Chinese|Varanasi|Lanka|https://www.zomato.com/varanasi/exotic-family-restaurant-lanka/info|33|Casual Dining|11am to 11pm(Mon-Sun)|Average|3.2|6
Shiv Sagar Sweets & Snacks|200|Mithai,Desserts|Varanasi|Lanka|https://www.zomato.com/varanasi/shiv-sagar-sweets-snacks-lanka/info|33|Sweet Shop|11am to 11pm(Mon-Sun)|Not rated|-|-
New Spicy|450|North Indian,Fast Food,Chinese|Varanasi|Godaulia|https://www.zomato.com/varanasi/new-spicy-godaulia/info|33|Quick Bites|11am to 11pm(Mon-Sun)||NEW|NEW
The Kabila|400|North Indian|Varanasi|Nadesar|https://www.zomato.com/varanasi/the-kabila-nadesar/info|33|Quick Bites|11am to 11pm(Mon-Sun)|Not rated|-|-
Baba Fast Food Corner|200|North Indian,Chinese,Fast Food|Varanasi|Bhelupur|https://www.zomato.com/varanasi/baba-fast-food-corner-bhelupur/info|33|Quick Bites|1pm to 1030pm(Mon-Sun)||NEW|NEW
Vishwanath Bakers|300|Bakery|Varanasi|Assi Ghat|https://www.zomato.com/varanasi/vishwanath-bakers-assi-ghat/info|33|Bakery|1030am to 11pm(Mon-Sun)|Not rated|-|-
Winfa Restaurant|700|Mughlai,Continental,Chinese|Varanasi|Jaitpura|https://www.zomato.com/varanasi/winfa-restaurant-jaitpura/info|33|Casual Dining|11am to 1130pm(Mon-Sun)|Average|3.0|5
Hunger House|500|North Indian,Mughlai|Varanasi|Sarnath|https://www.zomato.com/varanasi/hunger-house-1-sarnath/info|33|Casual Dining|11am to 11pm(Mon-Sun)||NEW|NEW
Biryani Corner|500|North Indian,Biryani|Varanasi|Sunderpur|https://www.zomato.com/varanasi/biryani-corner-sunderpur/info|34|Quick Bites|630am to 11pm(Mon,Tue,Wed,Thu,Fri,Sun),(Sat)||NEW|NEW
Amul Ice Cream Parlour & Sweet Corn|200|Ice Cream|Varanasi|Chetganj|https://www.zomato.com/varanasi/amul-ice-cream-parlour-sweet-corn-chetganj/info|34|Quick Bites|11am to 11pm(Mon-Sun)|Not rated|-|-
KamesHut Restaurant|800|North Indian,South Indian,Chinese|Varanasi|Hotel KamesHut-- Chetganj|https://www.zomato.com/varanasi/kameshut-restaurant-chetganj/info|34|Quick Bites|9am to 11pm(Mon-Sun)|Average|3.0|4
Fast & Fresh Cafe|200|Cafe|Varanasi|Sunderpur|https://www.zomato.com/varanasi/fast-fresh-cafe-1-sunderpur/info|34|Quick Bites|11am to 1030pm(Mon-Sun)|Not rated|-|-
Tantra|800|North Indian|Varanasi|Chetganj|https://www.zomato.com/varanasi/tantra-chetganj/info|34|Casual Dining|11am to 11pm(Mon-Sun)|Not rated|-|-
Roti N Rice Darbar|500|North Indian|Varanasi|Sigra|https://www.zomato.com/varanasi/roti-n-rice-darbar-sigra/info|34|Quick Bites|11am to 11pm(Mon-Sun)|Average|2.9|4
Taste Of Nawab|400|North Indian,Chinese|Varanasi|Durgakund|https://www.zomato.com/varanasi/taste-of-nawab-durgakund/info|34|Quick Bites|11am to 12midnight(Mon-Sun)|Not rated|-|-
New Vishal Bakers|350|Bakery|Varanasi|Nadesar|https://www.zomato.com/varanasi/new-vishal-bakers-nadesar/info|34|Bakery|1030am to 1030pm(Mon-Sun)|Not rated|-|-
The Mandarin|600|North Indian,Chinese,Continental|Varanasi|Chetganj|https://www.zomato.com/varanasi/the-mandarin-chetganj/info|34|Casual Dining|11am to 11pm(Mon-Sun)|Not rated|-|-
Hotel Maa Annpurna|400|North Indian,South Indian,Chinese|Varanasi|Dashaswmedh Road|https://www.zomato.com/varanasi/hotel-maa-annpurna-dashaswmedh-road/info|34|Quick Bites|1130am to 1030pm(Mon-Sun)|Not rated|-|-
Maurya Bhojnalaya|200|North Indian|Varanasi|Sarnath|https://www.zomato.com/varanasi/maurya-bhojnalaya-sarnath/info|34|Bhojanalya|11am to 11pm(Mon-Sun)|Not rated|-|-
Awadh Roll Corner|300|Rolls,Fast Food,Street Food|Varanasi|Sigra|https://www.zomato.com/varanasi/awadh-roll-corner-sigra/info|34|Quick Bites|11am to 11pm(Mon-Sun)||NEW|NEW
Hotel Costa River|1000|North Indian,Continental|Varanasi|Nadesar|https://www.zomato.com/varanasi/hotel-costa-river-nadesar/info|34|Casual Dining|7am to 1030am,1230pm to 3pm,730pm to 11pm...|Not rated|-|-
Yadav Family Restaurant|400|North Indian,South Indian,Chinese,Fast Food|Varanasi|Mahmoorganj|https://www.zomato.com/varanasi/yadav-family-restaurant-mahmoorganj/info|34|Casual Dining|8am to 11pm(Mon-Sun)|Not rated|-|-
Coffee Shop - Hotel Zeeras|500|Cafe|Varanasi|Hotel Zeeras|https://www.zomato.com/varanasi/coffee-shop-hotel-zeeras-nadesar/info|34|Quick Bites|11am to 11pm(Mon-Sun)|Not rated|-|-
Bliss Bar & Restaurant - Hotel Zeeras|1200|Finger Food|Varanasi|Hotel Zeeras|https://www.zomato.com/varanasi/bliss-bar-restaurant-hotel-zeeras-nadesar/info|35|Bar|11am to 3pm,7pm to 1030pm(Mon-Sun)|Not rated|-|-
Kashi's Kitchen|300|North Indian,Chinese|Varanasi|Chetganj|https://www.zomato.com/varanasi/kashis-kitchen-chetganj/info|35|Quick Bites|11am to 1030pm(Mon-Sun)|Not rated|-|-
Swad Deshi Restaurant|1000|North Indian,Indian|Varanasi|Sigra|https://www.zomato.com/varanasi/swad-deshi-restaurant-sigra/info|35|Casual Dining|11am to 11pm(Mon-Sun)|Not rated|-|-
Shristy Dosa Corner|400|South Indian|Varanasi|Godaulia|https://www.zomato.com/varanasi/shristy-dosa-corner-godaulia/info|35|Quick Bites|11am to 11pm(Mon-Sun)|Not rated|-|-
Tandoor E Banaras|1050|North Indian,Chinese|Varanasi|Mahmoorganj|https://www.zomato.com/varanasi/tandoor-e-banaras-mahmoorganj/info|35|Casual Dining|730am to 1030am,12noon to 330pm,7pm to ...|Not rated|-|-
Rasika Lounge & Bar - The Amayaa|800|Finger Food,North Indian|Varanasi|Nadesar|https://www.zomato.com/varanasi/rasika-lounge-bar-the-amayaa-nadesar/info|35|Lounge|11am to 11pm(Mon-Sun)|Not rated|-|-
Keshri Fast Food|250|North Indian,Chinese|Varanasi|Bhelupur|https://www.zomato.com/varanasi/keshri-fast-food-bhelupur/info|35|Quick Bites|2pm to 1030pm(Mon-Sun)|Not rated|-|-
Sheenu Restaurant|900|Chinese|Varanasi|Godaulia|https://www.zomato.com/varanasi/sheenu-restaurant-godaulia/info|35|none|11am to 3pm,7pm to 11pm(Mon-Sun)|Not rated|-|-
The Spice Room|300|Fast Food|Varanasi|IP Mall-- Sigra|https://www.zomato.com/varanasi/the-spice-room-sigra/info|35|Food Court|11am to 11pm(Mon-Sun)|Not rated|-|-
TBF's Food Corner South Indian|300|South Indian|Varanasi|Sigra|https://www.zomato.com/varanasi/tbfs-food-corner-south-indian-sigra/info|35|Quick Bites|11am to 11pm(Mon-Sun)|Not rated|-|-
Non Veg Point Deshi Tadka|450|North Indian|Varanasi|Sarnath|https://www.zomato.com/varanasi/non-veg-point-deshi-tadka-sarnath/info|35|Quick Bites|11am to 1030pm(Mon-Sun)||NEW|NEW
Shree Yadav Hotel|300|North Indian|Varanasi|Chetganj|https://www.zomato.com/varanasi/shree-yadav-hotel-chetganj/info|35|Quick Bites|11am to 11pm(Mon-Sun)||NEW|NEW
The Blu - The Rivatas|1000|Finger Food|Varanasi|Rivatas-- Nadesar|https://www.zomato.com/varanasi/the-blu-the-rivatas-nadesar/info|35|Bar|11am to 11pm(Mon-Sun)|Not rated|-|-
Shri Krishna Restaurant|200|North Indian|Varanasi|Sigra|https://www.zomato.com/varanasi/shri-krishna-restaurant-sigra/info|35|Quick Bites|10am to 11pm(Mon-Sun)|Not rated|-|-
Royal Family Restaurant|450|North Indian,Chinese,South Indian|Varanasi|Nadesar|https://www.zomato.com/varanasi/royal-family-restaurant-1-nadesar/info|35|Casual Dining|11am to 1030pm(Mon-Sun)|Not rated|-|-
Street Food Cafe - The Clarks Hotel|1500|Cafe|Varanasi|Clarks Hotel-- Nadesar|https://www.zomato.com/varanasi/street-food-cafe-the-clarks-hotel-nadesar/info|36|Café|11am to 11pm(Mon-Sun)|Not rated|-|-
Vadilal Ice Cream Parlour|200|Ice Cream|Varanasi|IP Mall-- Sigra|https://www.zomato.com/varanasi/vadilal-ice-cream-parlour-sigra/info|36|Dessert Parlor|11am to 11pm(Mon-Sun)|Not rated|-|-
Johnny's Kitchen|1200|Continental|Varanasi|Sunderpur|https://www.zomato.com/varanasi/johnnys-kitchen-sunderpur/info|36|Casual Dining|1130am to 1030pm(Mon-Sun)|Not rated|-|-
Ayushi Restaurant|400|North Indian|Varanasi|Lanka|https://www.zomato.com/varanasi/ayushi-restaurant-lanka/info|36|Quick Bites|11am to 11pm(Mon-Sun)|Not rated|-|-
Lazzat E-Banaras|300|North Indian,Chinese,Fast Food|Varanasi|Nadesar|https://www.zomato.com/varanasi/lazzat-e-banaras-4-nadesar/info|36|Quick Bites|11am to 11pm(Mon-Sun)|Not rated|-|-
Hotel Warsi|400|North Indian|Varanasi|Dashaswmedh Road|https://www.zomato.com/varanasi/hotel-warsi-dashaswmedh-road/info|36|Quick Bites|2pm to 12midnight(Mon-Sun)|Not rated|-|-
New Kashi Darbar Family Restaurant|400|North Indian,South Indian,Chinese|Varanasi|Nadesar|https://www.zomato.com/varanasi/new-kashi-darbar-family-restaurant-nadesar/info|36|Quick Bites|1030am to 1030pm(Mon-Sun)||NEW|NEW
Olive Kitchen|300|North Indian,Chinese|Varanasi|Godaulia|https://www.zomato.com/varanasi/olive-kitchen-godaulia/info|36|Quick Bites|12noon to 11pm(Mon-Sun)||NEW|NEW
Hotel Park Inn|300|North Indian|Varanasi|Mahmoorganj|https://www.zomato.com/varanasi/hotel-park-inn-mahmoorganj/info|36|Quick Bites|10am to 11pm(Mon-Sun)||NEW|NEW
Garden Bar|700|Finger Food|Varanasi|Hotel KamesHut-- Chetganj|https://www.zomato.com/varanasi/garden-bar-chetganj/info|36|Bar|11am to 11pm(Mon-Sun)|Not rated|-|-
The Celebrations Restaurant & Cafe|400|North Indian|Varanasi|Sigra|https://www.zomato.com/varanasi/the-celebrations-restaurant-cafe-sigra/info|36|Quick Bites|11am to 11pm(Mon-Sun)||NEW|NEW
The Green House|400|North Indian|Varanasi|Nadesar|https://www.zomato.com/varanasi/the-green-house-nadesar/info|36|Casual Dining|11am to 1030pm(Mon-Sun)|Not rated|-|-
Darpan Restaurant|300|North Indian|Varanasi|Nadesar|https://www.zomato.com/varanasi/darpan-restaurant-nadesar/info|36|Quick Bites|11am to 11pm(Mon-Sun)|Not rated|-|-
Hunger Point|200|North Indian,Chinese,Fast Food|Varanasi|Lanka|https://www.zomato.com/varanasi/hunger-point-lanka/info|36|Quick Bites|11am to 11pm(Mon-Sun)|Not rated|-|-
The Heavan|800|North Indian|Varanasi|Nadesar|https://www.zomato.com/varanasi/the-heavan-nadesar/info|36|Casual Dining|11am to 1030pm(Mon-Sun)|Not rated|-|-
Dehati Chulha|450|North Indian|Varanasi|Nadesar|https://www.zomato.com/varanasi/dehati-chulha-nadesar/info|37|Quick Bites|11am to 1030pm(Mon-Sun)||NEW|NEW
Dosa Bhavanam|300|South Indian|Varanasi|Dashaswmedh Road|https://www.zomato.com/varanasi/dosa-bhavanam-dashaswmedh-road/info|37|Quick Bites|11am to 11pm(Mon-Sun)|Not rated|-|-
Taste Of Banaras|300|Fast Food|Varanasi|Assi Ghat|https://www.zomato.com/varanasi/taste-of-banaras-assi-ghat/info|37|Quick Bites|11am to 11pm(Mon-Sun)|Not rated|-|-
UBQ by Barbeque Nation|1000|North Indian|Varanasi|Bhikharipur Kala|https://www.zomato.com/varanasi/ubq-by-barbeque-nation-bhikharipur-kala/info|37|none|12noon to 330pm,630pm to 11pm(Mon-Sun)|Not rated|-|-
Om Yadav Hotel|300|North Indian|Varanasi|Durgakund|https://www.zomato.com/varanasi/om-yadav-hotel-durgakund/info|37|Quick Bites|11am to 11pm(Mon-Sun)||NEW|NEW
BMC China Town|250|Chinese,Fast Food|Varanasi|Bhelupur|https://www.zomato.com/varanasi/bmc-china-town-bhelupur/info|37|Quick Bites|8am to 1030pm(Mon-Sun)||NEW|NEW
Moon Light Restaurant|300|North Indian|Varanasi|Pandeypur|https://www.zomato.com/varanasi/moon-light-restaurant-pandeypur/info|37|Quick Bites|11am to 1030pm(Mon-Sun)||NEW|NEW
Shree Kashi Cafe|350|South Indian,North Indian,Chinese|Varanasi|Godaulia|https://www.zomato.com/varanasi/shree-kashi-cafe-1-godaulia/info|37|Quick Bites|830am to 1030pm(Mon-Sun)||NEW|NEW
Blue Star Restaurant|400|North Indian,Chinese|Varanasi|Sarnath|https://www.zomato.com/varanasi/blue-star-restaurant-sarnath/info|37|Quick Bites|7am to 11pm(Mon-Sun)||NEW|NEW
Eatery Restaurant|500|South Indian,Chinese,North Indian|Varanasi|Shivala|https://www.zomato.com/varanasi/eatery-restaurant-shivala/info|37|Casual Dining|8am to 11pm(Mon-Sun)|Not rated|-|-
Yadav Restaurant|300|North Indian,Chinese|Varanasi|Chetganj|https://www.zomato.com/varanasi/yadav-restaurant-chetganj/info|37|Quick Bites|8am to 130am(Mon-Sun)||NEW|NEW
H.K. Family Restaurant|0|South Indian,North Indian,Chinese|Varanasi|Shastri Nagar|https://www.zomato.com/varanasi/h-k-family-restaurant-shastri-nagar/info|37|Casual Dining|10am to 1030pm(Mon-Sun)|Not rated|-|-
Zaika|650|Mughlai|Varanasi|Bhelupur|https://www.zomato.com/varanasi/zaika-bhelupur/info|4|Casual Dining|11am to 11pm(Mon-Sun)|Average|2.8|155
Cafe 65|400|Biryani,North Indian,Chinese|Varanasi|Durgakund|https://www.zomato.com/varanasi/cafe-65-durgakund/info|4|Quick Bites|11am to 11pm(Mon-Sun)|Good|3.8|160
Momo Time|150|Tibetan,Momos|Varanasi|Nadesar|https://www.zomato.com/varanasi/momo-time-nadesar/info|4|Quick Bites|11am to 11pm(Mon-Sun)|Very Good|4.2|107
Haldi|500|Chinese,Continental,South Indian|Varanasi|Bhelupur|https://www.zomato.com/varanasi/haldi-bhelupur/info|4|Casual Dining|1030am to 1030pm(Mon-Sun)|Good|3.7|199
Pizzeria Vaatika Cafe|700|Italian,Pizza,North Indian|Varanasi|Assi Ghat|https://www.zomato.com/varanasi/pizzeria-vaatika-cafe-assi-ghat/info|4|Quick Bites|730am to 10pm(Mon-Sun)|Very Good|4.2|446
Cafebility|600|Cafe,Continental|Varanasi|Vinayak Plaza-- Chetganj|https://www.zomato.com/varanasi/cafebility-chetganj/info|4|Café|10am to 10pm(Mon-Sun)|Very Good|4.4|234
Shahi Daya Restaurant|650|North Indian,South Indian,Chinese|Varanasi|Sigra|https://www.zomato.com/varanasi/shahi-daya-restaurant-sigra/info|4|Casual Dining|930am to 1030pm(Mon-Sun)|Very Good|4.0|139
I:ba Cafe & Restaurant|1000|Japanese,American,North Indian,Fast Food|Varanasi|Shivala|https://www.zomato.com/varanasi/i-ba-cafe-restaurant-shivala/info|4|Casual Dining|10am to 11pm(Mon-Sun)|Very Good|4.0|150
KBC- Kabab Biryani & Curries|300|Biryani,North Indian,Roast Chicken,Mughlai|Varanasi|Sigra|https://www.zomato.com/varanasi/kbc-kabab-biryani-curries-sigra/info|4|Quick Bites|12noon to 11pm(Mon-Sun)|Very Good|4.1|121
The Belgian Waffle Co|300|Desserts|Varanasi|Bhelupur|https://www.zomato.com/varanasi/the-belgian-waffle-co-3-bhelupur/info|4|Dessert Parlor|11am to 1230AM(Mon-Sun)|Very Good|4.2|134
The Barbeque Kitchen|800|North Indian,Continental|Varanasi|Mahmoorganj|https://www.zomato.com/varanasi/the-barbeque-kitchen-mahmoorganj/info|4|Casual Dining|11am to 11pm(Mon-Sun)|Good|3.9|148
Shahi Restaurant|500|North Indian,Chinese,South Indian|Varanasi|Godaulia|https://www.zomato.com/varanasi/shahi-restaurant-godaulia/info|4|Casual Dining|930am to 1040pm(Mon-Sun)|Good|3.9|180
Central Conversations Cafe|600|Cafe|Varanasi|Lanka|https://www.zomato.com/varanasi/central-conversations-cafe-lanka/info|4|Café|11am to 11pm(Mon-Sun)|Very Good|4.0|51
Nonsense Fast food|200|Fast Food,Chinese|Varanasi|Bhelupur|https://www.zomato.com/varanasi/nonsense-fast-food-bhelupur/info|4|Quick Bites|2pm to 10pm(Mon-Sun)|Very Good|4.1|194
The Taste Factory|850|North Indian,Chinese,Mughlai|Varanasi|Mahmoorganj|https://www.zomato.com/varanasi/the-taste-factory-2-mahmoorganj/info|4|Quick Bites|11am to 10pm(Mon-Sun)|Very Good|4.3|106
Goli Vada Pav|150|Street Food|Varanasi|Lanka|https://www.zomato.com/varanasi/goli-vada-pav-lanka/info|5|Quick Bites|11am to 1030pm(Mon-Sun)|Good|3.8|177
The Big Tamaasha Cafe|1000|North Indian,Continental|Varanasi|Sigra|https://www.zomato.com/varanasi/the-big-tamaasha-cafe-sigra/info|5|Bar|12noon to 1030pm(Mon-Sun)|Very Good|4.1|68
Kalika Restaurant|200|North Indian,Mughlai,Rolls|Varanasi|Chetganj|https://www.zomato.com/varanasi/kalika-restaurant-chetganj/info|5|Quick Bites|12noon to 11pm(Mon-Sun)|Good|3.8|174
Kalika Family Restaurant|800|North Indian,Biryani,Chinese|Varanasi|Lanka|https://www.zomato.com/varanasi/kalika-family-restaurant-1-lanka/info|5|Casual Dining|1030am to 10pm(Mon-Sun)|Good|3.9|190
Biryani Headquarter|300|Biryani|Varanasi|Lanka|https://www.zomato.com/varanasi/biryani-headquarter-lanka/info|5|none|(Mon-Sun)|Good|3.6|187
B.B.C. Hotel & Restaurant|300|Chinese,North Indian,South Indian|Varanasi|Lanka|https://www.zomato.com/varanasi/b-b-c-hotel-restaurant-lanka/info|5|Dhaba|11am to 11pm(Mon-Sun)|Good|3.7|144
Western Street Cafè n Restaurant.|500|North Indian,Continental|Varanasi|Bhelupur|https://www.zomato.com/varanasi/western-street-cafè-n-restaurant-bhelupur/info|5|Casual Dining|11am to 11pm(Mon-Sun)|Good|3.8|123
Downtown Pizza|800|Beverages,Italian,Pizza|Varanasi|Assi Ghat|https://www.zomato.com/varanasi/downtown-pizza-2-assi-ghat/info|5|Quick Bites|10am to 10pm(Mon-Sun)|Good|3.5|131
BSB Local|800|Chinese,Continental,North Indian|Varanasi|Mahmoorganj|https://www.zomato.com/varanasi/bsb-local-mahmoorganj/info|5|Casual Dining|11am to 11pm(Mon-Sun)|Good|3.8|151
Flavours Cafe|400|Cafe,Italian,North Indian|Varanasi|Lanka|https://www.zomato.com/varanasi/flavours-cafe-lanka/info|5|Café|10am to 10pm(Mon-Sun)|Good|3.8|192
Stark Bistro|1000|Italian,Pizza,North Indian,Chinese|Varanasi|Lanka|https://www.zomato.com/varanasi/stark-bistro-lanka/info|5|Casual Dining|9am to 10pm(Mon-Sun)|Good|3.6|70
Interval|700|North Indian,Chinese|Varanasi|Bhelupur|https://www.zomato.com/varanasi/interval-bhelupur/info|5|Casual Dining|11am to 1030pm(Mon-Sun)|Good|3.6|115
Sri Annapurna|700|North Indian,South Indian|Varanasi|Jaitpura|https://www.zomato.com/varanasi/sri-annapurna-jaitpura/info|5|Quick Bites|9am to 10pm(Mon-Sun)|Good|3.9|177
The London Shakes & Cafe|300|Italian,Beverages,Street Food|Varanasi|Bhelupur|https://www.zomato.com/varanasi/the-london-shakes-cafe-bhelupur/info|5|Café|11am to 10pm(Mon-Sun)|Good|3.7|66
Basant Bahar Delight|300|Beverages,Fast Food,Desserts,Italian|Varanasi|Chetganj|https://www.zomato.com/varanasi/basant-bahar-delight-chetganj/info|5|Quick Bites|11am to 11pm(Mon-Sun)|Very Good|4.1|66
Timeout Cafe|800|Cafe,Fast Food|Varanasi|Vinayak Plaza-- Chetganj|https://www.zomato.com/varanasi/timeout-cafe-chetganj/info|6|Café|11am to 10pm(Mon,Tue,Wed,Thu,Fri,Sun),9am...|Good|3.8|121
Shree Shivay|800|North Indian|Varanasi|Nadesar|https://www.zomato.com/varanasi/shree-shivay-nadesar/info|6|Fine Dining|10am to 1112pm(Mon),10am to 11pm...|Very Good|4.0|109
Kathi Junction|300|Fast Food|Varanasi|Lanka|https://www.zomato.com/varanasi/kathi-junction-1-lanka/info|6|Quick Bites|12noon to 11pm(Mon-Sun)|Very Good|4.0|123
Riding Chefs|300|Fast Food,American|Varanasi|Sigra|https://www.zomato.com/varanasi/riding-chefs-sigra/info|6|none|6pm to 12midnight(Mon),12noon to 12midnight(Tue...|Very Good|4.0|34
Hari Vilaas|800|Indian,Chinese,Italian,Mexican|Varanasi|Sigra|https://www.zomato.com/varanasi/hari-vilaas-sigra/info|6|Casual Dining|8am to 10pm(Mon-Sun)|Good|3.8|115
Bindaas Restaurant|500|North Indian,South Indian,Chinese,Fast Food|Varanasi|Lanka|https://www.zomato.com/varanasi/bindaas-restaurant-lanka/info|6|Casual Dining|10am to 10pm(Mon-Sun)|Average|2.8|131
Keshav Kunj Family Restaurant|500|South Indian,North Indian,Chinese|Varanasi|Nadesar|https://www.zomato.com/varanasi/keshav-kunj-family-restaurant-nadesar/info|6|Casual Dining|10am to 10pm(Mon-Sun)|Very Good|4.0|101
Sri Naivedyam|500|North Indian,South Indian|Varanasi|Mahmoorganj|https://www.zomato.com/varanasi/sri-naivedyam-mahmoorganj/info|6|Casual Dining|9am to 10pm(Mon-Sun)|Good|3.6|105
Moti Mahal Delux|1100|North Indian,Mughlai,Chinese|Varanasi|Sigra|https://www.zomato.com/varanasi/moti-mahal-delux-sigra/info|6|Casual Dining|1230pm to 11pm(Mon-Sun)|Good|3.6|119
Saffron Veg Restaurant|700|North Indian,South Indian,Chinese|Varanasi|Godaulia|https://www.zomato.com/varanasi/saffron-veg-restaurant-godaulia/info|6|Casual Dining|930am to 1130pm(Mon-Sun)|Good|3.8|140
Dosa Cafe|450|South Indian|Varanasi|Dashaswmedh Road|https://www.zomato.com/varanasi/dosa-cafe-dashaswmedh-road/info|6|Casual Dining|10am to 9pm(Mon,Tue,Thu,Fri,Sat,Sun),Closed...|Very Good|4.0|93
Diamond Hotel|1000|North Indian,Continental,South Indian|Varanasi|Bhelupur|https://www.zomato.com/varanasi/diamond-hotel-bhelupur/info|6|Casual Dining|1230pm to 3pm,7pm to 1030pm(Mon-Sun)|Very Good|4.1|78
Petal Of Love And Cake|200|Bakery,Desserts,Beverages|Varanasi|Godaulia|https://www.zomato.com/varanasi/petal-of-love-and-cake-1-godaulia/info|6|Dessert Parlor|11am to 10pm(Mon-Sun)|Very Good|4.0|41
The Big Chilli|300|North Indian,Chinese|Varanasi|Nadesar|https://www.zomato.com/varanasi/the-big-chilli-nadesar/info|6|Quick Bites|11am to 1030pm(Mon-Sun)|Good|3.6|102
Canton Royale Restaurant - Hotel Surya|1500|North Indian,Continental,Mediterranean|Varanasi|Hotel Surya-- Nadersar|https://www.zomato.com/varanasi/canton-royale-restaurant-hotel-surya-nadesar/info|6|Fine Dining|11am to 11pm(Mon-Sun)|Very Good|4.1|64
One Bite|450|Italian,Fast Food|Varanasi|Lanka|https://www.zomato.com/varanasi/one-bite-lanka/info|7|Quick Bites|1030am to 11pm(Mon-Sun)|Very Good|4.0|30
Super Delicious Food|300|Chinese,Fast Food|Varanasi|Lanka|https://www.zomato.com/varanasi/super-delicious-food-lanka/info|7|Quick Bites|11am to 10pm(Mon-Sun)|Good|3.8|87
Champaran Restaurant|500|North Indian,Chinese,Mughlai|Varanasi|Bhelupur|https://www.zomato.com/varanasi/champaran-restaurant-bhelupur/info|7|Quick Bites|11am to 11pm(Mon-Sun)|Average|3.2|85
Tadka Restaurant|250|North Indian,South Indian,Continental,Chinese|Varanasi|Sigra|https://www.zomato.com/varanasi/tadka-restaurant-sigra/info|7|Quick Bites|11am to 11pm(Mon-Sun)|Average|3.2|98
Dolphin Restaurant|700|North Indian,Mughlai,Continental|Varanasi|Dashaswmedh Road|https://www.zomato.com/varanasi/dolphin-restaurant-dashaswmedh-road/info|7|Casual Dining|8am to 11am(Mon-Sun)|Good|3.7|42
Sri Annapurna Sweet Shop & Snacks|400|Desserts,South Indian|Varanasi|Bhelupur|https://www.zomato.com/varanasi/sri-annapurna-sweet-shop-snacks-bhelupur/info|7|Quick Bites|9am to 9pm(Mon-Sun)|Good|3.8|96
Food Mohalla|600|Fast Food,Italian|Varanasi|Bhelupur|https://www.zomato.com/varanasi/food-mohalla-bhelupur/info|7|Casual Dining|11am to 11pm(Mon-Sun)|Good|3.9|29
Muskan Kalika Family Restaurant|400|North Indian,Chinese|Varanasi|Chetganj|https://www.zomato.com/varanasi/muskan-kalika-family-restaurant-1-chetganj/info|7|Quick Bites|11am to 11pm(Mon-Sun)|Good|3.8|106
AFC Restaurant|350|Fast Food,North Indian,Chinese|Varanasi|Nadesar|https://www.zomato.com/varanasi/afc-restaurant-nadesar/info|7|Quick Bites|10am to 11pm(Mon-Sun)|Good|3.9|116
Wat-a-Burger|350|Burger|Varanasi|Bhelupur|https://www.zomato.com/varanasi/wat-a-burger-bhelupur/info|7|Quick Bites|10am to 11pm(Mon-Sun)|Good|3.9|71
Champaran Meat House|300|Mughlai|Varanasi|Lanka|https://www.zomato.com/varanasi/champaran-meat-house-lanka/info|7|Quick Bites|12noon to 10pm(Mon-Sun)|Average|3.2|104
Waah Mumbai!|400|Continental,Desserts|Varanasi|Bhelupur|https://www.zomato.com/varanasi/waah-mumbai-bhelupur/info|7|Quick Bites|1150am to 1030pm(Mon-Sun)|Very Good|4.0|120
Brown Bread Bakery|500|Bakery,Cafe,Continental|Varanasi|Dashaswmedh Road|https://www.zomato.com/varanasi/brown-bread-bakery-dashaswmedh-road/info|7|Quick Bites|7am to 10pm(Mon-Sun)|Good|3.6|73
Satkar Family Restaurant|550|North Indian,Chinese|Varanasi|Lanka|https://www.zomato.com/varanasi/satkar-family-restaurant-lanka/info|7|Casual Dining|10am to 12midnight(Mon-Sun)|Very Good|4.0|106
Petoo|800|North Indian,Biryani|Varanasi|Sigra|https://www.zomato.com/varanasi/petoo-sigra/info|7|Casual Dining|11am to 10pm(Mon-Sun)|Good|3.5|59
Saharsa Restaurant|400|North Indian,Chinese|Varanasi|Lanka|https://www.zomato.com/varanasi/saharsa-restaurant-lanka/info|8|Quick Bites|11am to 11pm(Mon-Sun)|Very Good|4.0|85
Food Express|400|North Indian,Mughlai,Chinese|Varanasi|Nadesar|https://www.zomato.com/varanasi/food-express-1-nadesar/info|8|Quick Bites|11am to 11pm(Mon-Sun)|Good|3.9|84
Coral Brown|400|Bakery|Varanasi|Sigra|https://www.zomato.com/varanasi/coral-brown-1-sigra/info|8|Bakery|10am to 10pm(Mon-Sun)|Good|3.8|24
Potli Baati Chokha Restaurant|300|Bihari|Varanasi|Bhelupur|https://www.zomato.com/varanasi/potli-baati-chokha-restaurant-bhelupur/info|8|Casual Dining|12noon to 10pm(Mon-Sun)|Good|3.6|32
Koyla Junction|500|Mughlai|Varanasi|Nadesar|https://www.zomato.com/varanasi/koyla-junction-4-nadesar/info|8|Quick Bites|11am to 11pm(Mon,Tue,Wed,Thu,Sat,Sun),11am...|Average|3.4|64
Giani's|300|Desserts,Ice Cream,Beverages|Varanasi|Nadesar|https://www.zomato.com/varanasi/gianis-nadesar/info|8|Dessert Parlor|12noon to 12midnight(Mon-Sun)|Very Good|4.1|99
Recipe Inn Restaurant|300|Chinese,North Indian|Varanasi|Nadesar|https://www.zomato.com/varanasi/recipe-inn-restaurant-nadesar/info|8|Quick Bites|11am to 830pm(Mon-Sun)|Good|3.8|52
Chhappan Bhog Restaurant|600|North Indian,Mithai,Fast Food|Varanasi|Nadesar|https://www.zomato.com/varanasi/chhappan-bhog-restaurant-nadesar/info|8|Quick Bites|10am to 10pm(Mon-Sun)|Good|3.6|67
Cafe Coffee Day|500|Cafe|Varanasi|JHV Mall-- Nadesar|https://www.zomato.com/varanasi/cafe-coffee-day-nadesar/info|8|Café|10am to 9pm(Mon-Sun)|Average|2.7|49
Dada's Cafe|100|South Indian,Chinese|Varanasi|Chetganj|https://www.zomato.com/varanasi/dadas-cafe-chetganj/info|8|Quick Bites|1pm to 10pm(Mon-Sun)|Good|3.6|25
Rajesh Sweets|400|Mithai|Varanasi|Jaitpura|https://www.zomato.com/varanasi/rajesh-sweets-jaitpura/info|8|Sweet Shop|9am to 10pm(Mon-Sun)|Good|3.7|47
Rita Ice Cream|100|Ice Cream|Varanasi|Chetganj|https://www.zomato.com/varanasi/rita-ice-cream-chetganj/info|8|none|11am to 930pm(Mon-Sun)|Average|3.3|35
GO 69 Pizza|300|Italian,Pizza|Varanasi|Nadesar|https://www.zomato.com/varanasi/go-69-pizza-nadesar/info|8|Quick Bites|10am to 10pm(Mon-Sun)|Average|3.4|25
Ganesh Chat Bhandar|100|Street Food,Chinese|Varanasi|Mahmoorganj|https://www.zomato.com/varanasi/ganesh-chat-bhandar-mahmoorganj/info|8|Quick Bites|3pm to 10pm(Mon-Wed),230pm to 10pm(Thu-Sun)|Average|3.4|50
Flour & Beans|500|Cafe,Bakery|Varanasi|Jaitpura|https://www.zomato.com/varanasi/flour-beans-jaitpura/info|8|Café|9am to 10pm(Mon-Sun)|Average|3.3|42
Phulwari Restaurant and Sami Cafe|450|Cafe|Varanasi|Godaulia|https://www.zomato.com/varanasi/phulwari-restaurant-and-sami-cafe-godaulia/info|9|Casual Dining|8am to 9pm(Mon-Sun)|Average|2.5|24
The Fooditch|250|North Indian,Fast Food|Varanasi|Bhelupur|https://www.zomato.com/varanasi/the-fooditch-bhelupur/info|9|Quick Bites|10am to 11pm(Mon-Sun)|Good|3.8|62
Chicago Pizza|500|Pizza,Italian,Continental,Fast Food|Varanasi|Nadesar|https://www.zomato.com/varanasi/chicago-pizza-nadesar/info|9|Quick Bites|11am to 1030pm(Mon-Sun)|Good|3.6|90
Jamuna Das Biscuits|350|Bakery|Varanasi|Sigra|https://www.zomato.com/varanasi/jamuna-das-biscuits-sigra/info|9|Bakery|11am to 10pm(Mon-Sun)|Good|3.7|32
Lemon Grass Fine Dine & Lounge Bar|750|Continental,North Indian,Chinese,Mughlai|Varanasi|Chetganj|https://www.zomato.com/varanasi/lemon-grass-fine-dine-lounge-bar-chetganj/info|9|Fine Dining|11am to 11pm(Mon-Sun)|Good|3.7|112
The Benaras Bakery|300|Bakery|Varanasi|Sigra|https://www.zomato.com/varanasi/the-benaras-bakery-sigra/info|9|Bakery|930am to 930pm(Mon-Sun)|Good|3.7|31
Mitra Da Dhaba|200|North Indian,Mughlai|Varanasi|Shastri Nagar|https://www.zomato.com/varanasi/mitra-da-dhaba-shastri-nagar/info|9|Quick Bites|12noon to 11pm(Mon-Sun)|Very Good|4.0|115
New Sagar Fast Food|200|Fast Food|Varanasi|Chetganj|https://www.zomato.com/varanasi/new-sagar-fast-food-chetganj/info|9|Quick Bites|12noon to 930pm(Mon-Sun)|Good|3.5|46
UP-65|800|North Indian,Chinese,South Indian|Varanasi|Sarnath|https://www.zomato.com/varanasi/up-65-sarnath/info|9|Casual Dining|11am to 11pm(Mon-Sun)|Good|3.6|89
Nitin Point & Fast Food|150|North Indian,South Indian,Chinese|Varanasi|Sigra|https://www.zomato.com/varanasi/nitin-point-fast-food-sigra/info|9|Quick Bites|11am to 9pm(Mon-Sun)|Good|3.7|23
Teekha Swad|400|North Indian,Chinese|Varanasi|Nadesar|https://www.zomato.com/varanasi/teekha-swad-nadesar/info|9|none|1pm to 10pm(Mon-Sun)|Good|3.6|24
Chicken Zaika|250|Mughlai|Varanasi|Nadesar|https://www.zomato.com/varanasi/chicken-zaika-2-nadesar/info|9|Quick Bites|4pm to 9pm(Mon-Sun)|Good|3.6|25
Meenu Sweets & Restaurant|350|South Indian,Fast Food|Varanasi|Chetganj|https://www.zomato.com/varanasi/meenu-sweets-restaurant-chetganj/info|9|Quick Bites|2pm to 1020pm(Mon-Sun)|Good|3.8|38
The King Momos|100|Chinese|Varanasi|Nadesar|https://www.zomato.com/varanasi/the-king-momos-nadesar/info|9|Quick Bites|3pm to 10pm(Mon-Sun)|Good|3.6|30
Republic Kitchen|500|North Indian|Varanasi|Bhelupur|https://www.zomato.com/varanasi/republic-kitchen-bhelupur/info|9|Quick Bites|11am to 11pm(Mon-Sun)|Good|3.6|65
