NAME|PRICE|CUSINE_CATEGORY|CITY|REGION|URL|PAGE NO|CUSINE TYPE|TIMING|RATING_TYPE|RATING|VOTES
TAPRI|200|Juices,Italian,Burger|Vellore|Katpadi|https://www.zomato.com/vellore/tapri-2-katpadi/info|1|Beverage Shop|1pm to 1030pm(Mon-Sun)|Good|3.8|103
The Vellore Kitchen|500|Chinese,South Indian|Vellore|Thottapalayam|https://www.zomato.com/vellore/the-vellore-kitchen-thottapalayam/info|1|Casual Dining|630am to 11pm(Mon-Sun)|Baik|3.5|78
Domino's Pizza|700|Pizza|Vellore|Gandhi Nagar|https://www.zomato.com/vellore/dominos-pizza-gandhi-nagar/info|1|Quick Bites|11am to 11pm(Mon-Sun)|Average|3.3|74
Earth Plate|1000|South Indian,North Indian,Chinese|Vellore|Thottapalayam|https://www.zomato.com/vellore/earth-plate-thottapalayam/info|1|Casual Dining|1230pm to 11pm(Mon-Sun)|Average|3.4|65
The Chocolate Room|500|Cafe,Desserts|Vellore|Katpadi|https://www.zomato.com/vellore/the-chocolate-room-katpadi/info|1|Café|11am to 1030pm(Mon-Sun)|Average|3.4|61
Vellore Biryani|500|South Indian,Biryani,Chinese,BBQ,Burger,Coffee and Tea,Continental,Fast Food|Vellore|Gandhi Nagar|https://www.zomato.com/vellore/vellore-biryani-gandhi-nagar/info|1|Casual Dining|11am to 11pm(Mon-Sun)|Average|3.1|79
Fry Yo|350|Fast Food|Vellore|Thottapalayam|https://www.zomato.com/vellore/fry-yo-thottapalayam/info|1|Quick Bites|11am to 11pm(Mon-Sun)|Biasa|3.4|85
Thangam Mess|250|Chettinad,South Indian|Vellore|Kosapet|https://www.zomato.com/vellore/thangam-mess-kosapet/info|1|Casual Dining|7am to 1030pm(Mon-Sun)|Average|3.4|32
China Town|400|Chinese,Thai|Vellore|Saidapet|https://www.zomato.com/vellore/china-town-saidapet/info|1|Casual Dining|12noon to 3pm,6pm to 11pm(Mon-Sun)|Average|3.3|48
The Drunken Monkey|300|Beverages,Sandwich,Wraps|Vellore|Katpadi|https://www.zomato.com/vellore/the-drunken-monkey-katpadi/info|1|Beverage Shop|8am to 11pm(Mon-Sun)|Good|3.5|36
Suvai Mess|250|South Indian|Vellore|Gandhi Nagar|https://www.zomato.com/vellore/suvai-mess-gandhi-nagar/info|1|Mess|7am to 1030pm(Mon-Sun)|Good|3.5|27
Rangalaya Royal|1000|South Indian,North Indian,Chinese,Continental,Italian|Vellore|Gandhi Nagar|https://www.zomato.com/vellore/rangalaya-royal-gandhi-nagar/info|1|Casual Dining|730am to 10am,7pm to 1030pm,1230pm to 330pm...|Average|3.2|17
Chick In Fried Chicken|350|Fast Food|Vellore|Katpadi|https://www.zomato.com/vellore/chick-in-fried-chicken-1-katpadi/info|1|Quick Bites|1030am to 1030pm(Mon-Sun)|Average|3.3|54
The Vellore Kitchen|350|Chettinad,South Indian,Chinese|Vellore|Kosapet|https://www.zomato.com/vellore/the-vellore-kitchen-kosapet/info|1|Casual Dining|630am to 11pm(Mon-Sun)|Average|3.2|53
Lassi Shop|250|Beverages|Vellore|Katpadi|https://www.zomato.com/vellore/lassi-shop-katpadi/info|1|Beverage Shop|11am to 11pm(Mon-Sun)|Good|3.5|38
New Palace Cafe|250|South Indian|Vellore|Thottapalayam|https://www.zomato.com/vellore/new-palace-cafe-thottapalayam/info|10|Quick Bites|7am to 11pm(Mon-Sun)|Not rated|-|-
The Coffee Point|100|Cafe|Vellore|Kosapet|https://www.zomato.com/vellore/the-coffee-point-kosapet/info|10|Café|9am to 1030pm(Mon-Sun)|Not rated|-|-
Vellore Kulfi Home|350|Ice Cream|Vellore|Katpadi|https://www.zomato.com/vellore/vellore-kulfi-home-katpadi/info|10|Dessert Parlor|11am to 11pm(Mon-Sun)|Not rated|-|-
ChatONChaat|400|North Indian,Street Food|Vellore|Kosapet|https://www.zomato.com/vellore/chatonchaat-kosapet/info|10|Quick Bites|430pm to 1030pm(Mon-Sun)||NEW|NEW
Anandha Bhavan|250|South Indian,Chinese|Vellore|Katpadi|https://www.zomato.com/vellore/anandha-bhavan-katpadi/info|10|Quick Bites|10am to 1030pm(Mon-Sun)|Not rated|-|-
R R Homely Restaurant|150|South Indian|Vellore|Kosapet|https://www.zomato.com/vellore/r-r-homely-restaurant-kosapet/info|10|Casual Dining|12noon to 330pm,6pm to 11pm(Mon-Sun)|Not rated|-|-
Bandhi Biriyani|250|Biryani|Vellore|Thottapalayam|https://www.zomato.com/vellore/bandhi-biriyani-thottapalayam/info|2|Quick Bites|11am to 1030pm(Mon-Sun)|Good|3.5|32
Calcutta Roll Centre|200|Rolls,Arabian,Biryani,Chinese|Vellore|Kosapet|https://www.zomato.com/vellore/calcutta-roll-centre-kosapet/info|2|Quick Bites|11am to 1030pm(Mon-Sun)|Average|3.4|35
Dosart|200|South Indian|Vellore|Katpadi|https://www.zomato.com/vellore/dosart-katpadi/info|2|Quick Bites|5pm to 1130pm(Mon-Sun)|Good|3.5|36
Domino's Pizza|400|Pizza|Vellore|Kosapet|https://www.zomato.com/vellore/dominos-pizza-kosapet/info|2|Casual Dining|11am to 11pm(Mon-Sun)|Average|3.3|49
Limra Student Restaurant|200|Chinese,North Indian,South Indian|Vellore|Katpadi|https://www.zomato.com/vellore/limra-student-restaurant-katpadi/info|2|Quick Bites|11am to 930pm(Mon-Sun)|Good|3.6|63
Vellore Delicacy Restaurant|300|South Indian,North Indian,Fast Food|Vellore|Gandhi Nagar|https://www.zomato.com/vellore/vellore-delicacy-restaurant-gandhi-nagar/info|2|Quick Bites|1130am to 1030pm(Mon-Sat),1130am to 330pm...|Average|3.4|13
Baby Restaurant|250|South Indian|Vellore|Kosapet|https://www.zomato.com/vellore/baby-restaurant-kosapet/info|2|Casual Dining|6am to 1130pm(Mon-Sun)|Average|3.3|36
Jalpaan|800|South Indian,North Indian,Chinese,Italian|Vellore|Thottapalayam|https://www.zomato.com/vellore/jalpaan-thottapalayam/info|2|Casual Dining|12noon to 330pm,7pm to 11pm(Mon-Sun)|Average|3.3|23
Wraps & Fries|250|Fast Food,Burger|Vellore|Katpadi|https://www.zomato.com/vellore/wraps-fries-katpadi/info|2|Quick Bites|11am to 11pm(Mon-Sun)|Average|3.3|9
Saleem Punjabi Dhaba|350|North Indian|Vellore|Katpadi|https://www.zomato.com/vellore/saleem-punjabi-dhaba-1-katpadi/info|2|Dhaba|12noon to 10pm(Mon-Sun)|Good|3.6|71
Grab & Go|100|Fast Food,Arabian|Vellore|Sathuvachari|https://www.zomato.com/vellore/grab-go-sathuvachari/info|2|Quick Bites|5pm to 11pm(Mon-Sun)|Average|3.3|17
Hotel Gyan Vaishnav Dhaba|250|North Indian,South Indian|Vellore|Saidapet|https://www.zomato.com/vellore/hotel-gyan-vaishnav-dhaba-saidapet/info|2|Quick Bites|1130am to 11pm(Mon-Sun)|Average|3.4|23
Saleem Punjabi Dhaba|250|North Indian|Vellore|Katpadi|https://www.zomato.com/vellore/saleem-punjabi-dhaba-katpadi/info|2|Dhaba||Average|3.3|52
Lassi.com|250|Beverages,Desserts|Vellore|Kosapet|https://www.zomato.com/vellore/lassi-com-kosapet/info|2|Beverage Shop|10am to 11pm(Mon-Sun)|Good|3.7|16
Cheap & Best|300|Chinese,North Indian|Vellore|Katpadi|https://www.zomato.com/vellore/cheap-best-katpadi/info|2|Quick Bites|11am to 10pm(Mon-Sun)|Good|3.5|31
R K Tandoori|300|Fast Food,South Indian|Vellore|Saidapet|https://www.zomato.com/vellore/r-k-tandoori-saidapet/info|3|Quick Bites|11am to 10pm(Mon-Sun)|Average|3.4|40
Limra Star Restaurant|350|Burger,Chinese,Indian|Vellore|Katpadi|https://www.zomato.com/vellore/limra-star-restaurant-katpadi/info|3|Quick Bites|10am to 9pm(Mon-Sun)|Good|3.5|35
Brewbakes|300|Cafe,Desserts,Fast Food|Vellore|Katpadi|https://www.zomato.com/vellore/brewbakes-katpadi/info|3|Café|10am to 1030pm(Mon-Sun)|Average|3.2|16
The China Valley Restaurant|200|Chinese,South Indian,Momos|Vellore|Katpadi|https://www.zomato.com/vellore/the-china-valley-restaurant-katpadi/info|3|Casual Dining|12noon to 10pm(Mon-Sun)|Average|3.3|41
Zeenath Restaurant|250|South Indian,North Indian,Fast Food|Vellore|Sathuvachari|https://www.zomato.com/vellore/zeenath-restaurant-sathuvachari/info|3|Quick Bites|11am to 10pm(Mon-Sun)|Good|3.5|32
Andhra Spice Multicuisine Restaurant|250|Chinese,North Indian|Vellore|Katpadi|https://www.zomato.com/vellore/andhra-spice-multicuisine-restaurant-katpadi/info|3|Quick Bites|12noon to 10pm(Mon-Sun)|Average|3.4|38
Apna Dhaba|350|Chinese,Indian|Vellore|Katpadi|https://www.zomato.com/vellore/apna-dhaba-katpadi/info|3|Casual Dining|10am to 10pm(Mon-Sun)|Good|3.5|30
Darling Barbeque|500|BBQ,Chinese,Kebab|Vellore|Gandhi Nagar|https://www.zomato.com/vellore/darling-barbeque-gandhi-nagar/info|3|Casual Dining|1130am to 3pm,730pm to 10pm(Mon-Sun)|Average|3.4|33
Friendly Cafe|300|Arabian,Chinese,North Indian,Rolls|Vellore|Katpadi|https://www.zomato.com/vellore/friendly-cafe-katpadi/info|3|Quick Bites|1130am to 10pm(Mon-Sun)|Average|3.3|10
Vellore Cafe|250|Burger,Fast Food|Vellore|Kosapet|https://www.zomato.com/vellore/vellore-cafe-kosapet/info|3|Quick Bites|11am to 11pm(Mon-Sun)|Average|3.3|17
Jothie Biryani|250|Biryani|Vellore|Saidapet|https://www.zomato.com/vellore/jothie-biryani-saidapet/info|3|Quick Bites|11am to 10pm(Mon-Sun)|Average|3.2|28
Swagath Dine Inn|300|Indian,Chinese|Vellore|Katpadi|https://www.zomato.com/vellore/swagath-dine-inn-katpadi/info|3|Quick Bites|1130am to 10pm(Mon-Sun)|Average|3.4|9
Qt50|250|Burger,Fast Food,Pizza|Vellore|Katpadi|https://www.zomato.com/vellore/qt50-katpadi/info|3|Quick Bites|10am to 10pm(Mon-Sun)|Average|3.3|19
Hotel You Think|250|South Indian|Vellore|RN Palayam|https://www.zomato.com/vellore/hotel-you-think-rn-palayam/info|3|Casual Dining|7am to 10am,7pm to 10pm,12noon to 3pm(Mon-Sun)|Good|3.5|14
Bihari Dhaba|200|North Indian,Chinese,Bihari|Vellore|Katpadi|https://www.zomato.com/vellore/bihari-dhaba-4-katpadi/info|3|Dhaba|(Mon-Sun)||NEW|NEW
Yaseen Dhaba|300|North Indian|Vellore|Katpadi|https://www.zomato.com/vellore/yaseen-dhaba-katpadi/info|4|Dhaba|10am to 1030pm(Mon-Sun)|Average|3.4|15
Punjabi Dhaba|300|North Indian|Vellore|Katpadi|https://www.zomato.com/vellore/punjabi-dhaba-katpadi/info|4|Quick Bites|1110am to 345pm,615pm to 10pm(Mon-Sun)|Average|3.2|24
Andhra Aunty Mess|250|Chinese,South Indian|Vellore|Katpadi|https://www.zomato.com/vellore/andhra-aunty-mess-katpadi/info|4|Mess|7am to 10pm(Mon-Sun)|Average|3.3|16
Royal Fast Food|250|Fast Food|Vellore|Saidapet|https://www.zomato.com/vellore/royal-fast-food-saidapet/info|4|Quick Bites|11am to 10pm(Mon-Sun)|Good|3.5|16
Rajshree Punjabi Dhaba|200|North Indian|Vellore|Katpadi|https://www.zomato.com/vellore/rajshree-punjabi-dhaba-katpadi/info|4|Dhaba|11am to 3pm,6pm to 10pm(Mon-Sun)|Good|3.5|9
Goli Vada Pav No:1|200|Street Food,Ice Cream|Vellore|Katpadi|https://www.zomato.com/vellore/goli-vada-pav-no-1-katpadi/info|4|Quick Bites|10am to 10pm(Mon-Sun)|Average|3.3|20
Green Kitchen|350|Chinese,North Indian,South Indian|Vellore|Katpadi|https://www.zomato.com/vellore/green-kitchen-katpadi/info|4|Quick Bites|10am to 10pm(Mon-Sun)|Average|3.3|20
King Fast Food|200|South Indian,Fast Food,North Indian|Vellore|Katpadi|https://www.zomato.com/vellore/king-fast-food-katpadi/info|4|Quick Bites|12noon to 10pm(Mon-Sun)|Average|3.3|11
Rajshree Mithai & Chats|200|Mithai,Fast Food,Juices|Vellore|Katpadi|https://www.zomato.com/vellore/rajshree-mithai-chats-katpadi/info|4|Quick Bites|10am to 10pm(Mon-Sun)|Average|3.4|10
Hart Lounge|250|North Indian,Chinese,BBQ,Arabian|Vellore|Katpadi|https://www.zomato.com/vellore/hart-lounge-3-katpadi/info|4|Casual Dining|(Mon-Sun)||NEW|NEW
Madras Spicy|350|South Indian,North Indian|Vellore|Gandhi Nagar|https://www.zomato.com/vellore/madras-spicy-gandhi-nagar/info|4|Quick Bites|11am to 11pm(Mon-Sun)|Average|3.4|11
Star Beef Sheek  Kabab|300|Fast Food|Vellore|Thorapadi|https://www.zomato.com/vellore/star-beef-sheek-kabab-thorapadi/info|4|Quick Bites|6pm to 10pm(Mon-Sun)|Average|3.4|14
Paaya Palace|200|South Indian|Vellore|Kosapet|https://www.zomato.com/vellore/paaya-palace-kosapet/info|4|none|9am to 10pm(Mon-Sun)|Average|3.3|8
Bismi Briyani|200|Biryani,Fast Food|Vellore|Katpadi|https://www.zomato.com/vellore/bismi-briyani-katpadi/info|4|Quick Bites|1130am to 230pm(Mon-Sun)|Average|3.2|9
Lassi Corner|200|Beverages,Fast Food|Vellore|Katpadi|https://www.zomato.com/vellore/lassi-corner-katpadi/info|4|Beverage Shop|11am to 1030pm(Mon-Sun)|Average|3.2|9
Five Star Chicken|350|Fast Food|Vellore|Katpadi|https://www.zomato.com/vellore/five-star-chicken-katpadi/info|5|Quick Bites|11am to 930pm(Mon-Sun)|Not rated|-|-
Jaff Beef Biriyani|200|North Indian,South Indian,Biryani|Vellore|Thottapalayam|https://www.zomato.com/vellore/jaff-beef-biriyani-thottapalayam/info|5|Quick Bites|11am to 10pm(Mon-Sun)|Average|3.3|13
Jazz Food Court|200|Fast Food,Chinese,Bengali,Arabian|Vellore|Saidapet|https://www.zomato.com/vellore/jazz-food-court-saidapet/info|5|Food Court|(Mon-Sun)||NEW|NEW
Darling Bakery|400|Bakery|Vellore|Gandhi Nagar|https://www.zomato.com/vellore/darling-bakery-gandhi-nagar/info|5|Bakery|9am to 930pm(Mon-Sun)|Average|3.2|13
The Thickshake Factory|350|Beverages,Desserts|Vellore|Katpadi|https://www.zomato.com/vellore/the-thickshake-factory-katpadi/info|5|Beverage Shop|10am to 10pm(Mon-Fri),11am to 11pm(Sat-Sun)|Average|3.2|10
Sandwich Square|300|Fast Food,Sandwich|Vellore|Gandhi Nagar|https://www.zomato.com/vellore/sandwich-square-gandhi-nagar/info|5|Quick Bites|10am to 10pm(Mon-Sun)|Average|3.2|8
Lassi Cream|150|Beverages,Ice Cream,Desserts|Vellore|Katpadi|https://www.zomato.com/vellore/lassi-cream-katpadi/info|5|Beverage Shop|10am to 1030pm(Mon-Sun)|Average|3.4|8
Bismillah Biriyani|200|Fast Food,Bengali,Biryani|Vellore|Saidapet|https://www.zomato.com/vellore/bismillah-biriyani-saidapet/info|5|Quick Bites|(Mon-Sun)||NEW|NEW
Cream n Fudge|300|Desserts,Ice Cream|Vellore|Gandhi Nagar|https://www.zomato.com/vellore/cream-n-fudge-gandhi-nagar/info|5|Dessert Parlor|10am to 10pm(Mon-Sun)|Average|3.3|8
Bamboo Tree|250|South Indian,North Indian,Chinese,Continental|Vellore|Katpadi|https://www.zomato.com/vellore/bamboo-tree-1-katpadi/info|5|Quick Bites|12noon to 10pm(Mon-Sun)|Not rated|-|-
Hotel Surabi|200|Arabian,Chinese,Indian,North Indian|Vellore|Hotel Surabi International-- Kosapet|https://www.zomato.com/vellore/hotel-surabi-kosapet/info|5|Casual Dining|7am to 10am,12noon to 4pm,7pm to 11pm(Mon-Sun)|Good|3.8|11
Bistro57|200|Beverages,Fast Food,Desserts,Coffee|Vellore|Katpadi|https://www.zomato.com/vellore/bistro57-katpadi/info|5|Quick Bites|11am to 1030pm(Mon-Sun)|Average|3.3|4
Domino's Pizza|400|Pizza,Fast Food|Vellore|Katpadi|https://www.zomato.com/vellore/dominos-pizza-katpadi/info|5|Quick Bites|11am to 7pm(Mon-Sun)|Average|3.2|4
Chetan Mess|150|South Indian,Kerala|Vellore|Katpadi|https://www.zomato.com/vellore/chetan-mess-katpadi/info|5|Mess|11am to 10pm(Mon-Sun)|Average|3.2|7
Rajshree Mithai Chats|200|North Indian|Vellore|Katpadi|https://www.zomato.com/vellore/rajshree-mithai-chats-1-katpadi/info|5|Sweet Shop|(Mon-Sun)||NEW|NEW
Sri Dhaba veg & non veg|250|Fast Food|Vellore|Katpadi|https://www.zomato.com/vellore/sri-dhaba-veg-non-veg-katpadi/info|6|none|11am to 10pm(Mon-Sun)|Average|3.3|13
Sri Krishna Sweets|350|Mithai|Vellore|Kosapet|https://www.zomato.com/vellore/sri-krishna-sweets-kosapet/info|6|Sweet Shop|830am to 10pm(Mon-Sun)|Not rated|-|-
Banaras Roti & Paratha Corner|150|Fast Food,North Indian,Juices|Vellore|Kosapet|https://www.zomato.com/vellore/banaras-roti-paratha-corner-kosapet/info|6|Quick Bites|11am to 1030pm(Mon-Sun)|Average|3.3|9
Baker's Hub|250|Bakery|Vellore|Gandhi Nagar|https://www.zomato.com/vellore/bakers-hub-gandhi-nagar/info|6|Bakery|10am to 10pm(Mon-Sun)|Average|3.2|5
Fresh Diet|150|Juices|Vellore|Katpadi|https://www.zomato.com/vellore/fresh-diet-katpadi/info|6|Beverage Shop|11am to 10pm(Mon-Sun)|Average|3.2|5
Lassi House|250|Juices|Vellore|Thottapalayam|https://www.zomato.com/vellore/lassi-house-thottapalayam/info|6|Beverage Shop|11am to 10pm(Mon-Sun)|Not rated|-|-
Om Sakthi Amma Biriyani|250|South Indian,Biryani|Vellore|Katpadi|https://www.zomato.com/vellore/om-sakthi-amma-biriyani-katpadi/info|6|Casual Dining|11am to 10pm(Mon-Sun)|Average|3.2|4
Lassi House|150|Juices,Desserts|Vellore|Katpadi|https://www.zomato.com/vellore/lassi-house-katpadi/info|6|Beverage Shop|10am to 10pm(Mon-Sun)|Average|3.2|5
Hotel Sai Suprabatham|200|South Indian,Chinese|Vellore|Kosapet|https://www.zomato.com/vellore/hotel-sai-suprabatham-kosapet/info|6|Casual Dining|7am to 10pm(Mon-Sun)|Average|3.2|4
Lava Cakes|350|Bakery,Burger|Vellore|Thottapalayam|https://www.zomato.com/vellore/lava-cakes-thottapalayam/info|6|Bakery|10am to 10pm(Mon-Sun)|Average|3.2|5
Sky Lounge|300|Fast Food,Chinese|Vellore|Katpadi|https://www.zomato.com/vellore/sky-lounge-katpadi/info|6|Lounge|(Mon-Sun)|Not rated|-|-
The China valley restaurant|300|Fast Food,Chinese,Biryani|Vellore|Katpadi|https://www.zomato.com/vellore/the-china-valley-restaurant-2-katpadi/info|6|none|11am to 10pm(Mon-Sun)|Not rated|-|-
The Hot Chicks|200|North Indian,Chinese|Vellore|Gandhi Nagar|https://www.zomato.com/vellore/the-hot-chicks-gandhi-nagar/info|6|none|(Mon-Sun)|Not rated|-|-
Sizzlers Pizza Inn|300|Fast Food|Vellore|Katpadi|https://www.zomato.com/vellore/sizzlers-pizza-inn-1-katpadi/info|6|Quick Bites|10am to 10pm(Mon-Sun)|Not rated|-|-
Habibi fast food|200|Fast Food,Chinese|Vellore|Thottapalayam|https://www.zomato.com/vellore/habibi-fast-food-1-thottapalayam/info|6|none|(Mon-Sun)||NEW|NEW
Paal Ice|600|Desserts,Ice Cream|Vellore|Thottapalayam|https://www.zomato.com/vellore/paal-ice-thottapalayam/info|7|Dessert Parlor|1130am to 1030pm(Mon-Sun)|Average|3.3|16
Nandhini Restaurant|350|South Indian,Chinese|Vellore|Kosapet|https://www.zomato.com/vellore/nandhini-restaurant-kosapet/info|7|Casual Dining|11am to 11pm(Mon-Sun)|Average|3.4|9
The Everest Biriyani|200|Biryani,Chinese,South Indian|Vellore|Saidapet|https://www.zomato.com/vellore/the-everest-biriyani-saidapet/info|7|Quick Bites|1130am to 1030pm(Mon-Sun)|Average|3.3|10
Moni Restaurant|300|Chinese|Vellore|Katpadi|https://www.zomato.com/vellore/moni-restaurant-katpadi/info|7|Quick Bites|6am to 11pm(Mon-Sun)|Average|3.3|20
Namma Veedu Asaiva Virundhu|0|South Indian|Vellore|Gandhi Nagar|https://www.zomato.com/vellore/namma-veedu-asaiva-virundhu-gandhi-nagar/info|7|Casual Dining|1130am to 3pm,630pm to 10pm(Mon-Sun)|Not rated|-|-
New Domeno Cakery|300|Burger,Pizza,Sandwich|Vellore|Katpadi|https://www.zomato.com/vellore/new-domeno-cakery-katpadi/info|7|Quick Bites|11am to 11pm(Mon-Sun)|Average|3.3|14
RR Roof top restaurant|400|South Indian|Vellore|Katpadi|https://www.zomato.com/vellore/rr-roof-top-restaurant-katpadi/info|7|Casual Dining|(Mon-Sun)||NEW|NEW
New Divine Cafe|200|South Indian|Vellore|Sathuvachari|https://www.zomato.com/vellore/new-divine-cafe-sathuvachari/info|7|Quick Bites|10am to 10pm(Mon-Sun)|Not rated|-|-
Hotel Vellore|200|Biryani,Fast Food|Vellore|Kosapet|https://www.zomato.com/vellore/hotel-vellore-kosapet/info|7|Quick Bites|11am to 10pm(Mon-Sun)|Not rated|-|-
Meena Mess|0|South Indian|Vellore|RN Palayam|https://www.zomato.com/vellore/meena-mess-rn-palayam/info|7|Mess|(Mon-Sun)||NEW|NEW
UBQ By Barbeque Nation|450|North Indian,BBQ,Kebab|Vellore|Kosapet|https://www.zomato.com/vellore/ubq-by-barbeque-nation-kosapet/info|7|none|12noon to 330pm,630pm to 1030pm(Mon-Sun)||NEW|NEW
Eat Me Crazy|200|North Indian,Chinese|Vellore|Katpadi|https://www.zomato.com/vellore/eat-me-crazy-katpadi/info|7|Quick Bites|11am to 1030pm(Mon-Sun)|Average|3.4|6
Sri Old Town|300|North Indian,Chinese,Arabian|Vellore|Katpadi|https://www.zomato.com/vellore/sri-old-town-katpadi/info|7|none|11am to 1030pm(Mon-Sun)|Average|3.2|5
Aahar Fort Kitchen|250|South Indian,Chinese|Vellore|Katpadi|https://www.zomato.com/vellore/aahar-fort-kitchen-1-katpadi/info|7|Quick Bites|11am to 1030pm(Mon-Sun)|Good|3.5|8
Sri Santhi Bakers|300|Bakery,Mithai,Street Food|Vellore|Thottapalayam|https://www.zomato.com/vellore/sri-santhi-bakers-thottapalayam/info|7|Bakery|9am to 1030pm(Mon-Sun)|Average|3.2|14
Alakar|400|Chinese,South Indian|Vellore|Gandhi Nagar|https://www.zomato.com/vellore/alakar-gandhi-nagar/info|8|Casual Dining|7am to 1030pm(Mon-Sun)|Average|3.2|18
Hotel Sai Suprabaatham|250|South Indian|Vellore|Thottapalayam|https://www.zomato.com/vellore/hotel-sai-suprabaatham-thottapalayam/info|8|Casual Dining|6am to 1030pm(Mon-Sun)|Average|3.3|5
Auro Cafe|250|South Indian|Vellore|Saidapet|https://www.zomato.com/vellore/auro-cafe-saidapet/info|8|Quick Bites|630am to 11pm(Mon-Sun)|Average|3.3|10
Nalan's Multicuisine Restaurant|300|Chinese,North Indian,South Indian|Vellore|Katpadi|https://www.zomato.com/vellore/nalans-multicuisine-restaurant-katpadi/info|8|Quick Bites|11am to 1030pm(Mon-Sun)|Average|3.2|10
Bangs Fried Chicken|300|Burger,Fast Food|Vellore|Gandhi Nagar|https://www.zomato.com/vellore/bangs-fried-chicken-gandhi-nagar/info|8|Quick Bites|11am to 11pm(Mon-Sun)|Average|3.2|4
Fresh & Fresh Juice|100|Juices|Vellore|Katpadi|https://www.zomato.com/vellore/fresh-fresh-juice-katpadi/info|8|Beverage Shop|1130am to 1030pm(Mon-Sun)|Average|3.2|6
Wangs Kitchen|500|Chinese|Vellore|Kosapet|https://www.zomato.com/vellore/wangs-kitchen-kosapet/info|8|Casual Dining|1130am to 1030pm(Mon-Sun)|Average|3.2|11
The Vellore Bakers|200|Bakery,Street Food|Vellore|Gandhi Nagar|https://www.zomato.com/vellore/the-vellore-bakers-gandhi-nagar/info|8|Bakery|9am to 1030pm(Mon-Sun)|Average|3.3|5
Lassi Shop|250|Beverages,Juices|Vellore|Kosapet|https://www.zomato.com/vellore/lassi-shop-kosapet/info|8|Beverage Shop|1130am to 1030pm(Mon,Tue,Wed,Thu,Sat,Sun)...|Not rated|-|-
Crispy House|250|Burger,Sandwich|Vellore|Katpadi|https://www.zomato.com/vellore/crispy-house-katpadi/info|8|Quick Bites|11am to 11pm(Mon-Sun)|Average|3.2|6
Royal Restaurant|600|Arabian,Chinese,North Indian|Vellore|Thottapalayam|https://www.zomato.com/vellore/royal-restaurant-thottapalayam/info|8|Casual Dining|11am to 11pm(Mon-Sun)|Not rated|-|-
Kulfi House|300|Ice Cream|Vellore|Katpadi|https://www.zomato.com/vellore/kulfi-house-katpadi/info|8|Dessert Parlor|11am to 11pm(Mon-Sun)|Average|3.2|12
Bombay Kulfi|150|Desserts,Ice Cream|Vellore|Katpadi|https://www.zomato.com/vellore/bombay-kulfi-katpadi/info|8|Dessert Parlor|11am to 11pm(Mon-Sun)|Not rated|-|-
Sri Amaravathi Fine Dinning Restaurant|250|South Indian,Chinese|Vellore|Katpadi|https://www.zomato.com/vellore/sri-amaravathi-fine-dinning-restaurant-katpadi/info|8|Casual Dining|1130am to 130pm,6pm to 1030pm(Mon-Sun)|Average|3.3|4
Harish Banyan|450|Chinese,North Indian,South Indian|Vellore|Harish Food Zone-- Kosapet|https://www.zomato.com/vellore/harish-banyan-kosapet/info|8|Casual Dining|11am to 11pm(Mon-Sun)|Average|3.2|7
Sakshi Food Corner|200|Chinese,North Indian,South Indian|Vellore|Katpadi|https://www.zomato.com/vellore/sakshi-food-corner-katpadi/info|9|Quick Bites|11am to 1030pm(Mon-Sun)|Not rated|-|-
A P Juice World|200|Juices,Beverages|Vellore|Katpadi|https://www.zomato.com/vellore/a-p-juice-world-katpadi/info|9|Quick Bites|10am to 1030pm(Mon-Sun)|Not rated|-|-
Aahar Punjabi Dhaba|300|North Indian|Vellore|Katpadi|https://www.zomato.com/vellore/aahar-punjabi-dhaba-katpadi/info|9|Dhaba|12noon to 1030pm(Mon-Sun)|Not rated|-|-
Sri Guru Nanak Punjabi Dhaba|350|North Indian|Vellore|Katpadi|https://www.zomato.com/vellore/sri-guru-nanak-punjabi-dhaba-katpadi/info|9|Dhaba|11am to 11pm(Mon-Sun)|Not rated|-|-
Chinese Aachi|400|North Indian|Vellore|Thottapalayam|https://www.zomato.com/vellore/chinese-aachi-thottapalayam/info|9|Casual Dining|730am to 1030pm(Mon-Sun)|Not rated|-|-
Bunkers Point|150|North Indian,Fast Food|Vellore|Katpadi|https://www.zomato.com/vellore/bunkers-point-katpadi/info|9|Quick Bites|11am to 1030pm(Mon-Sun)|Not rated|-|-
Chennai Kulfi|300|Ice Cream|Vellore|Gandhi Nagar|https://www.zomato.com/vellore/chennai-kulfi-gandhi-nagar/info|9|Dessert Parlor|1130am to 1030pm(Mon-Sun)|Not rated|-|-
Mumbai Kulfi|150|Desserts,Ice Cream|Vellore|Sathuvachari|https://www.zomato.com/vellore/mumbai-kulfi-sathuvachari/info|9|Dessert Parlor|11am to 1030pm(Mon-Sun)|Not rated|-|-
Palar Restaurant|500|Chinese,North Indian,South Indian|Vellore|Thottapalayam|https://www.zomato.com/vellore/palar-restaurant-thottapalayam/info|9|Casual Dining|730am to 11pm(Mon-Sun)|Not rated|-|-
Habibi Fast Food|250|Chinese,Fast Food|Vellore|Thottapalayam|https://www.zomato.com/vellore/habibi-fast-food-thottapalayam/info|9|Quick Bites|6pm to 1030pm(Mon-Sun)|Not rated|-|-
HOTEL GANESH BHAVAN|400|South Indian,Fast Food,Biryani|Vellore|Kosapet|https://www.zomato.com/vellore/hotel-ganesh-bhavan-kosapet/info|9|none|8am to 11pm(Mon-Sun)||NEW|NEW
Curry Idly|250|South Indian|Vellore|Katpadi|https://www.zomato.com/vellore/curry-idly-katpadi/info|9|Quick Bites|730am to 1030pm(Mon-Sun)|Not rated|-|-
Tajj Catering|200|Fast Food,Biryani,North Indian|Vellore|Saidapet|https://www.zomato.com/vellore/tajj-catering-saidapet/info|9|Quick Bites|8am to 1030pm(Mon-Sun)|Not rated|-|-
Andhra Mess|250|Fast Food,Chinese,North Indian,South Indian|Vellore|Katpadi|https://www.zomato.com/vellore/andhra-mess-katpadi/info|9|Quick Bites|12noon to 1030pm(Mon-Sun)|Not rated|-|-
Tenkasi Rahmath Restaurant|200|South Indian|Vellore|Thottapalayam|https://www.zomato.com/vellore/tenkasi-rahmath-restaurant-thottapalayam/info|9|Quick Bites|8am to 11pm(Mon-Sun)|Not rated|-|-
