NAME|PRICE|CUSINE_CATEGORY|CITY|REGION|URL|PAGE NO|CUSINE TYPE|TIMING|RATING_TYPE|RATING|VOTES
Madhurima Restaurant|400|South Indian,North Indian,Biryani|Vijayawada|Auto Nagar|https://www.zomato.com/vijayawada/madhurima-restaurant-auto-nagar/info|1|Casual Dining|12noon to 11pm(Mon-Sun)|Very Good|4.1|405
RR Durbar|400|Biryani,North Indian,Chinese,Seafood|Vijayawada|Auto Nagar|https://www.zomato.com/vijayawada/rr-durbar-auto-nagar/info|1|Casual Dining|11am to 1130pm(Mon-Sun)|Good|3.9|568
Barkaas Arabic Restaurant|550|Arabian,Biryani|Vijayawada|Labbipet|https://www.zomato.com/vijayawada/barkaas-arabic-restaurant-labbipet/info|1|Casual Dining|1215pm to 330pm,715pm to 1030pm...|Very Good|4.4|365
Khaan Saab|500|North Indian,Biryani,Andhra,Chinese|Vijayawada|Labbipet|https://www.zomato.com/vijayawada/khaan-saab-labbipet/info|1|Casual Dining|12noon to 4pm,7pm to 11pm(Mon-Sun)|Good|3.9|295
KFC|400|Fast Food|Vijayawada|Labbipet|https://www.zomato.com/vijayawada/kfc-1-labbipet/info|1|Quick Bites|1030am to 11pm(Mon-Sun)|Very Good|4.3|969
Burger King|500|Burger|Vijayawada|PVP Square Mall-- Labbipet|https://www.zomato.com/vijayawada/burger-king-labbipet/info|1|Quick Bites|11am to 11pm(Mon-Sun)|Very Good|4.4|691
Alankar Restaurant|300|South Indian,North Indian,Andhra|Vijayawada|Gandhi Nagar|https://www.zomato.com/vijayawada/alankar-restaurant-gandhi-nagar/info|1|Casual Dining|7am to 11pm(Mon-Sun)|Very Good|4.1|229
Andhra Spice|500|Biryani,South Indian,North Indian,Chinese,Seafood|Vijayawada|Labbipet|https://www.zomato.com/vijayawada/andhra-spice-labbipet/info|1|Quick Bites|11am to 1130pm(Mon,Tue,Wed,Thu,Sun),11am to ...|Very Good|4.3|289
Sri Anjaneya Restaurant|350|South Indian,Biryani,Chinese|Vijayawada|Governorpet|https://www.zomato.com/vijayawada/sri-anjaneya-restaurant-governorpet/info|1|Casual Dining|11am to 11pm(Mon-Sun)|Very Good|4.0|1413
Domino's Pizza|600|Pizza|Vijayawada|Governorpet|https://www.zomato.com/vijayawada/dominos-pizza-governorpet/info|1|Casual Dining|11am to 12midnight(Mon-Sun)|Very Good|4.1|531
Good Morning Fast Food|200|South Indian,Chinese,North Indian|Vijayawada|Christurajupuram|https://www.zomato.com/vijayawada/good-morning-fast-food-christurajupuram/info|1|Quick Bites|7am to 1030pm(Mon-Sun)|Very Good|4.1|269
Paradise|750|Biryani,North Indian|Vijayawada|Labbipet|https://www.zomato.com/vijayawada/paradise-labbipet/info|1|Casual Dining|11am to 11pm(Mon-Sun)|Good|3.5|452
RR's Durbar|450|Biryani,North Indian,Chinese|Vijayawada|Labbipet|https://www.zomato.com/vijayawada/rrs-durbar-labbipet/info|1|Casual Dining|11am to 1130pm(Mon-Sun)|Good|3.9|273
Nayudu Gari Kunda Biryani|250|Biryani|Vijayawada|Poranki|https://www.zomato.com/vijayawada/nayudu-gari-kunda-biryani-poranki/info|1|Quick Bites|11am to 1130pm(Mon-Sun)|Very Good|4.1|286
Hotel Srinivasa|250|South Indian,Biryani,Chinese|Vijayawada|Governorpet|https://www.zomato.com/vijayawada/hotel-srinivasa-governorpet/info|1|Casual Dining|11am to 11pm(Mon-Sun)|Very Good|4.3|278
Akbar Hotel|300|North Indian,South Indian,Biryani|Vijayawada|Islampet|https://www.zomato.com/vijayawada/akbar-hotel-islampet/info|10|Quick Bites|11am to 9pm(Mon-Sun)|Average|3.0|8
Sai Food Court|300|Chinese,Street Food|Vijayawada|Labbipet|https://www.zomato.com/vijayawada/sai-food-court-labbipet/info|10|Quick Bites|4pm to 10pm(Mon-Sun)|Average|3.3|8
Sri Vijayadurga|400|Biryani,North Indian,South Indian|Vijayawada|Gandhi Nagar|https://www.zomato.com/vijayawada/sri-vijayadurga-gandhi-nagar/info|10|Casual Dining|11am to 11pm(Mon-Sun)|Average|3.3|64
Dark Room|400|Fast Food|Vijayawada|Labbipet|https://www.zomato.com/vijayawada/dark-room-labbipet/info|10|Quick Bites|11am to 10pm(Mon-Sun)|Average|3.1|4
Jagadamba Restaurant - Hotel Manorama|400|North Indian,South Indian|Vijayawada|Governorpet|https://www.zomato.com/vijayawada/jagadamba-restaurant-hotel-manorama-governorpet/info|10|Casual Dining|10am to 10pm(Mon-Sun)|Not rated|-|-
Chatori|350|North Indian,South Indian|Vijayawada|Labbipet|https://www.zomato.com/vijayawada/chatori-labbipet/info|10|Casual Dining|10am to 10pm(Mon-Sun)|Not rated|-|-
S Multicuisine Restaurant - Hotel Manorama|600|North Indian,South Indian,Chinese|Vijayawada|Governorpet|https://www.zomato.com/vijayawada/s-multicuisine-restaurant-hotel-manorama-governorpet/info|10|Casual Dining|10am to 10pm(Mon-Sun)|Average|2.9|4
Magic Icecream by Sweet Magic|250|Ice Cream,Beverages|Vijayawada|Governorpet|https://www.zomato.com/vijayawada/magic-icecream-by-sweet-magic-1-governorpet/info|10|Dessert Parlor|10am to 10pm(Mon-Sun)|Not rated|-|-
Waves Bar & Restaurant - Hotel Manorama|600|North Indian,South Indian,Chinese|Vijayawada|Governorpet|https://www.zomato.com/vijayawada/waves-bar-restaurant-hotel-manorama-governorpet/info|10|Casual Dining|10am to 10pm(Mon-Sun)|Not rated|-|-
Satyam Gari Mess|500|North Indian|Vijayawada|Krishna Lanka|https://www.zomato.com/vijayawada/satyam-gari-mess-krishna-lanka/info|10|Mess|10am to 10pm(Mon-Sun)|Not rated|-|-
Karimulla Biryani Point|300|Biryani|Vijayawada|Islampet|https://www.zomato.com/vijayawada/karimulla-biryani-point-islampet/info|10|Quick Bites|12noon to 10pm(Mon-Sun)||NEW|NEW
YUMMY Sandwich Factory|200|Sandwich,Pizza,Fast Food|Vijayawada|Governorpet|https://www.zomato.com/vijayawada/yummy-sandwich-factory-governorpet/info|10|Quick Bites|11am to 12midnight(Mon-Sun)|Good|3.6|79
ICE MAGIC BY SWEET MAGIC|300|Desserts|Vijayawada|Auto Nagar|https://www.zomato.com/vijayawada/ice-magic-by-sweet-magic-auto-nagar/info|10|Dessert Parlor|10am to 10pm(Mon-Sun)|Not rated|-|-
Sri Durga Restaurant|200|Biryani,South Indian|Vijayawada|Labbipet|https://www.zomato.com/vijayawada/sri-durga-restaurant-labbipet/info|10|Quick Bites|11am to 10pm(Mon-Sun)|Not rated|-|-
Sri Amrutha Sai Fast Food|200|Fast Food|Vijayawada|Poranki|https://www.zomato.com/vijayawada/sri-amrutha-sai-fast-food-poranki/info|10|Quick Bites|8am to 10pm(Mon-Sun)|Not rated|-|-
Sri Sai Priyanka Restaurant|200|Biryani,North Indian,South Indian|Vijayawada|Labbipet|https://www.zomato.com/vijayawada/sri-sai-priyanka-restaurant-labbipet/info|11|Quick Bites|12noon to 10pm(Mon-Sun)|Not rated|-|-
Royal Garden Family Restaurant|300|Biryani,North Indian,South Indian|Vijayawada|Payakapuram|https://www.zomato.com/vijayawada/royal-garden-family-restaurant-payakapuram/info|11|Quick Bites|12noon to 10pm(Mon-Sun)|Not rated|-|-
Taste In|350|South Indian,Biryani|Vijayawada|Labbipet|https://www.zomato.com/vijayawada/taste-in-labbipet/info|11|Quick Bites|10am to 10pm(Mon-Sun)|Not rated|-|-
Apple Family Restaurant|250|Biryani,North Indian,South Indian|Vijayawada|Krishna Lanka|https://www.zomato.com/vijayawada/apple-family-restaurant-krishna-lanka/info|11|Quick Bites|12noon to 10pm(Mon-Sun)|Not rated|-|-
Euphoria|300|Desserts|Vijayawada|Labbipet|https://www.zomato.com/vijayawada/euphoria-labbipet/info|11|Dessert Parlor|||Opening|Opening
Sri Balaji Multi Cuisin Restaurant|300|Biryani,South Indian|Vijayawada|Labbipet|https://www.zomato.com/vijayawada/sri-balaji-multi-cuisin-restaurant-labbipet/info|11|Quick Bites|12noon to 10pm(Mon-Sun)|Not rated|-|-
Sudha Lakshmi Hotel|800|North Indian,South Indian|Vijayawada|Labbipet|https://www.zomato.com/vijayawada/sudha-lakshmi-hotel-1-labbipet/info|11|Casual Dining|10am to 10pm(Mon-Sun)|Not rated|-|-
Swaad Restaurant|400|Chinese,North Indian|Vijayawada|Poranki|https://www.zomato.com/vijayawada/swaad-restaurant-poranki/info|11|Casual Dining|11am to 1030pm(Mon-Sun)|Good|3.8|42
Rajadhani Biryani|250|Biryani|Vijayawada|Gandhi Nagar|https://www.zomato.com/vijayawada/rajadhani-biryani-gandhi-nagar/info|11|Quick Bites|10am to 330pm,7pm to 11pm(Mon-Sun)|Good|3.7|62
Sweet Magic|350|Chinese,Mithai,Street Food,Bakery,Pizza|Vijayawada|Governorpet|https://www.zomato.com/vijayawada/sweet-magic-1-governorpet/info|11|Quick Bites|10am to 11pm(Mon-Sun)|Good|3.6|33
GAD - The Gateway Hotel|2000|North Indian,Continental,Chinese|Vijayawada|The Gateway Hotel-- Labbipet|https://www.zomato.com/vijayawada/gad-the-gateway-hotel-labbipet/info|11|Fine Dining|11am to 530am(Mon-Sun)|Good|3.5|51
Meat & Eat|500|Fast Food|Vijayawada|Labbipet|https://www.zomato.com/vijayawada/meat-eat-labbipet/info|11|Quick Bites|11am to 1030pm(Mon-Sun)|Good|3.6|74
Jumping Beans|400|Chinese,North Indian,Beverages|Vijayawada|Auto Nagar|https://www.zomato.com/vijayawada/jumping-beans-auto-nagar/info|11|Quick Bites|11am to 11pm(Mon-Sun)|Very Good|4.0|28
Alpaharam's Bowl Concepts|300|North Indian,South Indian|Vijayawada|Governorpet|https://www.zomato.com/vijayawada/alpaharams-bowl-concepts-governorpet/info|11|Quick Bites|11am to 12midnight(Mon-Sun)|Good|3.6|29
The Shawarma Company|300|Arabian|Vijayawada|Labbipet|https://www.zomato.com/vijayawada/the-shawarma-company-labbipet/info|11|Quick Bites|12noon to 11pm(Mon-Sun)|Good|3.8|66
Anupama Family Garden Restaurant|200|North Indian,Chinese,Biryani,Seafood|Vijayawada|Governorpet|https://www.zomato.com/vijayawada/anupama-family-garden-restaurant-governorpet/info|12|Quick Bites|11am to 11pm(Mon-Sun)|Average|3.0|29
Dark  Stone|400|Ice Cream,Desserts,Beverages|Vijayawada|Gunadala|https://www.zomato.com/vijayawada/dark-stone-gunadala/info|12|Dessert Parlor|10am to 11pm(Mon-Sun)|Good|3.7|60
Continental Park Hotel|600|Continental,North Indian,Chinese|Vijayawada|Governorpet|https://www.zomato.com/vijayawada/continental-park-hotel-governorpet/info|12|Casual Dining|11am to 11pm(Mon-Sun)|Good|3.9|60
Drunken Monkey|400|Sandwich,Beverages|Vijayawada|Labbipet|https://www.zomato.com/vijayawada/drunken-monkey-labbipet/info|12|Beverage Shop|9am to 12midnight(Mon-Sun)|Good|3.5|64
10 Downing Street|1500|Continental,North Indian,Chinese|Vijayawada|PVP Square Mall-- Labbipet|https://www.zomato.com/vijayawada/10-downing-street-labbipet/info|12|Casual Dining|12noon to 12midnight(Mon-Sun)|Good|3.9|54
Pabrai's Fresh & Naturelle Icecreams|300|Ice Cream,Desserts|Vijayawada|Labbipet|https://www.zomato.com/vijayawada/pabrais-fresh-naturelle-icecreams-labbipet/info|12|Dessert Parlor|10am to 11pm(Mon-Sun)|Very Good|4.1|54
The Frozen Creamery|250|Desserts|Vijayawada|Labbipet|https://www.zomato.com/vijayawada/the-frozen-creamery-labbipet/info|12|Dessert Parlor|1030am to 1030pm(Mon-Sun)|Good|3.8|64
Hotel Swarna Heights|200|Biryani,North Indian,South Indian,Chinese|Vijayawada|Labbipet|https://www.zomato.com/vijayawada/hotel-swarna-heights-1-labbipet/info|12|Casual Dining|8am to 1030pm(Mon-Sun)|Average|2.9|45
Ragada Wale|100|Fast Food|Vijayawada|Labbipet|https://www.zomato.com/vijayawada/ragada-wale-1-labbipet/info|12|Quick Bites|1pm to 11pm(Mon-Sun)|Average|2.7|17
Jaya Durga Takeaway|200|Biryani|Vijayawada|Labbipet|https://www.zomato.com/vijayawada/jaya-durga-takeaway-labbipet/info|12|Quick Bites|11am to 11pm(Mon-Sun)|Good|3.7|42
The Shawarma Company|300|Fast Food|Vijayawada|Auto Nagar|https://www.zomato.com/vijayawada/the-shawarma-company-auto-nagar/info|12|Quick Bites|11am to 1230AM(Mon-Sun)|Good|3.8|21
New Chand Hotel|300|South Indian|Vijayawada|Islampet|https://www.zomato.com/vijayawada/new-chand-hotel-islampet/info|12|Casual Dining|11am to 11pm(Mon-Sun)|Good|3.9|42
Hotel Ilapuram|800|Biryani,North Indian,South Indian,Chinese,Beverages|Vijayawada|Gandhi Nagar|https://www.zomato.com/vijayawada/hotel-ilapuram-gandhi-nagar/info|12|Casual Dining|7am to 11pm(Mon-Sun)|Good|3.5|52
Havmor Have Fun|200|Ice Cream,Beverages|Vijayawada|Labbipet|https://www.zomato.com/vijayawada/havmor-have-fun-labbipet/info|12|Dessert Parlor|1130am to 12midnight(Mon-Sun)|Good|3.5|48
The Charlie Chaplin Restaurant|800|North Indian,South Indian|Vijayawada|Labbipet|https://www.zomato.com/vijayawada/the-charlie-chaplin-restaurant-labbipet/info|12|Casual Dining|12noon to 1030pm(Mon),1130am to 1030pm(Tue-Sun)|Average|3.2|41
Young India Family Restaurant|700|North Indian|Vijayawada|Gunadala|https://www.zomato.com/vijayawada/young-india-family-restaurant-gunadala/info|13|Casual Dining|7am to 1030pm(Mon-Sun)|Good|3.7|43
Sweet Magic Mithai Shop Restaurant|350|South Indian,North Indian,Chinese,Biryani,Bakery|Vijayawada|Labbipet|https://www.zomato.com/vijayawada/sweet-magic-mithai-shop-restaurant-labbipet/info|13|Casual Dining|11am to 11pm(Mon-Sun)|Good|3.8|40
Alpaharam's  Kitchen Secrets|500|Fast Food,North Indian|Vijayawada|Governorpet|https://www.zomato.com/vijayawada/alpaharams-kitchen-secrets-governorpet/info|13|Quick Bites|1230pm to 12midnight(Mon-Sun)|Good|3.7|33
Hyderabad Dum Biryani|250|Biryani|Vijayawada|Auto Nagar|https://www.zomato.com/vijayawada/hyderabad-dum-biryani-auto-nagar/info|13|Quick Bites|1130am to 4pm,6pm to 1030pm(Mon-Sun)|Average|2.7|51
NSM Family Restaurant|400|South Indian,North Indian|Vijayawada|Gandhi Nagar|https://www.zomato.com/vijayawada/nsm-family-restaurant-gandhi-nagar/info|13|Casual Dining|11am to 11pm(Mon-Sat),Closed(Sun)|Average|2.7|33
Hotel Pride Madhava|400|Andhra,North Indian,Biryani,Beverages|Vijayawada|Auto Nagar|https://www.zomato.com/vijayawada/hotel-pride-madhava-auto-nagar/info|13|Quick Bites|10am to 11pm(Mon-Sun)|Good|3.7|30
8 Millet House|200|Healthy Food,South Indian|Vijayawada|Labbipet|https://www.zomato.com/vijayawada/8-millet-house-1-labbipet/info|13|Quick Bites|11am to 12midnight(Mon-Sun)|Good|3.7|29
Indo Spicy Village|1000|South Indian|Vijayawada|Poranki|https://www.zomato.com/vijayawada/indo-spicy-village-poranki/info|13|Casual Dining|12noon to 330pm,7pm to 11pm(Mon-Sun)|Good|3.7|32
Gatox Naturals|150|Ice Cream|Vijayawada|Auto Nagar|https://www.zomato.com/vijayawada/gatox-naturals-auto-nagar/info|13|Dessert Parlor|11am to 11pm(Mon-Sun)|Very Good|4.1|41
Southern Spice Takeaway|250|Biryani,North Indian,Chinese|Vijayawada|Labbipet|https://www.zomato.com/vijayawada/southern-spice-takeaway-labbipet/info|13|Quick Bites|12noon to 330pm,630pm to 1030pm(Mon-Sun)|Good|3.5|43
Thancos Natural Ice cream|200|Ice Cream|Vijayawada|Labbipet|https://www.zomato.com/vijayawada/thancos-natural-ice-cream-labbipet/info|13|Dessert Parlor|11am to 1259AM(Mon-Sun)|Good|3.7|43
Santo's Kitchen|800|South Indian,North Indian,Chinese|Vijayawada|Labbipet|https://www.zomato.com/vijayawada/santos-kitchen-labbipet/info|13|Casual Dining|12noon to 330pm,7pm to 11pm(Mon-Sun)|Good|3.6|49
Shakes N Slices|350|Desserts|Vijayawada|Auto Nagar|https://www.zomato.com/vijayawada/shakes-n-slices-auto-nagar/info|13|Dessert Parlor|10am to 11pm(Mon-Sun)|Good|3.8|32
Keventers|400|Desserts,Beverages,Ice Cream|Vijayawada|PVP Square Mall-- Labbipet|https://www.zomato.com/vijayawada/keventers-1-labbipet/info|13|Beverage Shop|11am to 11pm(Mon-Sun)|Good|3.6|30
Ideal Biryani's|150|Biryani|Vijayawada|Labbipet|https://www.zomato.com/vijayawada/ideal-biryanis-labbipet/info|13|Quick Bites|11am to 11pm(Mon-Sun)|Average|3.4|28
Idly & Idly|300|South Indian,Andhra|Vijayawada|Labbipet|https://www.zomato.com/vijayawada/idly-idly-labbipet/info|14|Quick Bites|8am to 1130am,5pm to 1040pm(Mon-Sun)|Average|2.5|49
Shakes & Burgers|200|Fast Food,Beverages|Vijayawada|Labbipet|https://www.zomato.com/vijayawada/shakes-burgers-labbipet/info|14|Quick Bites|930am to 11pm(Mon-Sun)|Good|3.6|18
1947 restaurant|450|North Indian,Chinese,South Indian|Vijayawada|Gollapudi|https://www.zomato.com/vijayawada/1947-restaurant-gollapudi/info|14|Quick Bites|11am to 1045pm(Mon-Sun)|Good|3.6|33
Beyond Temptation|500|Pizza,Sandwich,Burger,Beverages,Cafe|Vijayawada|Machavaram|https://www.zomato.com/vijayawada/beyond-temptation-machavaram/info|14|Casual Dining|11am to 11pm(Mon-Sun)|Good|3.6|27
Wings n Prawns|350|Fast Food|Vijayawada|Labbipet|https://www.zomato.com/vijayawada/wings-n-prawns-labbipet/info|14|Food Court|10am to 11pm(Mon-Sun)|Good|3.5|36
Tuba|800|Biryani,North Indian,Continental,Chinese,Salad|Vijayawada|Labbipet|https://www.zomato.com/vijayawada/tuba-labbipet/info|14|Casual Dining|12noon to 11pm(Mon-Sun)|Good|3.8|42
The Mom's Kitchen|800|South Indian,North Indian,Chinese|Vijayawada|Labbipet|https://www.zomato.com/vijayawada/the-moms-kitchen-labbipet/info|14|Casual Dining|11am to 11pm(Mon-Sun)|Average|3.4|34
Sha's Bawarchi|400|North Indian,Arabian,Hyderabadi|Vijayawada|Gollapudi|https://www.zomato.com/vijayawada/shas-bawarchi-gollapudi/info|14|Casual Dining|12noon to 11pm(Mon-Sun)|Good|3.5|36
Veg Treat|400|Chinese,Fast Food,Sandwich,Pizza,Desserts,Beverages|Vijayawada|Islampet|https://www.zomato.com/vijayawada/veg-treat-islampet/info|14|Casual Dining|11am to 11pm(Mon-Sun)|Good|3.6|28
Dimmy Pan Palace|400|Street Food|Vijayawada|Labbipet|https://www.zomato.com/vijayawada/dimmy-pan-palace-labbipet/info|14|Quick Bites|10am to 11pm(Mon-Sun)|Average|2.8|34
Masqati|300|Fast Food,Beverages|Vijayawada|Ramavarappadu|https://www.zomato.com/vijayawada/masqati-ramavarappadu/info|14|Dessert Parlor|10am to 11pm(Mon-Sun)|Good|3.6|44
RR's Joints|600|Biryani,North Indian,South Indian,Chinese,Seafood|Vijayawada|Auto Nagar|https://www.zomato.com/vijayawada/rrs-joints-auto-nagar/info|14|Quick Bites|11am to 1130pm(Mon-Sun)|Average|3.3|11
Ganguru Biryani|250|Biryani|Vijayawada|Poranki|https://www.zomato.com/vijayawada/ganguru-biryani-poranki/info|14|Quick Bites|12noon to 11pm(Mon-Sun)|Average|3.0|14
Shawarma Bites and Foods|200|Fast Food|Vijayawada|Poranki|https://www.zomato.com/vijayawada/shawarma-bites-and-foods-poranki/info|14|none|2pm to 11pm(Mon-Sun)|Average|3.3|12
Village Aaharam - Organic Hotel|350|South Indian|Vijayawada|Auto Nagar|https://www.zomato.com/vijayawada/village-aaharam-organic-hotel-auto-nagar/info|14|Casual Dining|1130am to 1030pm(Mon-Sun)|Good|3.6|19
Bake Well|200|Bakery,Pizza,Burger,Sandwich|Vijayawada|Islampet|https://www.zomato.com/vijayawada/bake-well-islampet/info|15|Quick Bites|11am to 11pm(Mon-Sun)|Average|3.1|22
Gelato Italiano|250|Ice Cream|Vijayawada|Labbipet|https://www.zomato.com/vijayawada/gelato-italiano-labbipet/info|15|Dessert Parlor|11am to 11pm(Mon-Sun)|Average|3.4|24
Bismillah Biryani And Fast Food|350|Biryani,South Indian|Vijayawada|Krishna Lanka|https://www.zomato.com/vijayawada/bismillah-biryani-and-fast-food-krishna-lanka/info|15|Quick Bites|11am to 11pm(Mon-Sun)|Average|3.2|31
Southern Spice|400|South Indian,North Indian|Vijayawada|Auto Nagar|https://www.zomato.com/vijayawada/southern-spice-auto-nagar/info|15|Casual Dining|11am to 3pm,6pm to 11pm(Mon-Sun)|Good|3.5|28
Kitkat|400|Fast Food|Vijayawada|Auto Nagar|https://www.zomato.com/vijayawada/kitkat-auto-nagar/info|15|Quick Bites|10am to 12midnight(Mon-Sun)|Good|3.6|23
Sweet Magic Mithai Shop|350|Mithai|Vijayawada|Labbipet|https://www.zomato.com/vijayawada/sweet-magic-mithai-shop-labbipet/info|15|Sweet Shop|11am to 11pm(Mon-Sun)|Average|3.4|27
Ice Magic|300|Ice Cream,Sandwich|Vijayawada|Labbipet|https://www.zomato.com/vijayawada/ice-magic-labbipet/info|15|Quick Bites|11am to 11pm(Mon-Sun)|Good|3.8|25
Hotel Indraprasttha|400|South Indian,North Indian,Chinese|Vijayawada|Labbipet|https://www.zomato.com/vijayawada/hotel-indraprasttha-labbipet/info|15|Casual Dining|12noon to 330pm,7pm to 11pm(Mon-Sun)|Average|3.4|33
B.R More Biryani's|750|Biryani,South Indian|Vijayawada|Labbipet|https://www.zomato.com/vijayawada/b-r-more-biryanis-labbipet/info|15|Food Court|1130am to 1030pm(Mon-Sun)|Good|3.5|42
Seven Days|350|Bakery|Vijayawada|Governorpet|https://www.zomato.com/vijayawada/seven-days-governorpet/info|15|Bakery|11am to 1030pm(Mon-Sun)|Good|3.6|33
Aroma Restaurant|800|South Indian,North Indian|Vijayawada|Gunadala|https://www.zomato.com/vijayawada/aroma-restaurant-gunadala/info|15|Casual Dining|11am to 11pm(Mon-Sun)|Average|3.1|41
Thanmayi Inn|450|South Indian,North Indian|Vijayawada|Auto Nagar|https://www.zomato.com/vijayawada/thanmayi-inn-auto-nagar/info|15|Casual Dining|1230pm to 4pm,7pm to 11pm(Mon-Sun)|Average|2.9|38
Sai Ram Tiffins Mess|200|South Indian,Chinese,Andhra|Vijayawada|Labbipet|https://www.zomato.com/vijayawada/sai-ram-tiffins-mess-labbipet/info|15|Quick Bites|7am to 1030pm(Mon-Sun)|Good|3.5|13
The Tea Planet|300|Tea,Fast Food|Vijayawada|Christurajupuram|https://www.zomato.com/vijayawada/the-tea-planet-christurajupuram/info|15|Beverage Shop|11am to 11pm(Mon-Sun)|Average|3.4|17
Sai Ganesh Food Junction|300|South Indian|Vijayawada|Gandhi Nagar|https://www.zomato.com/vijayawada/sai-ganesh-food-junction-gandhi-nagar/info|15|Quick Bites|11am to 11pm(Mon-Sun)|Average|3.4|15
Gusto's|400|Italian,Mexican|Vijayawada|Labbipet|https://www.zomato.com/vijayawada/gustos-labbipet/info|16|Quick Bites|9am to 11pm(Mon-Sun)|Average|3.3|12
Grand Dil Punjabi|350|North Indian,South Indian,Chinese|Vijayawada|Ramavarappadu|https://www.zomato.com/vijayawada/grand-dil-punjabi-ramavarappadu/info|16|Casual Dining|12noon to 4pm,630pm to 1030pm(Mon-Sun)|Good|3.5|46
OYALO|300|Pizza|Vijayawada|Auto Nagar|https://www.zomato.com/vijayawada/oyalo-auto-nagar/info|16|Quick Bites|12noon to 11pm(Mon-Sun)|Good|3.5|19
Hash on Fire|400|Continental,Chinese|Vijayawada|Labbipet|https://www.zomato.com/vijayawada/hash-on-fire-labbipet/info|16|Casual Dining|11am to 11pm(Mon-Sun)|Average|3.2|14
Celebrations Drive Inn|1000|Chinese,North Indian,Ice Cream|Vijayawada|Celebrations Drive Inn-- Enkepadu|https://www.zomato.com/vijayawada/celebrations-drive-inn-enikepadu/info|16|Casual Dining|11am to 12midnight(Mon-Sun)|Good|3.5|38
Spudato|350|Chinese|Vijayawada|Labbipet|https://www.zomato.com/vijayawada/spudato-labbipet/info|16|Quick Bites|4pm to 11pm(Mon-Sun)||NEW|NEW
Scoops Icecream|400|Ice Cream|Vijayawada|Labbipet|https://www.zomato.com/vijayawada/scoops-icecream-labbipet/info|16|Dessert Parlor|10am to 1059pm(Mon-Sun)|Good|3.6|28
Alankar Restaurant Sweets and Bakers|300|Bakery,North Indian,South Indian,Chinese|Vijayawada|Labbipet|https://www.zomato.com/vijayawada/alankar-restaurant-sweets-and-bakers-labbipet/info|16|Bakery|8am to 12midnight(Mon-Sun)|Good|3.5|29
Woods Restaurant|400|Andhra,Fast Food,American,Continental,Biryani,North Indian|Vijayawada|Gunadala|https://www.zomato.com/vijayawada/woods-restaurant-gunadala/info|16|Quick Bites|12noon to 1030pm(Mon-Sun)|Average|3.4|35
Hodzaa|250|Chinese|Vijayawada|PVP Square Mall-- Labbipet|https://www.zomato.com/vijayawada/hodzaa-labbipet/info|16|Quick Bites|11am to 1030pm(Mon-Sun)|Average|3.3|31
Amma Restaurant|500|North Indian|Vijayawada|Labbipet|https://www.zomato.com/vijayawada/amma-restaurant-labbipet/info|16|Casual Dining|12noon to 330pm,7pm to 11pm(Mon-Sun)|Average|3.4|14
Veggies|400|North Indian,Street Food|Vijayawada|Labbipet|https://www.zomato.com/vijayawada/veggies-labbipet/info|16|Food Court|1030am to 11pm(Mon-Sun)|Average|2.9|16
Sai Manogna Restaurant|200|Biryani,Chinese|Vijayawada|Krishna Lanka|https://www.zomato.com/vijayawada/sai-manogna-restaurant-krishna-lanka/info|16|Quick Bites|11am to 1130pm(Mon-Sun)|Average|3.2|10
Sweet Magic Mithai Shop|350|South Indian,North Indian|Vijayawada|Labbipet|https://www.zomato.com/vijayawada/sweet-magic-mithai-shop-1-labbipet/info|16|Casual Dining|11am to 11pm(Mon-Sun)|Average|3.4|27
Rasika - Hotel Kosala|350|South Indian,Continental,Chinese|Vijayawada|Governorpet|https://www.zomato.com/vijayawada/rasika-hotel-kosala-governorpet/info|16|Casual Dining|830am to 11pm(Mon-Sun)|Average|2.8|16
The League Sports Bar Lounge|500|South Indian,North Indian,Continental,Chinese,Finger Food|Vijayawada|Labbipet|https://www.zomato.com/vijayawada/the-league-sports-bar-lounge-labbipet/info|17|Pub|11am to 11pm(Mon-Sun)|Average|3.4|13
Lassi Shop|150|Juices|Vijayawada|Governorpet|https://www.zomato.com/vijayawada/lassi-shop-governorpet/info|17|Beverage Shop|10am to 1030pm(Mon-Sun)|Average|3.3|30
DS Milk World|200|Beverages,Fast Food|Vijayawada|Poranki|https://www.zomato.com/vijayawada/ds-milk-world-poranki/info|17|Quick Bites|9am to 11pm(Mon-Sun)||NEW|NEW
Taj Restaurant|400|South Indian,Chinese,Biryani|Vijayawada|Auto Nagar|https://www.zomato.com/vijayawada/taj-restaurant-auto-nagar/info|17|Casual Dining|1130am to 4pm,6pm to 1030pm(Mon-Sun)|Average|2.9|20
Kwality Walls Happiness Station|250|Ice Cream,Desserts|Vijayawada|Labbipet|https://www.zomato.com/vijayawada/kwality-walls-happiness-station-1-labbipet/info|17|Dessert Parlor|10am to 11pm(Mon-Sun)|Good|3.8|23
Live Kitchen|600|North Indian,Chinese,Continental,South Indian|Vijayawada|Auto Nagar|https://www.zomato.com/vijayawada/live-kitchen-auto-nagar/info|17|Quick Bites|12noon to 330pm,7pm to 1030pm(Mon-Sun)|Average|3.1|15
Hotel Tilottama Grand|300|South Indian,Biryani|Vijayawada|Governorpet|https://www.zomato.com/vijayawada/hotel-tilottama-grand-governorpet/info|17|Casual Dining|12noon to 11pm(Mon-Sun)|Average|3.4|14
Pauras - Snacks Street|150|Fast Food,Continental,Chinese,Desserts,Beverages|Vijayawada|Auto Nagar|https://www.zomato.com/vijayawada/pauras-snacks-street-auto-nagar/info|17|Quick Bites|1030am to 12midnight(Mon-Sun)|Good|3.5|15
Royal Spice|700|Continental|Vijayawada|Gandhi Nagar|https://www.zomato.com/vijayawada/royal-spice-gandhi-nagar/info|17|Casual Dining|10am to 11pm(Mon-Sun)|Average|3.4|30
7th Heaven|400|Desserts,Bakery|Vijayawada|Christurajupuram|https://www.zomato.com/vijayawada/7th-heaven-christurajupuram/info|17|Dessert Parlor|11am to 1030pm(Mon-Sun)|Average|3.3|13
Dakshin Restaurant|350|South Indian,North Indian,Chinese|Vijayawada|Shri Ramachandra Nagar|https://www.zomato.com/vijayawada/dakshin-restaurant-shri-ramachandra-nagar/info|17|Casual Dining|11am to 3pm,7pm to 11pm(Mon-Sun)|Average|3.0|12
Srimata Foods|400|Biryani,Fast Food|Vijayawada|Poranki|https://www.zomato.com/vijayawada/srimata-foods-poranki/info|17|Quick Bites|12noon to 3pm,6pm to 1030pm(Mon-Sun)|Average|3.0|9
Bamboo House|300|Biryani,South Indian|Vijayawada|Auto Nagar|https://www.zomato.com/vijayawada/bamboo-house-auto-nagar/info|17|Quick Bites|11am to 11pm(Mon-Sun)|Average|3.3|21
Amul Ice Cream Parlour|400|Ice Cream|Vijayawada|Auto Nagar|https://www.zomato.com/vijayawada/amul-ice-cream-parlour-auto-nagar/info|17|Dessert Parlor|11am to 11pm(Mon-Sun)|Average|3.0|12
Innotel Hotel|1000|North Indian,Continental,Chinese|Vijayawada|Gunadala|https://www.zomato.com/vijayawada/innotel-hotel-gunadala/info|17|Casual Dining|12noon to 1030pm(Mon-Sun)|Good|3.5|22
Senenade - Manor Food Plaza|500|North Indian|Vijayawada|Labbipet|https://www.zomato.com/vijayawada/senenade-manor-food-plaza-labbipet/info|18|Quick Bites|11am to 11pm(Mon-Sun)|Average|3.1|14
Arya Bhavan|500|South Indian,North Indian|Vijayawada|Gandhi Nagar|https://www.zomato.com/vijayawada/arya-bhavan-gandhi-nagar/info|18|Casual Dining|8am to 1030pm(Mon-Sun)|Average|3.4|15
Bites Pizza And Burger|300|Pizza,Burger|Vijayawada|Labbipet|https://www.zomato.com/vijayawada/bites-pizza-and-burger-labbipet/info|18|Quick Bites|11am to 11pm(Mon-Sun)|Good|3.7|23
Hotel Sarovar|200|South Indian,Andhra|Vijayawada|Governorpet|https://www.zomato.com/vijayawada/hotel-sarovar-governorpet/info|18|Casual Dining|1130am to 11pm(Mon-Sun)|Average|3.3|13
Hazel Ice Cream|300|Desserts,Ice Cream|Vijayawada|Labbipet|https://www.zomato.com/vijayawada/hazel-ice-cream-labbipet/info|18|Dessert Parlor|11am to 12midnight(Mon-Sun)|Average|3.3|7
Shawarma|150|Rolls|Vijayawada|Labbipet|https://www.zomato.com/vijayawada/shawarma-labbipet/info|18|Quick Bites|4pm to 11pm(Mon-Sun)|Average|3.4|13
Lazizian Restaurant|300|Mughlai,Chinese|Vijayawada|Labbipet|https://www.zomato.com/vijayawada/lazizian-restaurant-labbipet/info|18|Quick Bites|11am to 11pm(Mon-Sun)|Good|3.5|21
Seven Days|350|Bakery|Vijayawada|Labbipet|https://www.zomato.com/vijayawada/seven-days-labbipet/info|18|Bakery|9am to 1030pm(Mon-Sun)|Average|3.4|18
Sri Vijaya Bakery|200|Bakery|Vijayawada|Islampet|https://www.zomato.com/vijayawada/sri-vijaya-bakery-3-islampet/info|18|Bakery|930am to 1030pm(Mon-Sun)|Average|3.3|12
Amma Hotel|350|South Indian|Vijayawada|Islampet|https://www.zomato.com/vijayawada/amma-hotel-islampet/info|18|Casual Dining|11am to 11pm(Mon-Sun)|Average|2.8|22
Hotel Midcity|700|North Indian,South Indian,Chinese|Vijayawada|Labbipet|https://www.zomato.com/vijayawada/hotel-midcity-labbipet/info|18|Casual Dining|8am to 11am,1130am to 11pm(Mon-Sun)|Good|3.5|12
Olive Tree Hotel|400|South Indian,North Indian,Continental|Vijayawada|Gollapudi|https://www.zomato.com/vijayawada/olive-tree-hotel-gollapudi/info|18|Casual Dining|11am to 11pm(Mon-Sun)|Good|3.6|20
Seetaiah Idly & Dosa Corner|150|South Indian|Vijayawada|Governorpet|https://www.zomato.com/vijayawada/seetaiah-idly-dosa-corner-governorpet/info|18|Quick Bites|4pm to 1130pm(Mon-Sun)|Average|3.3|8
Route 5 Restaurant|800|South Indian,Indian|Vijayawada|Governorpet|https://www.zomato.com/vijayawada/route-5-restaurant-governorpet/info|18|Bar|11am to 12midnight(Mon-Sun)|Average|3.3|13
Ghazal - Hotel Kosala|500|North Indian|Vijayawada|Governorpet|https://www.zomato.com/vijayawada/ghazal-hotel-kosala-governorpet/info|18|Casual Dining|11am to 11pm(Mon-Sun)|Average|2.9|10
Om Annapurna Family Restaurant|400|South Indian,Andhra|Vijayawada|PNT Colony|https://www.zomato.com/vijayawada/om-annapurna-family-restaurant-pnt-colony/info|19|Casual Dining|11am to 11pm(Mon-Sun)|Average|3.2|7
Akhira Paradise|700|North Indian,South Indian|Vijayawada|Auto Nagar|https://www.zomato.com/vijayawada/akhira-paradise-auto-nagar/info|19|Casual Dining|12noon to 11pm(Mon-Sun)||NEW|NEW
Cherry's The Sweet Way|250|Desserts|Vijayawada|Labbipet|https://www.zomato.com/vijayawada/cherrys-the-sweet-way-labbipet/info|19|Dessert Parlor|9am to 1030pm(Mon-Sun)|Average|2.8|14
Natural's2go|200|Sandwich,Burger,Beverages|Vijayawada|Trendset Mall-- Labbipet|https://www.zomato.com/vijayawada/naturals2go-labbipet/info|19|Beverage Shop|11am to 11pm(Mon-Sun)|Average|3.1|12
Baskin Robbins|300|Ice Cream,Desserts|Vijayawada|Labbipet|https://www.zomato.com/vijayawada/baskin-robbins-labbipet/info|19|Dessert Parlor|11am to 1030pm(Mon-Sun)|Average|3.2|6
Nawab's Biryani Takeaway|300|Biryani|Vijayawada|Auto Nagar|https://www.zomato.com/vijayawada/nawabs-biryani-takeaway-auto-nagar/info|19|Quick Bites|11am to 11pm(Mon-Sun)|Average|3.1|17
Sai Durga Bhavani Hotel|300|South Indian,Andhra|Vijayawada|Poranki|https://www.zomato.com/vijayawada/sai-durga-bhavani-hotel-poranki/info|19|Casual Dining|10am to 11pm(Mon-Sun)|Average|3.0|19
Taaj Hotel|300|Biryani|Vijayawada|Gandhi Nagar|https://www.zomato.com/vijayawada/taaj-hotel-gandhi-nagar/info|19|Quick Bites|1130am to 11pm(Mon),11am to 11pm(Tue-Sun)|Average|3.2|4
Muthu's Idli|150|South Indian,Chinese|Vijayawada|Gandhi Nagar|https://www.zomato.com/vijayawada/muthus-idli-gandhi-nagar/info|19|Quick Bites|8am to 1130pm(Mon-Sun)|Average|2.9|4
Hotel Lazeez|500|South Indian,North Indian,Biryani|Vijayawada|Krishna Lanka|https://www.zomato.com/vijayawada/hotel-lazeez-krishna-lanka/info|19|Casual Dining|10am to 11pm(Mon-Sun)|Average|3.2|9
Guavaz Scoops Of Nature|300|Desserts|Vijayawada|Labbipet|https://www.zomato.com/vijayawada/guavaz-scoops-of-nature-labbipet/info|19|Dessert Parlor|10am to 11pm(Mon-Sun)|Average|3.2|6
Hotel City Central - Citrus|300|North Indian,Chinese|Vijayawada|Governorpet|https://www.zomato.com/vijayawada/hotel-city-central-citrus-governorpet/info|19|Quick Bites|8am to 11pm(Mon-Sun)|Average|3.3|6
Noodle oodle|400|Chinese|Vijayawada|Labbipet|https://www.zomato.com/vijayawada/noodle-oodle-labbipet/info|19|Casual Dining|12noon to 4pm,7pm to 11pm(Mon-Sun)|Average|3.3|13
Spring Potato|100|Fast Food|Vijayawada|Governorpet|https://www.zomato.com/vijayawada/spring-potato-governorpet/info|19|Kiosk|5pm to 11pm(Mon-Sun)|Average|2.9|6
Hotel Raj Towers|500|Continental,South Indian|Vijayawada|Governorpet|https://www.zomato.com/vijayawada/hotel-raj-towers-governorpet/info|19|Casual Dining|11am to 1130pm(Mon-Sun)|Average|3.3|11
RR's Durbar|700|Biryani,North Indian,Chinese,Seafood|Vijayawada|Gollapudi|https://www.zomato.com/vijayawada/rrs-durbar-gollapudi/info|2|Casual Dining|11am to 1130pm(Mon-Sun)|Very Good|4.1|280
Klub F5|1000|Cafe,North Indian,Chinese,Biryani|Vijayawada|Labbipet|https://www.zomato.com/vijayawada/klub-f5-labbipet/info|2|Café|9am to 11pm(Mon-Sun)|Very Good|4.1|310
Sweet Magic|400|Biryani,Mithai,Chinese,North Indian|Vijayawada|Christurajupuram|https://www.zomato.com/vijayawada/sweet-magic-christurajupuram/info|2|Casual Dining|630am to 11pm(Mon-Sun)|Very Good|4.0|247
Cream Chemistry|350|Ice Cream,Sandwich,Beverages|Vijayawada|Labbipet|https://www.zomato.com/vijayawada/cream-chemistry-labbipet/info|2|Dessert Parlor|12midnight to 1am,1130am to 12midnight(Mon-Sun)|Very Good|4.4|107
Food Republic|1200|North Indian,Chinese,South Indian,Biryani,Beverages|Vijayawada|Labbipet|https://www.zomato.com/vijayawada/food-republic-labbipet/info|2|Casual Dining|12noon to 330pm,7pm to 11pm(Mon-Sun)|Very Good|4.0|186
Hotel Grand Alpha|600|Biryani,South Indian,North Indian,Chinese|Vijayawada|Gandhi Nagar|https://www.zomato.com/vijayawada/hotel-grand-alpha-gandhi-nagar/info|2|Casual Dining|11am to 4pm,6pm to 11pm(Mon-Sun)|Good|3.6|239
Hotel JayaDurga|300|North Indian,Andhra,Chinese|Vijayawada|Governorpet|https://www.zomato.com/vijayawada/hotel-jayadurga-governorpet/info|2|Quick Bites|11am to 11pm(Mon-Sun)|Very Good|4.2|196
RR Durbar|800|Biryani,North Indian,Chinese,Seafood|Vijayawada|Governorpet|https://www.zomato.com/vijayawada/rr-durbar-governorpet/info|2|Quick Bites|11am to 1130pm(Mon-Sun)|Very Good|4.0|162
Sweet Magic|400|Beverages,Mithai,Biryani,North Indian,Chinese,Bakery|Vijayawada|Auto Nagar|https://www.zomato.com/vijayawada/sweet-magic-1-auto-nagar/info|2|Casual Dining|630am to 1030pm(Mon-Sun)|Very Good|4.0|211
Pizza Hut|800|Pizza|Vijayawada|PVP Square Mall-- Labbipet|https://www.zomato.com/vijayawada/pizza-hut-labbipet/info|2|Casual Dining|11am to 11pm(Mon-Sun)|Good|3.5|178
Biryanis and More|500|Biryani,South Indian,Chinese,North Indian|Vijayawada|Labbipet|https://www.zomato.com/vijayawada/biryanis-and-more-labbipet/info|2|Casual Dining|11am to 11pm(Mon-Sun)|Very Good|4.0|246
DDL Restaurant|300|Biryani,Arabian,South Indian,Chinese|Vijayawada|Islampet|https://www.zomato.com/vijayawada/ddl-restaurant-islampet/info|2|Casual Dining|11am to 11pm(Mon-Sun)|Good|3.8|232
Sri Anjaneya Restaurant|350|South Indian,North Indian,Chinese|Vijayawada|Auto Nagar|https://www.zomato.com/vijayawada/sri-anjaneya-restaurant-auto-nagar/info|2|Casual Dining|11am to 11pm(Mon-Sun)|Good|3.5|273
Good Morning Tea & Fast Food|200|South Indian,Chinese,North Indian|Vijayawada|Labbipet|https://www.zomato.com/vijayawada/good-morning-tea-fast-food-labbipet/info|2|Quick Bites|6am to 1030pm(Mon-Sun)|Very Good|4.2|110
Milkshake and Co|250|Beverages,Fast Food|Vijayawada|Labbipet|https://www.zomato.com/vijayawada/milkshake-and-co-labbipet/info|2|Beverage Shop|11am to 1145pm(Mon-Sun)|Very Good|4.2|103
Krishna Residency|350|South Indian,North Indian,Chinese|Vijayawada|Governorpet|https://www.zomato.com/vijayawada/krishna-residency-governorpet/info|20|Casual Dining|11am to 11pm(Mon-Sun)|Average|2.9|8
Midas Restaurant|500|South Indian,North Indian|Vijayawada|Labbipet|https://www.zomato.com/vijayawada/midas-restaurant-labbipet/info|20|Casual Dining|1130am to 1030pm(Mon-Sun)|Average|3.3|14
Bay Leaf - The Gateway Hotel|1500|North Indian,Continental,Chinese,South Indian|Vijayawada|The Gateway Hotel-- Labbipet|https://www.zomato.com/vijayawada/bay-leaf-the-gateway-hotel-labbipet/info|20|Fine Dining|11am to 11pm(Mon-Sun)|Average|2.9|7
Amrutha Vilas|150|North Indian,South Indian,Chinese|Vijayawada|Auto Nagar|https://www.zomato.com/vijayawada/amrutha-vilas-auto-nagar/info|20|Quick Bites|11am to 11pm(Mon-Sun)|Average|3.3|10
Violin Restaurant|800|South Indian,North Indian,Chinese|Vijayawada|Labbipet|https://www.zomato.com/vijayawada/violin-restaurant-labbipet/info|20|Casual Dining|12noon to 330pm,7pm to 11pm(Mon-Sun)|Average|3.3|16
Dark Stone|200|Desserts,Ice Cream|Vijayawada|Celebrations Drive Inn-- Enkepadu|https://www.zomato.com/vijayawada/dark-stone-enikepadu/info|20|Dessert Parlor|11am to 12midnight(Mon-Sun)|Average|3.3|10
Bobbili Raja Tiffins|250|South Indian,North Indian,Chinese|Vijayawada|Auto Nagar|https://www.zomato.com/vijayawada/bobbili-raja-tiffins-auto-nagar/info|20|Quick Bites|12noon to 12midnight(Mon-Sun)|Not rated|-|-
Aakali Rajyam|500|Biryani,South Indian|Vijayawada|Labbipet|https://www.zomato.com/vijayawada/aakali-rajyam-labbipet/info|20|Casual Dining|11am to 11pm(Mon-Sun)|Average|3.2|7
Radha's Indian Restaurants|300|Biryani,North Indian,South Indian|Vijayawada|Auto Nagar|https://www.zomato.com/vijayawada/radhas-indian-restaurants-auto-nagar/info|20|Quick Bites|11am to 1030pm(Mon-Sun)||NEW|NEW
Guru Family Restaurant|600|South Indian,Biryani|Vijayawada|Krishna Lanka|https://www.zomato.com/vijayawada/guru-family-restaurant-krishna-lanka/info|20|Casual Dining|10am to 11pm(Mon-Sun)|Average|2.9|14
Hari's Fish and Chips|700|Fast Food,Chinese,North Indian,South Indian|Vijayawada|Labbipet|https://www.zomato.com/vijayawada/haris-fish-and-chips-labbipet/info|20|Casual Dining|11am to 11pm(Mon-Sun)|Average|3.2|7
Bay Leaves Kitchen|700|South Indian,North Indian,Chinese|Vijayawada|Gollapudi|https://www.zomato.com/vijayawada/bay-leaves-kitchen-gollapudi/info|20|Casual Dining|11am to 11pm(Mon-Sun)|Average|3.0|8
Hajiali Fresh Fruit Juices|250|Beverages,Fast Food|Vijayawada|Krishna Lanka|https://www.zomato.com/vijayawada/hajiali-fresh-fruit-juices-krishna-lanka/info|20|Beverage Shop|11am to 11pm(Mon-Sun)||NEW|NEW
Dragon Express|700|Chinese,Fast Food|Vijayawada|Labbipet|https://www.zomato.com/vijayawada/dragon-express-labbipet/info|20|Quick Bites|9am to 11pm(Mon-Sun)|Average|3.0|7
Swarna Palace|800|North Indian,Chinese|Vijayawada|Governorpet|https://www.zomato.com/vijayawada/swarna-palace-governorpet/info|20|Casual Dining|12noon to 1030pm(Mon-Sun)|Average|3.2|8
Desi Kabab & Biryani|600|North Indian,Biryani|Vijayawada|TFL Drive In-- Labbipet|https://www.zomato.com/vijayawada/desi-kabab-biryani-labbipet/info|21|Food Court|5pm to 1am(Mon-Sun)|Average|3.3|9
Sri Sai Kanaka Durga|450|South Indian,North Indian|Vijayawada|Governorpet|https://www.zomato.com/vijayawada/sri-sai-kanaka-durga-governorpet/info|21|Casual Dining|11am to 11pm(Mon-Sun)|Average|3.1|7
Chef Abdul's Tandooriwala|600|Arabian,Fast Food|Vijayawada|Labbipet|https://www.zomato.com/vijayawada/chef-abduls-tandooriwala-labbipet/info|21|Casual Dining|11am to 11pm(Mon-Sun)|Average|3.3|10
Sri Devi Grand|800|South Indian,North Indian|Vijayawada|PNT Colony|https://www.zomato.com/vijayawada/sri-devi-grand-pnt-colony/info|21|Casual Dining|11am to 1030pm(Mon-Sun)|Average|3.2|6
Curry Kitchen|150|South Indian,North Indian|Vijayawada|Gandhi Nagar|https://www.zomato.com/vijayawada/curry-kitchen-gandhi-nagar/info|21|Quick Bites|8am to 1130pm(Mon-Sun)|Not rated|-|-
The Beijing House|250|Chinese,North Indian|Vijayawada|Auto Nagar|https://www.zomato.com/vijayawada/the-beijing-house-auto-nagar/info|21|Quick Bites|12noon to 12midnight(Mon-Sun)|Not rated|-|-
Tangola|150|Desserts|Vijayawada|Auto Nagar|https://www.zomato.com/vijayawada/tangola-auto-nagar/info|21|Quick Bites|11am to 1130pm(Mon-Sun)|Not rated|-|-
Sree Sai Lakshmi Multi Cuisine Family Restaurant|400|South Indian,Continental,Chinese,Andhra|Vijayawada|Gollapudi|https://www.zomato.com/vijayawada/sree-sai-lakshmi-multi-cuisine-family-restaurant-gollapudi/info|21|Casual Dining|11am to 11pm(Mon-Sun)|Not rated|-|-
Hotel Ajantha Evergreen|520|Andhra,South Indian,Chinese|Vijayawada|Governorpet|https://www.zomato.com/vijayawada/hotel-ajantha-evergreen-governorpet/info|21|Casual Dining|1230pm to 4pm,7pm to 1030pm(Mon-Sun)|Average|3.1|4
Hotel Sai Sarovar|200|South Indian|Vijayawada|Islampet|https://www.zomato.com/vijayawada/hotel-sai-sarovar-islampet/info|21|Quick Bites|8am to 11pm(Mon-Sun)||NEW|NEW
Rajadhani Family restaurant|600|North Indian,Hyderabadi|Vijayawada|Gollapudi|https://www.zomato.com/vijayawada/rajadhani-family-restaurant-gollapudi/info|21|Casual Dining|11am to 11pm(Mon-Sun)|Average|3.1|6
Biryani Factory|500|Biryani,North Indian,South Indian|Vijayawada|Auto Nagar|https://www.zomato.com/vijayawada/biryani-factory-auto-nagar/info|21|Quick Bites|11am to 1130pm(Mon-Sun)||NEW|NEW
SSL Mandi House|500|Biryani|Vijayawada|Gollapudi|https://www.zomato.com/vijayawada/ssl-mandi-house-gollapudi/info|21|Casual Dining|12noon to 1030pm(Mon-Sun)|Not rated|-|-
The Sucre Spa - The Coffee Shop|400|Cafe|Vijayawada|Labbipet|https://www.zomato.com/vijayawada/the-sucre-spa-the-coffee-shop-labbipet/info|21|Café|930am to 1030pm(Mon-Sun)|Average|3.3|7
iScream|400|Ice Cream|Vijayawada|TFL Drive In-- Labbipet|https://www.zomato.com/vijayawada/iscream-labbipet/info|21|Food Court|5pm to 1am(Mon-Sun)|Average|2.9|7
Good Morning Fast Food-Governorpet|200|South Indian,Chinese|Vijayawada|Governorpet|https://www.zomato.com/vijayawada/good-morning-fast-food-governorpet-governorpet/info|22|Quick Bites|8am to 11pm(Mon-Sun)|Not rated|-|-
Biryani Bistro|300|Biryani,Chinese|Vijayawada|Governorpet|https://www.zomato.com/vijayawada/biryani-bistro-governorpet/info|22|none|11am to 11pm(Mon-Sun)||NEW|NEW
Amaravathi Biryani Club|400|South Indian,North Indian|Vijayawada|Labbipet|https://www.zomato.com/vijayawada/amaravathi-biryani-club-labbipet/info|22|Casual Dining|12noon to 330pm,7pm to 11pm(Mon-Sun)|Average|3.0|6
Lots Of Liquids|300|Beverages,Juices|Vijayawada|Labbipet|https://www.zomato.com/vijayawada/lots-of-liquids-labbipet/info|22|Beverage Shop|11am to 12midnight(Mon-Sun)|Not rated|-|-
Nutritional Shakes|100|Beverages|Vijayawada|Labbipet|https://www.zomato.com/vijayawada/nutritional-shakes-labbipet/info|22|Quick Bites|8am to 11pm(Mon-Sun)|Not rated|-|-
Anupama Restaurant & Bar|500|North Indian,Finger Food|Vijayawada|Gandhi Nagar|https://www.zomato.com/vijayawada/anupama-restaurant-bar-gandhi-nagar/info|22|Bar|10am to 11pm(Mon-Sun)|Average|3.0|4
Bubble Bar|300|Beverages,Bubble Tea|Vijayawada|Labbipet|https://www.zomato.com/vijayawada/bubble-bar-labbipet/info|22|Beverage Shop|11am to 11pm(Mon-Sun)|Average|3.1|4
Magic Ice Cream by Sweet Magic|250|Ice Cream|Vijayawada|Labbipet|https://www.zomato.com/vijayawada/magic-ice-cream-by-sweet-magic-labbipet/info|22|Dessert Parlor|7am to 11pm(Mon-Sun)|Not rated|-|-
Sri Anjaneya Fast Food|150|South Indian|Vijayawada|Labbipet|https://www.zomato.com/vijayawada/sri-anjaneya-fast-food-labbipet/info|22|none|7am to 11pm(Mon-Sun)||NEW|NEW
T Star Biryani Point|400|Biryani|Vijayawada|Gollapudi|https://www.zomato.com/vijayawada/t-star-biryani-point-gollapudi/info|22|none|11am to 11pm(Mon-Sun)||NEW|NEW
Om Annapurna Restaurant|600|South Indian,Andhra|Vijayawada|Madhura Nagar|https://www.zomato.com/vijayawada/om-annapurna-restaurant-madhura-nagar/info|22|Casual Dining|1030am to 11pm(Mon-Sun)|Not rated|-|-
Sizzle Restaurant|400|Fast Food|Vijayawada|Poranki|https://www.zomato.com/vijayawada/sizzle-restaurant-poranki/info|22|Quick Bites|11am to 3pm,6pm to 11pm(Mon-Sun)|Not rated|-|-
Manasvi Prasad Foods|300|Bakery|Vijayawada|Labbipet|https://www.zomato.com/vijayawada/manasvi-prasad-foods-labbipet/info|22|Bakery|9am to 1030pm(Mon-Sun)|Not rated|-|-
Tibbs Frankie|200|Fast Food|Vijayawada|PNT Colony|https://www.zomato.com/vijayawada/tibbs-frankie-pnt-colony/info|22|Quick Bites|5pm to 11pm(Mon-Sun)|Not rated|-|-
Vintage Food Court|500|North Indian,South Indian|Vijayawada|Labbipet|https://www.zomato.com/vijayawada/vintage-food-court-labbipet/info|22|Casual Dining|12noon to 330pm,7pm to 1030pm(Mon-Sun)|Not rated|-|-
Magic Icecream by Sweet Magic|250|Beverages,Ice Cream|Vijayawada|Auto Nagar|https://www.zomato.com/vijayawada/magic-icecream-by-sweet-magic-auto-nagar/info|23|Dessert Parlor|630am to 11pm(Mon-Sun)|Not rated|-|-
Food Factory Kitchen|400|South Indian,North Indian|Vijayawada|Poranki|https://www.zomato.com/vijayawada/food-factory-kitchen-poranki/info|23|Quick Bites|12noon to 1030pm(Mon-Sun)||NEW|NEW
Magic Icecream by Sweet Magic|250|Beverages,Ice Cream|Vijayawada|Auto Nagar|https://www.zomato.com/vijayawada/magic-icecream-by-sweet-magic-1-auto-nagar/info|23|Dessert Parlor|6am to 11pm(Mon-Sun)|Not rated|-|-
Cream Hills|300|Desserts|Vijayawada|Madhura Nagar|https://www.zomato.com/vijayawada/cream-hills-madhura-nagar/info|23|Dessert Parlor|11am to 11pm(Mon-Sun)|Not rated|-|-
M5 Hotel|600|South Indian,North Indian|Vijayawada|Shri Ramachandra Nagar|https://www.zomato.com/vijayawada/m5-hotel-shri-ramachandra-nagar/info|23|Casual Dining|10am to 11pm(Mon-Sun)|Not rated|-|-
Southern Masala|600|South Indian,Chinese|Vijayawada|Gandhi Nagar|https://www.zomato.com/vijayawada/southern-masala-gandhi-nagar/info|23|none|12noon to 12midnight(Mon-Sun)|Not rated|-|-
M V R Pizza Hub|400|Pizza,Desserts|Vijayawada|Labbipet|https://www.zomato.com/vijayawada/m-v-r-pizza-hub-labbipet/info|23|Quick Bites|12noon to 1030pm(Mon-Sun)|Not rated|-|-
The London Shakes 1950|300|Cafe,Beverages|Vijayawada|Trendset Mall-- Labbipet|https://www.zomato.com/vijayawada/the-london-shakes-1950-labbipet/info|23|Café|11am to 11pm(Mon-Sun)||NEW|NEW
Sai Balaji Tea & Fast Foods|150|Fast Food,South Indian|Vijayawada|Poranki|https://www.zomato.com/vijayawada/sai-balaji-tea-fast-foods-poranki/info|23|none|7am to 1130pm(Mon-Sun)|Not rated|-|-
Raaga Grand|400|South Indian,North Indian,Chinese|Vijayawada|Labbipet|https://www.zomato.com/vijayawada/raaga-grand-labbipet/info|23|Casual Dining|12noon to 330pm,7pm to 1030pm(Mon-Sun)|Not rated|-|-
Coco Juice Bar - Beat The Heat|200|Juices|Vijayawada|Labbipet|https://www.zomato.com/vijayawada/coco-juice-bar-beat-the-heat-labbipet/info|23|Beverage Shop|11am to 12midnight(Mon-Sun)||NEW|NEW
Hazel Ice Cream|300|Desserts|Vijayawada|Auto Nagar|https://www.zomato.com/vijayawada/hazel-ice-cream-auto-nagar/info|23|Dessert Parlor|11am to 11pm(Mon-Sun)||NEW|NEW
Brothers Dosa Circle|150|South Indian|Vijayawada|Labbipet|https://www.zomato.com/vijayawada/brothers-dosa-circle-labbipet/info|23|Quick Bites|11am to 11pm(Mon-Sun)||NEW|NEW
Vutpalaa's|150|South Indian|Vijayawada|Gunadala|https://www.zomato.com/vijayawada/vutpalaas-gunadala/info|23|Quick Bites|3pm to 12midnight(Mon-Sun)||NEW|NEW
SAS Shakes|300|Beverages|Vijayawada|Labbipet|https://www.zomato.com/vijayawada/sas-shakes-labbipet/info|23|Beverage Shop|11am to 12midnight(Mon-Sun)||NEW|NEW
Alpaharam|200|South Indian|Vijayawada|Auto Nagar|https://www.zomato.com/vijayawada/alpaharam-auto-nagar/info|24|Quick Bites|7am to 11pm(Mon-Sun)||NEW|NEW
UBQ by Barbeque Nation|0|North Indian,Kebab,BBQ,Biryani|Vijayawada|Labbipet|https://www.zomato.com/vijayawada/ubq-by-barbeque-nation-labbipet/info|24|none|12noon to 330pm,630pm to 1030pm(Mon-Sun)||NEW|NEW
Bismillah Paradise Biryani Centre|500|Biryani,North Indian|Vijayawada|Labbipet|https://www.zomato.com/vijayawada/bismillah-paradise-biryani-centre-labbipet/info|3|Casual Dining|1230pm to 330pm,7pm to 11pm(Mon-Sun)|Good|3.7|328
Sri Balaji Fast Food|300|Chinese,South Indian|Vijayawada|Governorpet|https://www.zomato.com/vijayawada/sri-balaji-fast-food-governorpet/info|3|Casual Dining|6am to 11pm(Mon-Sun)|Very Good|4.1|167
Hotel Aira|350|Andhra,Bakery,Biryani,Cafe,Chettinad,Chinese,North Indian,South Indian|Vijayawada|Labbipet|https://www.zomato.com/vijayawada/hotel-aira-labbipet/info|3|Casual Dining|730am to 11am,1230pm to 330pm,730pm to 11pm...|Very Good|4.1|161
The New Dolphin Family Restaurant|700|Biryani,North Indian,South Indian,Chinese|Vijayawada|Gandhi Nagar|https://www.zomato.com/vijayawada/the-new-dolphin-family-restaurant-gandhi-nagar/info|3|Casual Dining|11am to 11pm(Mon-Sun)|Very Good|4.2|154
Barakath Family Restaurant|500|North Indian,Chinese,Biryani,Seafood|Vijayawada|Governorpet|https://www.zomato.com/vijayawada/barakath-family-restaurant-governorpet/info|3|Casual Dining|10am to 11pm(Mon-Sun)|Good|3.8|118
TFL|400|Continental,Chinese,Bakery,Beverages|Vijayawada|Labbipet|https://www.zomato.com/vijayawada/tfl-labbipet/info|3|Quick Bites|11am to 1030pm(Mon-Sun)|Very Good|4.4|169
Sri Anjaneya Restaurant|350|South Indian,Andhra,Chinese,Biryani|Vijayawada|Gollapudi|https://www.zomato.com/vijayawada/sri-anjaneya-restaurant-gollapudi/info|3|Casual Dining|11am to 11pm(Mon-Sun)|Average|3.2|357
Cream Stone|300|Desserts,Ice Cream|Vijayawada|Labbipet|https://www.zomato.com/vijayawada/cream-stone-labbipet/info|3|Dessert Parlor|1030am to 11pm(Mon-Sun)|Very Good|4.2|189
Havmor Thick Shakes|300|Beverages,Ice Cream,Desserts|Vijayawada|Labbipet|https://www.zomato.com/vijayawada/havmor-thick-shakes-labbipet/info|3|Beverage Shop|11am to 11pm(Mon-Sun)|Very Good|4.3|101
Arabian Mandi|1000|Biryani|Vijayawada|Labbipet|https://www.zomato.com/vijayawada/arabian-mandi-labbipet/info|3|Quick Bites|11am to 11pm(Mon-Sun)|Average|3.4|144
Harika Royal Restaurant|600|North Indian,Biryani,Andhra|Vijayawada|PNT Colony|https://www.zomato.com/vijayawada/harika-royal-restaurant-pnt-colony/info|3|Casual Dining|11am to 11pm(Mon-Sun)|Very Good|4.1|229
Shiraz Multicuisine Restaurant|300|South Indian,Chinese|Vijayawada|Governorpet|https://www.zomato.com/vijayawada/shiraz-multicuisine-restaurant-governorpet/info|3|Casual Dining|11am to 11pm(Mon-Sun)|Very Good|4.1|240
Sri Anjaneya Restaurant|350|North Indian,South Indian|Vijayawada|Labbipet|https://www.zomato.com/vijayawada/sri-anjaneya-restaurant-1-labbipet/info|3|Casual Dining|11am to 11pm(Mon-Sun)|Good|3.5|243
Rice Bowl|450|Biryani,North Indian|Vijayawada|Auto Nagar|https://www.zomato.com/vijayawada/rice-bowl-auto-nagar/info|3|Quick Bites|1130am to 1030pm(Mon-Sat),1130am to 4pm(Sun)|Good|3.9|163
Silver Dum Biryani|500|Biryani|Vijayawada|Auto Nagar|https://www.zomato.com/vijayawada/silver-dum-biryani-auto-nagar/info|3|Quick Bites|1145am to 345pm,645pm to 1030pm(Mon-Sun)|Good|3.9|158
Bay Leaves Kitchen|350|South Indian,North Indian,Chinese,Biryani|Vijayawada|Labbipet|https://www.zomato.com/vijayawada/bay-leaves-kitchen-labbipet/info|4|Casual Dining|1115am to 4pm,615pm to 1055pm(Mon-Sun)|Good|3.8|92
RR's Joints|350|Biryani,North Indian,Chinese|Vijayawada|Labbipet|https://www.zomato.com/vijayawada/rrs-joints-labbipet/info|4|Casual Dining|11am to 1130pm(Mon-Sun)|Good|3.8|120
Bawarchi|500|Biryani,Chinese,North Indian,Seafood|Vijayawada|Labbipet|https://www.zomato.com/vijayawada/bawarchi-labbipet/info|4|Casual Dining|1130am to 1030pm(Mon-Sun)|Average|2.9|186
Heera Fusion Restaurant|300|North Indian|Vijayawada|Shri Ramachandra Nagar|https://www.zomato.com/vijayawada/heera-fusion-restaurant-shri-ramachandra-nagar/info|4|Quick Bites|1130am to 11pm(Mon-Sun)|Good|3.9|103
Sweet Magic|400|Biryani,Mithai,North Indian,Chinese,South Indian|Vijayawada|Labbipet|https://www.zomato.com/vijayawada/sweet-magic-labbipet/info|4|Casual Dining|7am to 12midnight(Mon-Sun)|Very Good|4.0|309
New Good Morning|250|South Indian,North Indian|Vijayawada|Governorpet|https://www.zomato.com/vijayawada/new-good-morning-governorpet/info|4|Quick Bites|6am to 11pm(Mon-Sun)|Very Good|4.0|220
Sweet Way|500|Bakery,Desserts|Vijayawada|Gunadala|https://www.zomato.com/vijayawada/sweet-way-gunadala/info|4|Bakery|1030am to 11pm(Mon-Sun)|Average|3.4|23
Bites|250|Pizza,Burger,Fast Food|Vijayawada|Auto Nagar|https://www.zomato.com/vijayawada/bites-auto-nagar/info|4|Quick Bites|11am to 12midnight(Mon-Sun)|Good|3.9|114
Dolphin's Family Restaurant|450|South Indian,North Indian,Chinese,Biryani,Seafood|Vijayawada|Shri Ramachandra Nagar|https://www.zomato.com/vijayawada/dolphins-family-restaurant-shri-ramachandra-nagar/info|4|Casual Dining|12noon to 11pm(Mon-Sun)|Good|3.9|103
Belgian Waffle|350|Desserts|Vijayawada|Labbipet|https://www.zomato.com/vijayawada/belgian-waffle-labbipet/info|4|Quick Bites|10am to 1155pm(Mon-Sun)|Very Good|4.2|134
Sweet Magic|400|Biryani,Mithai,North Indian,Chinese,Desserts,Bakery|Vijayawada|Auto Nagar|https://www.zomato.com/vijayawada/sweet-magic-auto-nagar/info|4|Casual Dining|10am to 10pm(Mon-Sun)|Good|3.7|184
RR's Joint|350|Biryani,North Indian,Chinese|Vijayawada|Auto Nagar|https://www.zomato.com/vijayawada/rrs-joint-auto-nagar/info|4|Quick Bites|11am to 1130pm(Mon-Sun)|Good|3.8|97
Grills & Rolls|200|Kebab,Rolls|Vijayawada|Labbipet|https://www.zomato.com/vijayawada/grills-rolls-labbipet/info|4|Quick Bites|5pm to 1145pm(Mon-Sun)|Good|3.7|64
Karachi Bakery|400|Bakery,Fast Food,Desserts|Vijayawada|Labbipet|https://www.zomato.com/vijayawada/karachi-bakery-labbipet/info|4|Bakery|10am to 10pm(Mon-Sun)|Excellent|4.5|124
Sweet Magic|300|Biryani,Mithai,Street Food,North Indian,Bakery,Chinese,South Indian|Vijayawada|Islampet|https://www.zomato.com/vijayawada/sweet-magic-islampet/info|4|Casual Dining|6am to 11pm(Mon-Sun)|Average|3.4|83
Shankar Tiffin Centre|250|South Indian,North Indian|Vijayawada|Governorpet|https://www.zomato.com/vijayawada/shankar-tiffin-centre-governorpet/info|5|Quick Bites|8am to 11am,5pm to 10pm(Mon-Sun)|Very Good|4.3|126
The Chocolate Room|500|Desserts,Fast Food,Cafe|Vijayawada|Labbipet|https://www.zomato.com/vijayawada/the-chocolate-room-labbipet/info|5|Café|11am to 11pm(Mon-Sun)|Very Good|4.0|34
The Cambre House|700|North Indian,South Indian,Chinese,Biryani,Continental,Beverages|Vijayawada|Auto Nagar|https://www.zomato.com/vijayawada/the-cambre-house-auto-nagar/info|5|Casual Dining|11am to 11pm(Mon-Sun)|Good|3.6|117
Hotel Alankar Inn|500|South Indian,North Indian,Andhra,Biryani|Vijayawada|Gandhi Nagar|https://www.zomato.com/vijayawada/hotel-alankar-inn-gandhi-nagar/info|5|Bar|10am to 11pm(Mon-Sun)|Good|3.7|73
Taste On Wheels|400|Chinese,Fast Food|Vijayawada|Christurajupuram|https://www.zomato.com/vijayawada/taste-on-wheels-christurajupuram/info|5|Food Truck|4pm to 11pm(Mon-Sun)|Very Good|4.1|86
Curry Pot|300|Biryani,Chinese,North Indian,South Indian|Vijayawada|Auto Nagar|https://www.zomato.com/vijayawada/curry-pot-auto-nagar/info|5|Quick Bites|11am to 330pm,7pm to 11pm(Mon-Sun)|Good|3.9|74
RR's Joint|650|Biryani,North Indian,Chinese,Seafood|Vijayawada|PNT Colony|https://www.zomato.com/vijayawada/rrs-joint-pnt-colony/info|5|Casual Dining|11am to 1130pm(Mon-Sun)|Good|3.8|63
Frozen Bottle|400|Beverages,Desserts|Vijayawada|Labbipet|https://www.zomato.com/vijayawada/frozen-bottle-labbipet/info|5|Beverage Shop|11am to 12midnight(Mon-Sun)|Very Good|4.1|77
Deep Punjabi Hotel|400|North Indian,Biryani,Chinese|Vijayawada|Islampet|https://www.zomato.com/vijayawada/deep-punjabi-hotel-islampet/info|5|Casual Dining|11am to 12midnight(Mon-Sun)|Very Good|4.0|87
Cone Pizza|500|Pizza,Rolls,Wraps,Fast Food,Beverages|Vijayawada|Labbipet|https://www.zomato.com/vijayawada/cone-pizza-labbipet/info|5|Quick Bites|11am to 10pm(Mon-Sun)|Good|3.9|129
Pizza Time|100|Pizza,Fast Food|Vijayawada|Gollapudi|https://www.zomato.com/vijayawada/pizza-time-gollapudi/info|5|Quick Bites|8am to 10pm(Mon-Sun)|Good|3.9|100
Misra Family Restaurant|300|South Indian,Biryani,Chinese|Vijayawada|Governorpet|https://www.zomato.com/vijayawada/misra-family-restaurant-governorpet/info|5|Quick Bites|1030am to 11pm(Mon-Sun)|Average|3.2|69
ibaco|200|Desserts|Vijayawada|Governorpet|https://www.zomato.com/vijayawada/ibaco-governorpet/info|5|Dessert Parlor|11am to 11pm(Mon-Sun)|Good|3.7|78
McDonald's|500|Burger,Fast Food|Vijayawada|Auto Nagar|https://www.zomato.com/vijayawada/mcdonalds-auto-nagar/info|5|Quick Bites|10am to 10pm(Mon-Sun)|Good|3.8|84
Cross Roads Restaurant|300|Biryani,North Indian,Chinese,Andhra|Vijayawada|Governorpet|https://www.zomato.com/vijayawada/cross-roads-restaurant-governorpet/info|5|Casual Dining|11am to 11pm(Mon-Sun)|Good|3.8|114
Rasoie Multicuisine Restaurant|400|South Indian,North Indian,Chinese|Vijayawada|Labbipet|https://www.zomato.com/vijayawada/rasoie-multicuisine-restaurant-labbipet/info|6|Casual Dining|12noon to 330pm,630pm to 1030pm(Mon-Sun)|Good|3.8|112
Hotel Sri Kiranmayi|300|South Indian,North Indian,Chinese,Biryani,Andhra|Vijayawada|Machavaram|https://www.zomato.com/vijayawada/hotel-sri-kiranmayi-machavaram/info|6|Quick Bites|11am to 12midnight(Mon-Sun)|Average|3.1|64
Flan|500|Fast Food,Desserts|Vijayawada|Poranki|https://www.zomato.com/vijayawada/flan-poranki/info|6|Bakery|12noon to 930pm(Mon-Sun)|Good|3.7|62
Just Bake|200|Bakery,Pizza,Sandwich|Vijayawada|Labbipet|https://www.zomato.com/vijayawada/just-bake-labbipet/info|6|Bakery|10am to 1030pm(Mon-Sun)|Good|3.6|114
Sweet Magic|1000|Indian,Chinese,Bakery|Vijayawada|Ramavarappadu|https://www.zomato.com/vijayawada/sweet-magic-ramavarappadu/info|6|Casual Dining|7am to 11pm(Mon-Sun)|Good|3.6|154
Bamboo & Biryani|400|Biryani|Vijayawada|Auto Nagar|https://www.zomato.com/vijayawada/bamboo-biryani-auto-nagar/info|6|Quick Bites|12noon to 1am(Mon-Sun)|Good|3.5|69
Sweet Magic Sweet's & Baker's|350|Mithai,Bakery|Vijayawada|Labbipet|https://www.zomato.com/vijayawada/sweet-magic-sweets-bakers-labbipet/info|6|Sweet Shop|630am to 11pm(Mon-Sun)|Very Good|4.0|67
Tempteys|400|Beverages|Vijayawada|Labbipet|https://www.zomato.com/vijayawada/tempteys-labbipet/info|6|Beverage Shop|10am to 1am(Mon-Sun)|Very Good|4.3|93
Pot Biryani|600|Biryani,North Indian|Vijayawada|Gunadala|https://www.zomato.com/vijayawada/pot-biryani-gunadala/info|6|Quick Bites|1130am to 1130pm(Mon-Sun)|Average|3.2|149
Sandwich & Shakes|600|Sandwich,Pizza,Beverages|Vijayawada|Labbipet|https://www.zomato.com/vijayawada/sandwich-shakes-labbipet/info|6|Quick Bites|11am to 10pm(Mon-Sun)|Good|3.8|87
Sreeja's Vasireddy Sweets|350|Mithai|Vijayawada|Labbipet|https://www.zomato.com/vijayawada/sreejas-vasireddy-sweets-1-labbipet/info|6|Sweet Shop|11am to 10pm(Mon-Sun)|Good|3.5|68
V Grill|500|Seafood,Biryani,North Indian,Desserts,Beverages|Vijayawada|Labbipet|https://www.zomato.com/vijayawada/v-grill-labbipet/info|6|Casual Dining|12noon to 330pm,7pm to 1030pm(Mon-Sun)|Good|3.8|63
Monk's Kitchen|400|Thai,Mexican,Indian,Continental,Chinese|Vijayawada|Auto Nagar|https://www.zomato.com/vijayawada/monks-kitchen-auto-nagar/info|6|Casual Dining|11am to 12midnight(Mon-Sun)|Very Good|4.4|126
Subway|500|Healthy Food,Salad,Sandwich|Vijayawada|Labbipet|https://www.zomato.com/vijayawada/subway-labbipet/info|6|Quick Bites|10am to 1030pm(Mon-Sun)|Good|3.8|110
The London Shakes|350|Cafe,Italian,Continental,Fast Food,Beverages|Vijayawada|Gollapudi|https://www.zomato.com/vijayawada/the-london-shakes-gollapudi/info|6|Irani Cafe|1030am to 1015pm(Mon-Sun)|Good|3.7|66
The Shawarma Company|250|Rolls,Salad,Pizza,Fast Food|Vijayawada|Gunadala|https://www.zomato.com/vijayawada/the-shawarma-company-gunadala/info|7|Quick Bites|11am to 10pm(Mon-Sun)|Good|3.6|32
1968 Veg Restaurant - Hotel Manorama|350|South Indian,North Indian,Chinese,Biryani,Beverages|Vijayawada|Governorpet|https://www.zomato.com/vijayawada/1968-veg-restaurant-hotel-manorama-governorpet/info|7|Casual Dining|10am to 10pm(Mon-Sun)|Good|3.5|48
Ghiza Restaurant|700|South Indian,North Indian|Vijayawada|Labbipet|https://www.zomato.com/vijayawada/ghiza-restaurant-labbipet/info|7|Casual Dining|12noon to 330pm,7pm to 11pm(Mon,Tue,Wed,Thu...|Very Good|4.0|98
Beijing Bites|500|Chinese|Vijayawada|Trendset Mall-- Labbipet|https://www.zomato.com/vijayawada/beijing-bites-labbipet/info|7|Quick Bites|11am to 1030pm(Mon-Sun)|Average|2.6|55
Cool Blog|200|Fast Food,Beverages|Vijayawada|Labbipet|https://www.zomato.com/vijayawada/cool-blog-labbipet/info|7|Quick Bites|11am to 10pm(Mon-Sun)|Good|3.5|48
Farmers Village Hotel|200|South Indian,Fast Food,Beverages|Vijayawada|Governorpet|https://www.zomato.com/vijayawada/farmers-village-hotel-governorpet/info|7|Quick Bites|6am to 10pm(Mon-Sat),6am to 3pm(Sun)|Average|3.0|32
Vijayawada Bakery & Snacks|150|Fast Food,Bakery,Desserts|Vijayawada|Gandhi Nagar|https://www.zomato.com/vijayawada/vijayawada-bakery-snacks-gandhi-nagar/info|7|Bakery|10am to 10pm(Mon-Sun)|Average|2.9|37
Royal Nawaab|1000|North Indian,Biryani,Chinese,Desserts|Vijayawada|Shri Ramachandra Nagar|https://www.zomato.com/vijayawada/royal-nawaab-shri-ramachandra-nagar/info|7|Casual Dining|11am to 11pm(Mon-Sun)|Good|3.7|87
Southern Spice|800|South Indian,North Indian,Biryani|Vijayawada|Labbipet|https://www.zomato.com/vijayawada/southern-spice-labbipet/info|7|Casual Dining|1130am to 330pm,630pm to 11pm(Mon-Sun)|Average|2.7|110
Siva Pulka Point And Fast food Center|300|Chettinad,Fast Food|Vijayawada|Auto Nagar|https://www.zomato.com/vijayawada/siva-pulka-point-and-fast-food-center-auto-nagar/info|7|Quick Bites|5pm to 11pm(Mon-Sun)|Very Good|4.0|63
Hotel Park N|1500|North Indian,South Indian,Continental,Chinese|Vijayawada|Gunadala|https://www.zomato.com/vijayawada/hotel-park-n-gunadala/info|7|Fine Dining||Average|2.6|37
Ramus Sweets And Bakery|150|Desserts,Bakery,Beverages|Vijayawada|Christurajupuram|https://www.zomato.com/vijayawada/ramus-sweets-and-bakery-christurajupuram/info|7|Sweet Shop|11am to 11pm(Mon-Sun)|Good|3.8|42
Cream and Fudge|300|Ice Cream|Vijayawada|Auto Nagar|https://www.zomato.com/vijayawada/cream-and-fudge-auto-nagar/info|7|Dessert Parlor|10am to 10pm(Mon-Sun)|Good|3.6|20
New Welcome Tea & Fast food|150|South Indian|Vijayawada|Islampet|https://www.zomato.com/vijayawada/new-welcome-tea-fast-food-islampet/info|7|Quick Bites|730am to 1030am(Mon-Sun)|Good|3.6|29
Biryani Pot|350|Biryani|Vijayawada|PVP Square Mall-- Labbipet|https://www.zomato.com/vijayawada/biryani-pot-labbipet/info|7|Quick Bites|11am to 11pm(Mon-Sun)|Average|3.3|97
RR's Joints|300|Biryani,North Indian,Fast Food|Vijayawada|Machavaram|https://www.zomato.com/vijayawada/rrs-joints-machavaram/info|8|none|11am to 11pm(Mon-Sun)|Average|3.3|31
Beyond Temptation|250|Fast Food,Beverages|Vijayawada|Labbipet|https://www.zomato.com/vijayawada/beyond-temptation-labbipet/info|8|Quick Bites|(Mon-Sun)|Good|3.6|20
Relish Restaurant|400|South Indian,North Indian,Biryani,Chinese|Vijayawada|Auto Nagar|https://www.zomato.com/vijayawada/relish-restaurant-1-auto-nagar/info|8|Casual Dining|8am to 10pm(Mon-Sun)|Very Good|4.1|22
Cross Roads|400|South Indian,North Indian,Chinese|Vijayawada|Christurajupuram|https://www.zomato.com/vijayawada/cross-roads-christurajupuram/info|8|Quick Bites|12noon to 330pm,7pm to 11pm(Mon-Sun)|Good|3.6|72
The Chocolate Room|550|Desserts,Italian,Cafe|Vijayawada|Auto Nagar|https://www.zomato.com/vijayawada/the-chocolate-room-auto-nagar/info|8|Café|10am to 10pm(Mon-Sun)|Average|2.7|24
Brew Buzz|1000|Chinese,Beverages|Vijayawada|Labbipet|https://www.zomato.com/vijayawada/brew-buzz-1-labbipet/info|8|Bar|11am to 10pm(Mon-Sun)|Average|3.4|12
Harika Royal Family Restaurant|600|North Indian,Biryani|Vijayawada|Governorpet|https://www.zomato.com/vijayawada/harika-royal-family-restaurant-governorpet/info|8|Casual Dining|11am to 11pm(Mon-Sun)|Good|3.6|54
Cross Roads Restaurant & Sweets|400|Biryani,Andhra,South Indian,North Indian|Vijayawada|Gollapudi|https://www.zomato.com/vijayawada/cross-roads-restaurant-sweets-gollapudi/info|8|Quick Bites|11am to 1030pm(Mon-Sun)|Average|2.9|78
Harika Royal Family Restaurant|400|South Indian,Chinese,North Indian,Biryani|Vijayawada|Gollapudi|https://www.zomato.com/vijayawada/harika-royal-family-restaurant-gollapudi/info|8|Casual Dining|11am to 11pm(Mon-Sun)|Good|3.7|81
11 to 11|700|Chinese,North Indian|Vijayawada|Gandhi Nagar|https://www.zomato.com/vijayawada/11-to-11-gandhi-nagar/info|8|Casual Dining|11am to 11pm(Mon-Sun)|Average|3.4|54
Hotel Anjani|300|Andhra,North Indian,South Indian,Chinese|Vijayawada|Governorpet|https://www.zomato.com/vijayawada/hotel-anjani-governorpet/info|8|Casual Dining|6am to 11pm(Mon-Sun)|Good|3.8|82
Alankar Sweets & Bakers|200|Bakery,Pizza,Sandwich|Vijayawada|Auto Nagar|https://www.zomato.com/vijayawada/alankar-sweets-bakers-auto-nagar/info|8|Bakery|9am to 10pm(Mon-Sun)|Good|3.5|29
Khaju House|200|Desserts|Vijayawada|Labbipet|https://www.zomato.com/vijayawada/khaju-house-labbipet/info|8|Sweet Shop|10am to 10pm(Mon-Sun)|Average|3.2|9
Cool Blog|150|Healthy Food,Fast Food,Beverages,Desserts,Ice Cream|Vijayawada|Auto Nagar|https://www.zomato.com/vijayawada/cool-blog-auto-nagar/info|8|Dessert Parlor|(Mon-Sun)|Average|3.1|20
Hotel Mamata|350|Continental,Andhra|Vijayawada|Governorpet|https://www.zomato.com/vijayawada/hotel-mamata-governorpet/info|8|Casual Dining|10am to 945pm(Mon-Sun)|Average|2.8|19
Idly n Idly|300|South Indian|Vijayawada|Labbipet|https://www.zomato.com/vijayawada/idly-n-idly-labbipet/info|9|Quick Bites|8am to 9pm(Mon-Sun)|Good|3.5|29
Raja Biryani House|300|North Indian,Biryani|Vijayawada|Poranki|https://www.zomato.com/vijayawada/raja-biryani-house-1-poranki/info|9|Quick Bites|1130am to 11am(Mon-Sun)|Average|3.0|9
Babai Idly & Idly|300|South Indian|Vijayawada|Labbipet|https://www.zomato.com/vijayawada/babai-idly-idly-labbipet/info|9|Quick Bites|7am to 1030pm(Mon-Sun)|Good|3.5|68
Sas Shawarma Hub|400|Lebanese|Vijayawada|Labbipet|https://www.zomato.com/vijayawada/sas-shawarma-hub-labbipet/info|9|Quick Bites|330pm to 12midnight(Mon-Sun)|Average|3.2|9
Sweet Magic Sweet's & Baker's|300|Mithai,Bakery|Vijayawada|Auto Nagar|https://www.zomato.com/vijayawada/sweet-magic-sweets-bakers-auto-nagar/info|9|Quick Bites|10am to 10pm(Mon-Sun)|Good|3.6|11
Blasta Bakers|250|Bakery,Fast Food|Vijayawada|Labbipet|https://www.zomato.com/vijayawada/blasta-bakers-labbipet/info|9|Bakery|11am to 10pm(Mon-Sun)|Average|3.2|18
Sri Sai Hotel|150|South Indian,Chinese|Vijayawada|Poranki|https://www.zomato.com/vijayawada/sri-sai-hotel-poranki/info|9|Casual Dining|6am to 1130pm(Mon-Sun)|Good|3.8|36
Rollover Icecream Handcrafted|500|Ice Cream,Beverages|Vijayawada|Labbipet|https://www.zomato.com/vijayawada/rollover-icecream-handcrafted-labbipet/info|9|Dessert Parlor|11am to 12midnight(Mon-Sun)|Very Good|4.1|34
Silver Spoon|500|Biryani,North Indian,Chinese|Vijayawada|Auto Nagar|https://www.zomato.com/vijayawada/silver-spoon-auto-nagar/info|9|Quick Bites|12noon to 330pm,7pm to 11pm(Mon-Sun)|Good|3.7|76
The London Shakes|300|Beverages,Fast Food|Vijayawada|Labbipet|https://www.zomato.com/vijayawada/the-london-shakes-1-labbipet/info|9|Beverage Shop|12noon to 10pm(Mon),11am to 10pm(Tue-Sun)|Average|3.4|11
Yo Mano Take Away - Hotel Manorama|350|South Indian,North Indian|Vijayawada|Governorpet|https://www.zomato.com/vijayawada/yo-mano-take-away-hotel-manorama-governorpet/info|9|Quick Bites|10am to 10pm(Mon-Sun)|Average|3.2|11
Hema Bakery|400|Bakery|Vijayawada|Labbipet|https://www.zomato.com/vijayawada/hema-bakery-labbipet/info|9|Bakery|11am to 10pm(Mon-Sun)|Average|3.1|5
Cream World|300|Ice Cream|Vijayawada|Auto Nagar|https://www.zomato.com/vijayawada/cream-world-auto-nagar/info|9|Quick Bites|11am to 10pm(Mon-Sun)|Average|3.2|6
Shake Square|200|Fast Food,Beverages|Vijayawada|Labbipet|https://www.zomato.com/vijayawada/shake-square-labbipet/info|9|Beverage Shop|10am to 830pm(Mon-Sun)|Good|3.5|62
Sri Sampradaya Family Restaurant|200|North Indian,South Indian|Vijayawada|Poranki|https://www.zomato.com/vijayawada/sri-sampradaya-family-restaurant-poranki/info|9|Quick Bites|12noon to 10pm(Mon-Sun)|Average|3.3|7
